ISO-10303-21;
HEADER;
/* Generated by software containing ST-Developer
 * from STEP Tools, Inc. (www.steptools.com) 
 */

FILE_DESCRIPTION(
/* description */ (''),
/* implementation_level */ '2;1');

FILE_NAME(
/* name */ 'Part2_bend_tube.step',
/* time_stamp */ '2026-09-26T09:49:19+04:00',
/* author */ (''),
/* organization */ (''),
/* preprocessor_version */ 'ST-DEVELOPER v20.2',
/* originating_system */ 'Autodesk Translation Framework v15.15.0.0',
/* authorisation */ '');

FILE_SCHEMA (('AUTOMOTIVE_DESIGN { 1 0 10303 214 3 1 1 }'));
ENDSEC;

DATA;
#10=MECHANICAL_DESIGN_GEOMETRIC_PRESENTATION_REPRESENTATION('',(#13),#5481);
#11=SHAPE_REPRESENTATION_RELATIONSHIP('SRR','None',#5488,#12);
#12=ADVANCED_BREP_SHAPE_REPRESENTATION('',(#14),#5480);
#13=STYLED_ITEM('',(#5497),#14);
#14=MANIFOLD_SOLID_BREP('Part2_bend_tube',#244);
#15=LINE('',#3907,#17);
#16=LINE('',#3918,#18);
#17=VECTOR('',#286,29.);
#18=VECTOR('',#303,31.5);
#19=CIRCLE('',#261,29.);
#20=CIRCLE('',#262,29.);
#21=CIRCLE('',#263,29.);
#22=CIRCLE('',#264,29.);
#23=CIRCLE('',#266,31.5);
#24=CIRCLE('',#267,31.5);
#25=CIRCLE('',#269,31.5);
#26=CIRCLE('',#270,31.5);
#27=CYLINDRICAL_SURFACE('',#260,29.);
#28=CYLINDRICAL_SURFACE('',#268,31.5);
#29=FACE_BOUND('',#58,.T.);
#30=FACE_BOUND('',#60,.T.);
#31=FACE_BOUND('',#68,.T.);
#32=FACE_BOUND('',#72,.T.);
#33=PLANE('',#258);
#34=PLANE('',#259);
#35=PLANE('',#265);
#36=PLANE('',#271);
#37=PLANE('',#272);
#38=PLANE('',#273);
#39=PLANE('',#274);
#40=PLANE('',#275);
#41=FACE_OUTER_BOUND('',#56,.T.);
#42=FACE_OUTER_BOUND('',#57,.T.);
#43=FACE_OUTER_BOUND('',#59,.T.);
#44=FACE_OUTER_BOUND('',#61,.T.);
#45=FACE_OUTER_BOUND('',#62,.T.);
#46=FACE_OUTER_BOUND('',#63,.T.);
#47=FACE_OUTER_BOUND('',#64,.T.);
#48=FACE_OUTER_BOUND('',#65,.T.);
#49=FACE_OUTER_BOUND('',#66,.T.);
#50=FACE_OUTER_BOUND('',#67,.T.);
#51=FACE_OUTER_BOUND('',#69,.T.);
#52=FACE_OUTER_BOUND('',#70,.T.);
#53=FACE_OUTER_BOUND('',#71,.T.);
#54=FACE_OUTER_BOUND('',#73,.T.);
#55=FACE_OUTER_BOUND('',#74,.T.);
#56=EDGE_LOOP('',(#156,#157,#158,#159,#160));
#57=EDGE_LOOP('',(#161,#162));
#58=EDGE_LOOP('',(#163));
#59=EDGE_LOOP('',(#164));
#60=EDGE_LOOP('',(#165));
#61=EDGE_LOOP('',(#166,#167,#168,#169,#170,#171,#172,#173));
#62=EDGE_LOOP('',(#174,#175,#176,#177,#178,#179,#180,#181));
#63=EDGE_LOOP('',(#182,#183,#184,#185,#186,#187,#188,#189));
#64=EDGE_LOOP('',(#190,#191,#192,#193));
#65=EDGE_LOOP('',(#194,#195,#196,#197,#198,#199,#200,#201));
#66=EDGE_LOOP('',(#202,#203));
#67=EDGE_LOOP('',(#204));
#68=EDGE_LOOP('',(#205));
#69=EDGE_LOOP('',(#206,#207));
#70=EDGE_LOOP('',(#208,#209,#210,#211));
#71=EDGE_LOOP('',(#212,#213));
#72=EDGE_LOOP('',(#214));
#73=EDGE_LOOP('',(#215,#216,#217,#218));
#74=EDGE_LOOP('',(#219,#220,#221,#222,#223));
#75=B_SPLINE_CURVE_WITH_KNOTS('',3,(#929,#930,#931,#932),.UNSPECIFIED.,
 .F.,.F.,(4,4),(-0.525961289233656,-0.491484196769238),.UNSPECIFIED.);
#76=B_SPLINE_CURVE_WITH_KNOTS('',3,(#934,#935,#936,#937,#938,#939,#940,
#941,#942,#943),.UNSPECIFIED.,.F.,.F.,(4,3,3,4),(-3.98524668438805,-3.96947110837529,
-3.93048766964425,-3.92071294661937),.UNSPECIFIED.);
#77=B_SPLINE_CURVE_WITH_KNOTS('',3,(#945,#946,#947,#948),.UNSPECIFIED.,
 .F.,.F.,(4,4),(0.517986870020724,0.525992391879007),.UNSPECIFIED.);
#78=B_SPLINE_CURVE_WITH_KNOTS('',3,(#950,#951,#952,#953),.UNSPECIFIED.,
 .F.,.F.,(4,4),(0.491659069811695,0.517986870020724),.UNSPECIFIED.);
#79=B_SPLINE_CURVE_WITH_KNOTS('',3,(#954,#955,#956,#957),.UNSPECIFIED.,
 .F.,.F.,(4,4),(101.863786820908,101.946190105941),.UNSPECIFIED.);
#80=B_SPLINE_CURVE_WITH_KNOTS('',3,(#959,#960,#961,#962,#963,#964,#965,
#966,#967,#968,#969,#970,#971,#972,#973,#974,#975,#976,#977,#978,#979,#980,
#981,#982,#983,#984,#985,#986,#987,#988,#989,#990,#991,#992,#993,#994,#995,
#996,#997,#998,#999,#1000,#1001,#1002,#1003,#1004,#1005,#1006,#1007,#1008,
#1009,#1010,#1011,#1012,#1013,#1014,#1015,#1016,#1017,#1018,#1019,#1020,
#1021,#1022,#1023,#1024,#1025,#1026,#1027,#1028,#1029,#1030,#1031,#1032,
#1033,#1034,#1035,#1036,#1037,#1038,#1039,#1040,#1041,#1042,#1043,#1044,
#1045,#1046,#1047,#1048,#1049,#1050,#1051,#1052,#1053,#1054,#1055,#1056,
#1057,#1058,#1059,#1060,#1061,#1062,#1063,#1064,#1065,#1066,#1067,#1068,
#1069,#1070,#1071,#1072,#1073,#1074,#1075,#1076,#1077,#1078,#1079,#1080,
#1081,#1082,#1083,#1084,#1085,#1086,#1087,#1088,#1089,#1090,#1091,#1092,
#1093,#1094,#1095,#1096,#1097,#1098,#1099,#1100,#1101,#1102,#1103,#1104,
#1105,#1106,#1107,#1108,#1109,#1110,#1111,#1112,#1113,#1114,#1115,#1116,
#1117,#1118,#1119,#1120,#1121,#1122,#1123,#1124,#1125,#1126,#1127,#1128,
#1129,#1130,#1131,#1132,#1133,#1134,#1135,#1136,#1137,#1138,#1139,#1140,
#1141,#1142,#1143,#1144,#1145,#1146,#1147,#1148,#1149,#1150,#1151,#1152,
#1153,#1154,#1155,#1156,#1157,#1158,#1159,#1160,#1161,#1162,#1163,#1164,
#1165,#1166,#1167,#1168,#1169,#1170,#1171,#1172,#1173,#1174,#1175,#1176,
#1177,#1178,#1179,#1180,#1181,#1182,#1183,#1184),.UNSPECIFIED.,.F.,.F.,
(4,3,3,3,3,3,3,3,3,3,3,3,3,3,3,3,3,3,3,3,3,3,3,3,3,3,3,3,3,3,3,3,3,3,3,
3,3,3,3,3,3,3,3,3,3,3,3,3,3,3,3,3,3,3,3,3,3,3,3,3,3,3,3,3,3,3,3,3,3,3,3,
3,3,3,3,4),(-3.92071294661937,-3.90027854675667,-3.89150423091322,-3.85737118192222,
-3.83729806961588,-3.82726151346271,-3.82098641410142,-3.81722495730954,
-3.81643879567643,-3.81318182044309,-3.80338809323442,-3.77100926564584,
-3.74759116810521,-3.72986638404055,-3.7139499893551,-3.69298394668525,
-3.66318208260592,-3.62434441564065,-3.53177786453514,-3.48549458898239,
-3.460636408361,-3.44349759425484,-3.43921131342963,-3.41541635583024,-3.4054810473338,
-3.39690199105907,-3.32287682184679,-3.29571525525875,-3.2851259659649,
-3.27721163551946,-3.2488516526345,-3.24164073612186,-3.17025009430345,
-3.12250489693912,-3.09885945248504,-3.06658402912179,-3.01036869219564,
-2.89286345514966,-2.83598122986051,-2.80735411263725,-2.75794946562431,
-2.66086234159357,-2.61185336634942,-2.60732229581105,-2.55512073043177,
-2.53708529154702,-2.35202561507725,-2.24192339564809,-2.18657927873291,
-2.04434515019778,-2.02846461179507,-1.95725206016715,-1.90149171405474,
-1.86714764239281,-1.83847994313246,-1.71262197869241,-1.67478901503848,
-1.58676401425237,-1.54323866313527,-1.2165321954326,-1.04641838620768,
-0.863194603998537,-0.617644552893514,-0.456993217752855,-0.411585243368908,
-0.372094501788491,-0.245616121024267,-0.209655043696244,-0.119137740260043,
-0.0763390474484511,-0.00784551793630459,0.,0.623735019696523,0.935602529544785,
1.09153628446892,1.15372758591821),.UNSPECIFIED.);
#81=B_SPLINE_CURVE_WITH_KNOTS('',3,(#1186,#1187,#1188,#1189,#1190,#1191,
#1192,#1193,#1194,#1195,#1196,#1197,#1198,#1199,#1200,#1201,#1202,#1203,
#1204,#1205,#1206,#1207,#1208,#1209,#1210,#1211,#1212,#1213,#1214,#1215,
#1216,#1217,#1218,#1219,#1220,#1221,#1222,#1223,#1224,#1225,#1226,#1227,
#1228,#1229,#1230,#1231,#1232,#1233,#1234,#1235,#1236,#1237,#1238,#1239,
#1240,#1241,#1242,#1243,#1244,#1245,#1246,#1247,#1248,#1249,#1250,#1251,
#1252,#1253,#1254,#1255,#1256,#1257,#1258,#1259,#1260,#1261,#1262,#1263,
#1264,#1265,#1266,#1267,#1268,#1269,#1270,#1271,#1272,#1273,#1274,#1275,
#1276,#1277,#1278,#1279,#1280,#1281,#1282,#1283,#1284,#1285,#1286,#1287,
#1288,#1289,#1290,#1291,#1292,#1293,#1294,#1295,#1296,#1297,#1298,#1299,
#1300,#1301,#1302,#1303,#1304,#1305,#1306,#1307,#1308,#1309,#1310,#1311,
#1312,#1313,#1314,#1315,#1316,#1317,#1318,#1319,#1320,#1321,#1322,#1323,
#1324,#1325,#1326,#1327,#1328,#1329,#1330,#1331,#1332,#1333,#1334,#1335,
#1336,#1337,#1338,#1339,#1340,#1341,#1342,#1343,#1344,#1345,#1346,#1347,
#1348,#1349,#1350,#1351,#1352,#1353,#1354,#1355,#1356,#1357,#1358,#1359,
#1360,#1361,#1362,#1363,#1364,#1365,#1366,#1367,#1368,#1369,#1370,#1371,
#1372,#1373,#1374,#1375,#1376,#1377,#1378,#1379,#1380,#1381,#1382,#1383,
#1384,#1385,#1386,#1387,#1388,#1389,#1390,#1391,#1392,#1393,#1394,#1395,
#1396,#1397,#1398,#1399,#1400,#1401,#1402,#1403,#1404,#1405,#1406,#1407,
#1408),.UNSPECIFIED.,.T.,.F.,(4,3,3,3,3,3,3,3,3,3,3,3,3,3,3,3,3,3,3,3,3,
3,3,3,3,3,3,3,3,3,3,3,3,3,3,3,3,3,3,3,3,3,3,3,3,3,3,3,3,3,3,3,3,3,3,3,3,
3,3,3,3,3,3,3,3,3,3,3,3,3,3,3,3,3,4),(-74.0485335276897,-73.9685759092874,
-73.8741365908123,-73.69081935486,-73.5940112510401,-73.5805588518681,-73.4025765610067,
-72.6662799625817,-72.3842891452059,-71.8626273427475,-71.637937456279,
-70.9853903082044,-70.859010982036,-69.6612226801867,-68.4464619203187,
-65.6061532267176,-64.9501876969516,-54.5742638427442,-45.1903086360507,
-31.3148524995699,-20.7170598830847,-14.7837221728983,-11.8170533178051,
-10.3337188902584,-9.41119349208554,-8.85038446271185,-7.54173428820971,
-6.88740920095864,-6.5602466573331,-6.36621225118442,-6.24750749239059,
-6.23308411370757,-6.13429447170067,-6.10130766025205,-5.79308361631322,
-5.53456239992868,-5.36106813269676,-5.27604118354414,-5.15069098679482,
-4.89225386826781,-4.84366469040748,-4.83832794412408,-4.76747784652556,
-4.58319260676087,-4.52330658635162,-4.43312046266641,-4.34118350846955,
-4.31365029345074,-4.22009800496908,-4.17905809449616,-4.10077546439039,
-4.03418299328907,-3.59807724553358,-3.46457300433848,-3.35509670890763,
-3.16197149777808,-3.04969140723796,-2.96863708293178,-2.54876781607866,
-2.21023398467541,-1.77298693595328,-1.44998276353897,-1.20190595990911,
-1.14354543480945,-1.08526945298553,-0.901177134718868,-0.847213012280797,
-0.717084816452204,-0.659138435849764,-0.607903939065616,-0.316246703808347,
-1.64477285125031E-8,0.21396055269912,0.374355703946222,0.376711465105387),
 .UNSPECIFIED.);
#82=B_SPLINE_CURVE_WITH_KNOTS('',3,(#1411,#1412,#1413,#1414,#1415,#1416,
#1417,#1418,#1419,#1420,#1421,#1422,#1423,#1424,#1425,#1426,#1427,#1428,
#1429,#1430,#1431,#1432,#1433,#1434,#1435,#1436,#1437,#1438,#1439,#1440,
#1441,#1442,#1443,#1444,#1445,#1446,#1447,#1448,#1449,#1450,#1451,#1452,
#1453,#1454,#1455,#1456,#1457,#1458,#1459,#1460,#1461,#1462,#1463,#1464,
#1465,#1466,#1467,#1468,#1469,#1470,#1471,#1472,#1473,#1474,#1475,#1476,
#1477,#1478,#1479,#1480,#1481,#1482,#1483,#1484,#1485,#1486,#1487,#1488,
#1489,#1490,#1491,#1492,#1493,#1494,#1495,#1496,#1497,#1498,#1499,#1500,
#1501,#1502,#1503,#1504,#1505,#1506,#1507,#1508,#1509,#1510,#1511,#1512,
#1513,#1514,#1515,#1516,#1517,#1518,#1519,#1520,#1521,#1522,#1523,#1524,
#1525,#1526,#1527,#1528,#1529,#1530,#1531,#1532,#1533,#1534,#1535,#1536,
#1537,#1538,#1539,#1540,#1541,#1542,#1543,#1544,#1545,#1546,#1547,#1548,
#1549,#1550,#1551,#1552,#1553,#1554,#1555,#1556,#1557,#1558,#1559,#1560,
#1561,#1562,#1563,#1564,#1565,#1566,#1567,#1568,#1569,#1570,#1571,#1572,
#1573,#1574,#1575,#1576,#1577,#1578,#1579,#1580,#1581,#1582,#1583,#1584,
#1585,#1586,#1587,#1588,#1589,#1590,#1591,#1592,#1593,#1594,#1595,#1596,
#1597,#1598,#1599,#1600,#1601,#1602,#1603,#1604,#1605,#1606,#1607,#1608,
#1609,#1610,#1611,#1612,#1613,#1614,#1615,#1616,#1617,#1618,#1619,#1620,
#1621,#1622,#1623,#1624,#1625,#1626,#1627,#1628,#1629,#1630,#1631,#1632,
#1633,#1634,#1635,#1636,#1637,#1638,#1639,#1640,#1641,#1642),
 .UNSPECIFIED.,.T.,.F.,(4,3,3,3,3,3,3,3,3,3,3,3,3,3,3,3,3,3,3,3,3,3,3,3,
3,3,3,3,3,3,3,3,3,3,3,3,3,3,3,3,3,3,3,3,3,3,3,3,3,3,3,3,3,3,3,3,3,3,3,3,
3,3,3,3,3,3,3,3,3,3,3,3,3,3,3,3,3,4),(-0.369942260442126,7.73527732921275E-5,
0.51997049227528,0.710974966985095,0.890742291802457,0.980343032458211,
1.4697195476342,1.77554991635656,2.98687032999503,3.08439588302217,3.68729132371074,
4.15449983834593,5.53404771541721,6.47292011631261,7.38675146648844,9.99607357021687,
10.47525771208,10.8216908473846,12.6053956739453,13.6603400787031,14.9088362234345,
17.1802611319421,18.3159735861959,18.9406135740114,19.4516860404496,19.6988320989365,
20.9358912866762,21.8073834689782,23.3918037888357,24.9004813586005,28.3041649619094,
31.2978415840481,32.549638972517,32.6403533381281,33.2833380226544,36.2284928554664,
37.2530889509787,40.7853996527646,47.7274962744685,53.4935739211253,65.3057969228986,
73.6103504099409,76.5923091355371,79.7996846810623,84.6370785400071,88.9358231767515,
95.1041784969388,98.1883561570324,99.9149124964345,100.833089295453,101.272533817126,
105.640906467064,107.759374953753,109.388625903066,114.067325159971,115.199009293397,
115.779311361865,118.746024416877,119.579202279931,124.756408637793,127.345011816723,
128.759997425817,129.423978322521,129.933614995654,130.456117242301,131.304430158562,
132.220792124501,132.495281439776,133.138624751567,133.501633143169,133.781968063357,
134.136724560702,134.165941808016,134.644987468268,135.093497438989,135.292050389246,
135.405405701416,135.591635303704),.UNSPECIFIED.);
#83=B_SPLINE_CURVE_WITH_KNOTS('',3,(#1644,#1645,#1646,#1647,#1648,#1649,
#1650,#1651,#1652,#1653,#1654,#1655,#1656,#1657,#1658,#1659,#1660,#1661,
#1662,#1663,#1664,#1665,#1666,#1667,#1668,#1669,#1670,#1671,#1672,#1673,
#1674,#1675,#1676,#1677,#1678,#1679,#1680,#1681,#1682,#1683,#1684,#1685,
#1686,#1687,#1688,#1689,#1690,#1691,#1692,#1693,#1694,#1695,#1696,#1697,
#1698,#1699,#1700,#1701,#1702,#1703,#1704,#1705,#1706,#1707,#1708,#1709,
#1710,#1711,#1712,#1713,#1714,#1715,#1716,#1717,#1718,#1719,#1720,#1721,
#1722,#1723,#1724,#1725,#1726,#1727,#1728,#1729,#1730,#1731,#1732,#1733,
#1734,#1735,#1736,#1737,#1738,#1739,#1740,#1741,#1742,#1743,#1744,#1745,
#1746,#1747,#1748,#1749,#1750,#1751,#1752,#1753,#1754,#1755,#1756,#1757,
#1758,#1759,#1760,#1761,#1762,#1763,#1764,#1765,#1766,#1767,#1768,#1769,
#1770,#1771,#1772,#1773,#1774,#1775,#1776,#1777,#1778,#1779,#1780,#1781,
#1782,#1783,#1784,#1785,#1786,#1787,#1788,#1789,#1790,#1791,#1792,#1793,
#1794,#1795,#1796,#1797,#1798,#1799,#1800,#1801,#1802,#1803,#1804,#1805,
#1806,#1807,#1808,#1809,#1810,#1811,#1812,#1813,#1814,#1815,#1816,#1817,
#1818,#1819,#1820,#1821,#1822,#1823,#1824,#1825,#1826,#1827,#1828,#1829,
#1830,#1831,#1832,#1833,#1834,#1835,#1836,#1837,#1838,#1839,#1840,#1841,
#1842,#1843,#1844,#1845,#1846,#1847,#1848,#1849,#1850,#1851,#1852,#1853,
#1854,#1855,#1856,#1857,#1858,#1859,#1860,#1861,#1862,#1863,#1864,#1865,
#1866,#1867,#1868,#1869,#1870,#1871,#1872),.UNSPECIFIED.,.T.,.F.,(4,3,3,
3,3,3,3,3,3,3,3,3,3,3,3,3,3,3,3,3,3,3,3,3,3,3,3,3,3,3,3,3,3,3,3,3,3,3,3,
3,3,3,3,3,3,3,3,3,3,3,3,3,3,3,3,3,3,3,3,3,3,3,3,3,3,3,3,3,3,3,3,3,3,3,3,
3,4),(-38.3383308250562,-38.1708897663566,-37.9927777082961,-37.8490839347349,
-37.402594095454,-37.0617543907482,-36.9794101314494,-36.7645962611536,
-36.6205351121797,-36.255938228779,-36.0349399191205,-35.8827374229498,
-35.4507548725384,-35.1280121174476,-34.8092941034185,-31.2855691069536,
-30.0950848874104,-29.3246916502114,-27.7618441104887,-26.7795464202632,
-26.3575067194597,-24.8374460841411,-23.3597573009022,-19.0346293895862,
-16.8720654339282,-15.5419861606138,-15.1408620494253,-14.7095014782702,
-13.9671573361667,-13.595985265115,-13.420469994826,-13.3013349909058,-13.2248131940632,
-13.129779733569,-13.1052504968845,-12.6386083530921,-12.4103840534037,
-12.3062850076952,-12.1652206780135,-12.0822846857243,-12.0203823604643,
-11.9400437410496,-11.9154761100659,-11.829047030962,-11.7200163902467,
-11.5729656707202,-11.3162049567894,-11.1832802568539,-11.1610150101648,
-10.9877953264698,-10.8470646480377,-10.7802999355816,-10.6636897276422,
-8.60938401171205,-7.58223115374697,-7.06865472476443,-6.79838771742132,
-6.60960768345402,-6.55507829578189,-6.4427091013999,-6.33331977344133,
-5.2641038059939,-4.34311992014719,-3.43431456499948,-2.55197325937106,
-1.82726078480809,-1.33085864375408,-1.10254831024512,-0.844175654177841,
-0.72041110324282,-0.607744764345553,-0.585802998110563,-0.516655085194257,
-0.478590894052209,-0.21261288953131,-1.98928222232553E-5,0.278837474338758),
 .UNSPECIFIED.);
#84=B_SPLINE_CURVE_WITH_KNOTS('',3,(#2882,#2883,#2884,#2885,#2886,#2887,
#2888,#2889),.UNSPECIFIED.,.F.,.F.,(4,2,2,4),(0.523658935752188,0.608012854849403,
0.857961708435874,0.984593338651748),.UNSPECIFIED.);
#85=B_SPLINE_CURVE_WITH_KNOTS('',3,(#2891,#2892,#2893,#2894,#2895,#2896,
#2897,#2898,#2899,#2900,#2901,#2902,#2903,#2904,#2905,#2906,#2907,#2908,
#2909,#2910,#2911,#2912,#2913,#2914,#2915,#2916,#2917,#2918,#2919,#2920),
 .UNSPECIFIED.,.F.,.F.,(4,2,2,2,2,2,2,2,2,2,2,2,2,2,4),(-11.2981835519608,
-10.8139786161203,-10.4507021939988,-10.0710614942011,-9.55688802050457,
-9.12055844186717,-8.65379822967809,-8.15468161016703,-7.62069046223205,
-7.02215367909319,-6.64245626734878,-6.23620072156045,-5.5817951051242,
-4.89780993254136,-4.52212326571149),.UNSPECIFIED.);
#86=B_SPLINE_CURVE_WITH_KNOTS('',3,(#2922,#2923,#2924,#2925),
 .UNSPECIFIED.,.F.,.F.,(4,4),(-2.50754748795412,-2.4485112681683),
 .UNSPECIFIED.);
#87=B_SPLINE_CURVE_WITH_KNOTS('',3,(#2927,#2928,#2929,#2930,#2931,#2932,
#2933,#2934,#2935,#2936,#2937,#2938,#2939,#2940,#2941),.UNSPECIFIED.,.F.,
 .F.,(4,2,2,2,2,3,4),(-4.70918676073981,-4.01011549297752,-3.0868206509847,
-2.12291968200164,-1.09869353927961,0.,0.474653330660093),.UNSPECIFIED.);
#88=B_SPLINE_CURVE_WITH_KNOTS('',3,(#2943,#2944,#2945,#2946),
 .UNSPECIFIED.,.F.,.F.,(4,4),(-0.225347937131184,-0.169533442377543),
 .UNSPECIFIED.);
#89=B_SPLINE_CURVE_WITH_KNOTS('',3,(#2947,#2948,#2949,#2950,#2951,#2952),
 .UNSPECIFIED.,.F.,.F.,(4,2,4),(-12.2377297752038,-11.5719635079736,-11.2981835519608),
 .UNSPECIFIED.);
#90=B_SPLINE_CURVE_WITH_KNOTS('',3,(#3834,#3835,#3836,#3837,#3838,#3839,
#3840,#3841),.UNSPECIFIED.,.F.,.F.,(4,2,2,4),(0.52849550952597,0.605396591647028,
0.857056824346116,0.982615798336669),.UNSPECIFIED.);
#91=B_SPLINE_CURVE_WITH_KNOTS('',3,(#3843,#3844,#3845,#3846),
 .UNSPECIFIED.,.F.,.F.,(4,4),(-5.32873864493807,-3.78406787192898),
 .UNSPECIFIED.);
#92=B_SPLINE_CURVE_WITH_KNOTS('',3,(#3848,#3849,#3850,#3851),
 .UNSPECIFIED.,.F.,.F.,(4,4),(-0.247790906312702,-0.189577844135499),
 .UNSPECIFIED.);
#93=B_SPLINE_CURVE_WITH_KNOTS('',3,(#3853,#3854,#3855,#3856,#3857,#3858,
#3859,#3860,#3861,#3862,#3863,#3864,#3865,#3866,#3867,#3868,#3869,#3870,
#3871),.UNSPECIFIED.,.F.,.F.,(4,3,2,2,2,2,2,2,4),(-0.442878514716798,0.,
0.63820885292553,1.24981135929067,2.30679956170465,3.28734087693474,4.2073109997175,
4.60274662830718,4.63916731408504),.UNSPECIFIED.);
#94=B_SPLINE_CURVE_WITH_KNOTS('',3,(#3873,#3874,#3875,#3876),
 .UNSPECIFIED.,.F.,.F.,(4,4),(-2.46121471279125,-2.41792935335567),
 .UNSPECIFIED.);
#95=B_SPLINE_CURVE_WITH_KNOTS('',3,(#3877,#3878,#3879,#3880,#3881,#3882,
#3883,#3884,#3885,#3886,#3887,#3888,#3889,#3890,#3891,#3892,#3893,#3894,
#3895,#3896,#3897,#3898,#3899,#3900,#3901,#3902),.UNSPECIFIED.,.F.,.F.,
(4,2,2,2,2,2,2,2,2,2,2,2,4),(-40.1322041910324,-39.6781744360827,-35.8806485587303,
-32.0908833271924,-28.3713055457024,-24.76067941634,-21.1679435267893,-17.5855801997752,
-14.0149809828182,-10.743102677757,-7.70279033491282,-5.51923851657855,
-5.32873864493807),.UNSPECIFIED.);
#96=B_SPLINE_CURVE_WITH_KNOTS('',3,(#3925,#3926,#3927,#3928,#3929,#3930,
#3931,#3932,#3933,#3934,#3935,#3936,#3937,#3938,#3939,#3940,#3941,#3942,
#3943,#3944,#3945,#3946,#3947,#3948,#3949,#3950,#3951,#3952,#3953,#3954,
#3955,#3956,#3957,#3958,#3959,#3960,#3961,#3962,#3963,#3964,#3965,#3966,
#3967,#3968,#3969,#3970,#3971,#3972,#3973,#3974,#3975,#3976,#3977,#3978,
#3979,#3980,#3981,#3982,#3983,#3984,#3985,#3986,#3987,#3988,#3989,#3990,
#3991,#3992,#3993,#3994,#3995,#3996,#3997,#3998,#3999,#4000,#4001,#4002,
#4003,#4004,#4005,#4006,#4007,#4008,#4009,#4010,#4011,#4012,#4013,#4014,
#4015,#4016,#4017,#4018,#4019,#4020,#4021,#4022,#4023,#4024,#4025,#4026,
#4027,#4028,#4029,#4030,#4031,#4032,#4033,#4034,#4035,#4036,#4037,#4038,
#4039,#4040,#4041,#4042,#4043,#4044,#4045,#4046,#4047,#4048,#4049,#4050,
#4051,#4052,#4053,#4054,#4055,#4056,#4057,#4058,#4059,#4060,#4061,#4062,
#4063,#4064,#4065,#4066,#4067,#4068,#4069,#4070,#4071,#4072,#4073,#4074,
#4075,#4076,#4077,#4078,#4079,#4080,#4081,#4082,#4083,#4084,#4085,#4086,
#4087,#4088,#4089,#4090,#4091,#4092,#4093,#4094,#4095,#4096,#4097,#4098,
#4099,#4100,#4101,#4102,#4103,#4104,#4105,#4106,#4107,#4108,#4109,#4110,
#4111,#4112,#4113,#4114,#4115,#4116,#4117,#4118,#4119,#4120,#4121,#4122,
#4123,#4124,#4125,#4126,#4127,#4128,#4129,#4130,#4131,#4132,#4133,#4134,
#4135,#4136,#4137,#4138,#4139,#4140,#4141,#4142,#4143,#4144,#4145,#4146,
#4147,#4148,#4149,#4150,#4151,#4152,#4153,#4154,#4155,#4156,#4157,#4158,
#4159,#4160,#4161,#4162,#4163,#4164,#4165),.UNSPECIFIED.,.F.,.F.,(4,3,3,
3,3,3,3,3,3,3,3,3,3,3,3,3,3,3,3,3,3,3,3,3,3,3,3,3,3,3,3,3,3,3,3,3,3,3,3,
3,3,3,3,3,3,3,3,3,3,3,3,3,3,3,3,3,3,3,3,3,3,3,3,3,3,3,3,3,3,3,3,3,3,3,3,
3,3,3,3,3,4),(-0.344081875261103,0.,0.562918698728197,1.05215801292144,
1.25983370432814,1.28841414261861,1.50306351468515,1.68084141682826,3.51638692523917,
4.25991891319671,7.349382456566,13.4012756142932,17.3320335447816,24.4444943161282,
28.6193184763477,31.3464863667574,31.5569550874748,34.8897097297837,36.5560870509381,
37.5327847242884,38.1720700916789,38.2224643720925,38.543244439356,38.7827091232718,
39.1098535018779,39.6675158974358,40.4439683538033,41.3564953388298,42.2114034242643,
42.9268933288518,43.369822608519,43.6423832334394,43.995532810244,44.2434037940695,
44.2911359896901,45.6272657167905,46.2953305803406,46.7270186343694,46.9633954438908,
47.5113309149918,47.9174070128623,49.0661256534527,49.7070159905142,50.367679255755,
51.161310406405,51.7621219237627,52.6991759313398,53.3615774296711,54.8696931632657,
70.1207035172277,72.5482005276334,74.4563592375315,82.3907160046541,86.3578943882153,
88.341483579996,89.7547173308742,90.3250727717766,92.6753062588578,93.8504230023984,
94.6439871400099,95.025539745939,95.445512469948,95.7500951869442,95.8585963954151,
96.8361494652275,97.0920518094845,98.1077851643007,99.0353866030641,99.6523708169188,
99.768272468511,100.182329060572,100.213414942177,100.868304463997,101.195749224907,
101.359471605362,101.45400966611,101.508120032408,101.523193985817,101.584772933645,
101.777220107123,101.863786820908),.UNSPECIFIED.);
#97=B_SPLINE_CURVE_WITH_KNOTS('',3,(#4167,#4168,#4169,#4170,#4171,#4172,
#4173,#4174,#4175,#4176,#4177,#4178,#4179,#4180,#4181,#4182,#4183,#4184,
#4185,#4186,#4187,#4188,#4189,#4190,#4191,#4192,#4193,#4194,#4195,#4196,
#4197,#4198,#4199,#4200,#4201,#4202,#4203,#4204,#4205,#4206,#4207,#4208,
#4209,#4210,#4211,#4212,#4213,#4214,#4215,#4216,#4217,#4218,#4219,#4220,
#4221,#4222,#4223,#4224,#4225,#4226,#4227,#4228,#4229,#4230,#4231,#4232,
#4233,#4234,#4235,#4236,#4237,#4238,#4239,#4240,#4241,#4242,#4243,#4244,
#4245,#4246,#4247,#4248,#4249,#4250,#4251,#4252,#4253,#4254,#4255,#4256,
#4257,#4258,#4259,#4260,#4261,#4262,#4263,#4264,#4265,#4266,#4267,#4268,
#4269,#4270,#4271,#4272,#4273,#4274,#4275,#4276,#4277,#4278,#4279,#4280,
#4281,#4282,#4283,#4284,#4285,#4286,#4287,#4288,#4289,#4290,#4291,#4292,
#4293,#4294,#4295,#4296,#4297,#4298,#4299,#4300,#4301,#4302,#4303,#4304,
#4305,#4306,#4307,#4308,#4309,#4310,#4311,#4312,#4313,#4314,#4315,#4316,
#4317,#4318,#4319,#4320,#4321,#4322,#4323,#4324,#4325,#4326,#4327,#4328,
#4329,#4330,#4331,#4332,#4333,#4334,#4335,#4336,#4337,#4338,#4339,#4340,
#4341,#4342,#4343,#4344,#4345,#4346,#4347,#4348,#4349,#4350,#4351,#4352,
#4353,#4354,#4355,#4356,#4357,#4358,#4359,#4360,#4361,#4362,#4363,#4364,
#4365,#4366,#4367,#4368,#4369,#4370,#4371,#4372,#4373,#4374,#4375,#4376,
#4377,#4378,#4379,#4380,#4381,#4382,#4383,#4384,#4385,#4386,#4387,#4388,
#4389,#4390,#4391,#4392,#4393,#4394,#4395,#4396,#4397,#4398,#4399,#4400,
#4401,#4402,#4403,#4404,#4405,#4406,#4407,#4408,#4409,#4410,#4411,#4412,
#4413,#4414,#4415,#4416,#4417,#4418,#4419,#4420,#4421,#4422,#4423,#4424,
#4425,#4426,#4427,#4428),.UNSPECIFIED.,.T.,.F.,(4,3,3,3,3,3,3,3,3,3,3,3,
3,3,3,3,3,3,3,3,3,3,3,3,3,3,3,3,3,3,3,3,3,3,3,3,3,3,3,3,3,3,3,3,3,3,3,3,
3,3,3,3,3,3,3,3,3,3,3,3,3,3,3,3,3,3,3,3,3,3,3,3,3,3,3,3,3,3,3,3,3,3,3,3,
3,3,3,4),(-41.9392830493955,-41.8870084570152,-41.8199304237796,-41.7028437907517,
-41.6743131422703,-41.5263931610655,-41.4511907952794,-41.3963459959326,
-41.3784731798606,-41.3721323546657,-41.316917305621,-41.2658945699562,
-40.9570991323337,-40.7863454261062,-40.6105224761404,-40.0681330510341,
-39.7486043819923,-39.7131402988488,-39.3313887781467,-39.0700075825521,
-39.0178965856823,-38.7399158648876,-38.5422432129642,-37.5742977101129,
-35.4294527141409,-34.5262163262879,-33.2846077181689,-31.9996241893555,
-31.5599976474028,-31.205144039127,-27.8507105360773,-25.5980002267517,
-22.981937198403,-21.6739056842287,-21.0198899271416,-20.6500351665031,
-20.5005897663181,-20.3658741700544,-20.0940462856709,-19.9531958043461,
-19.894146864761,-19.8222184012874,-19.6755449503255,-19.625414009972,-19.3630958920769,
-19.1595565101827,-18.6375767195449,-18.3986174718517,-18.343563219727,
-18.0502549825811,-17.6115848057013,-17.3037626293909,-17.2888098298135,
-17.0410651246396,-16.656588427768,-16.2708473936615,-15.3971482790264,
-14.6371538977586,-13.386701906497,-12.566745610449,-11.2728709784662,-10.5394450333682,
-10.1727320608192,-9.94017293408635,-9.80601908827015,-9.47799648308557,
-7.36490502007181,-6.30835928856494,-5.86106967278584,-5.5206111402811,
-5.25181355705806,-3.2530802063708,-3.00493225039079,-2.12963955303716,
-1.69199320436035,-1.43647915099509,-1.30919349832177,-1.25434685568353,
-0.980973856224142,-0.844287356494446,-0.774194347762896,-0.70760085676475,
-0.653175070760221,-0.63686097386899,-0.527917440621966,-0.213280350423179,
0.000245735140708803,0.337560195784015),.UNSPECIFIED.);
#98=B_SPLINE_CURVE_WITH_KNOTS('',3,(#4869,#4870,#4871,#4872),
 .UNSPECIFIED.,.F.,.F.,(4,4),(0.493572238504572,0.520243607318794),
 .UNSPECIFIED.);
#99=VERTEX_POINT('',#927);
#100=VERTEX_POINT('',#928);
#101=VERTEX_POINT('',#933);
#102=VERTEX_POINT('',#944);
#103=VERTEX_POINT('',#949);
#104=VERTEX_POINT('',#1185);
#105=VERTEX_POINT('',#1410);
#106=VERTEX_POINT('',#1643);
#107=VERTEX_POINT('',#2881);
#108=VERTEX_POINT('',#2890);
#109=VERTEX_POINT('',#2921);
#110=VERTEX_POINT('',#2926);
#111=VERTEX_POINT('',#2942);
#112=VERTEX_POINT('',#3833);
#113=VERTEX_POINT('',#3842);
#114=VERTEX_POINT('',#3847);
#115=VERTEX_POINT('',#3852);
#116=VERTEX_POINT('',#3872);
#117=VERTEX_POINT('',#3904);
#118=VERTEX_POINT('',#3906);
#119=VERTEX_POINT('',#3912);
#120=VERTEX_POINT('',#3916);
#121=VERTEX_POINT('',#4166);
#122=EDGE_CURVE('',#99,#100,#75,.T.);
#123=EDGE_CURVE('',#101,#99,#76,.T.);
#124=EDGE_CURVE('',#102,#101,#77,.T.);
#125=EDGE_CURVE('',#103,#102,#78,.T.);
#126=EDGE_CURVE('',#100,#103,#79,.T.);
#127=EDGE_CURVE('',#99,#101,#80,.T.);
#128=EDGE_CURVE('',#104,#104,#81,.T.);
#129=EDGE_CURVE('',#105,#105,#82,.T.);
#130=EDGE_CURVE('',#106,#106,#83,.T.);
#131=EDGE_CURVE('',#106,#107,#84,.T.);
#132=EDGE_CURVE('',#107,#108,#85,.T.);
#133=EDGE_CURVE('',#108,#109,#86,.T.);
#134=EDGE_CURVE('',#109,#110,#87,.T.);
#135=EDGE_CURVE('',#110,#111,#88,.T.);
#136=EDGE_CURVE('',#111,#107,#89,.T.);
#137=EDGE_CURVE('',#104,#112,#90,.T.);
#138=EDGE_CURVE('',#112,#113,#91,.T.);
#139=EDGE_CURVE('',#113,#114,#92,.T.);
#140=EDGE_CURVE('',#114,#115,#93,.T.);
#141=EDGE_CURVE('',#115,#116,#94,.T.);
#142=EDGE_CURVE('',#116,#112,#95,.T.);
#143=EDGE_CURVE('',#117,#108,#19,.T.);
#144=EDGE_CURVE('',#117,#118,#15,.T.);
#145=EDGE_CURVE('',#118,#118,#20,.T.);
#146=EDGE_CURVE('',#111,#117,#21,.T.);
#147=EDGE_CURVE('',#109,#110,#22,.T.);
#148=EDGE_CURVE('',#116,#119,#23,.T.);
#149=EDGE_CURVE('',#119,#113,#24,.T.);
#150=EDGE_CURVE('',#120,#120,#25,.T.);
#151=EDGE_CURVE('',#120,#119,#16,.T.);
#152=EDGE_CURVE('',#114,#115,#26,.T.);
#153=EDGE_CURVE('',#103,#100,#96,.T.);
#154=EDGE_CURVE('',#121,#121,#97,.T.);
#155=EDGE_CURVE('',#121,#105,#98,.T.);
#156=ORIENTED_EDGE('',*,*,#122,.F.);
#157=ORIENTED_EDGE('',*,*,#123,.F.);
#158=ORIENTED_EDGE('',*,*,#124,.F.);
#159=ORIENTED_EDGE('',*,*,#125,.F.);
#160=ORIENTED_EDGE('',*,*,#126,.F.);
#161=ORIENTED_EDGE('',*,*,#123,.T.);
#162=ORIENTED_EDGE('',*,*,#127,.T.);
#163=ORIENTED_EDGE('',*,*,#128,.F.);
#164=ORIENTED_EDGE('',*,*,#129,.T.);
#165=ORIENTED_EDGE('',*,*,#130,.T.);
#166=ORIENTED_EDGE('',*,*,#131,.T.);
#167=ORIENTED_EDGE('',*,*,#132,.T.);
#168=ORIENTED_EDGE('',*,*,#133,.T.);
#169=ORIENTED_EDGE('',*,*,#134,.T.);
#170=ORIENTED_EDGE('',*,*,#135,.T.);
#171=ORIENTED_EDGE('',*,*,#136,.T.);
#172=ORIENTED_EDGE('',*,*,#131,.F.);
#173=ORIENTED_EDGE('',*,*,#130,.F.);
#174=ORIENTED_EDGE('',*,*,#128,.T.);
#175=ORIENTED_EDGE('',*,*,#137,.T.);
#176=ORIENTED_EDGE('',*,*,#138,.T.);
#177=ORIENTED_EDGE('',*,*,#139,.T.);
#178=ORIENTED_EDGE('',*,*,#140,.T.);
#179=ORIENTED_EDGE('',*,*,#141,.T.);
#180=ORIENTED_EDGE('',*,*,#142,.T.);
#181=ORIENTED_EDGE('',*,*,#137,.F.);
#182=ORIENTED_EDGE('',*,*,#133,.F.);
#183=ORIENTED_EDGE('',*,*,#143,.F.);
#184=ORIENTED_EDGE('',*,*,#144,.T.);
#185=ORIENTED_EDGE('',*,*,#145,.F.);
#186=ORIENTED_EDGE('',*,*,#144,.F.);
#187=ORIENTED_EDGE('',*,*,#146,.F.);
#188=ORIENTED_EDGE('',*,*,#135,.F.);
#189=ORIENTED_EDGE('',*,*,#147,.F.);
#190=ORIENTED_EDGE('',*,*,#142,.F.);
#191=ORIENTED_EDGE('',*,*,#148,.T.);
#192=ORIENTED_EDGE('',*,*,#149,.T.);
#193=ORIENTED_EDGE('',*,*,#138,.F.);
#194=ORIENTED_EDGE('',*,*,#150,.F.);
#195=ORIENTED_EDGE('',*,*,#151,.T.);
#196=ORIENTED_EDGE('',*,*,#148,.F.);
#197=ORIENTED_EDGE('',*,*,#141,.F.);
#198=ORIENTED_EDGE('',*,*,#152,.F.);
#199=ORIENTED_EDGE('',*,*,#139,.F.);
#200=ORIENTED_EDGE('',*,*,#149,.F.);
#201=ORIENTED_EDGE('',*,*,#151,.F.);
#202=ORIENTED_EDGE('',*,*,#134,.F.);
#203=ORIENTED_EDGE('',*,*,#147,.T.);
#204=ORIENTED_EDGE('',*,*,#150,.T.);
#205=ORIENTED_EDGE('',*,*,#145,.T.);
#206=ORIENTED_EDGE('',*,*,#152,.T.);
#207=ORIENTED_EDGE('',*,*,#140,.F.);
#208=ORIENTED_EDGE('',*,*,#146,.T.);
#209=ORIENTED_EDGE('',*,*,#143,.T.);
#210=ORIENTED_EDGE('',*,*,#132,.F.);
#211=ORIENTED_EDGE('',*,*,#136,.F.);
#212=ORIENTED_EDGE('',*,*,#153,.T.);
#213=ORIENTED_EDGE('',*,*,#126,.T.);
#214=ORIENTED_EDGE('',*,*,#154,.T.);
#215=ORIENTED_EDGE('',*,*,#154,.F.);
#216=ORIENTED_EDGE('',*,*,#155,.T.);
#217=ORIENTED_EDGE('',*,*,#129,.F.);
#218=ORIENTED_EDGE('',*,*,#155,.F.);
#219=ORIENTED_EDGE('',*,*,#122,.T.);
#220=ORIENTED_EDGE('',*,*,#153,.F.);
#221=ORIENTED_EDGE('',*,*,#125,.T.);
#222=ORIENTED_EDGE('',*,*,#124,.T.);
#223=ORIENTED_EDGE('',*,*,#127,.F.);
#224=B_SPLINE_SURFACE_WITH_KNOTS('',3,3,((#317,#318,#319,#320,#321),(#322,
#323,#324,#325,#326),(#327,#328,#329,#330,#331),(#332,#333,#334,#335,#336),
(#337,#338,#339,#340,#341),(#342,#343,#344,#345,#346),(#347,#348,#349,#350,
#351),(#352,#353,#354,#355,#356),(#357,#358,#359,#360,#361),(#362,#363,
#364,#365,#366),(#367,#368,#369,#370,#371),(#372,#373,#374,#375,#376),(#377,
#378,#379,#380,#381),(#382,#383,#384,#385,#386),(#387,#388,#389,#390,#391),
(#392,#393,#394,#395,#396),(#397,#398,#399,#400,#401),(#402,#403,#404,#405,
#406),(#407,#408,#409,#410,#411),(#412,#413,#414,#415,#416),(#417,#418,
#419,#420,#421),(#422,#423,#424,#425,#426),(#427,#428,#429,#430,#431),(#432,
#433,#434,#435,#436),(#437,#438,#439,#440,#441),(#442,#443,#444,#445,#446),
(#447,#448,#449,#450,#451),(#452,#453,#454,#455,#456),(#457,#458,#459,#460,
#461),(#462,#463,#464,#465,#466),(#467,#468,#469,#470,#471),(#472,#473,
#474,#475,#476),(#477,#478,#479,#480,#481),(#482,#483,#484,#485,#486),(#487,
#488,#489,#490,#491),(#492,#493,#494,#495,#496),(#497,#498,#499,#500,#501),
(#502,#503,#504,#505,#506),(#507,#508,#509,#510,#511),(#512,#513,#514,#515,
#516),(#517,#518,#519,#520,#521),(#522,#523,#524,#525,#526),(#527,#528,
#529,#530,#531),(#532,#533,#534,#535,#536),(#537,#538,#539,#540,#541),(#542,
#543,#544,#545,#546),(#547,#548,#549,#550,#551),(#552,#553,#554,#555,#556),
(#557,#558,#559,#560,#561),(#562,#563,#564,#565,#566),(#567,#568,#569,#570,
#571),(#572,#573,#574,#575,#576),(#577,#578,#579,#580,#581),(#582,#583,
#584,#585,#586),(#587,#588,#589,#590,#591),(#592,#593,#594,#595,#596),(#597,
#598,#599,#600,#601),(#602,#603,#604,#605,#606),(#607,#608,#609,#610,#611),
(#612,#613,#614,#615,#616),(#617,#618,#619,#620,#621),(#622,#623,#624,#625,
#626),(#627,#628,#629,#630,#631),(#632,#633,#634,#635,#636),(#637,#638,
#639,#640,#641),(#642,#643,#644,#645,#646),(#647,#648,#649,#650,#651),(#652,
#653,#654,#655,#656),(#657,#658,#659,#660,#661),(#662,#663,#664,#665,#666),
(#667,#668,#669,#670,#671),(#672,#673,#674,#675,#676),(#677,#678,#679,#680,
#681),(#682,#683,#684,#685,#686),(#687,#688,#689,#690,#691),(#692,#693,
#694,#695,#696),(#697,#698,#699,#700,#701),(#702,#703,#704,#705,#706),(#707,
#708,#709,#710,#711),(#712,#713,#714,#715,#716),(#717,#718,#719,#720,#721),
(#722,#723,#724,#725,#726),(#727,#728,#729,#730,#731),(#732,#733,#734,#735,
#736),(#737,#738,#739,#740,#741),(#742,#743,#744,#745,#746),(#747,#748,
#749,#750,#751),(#752,#753,#754,#755,#756),(#757,#758,#759,#760,#761),(#762,
#763,#764,#765,#766),(#767,#768,#769,#770,#771),(#772,#773,#774,#775,#776),
(#777,#778,#779,#780,#781),(#782,#783,#784,#785,#786),(#787,#788,#789,#790,
#791),(#792,#793,#794,#795,#796),(#797,#798,#799,#800,#801),(#802,#803,
#804,#805,#806),(#807,#808,#809,#810,#811),(#812,#813,#814,#815,#816),(#817,
#818,#819,#820,#821),(#822,#823,#824,#825,#826),(#827,#828,#829,#830,#831),
(#832,#833,#834,#835,#836),(#837,#838,#839,#840,#841),(#842,#843,#844,#845,
#846),(#847,#848,#849,#850,#851),(#852,#853,#854,#855,#856),(#857,#858,
#859,#860,#861),(#862,#863,#864,#865,#866),(#867,#868,#869,#870,#871),(#872,
#873,#874,#875,#876),(#877,#878,#879,#880,#881),(#882,#883,#884,#885,#886),
(#887,#888,#889,#890,#891),(#892,#893,#894,#895,#896),(#897,#898,#899,#900,
#901),(#902,#903,#904,#905,#906),(#907,#908,#909,#910,#911),(#912,#913,
#914,#915,#916),(#917,#918,#919,#920,#921),(#922,#923,#924,#925,#926)),
 .UNSPECIFIED.,.T.,.F.,.F.,(4,3,2,2,2,2,2,2,1,1,2,2,2,1,1,2,2,2,2,2,1,1,
2,1,1,1,2,2,2,2,2,2,2,2,2,1,2,2,2,2,2,2,1,1,2,2,2,1,1,2,2,1,2,2,2,1,1,2,
1,1,2,2,2,2,2,2,2,2,2,4),(4,1,4),(7.19095212561305E-5,0.00195415767213603,
0.00390831534427216,0.00939057027737522,0.021218757408166,0.021429891287259,
0.0241573381168857,0.0250897593169033,0.0266584589731749,0.0310100626322997,
0.0318096050082775,0.0443102910692424,0.0508971490822329,0.0536113895144721,
0.0552628635617201,0.0588484821244415,0.0622288937565468,0.0669585592585474,
0.0725554518199671,0.0833181618287169,0.104085069098995,0.105808745622165,
0.1317742787927,0.166686902349472,0.229303143541912,0.333098255279283,0.359341629874195,
0.376450624443343,0.386102687570237,0.389831626820498,0.390744620984975,
0.394582190813302,0.407852128192446,0.420321302427307,0.427841321529006,
0.429608390644207,0.432525025625851,0.437938014971334,0.449670141125555,
0.449880427038728,0.452584464957461,0.45354959310522,0.455991662814678,
0.457966881022126,0.460571176381336,0.472529126800368,0.479027864433193,
0.48044321001206,0.482577806785993,0.486872822859597,0.490220798247899,
0.494207280664603,0.495267381108336,0.50024782044029,0.510814352148368,
0.531202728679158,0.537736633598277,0.558387230720212,0.65431906172516,
0.686296338726809,0.782228169731757,0.799050451182328,0.808936702172177,
0.812207214262092,0.813142785170597,0.81682209978386,0.829814697563877,
0.842437392371277,0.84942843960152,0.850207400277755),(0.450441922279955,
0.485556036400732,0.532374855228436),.UNSPECIFIED.);
#225=B_SPLINE_SURFACE_WITH_KNOTS('',3,3,((#1873,#1874,#1875,#1876,#1877,
#1878,#1879,#1880),(#1881,#1882,#1883,#1884,#1885,#1886,#1887,#1888),(#1889,
#1890,#1891,#1892,#1893,#1894,#1895,#1896),(#1897,#1898,#1899,#1900,#1901,
#1902,#1903,#1904),(#1905,#1906,#1907,#1908,#1909,#1910,#1911,#1912),(#1913,
#1914,#1915,#1916,#1917,#1918,#1919,#1920),(#1921,#1922,#1923,#1924,#1925,
#1926,#1927,#1928),(#1929,#1930,#1931,#1932,#1933,#1934,#1935,#1936),(#1937,
#1938,#1939,#1940,#1941,#1942,#1943,#1944),(#1945,#1946,#1947,#1948,#1949,
#1950,#1951,#1952),(#1953,#1954,#1955,#1956,#1957,#1958,#1959,#1960),(#1961,
#1962,#1963,#1964,#1965,#1966,#1967,#1968),(#1969,#1970,#1971,#1972,#1973,
#1974,#1975,#1976),(#1977,#1978,#1979,#1980,#1981,#1982,#1983,#1984),(#1985,
#1986,#1987,#1988,#1989,#1990,#1991,#1992),(#1993,#1994,#1995,#1996,#1997,
#1998,#1999,#2000),(#2001,#2002,#2003,#2004,#2005,#2006,#2007,#2008),(#2009,
#2010,#2011,#2012,#2013,#2014,#2015,#2016),(#2017,#2018,#2019,#2020,#2021,
#2022,#2023,#2024),(#2025,#2026,#2027,#2028,#2029,#2030,#2031,#2032),(#2033,
#2034,#2035,#2036,#2037,#2038,#2039,#2040),(#2041,#2042,#2043,#2044,#2045,
#2046,#2047,#2048),(#2049,#2050,#2051,#2052,#2053,#2054,#2055,#2056),(#2057,
#2058,#2059,#2060,#2061,#2062,#2063,#2064),(#2065,#2066,#2067,#2068,#2069,
#2070,#2071,#2072),(#2073,#2074,#2075,#2076,#2077,#2078,#2079,#2080),(#2081,
#2082,#2083,#2084,#2085,#2086,#2087,#2088),(#2089,#2090,#2091,#2092,#2093,
#2094,#2095,#2096),(#2097,#2098,#2099,#2100,#2101,#2102,#2103,#2104),(#2105,
#2106,#2107,#2108,#2109,#2110,#2111,#2112),(#2113,#2114,#2115,#2116,#2117,
#2118,#2119,#2120),(#2121,#2122,#2123,#2124,#2125,#2126,#2127,#2128),(#2129,
#2130,#2131,#2132,#2133,#2134,#2135,#2136),(#2137,#2138,#2139,#2140,#2141,
#2142,#2143,#2144),(#2145,#2146,#2147,#2148,#2149,#2150,#2151,#2152),(#2153,
#2154,#2155,#2156,#2157,#2158,#2159,#2160),(#2161,#2162,#2163,#2164,#2165,
#2166,#2167,#2168),(#2169,#2170,#2171,#2172,#2173,#2174,#2175,#2176),(#2177,
#2178,#2179,#2180,#2181,#2182,#2183,#2184),(#2185,#2186,#2187,#2188,#2189,
#2190,#2191,#2192),(#2193,#2194,#2195,#2196,#2197,#2198,#2199,#2200),(#2201,
#2202,#2203,#2204,#2205,#2206,#2207,#2208),(#2209,#2210,#2211,#2212,#2213,
#2214,#2215,#2216),(#2217,#2218,#2219,#2220,#2221,#2222,#2223,#2224),(#2225,
#2226,#2227,#2228,#2229,#2230,#2231,#2232),(#2233,#2234,#2235,#2236,#2237,
#2238,#2239,#2240),(#2241,#2242,#2243,#2244,#2245,#2246,#2247,#2248),(#2249,
#2250,#2251,#2252,#2253,#2254,#2255,#2256),(#2257,#2258,#2259,#2260,#2261,
#2262,#2263,#2264),(#2265,#2266,#2267,#2268,#2269,#2270,#2271,#2272),(#2273,
#2274,#2275,#2276,#2277,#2278,#2279,#2280),(#2281,#2282,#2283,#2284,#2285,
#2286,#2287,#2288),(#2289,#2290,#2291,#2292,#2293,#2294,#2295,#2296),(#2297,
#2298,#2299,#2300,#2301,#2302,#2303,#2304),(#2305,#2306,#2307,#2308,#2309,
#2310,#2311,#2312),(#2313,#2314,#2315,#2316,#2317,#2318,#2319,#2320),(#2321,
#2322,#2323,#2324,#2325,#2326,#2327,#2328),(#2329,#2330,#2331,#2332,#2333,
#2334,#2335,#2336),(#2337,#2338,#2339,#2340,#2341,#2342,#2343,#2344),(#2345,
#2346,#2347,#2348,#2349,#2350,#2351,#2352),(#2353,#2354,#2355,#2356,#2357,
#2358,#2359,#2360),(#2361,#2362,#2363,#2364,#2365,#2366,#2367,#2368),(#2369,
#2370,#2371,#2372,#2373,#2374,#2375,#2376),(#2377,#2378,#2379,#2380,#2381,
#2382,#2383,#2384),(#2385,#2386,#2387,#2388,#2389,#2390,#2391,#2392),(#2393,
#2394,#2395,#2396,#2397,#2398,#2399,#2400),(#2401,#2402,#2403,#2404,#2405,
#2406,#2407,#2408),(#2409,#2410,#2411,#2412,#2413,#2414,#2415,#2416),(#2417,
#2418,#2419,#2420,#2421,#2422,#2423,#2424),(#2425,#2426,#2427,#2428,#2429,
#2430,#2431,#2432),(#2433,#2434,#2435,#2436,#2437,#2438,#2439,#2440),(#2441,
#2442,#2443,#2444,#2445,#2446,#2447,#2448),(#2449,#2450,#2451,#2452,#2453,
#2454,#2455,#2456),(#2457,#2458,#2459,#2460,#2461,#2462,#2463,#2464),(#2465,
#2466,#2467,#2468,#2469,#2470,#2471,#2472),(#2473,#2474,#2475,#2476,#2477,
#2478,#2479,#2480),(#2481,#2482,#2483,#2484,#2485,#2486,#2487,#2488),(#2489,
#2490,#2491,#2492,#2493,#2494,#2495,#2496),(#2497,#2498,#2499,#2500,#2501,
#2502,#2503,#2504),(#2505,#2506,#2507,#2508,#2509,#2510,#2511,#2512),(#2513,
#2514,#2515,#2516,#2517,#2518,#2519,#2520),(#2521,#2522,#2523,#2524,#2525,
#2526,#2527,#2528),(#2529,#2530,#2531,#2532,#2533,#2534,#2535,#2536),(#2537,
#2538,#2539,#2540,#2541,#2542,#2543,#2544),(#2545,#2546,#2547,#2548,#2549,
#2550,#2551,#2552),(#2553,#2554,#2555,#2556,#2557,#2558,#2559,#2560),(#2561,
#2562,#2563,#2564,#2565,#2566,#2567,#2568),(#2569,#2570,#2571,#2572,#2573,
#2574,#2575,#2576),(#2577,#2578,#2579,#2580,#2581,#2582,#2583,#2584),(#2585,
#2586,#2587,#2588,#2589,#2590,#2591,#2592),(#2593,#2594,#2595,#2596,#2597,
#2598,#2599,#2600),(#2601,#2602,#2603,#2604,#2605,#2606,#2607,#2608),(#2609,
#2610,#2611,#2612,#2613,#2614,#2615,#2616),(#2617,#2618,#2619,#2620,#2621,
#2622,#2623,#2624),(#2625,#2626,#2627,#2628,#2629,#2630,#2631,#2632),(#2633,
#2634,#2635,#2636,#2637,#2638,#2639,#2640),(#2641,#2642,#2643,#2644,#2645,
#2646,#2647,#2648),(#2649,#2650,#2651,#2652,#2653,#2654,#2655,#2656),(#2657,
#2658,#2659,#2660,#2661,#2662,#2663,#2664),(#2665,#2666,#2667,#2668,#2669,
#2670,#2671,#2672),(#2673,#2674,#2675,#2676,#2677,#2678,#2679,#2680),(#2681,
#2682,#2683,#2684,#2685,#2686,#2687,#2688),(#2689,#2690,#2691,#2692,#2693,
#2694,#2695,#2696),(#2697,#2698,#2699,#2700,#2701,#2702,#2703,#2704),(#2705,
#2706,#2707,#2708,#2709,#2710,#2711,#2712),(#2713,#2714,#2715,#2716,#2717,
#2718,#2719,#2720),(#2721,#2722,#2723,#2724,#2725,#2726,#2727,#2728),(#2729,
#2730,#2731,#2732,#2733,#2734,#2735,#2736),(#2737,#2738,#2739,#2740,#2741,
#2742,#2743,#2744),(#2745,#2746,#2747,#2748,#2749,#2750,#2751,#2752),(#2753,
#2754,#2755,#2756,#2757,#2758,#2759,#2760),(#2761,#2762,#2763,#2764,#2765,
#2766,#2767,#2768),(#2769,#2770,#2771,#2772,#2773,#2774,#2775,#2776),(#2777,
#2778,#2779,#2780,#2781,#2782,#2783,#2784),(#2785,#2786,#2787,#2788,#2789,
#2790,#2791,#2792),(#2793,#2794,#2795,#2796,#2797,#2798,#2799,#2800),(#2801,
#2802,#2803,#2804,#2805,#2806,#2807,#2808),(#2809,#2810,#2811,#2812,#2813,
#2814,#2815,#2816),(#2817,#2818,#2819,#2820,#2821,#2822,#2823,#2824),(#2825,
#2826,#2827,#2828,#2829,#2830,#2831,#2832),(#2833,#2834,#2835,#2836,#2837,
#2838,#2839,#2840),(#2841,#2842,#2843,#2844,#2845,#2846,#2847,#2848),(#2849,
#2850,#2851,#2852,#2853,#2854,#2855,#2856),(#2857,#2858,#2859,#2860,#2861,
#2862,#2863,#2864),(#2865,#2866,#2867,#2868,#2869,#2870,#2871,#2872),(#2873,
#2874,#2875,#2876,#2877,#2878,#2879,#2880)),.UNSPECIFIED.,.T.,.F.,.F.,(4,
2,2,2,2,2,2,2,2,2,2,2,2,2,2,1,1,1,2,1,1,1,1,1,1,2,1,1,1,2,2,2,2,2,1,2,2,
2,2,2,2,2,2,2,2,2,2,2,2,2,2,2,1,1,1,2,1,1,1,1,1,1,2,1,1,1,2,2,2,2,2,1,2,
2,2,4),(4,2,2,4),(0.,0.00366548264449383,0.00912201458773845,0.0224787238292293,
0.0236175575043438,0.0270306844342147,0.0280559645233272,0.0362810493757639,
0.038554034124359,0.0483763563845142,0.0527195858417194,0.0532931688686948,
0.0563797196878278,0.0658318883137011,0.0674378944190874,0.0847074590428118,
0.101977023666536,0.119246588290261,0.136516152913985,0.210971846510428,
0.24819969330865,0.285427540106872,0.322655386905094,0.359883233703315,
0.397111080501537,0.434338927299759,0.442751851544868,0.451164775789978,
0.459577700035087,0.467990624280196,0.470320810708252,0.470375563077008,
0.472965419883032,0.474563454307118,0.482270496841541,0.489977539375963,
0.496874484574925,0.498699318241508,0.503665482644494,0.509122014587738,
0.522478723829229,0.523617557504344,0.527030684434215,0.528101804439142,
0.536746522009015,0.538554034124359,0.548376356384514,0.552719585841719,
0.553782692561888,0.556429553132889,0.565831888313701,0.567437894419087,
0.584707459042812,0.601977023666536,0.619246588290261,0.636516152913985,
0.710971846510429,0.74819969330865,0.785427540106872,0.822655386905094,
0.859883233703316,0.897111080501537,0.934338927299759,0.942751851544869,
0.951164775789978,0.959577700035087,0.967990624280196,0.970320810708252,
0.970425406675617,0.973455978414534,0.974563454307118,0.982503750577321,
0.990444046847523,0.996874484574925,0.998745168310872,1.),(0.513924764021969,
0.608012854849403,0.857961708435874,0.988900027021699),.UNSPECIFIED.);
#226=B_SPLINE_SURFACE_WITH_KNOTS('',3,3,((#2953,#2954,#2955,#2956,#2957,
#2958,#2959,#2960),(#2961,#2962,#2963,#2964,#2965,#2966,#2967,#2968),(#2969,
#2970,#2971,#2972,#2973,#2974,#2975,#2976),(#2977,#2978,#2979,#2980,#2981,
#2982,#2983,#2984),(#2985,#2986,#2987,#2988,#2989,#2990,#2991,#2992),(#2993,
#2994,#2995,#2996,#2997,#2998,#2999,#3000),(#3001,#3002,#3003,#3004,#3005,
#3006,#3007,#3008),(#3009,#3010,#3011,#3012,#3013,#3014,#3015,#3016),(#3017,
#3018,#3019,#3020,#3021,#3022,#3023,#3024),(#3025,#3026,#3027,#3028,#3029,
#3030,#3031,#3032),(#3033,#3034,#3035,#3036,#3037,#3038,#3039,#3040),(#3041,
#3042,#3043,#3044,#3045,#3046,#3047,#3048),(#3049,#3050,#3051,#3052,#3053,
#3054,#3055,#3056),(#3057,#3058,#3059,#3060,#3061,#3062,#3063,#3064),(#3065,
#3066,#3067,#3068,#3069,#3070,#3071,#3072),(#3073,#3074,#3075,#3076,#3077,
#3078,#3079,#3080),(#3081,#3082,#3083,#3084,#3085,#3086,#3087,#3088),(#3089,
#3090,#3091,#3092,#3093,#3094,#3095,#3096),(#3097,#3098,#3099,#3100,#3101,
#3102,#3103,#3104),(#3105,#3106,#3107,#3108,#3109,#3110,#3111,#3112),(#3113,
#3114,#3115,#3116,#3117,#3118,#3119,#3120),(#3121,#3122,#3123,#3124,#3125,
#3126,#3127,#3128),(#3129,#3130,#3131,#3132,#3133,#3134,#3135,#3136),(#3137,
#3138,#3139,#3140,#3141,#3142,#3143,#3144),(#3145,#3146,#3147,#3148,#3149,
#3150,#3151,#3152),(#3153,#3154,#3155,#3156,#3157,#3158,#3159,#3160),(#3161,
#3162,#3163,#3164,#3165,#3166,#3167,#3168),(#3169,#3170,#3171,#3172,#3173,
#3174,#3175,#3176),(#3177,#3178,#3179,#3180,#3181,#3182,#3183,#3184),(#3185,
#3186,#3187,#3188,#3189,#3190,#3191,#3192),(#3193,#3194,#3195,#3196,#3197,
#3198,#3199,#3200),(#3201,#3202,#3203,#3204,#3205,#3206,#3207,#3208),(#3209,
#3210,#3211,#3212,#3213,#3214,#3215,#3216),(#3217,#3218,#3219,#3220,#3221,
#3222,#3223,#3224),(#3225,#3226,#3227,#3228,#3229,#3230,#3231,#3232),(#3233,
#3234,#3235,#3236,#3237,#3238,#3239,#3240),(#3241,#3242,#3243,#3244,#3245,
#3246,#3247,#3248),(#3249,#3250,#3251,#3252,#3253,#3254,#3255,#3256),(#3257,
#3258,#3259,#3260,#3261,#3262,#3263,#3264),(#3265,#3266,#3267,#3268,#3269,
#3270,#3271,#3272),(#3273,#3274,#3275,#3276,#3277,#3278,#3279,#3280),(#3281,
#3282,#3283,#3284,#3285,#3286,#3287,#3288),(#3289,#3290,#3291,#3292,#3293,
#3294,#3295,#3296),(#3297,#3298,#3299,#3300,#3301,#3302,#3303,#3304),(#3305,
#3306,#3307,#3308,#3309,#3310,#3311,#3312),(#3313,#3314,#3315,#3316,#3317,
#3318,#3319,#3320),(#3321,#3322,#3323,#3324,#3325,#3326,#3327,#3328),(#3329,
#3330,#3331,#3332,#3333,#3334,#3335,#3336),(#3337,#3338,#3339,#3340,#3341,
#3342,#3343,#3344),(#3345,#3346,#3347,#3348,#3349,#3350,#3351,#3352),(#3353,
#3354,#3355,#3356,#3357,#3358,#3359,#3360),(#3361,#3362,#3363,#3364,#3365,
#3366,#3367,#3368),(#3369,#3370,#3371,#3372,#3373,#3374,#3375,#3376),(#3377,
#3378,#3379,#3380,#3381,#3382,#3383,#3384),(#3385,#3386,#3387,#3388,#3389,
#3390,#3391,#3392),(#3393,#3394,#3395,#3396,#3397,#3398,#3399,#3400),(#3401,
#3402,#3403,#3404,#3405,#3406,#3407,#3408),(#3409,#3410,#3411,#3412,#3413,
#3414,#3415,#3416),(#3417,#3418,#3419,#3420,#3421,#3422,#3423,#3424),(#3425,
#3426,#3427,#3428,#3429,#3430,#3431,#3432),(#3433,#3434,#3435,#3436,#3437,
#3438,#3439,#3440),(#3441,#3442,#3443,#3444,#3445,#3446,#3447,#3448),(#3449,
#3450,#3451,#3452,#3453,#3454,#3455,#3456),(#3457,#3458,#3459,#3460,#3461,
#3462,#3463,#3464),(#3465,#3466,#3467,#3468,#3469,#3470,#3471,#3472),(#3473,
#3474,#3475,#3476,#3477,#3478,#3479,#3480),(#3481,#3482,#3483,#3484,#3485,
#3486,#3487,#3488),(#3489,#3490,#3491,#3492,#3493,#3494,#3495,#3496),(#3497,
#3498,#3499,#3500,#3501,#3502,#3503,#3504),(#3505,#3506,#3507,#3508,#3509,
#3510,#3511,#3512),(#3513,#3514,#3515,#3516,#3517,#3518,#3519,#3520),(#3521,
#3522,#3523,#3524,#3525,#3526,#3527,#3528),(#3529,#3530,#3531,#3532,#3533,
#3534,#3535,#3536),(#3537,#3538,#3539,#3540,#3541,#3542,#3543,#3544),(#3545,
#3546,#3547,#3548,#3549,#3550,#3551,#3552),(#3553,#3554,#3555,#3556,#3557,
#3558,#3559,#3560),(#3561,#3562,#3563,#3564,#3565,#3566,#3567,#3568),(#3569,
#3570,#3571,#3572,#3573,#3574,#3575,#3576),(#3577,#3578,#3579,#3580,#3581,
#3582,#3583,#3584),(#3585,#3586,#3587,#3588,#3589,#3590,#3591,#3592),(#3593,
#3594,#3595,#3596,#3597,#3598,#3599,#3600),(#3601,#3602,#3603,#3604,#3605,
#3606,#3607,#3608),(#3609,#3610,#3611,#3612,#3613,#3614,#3615,#3616),(#3617,
#3618,#3619,#3620,#3621,#3622,#3623,#3624),(#3625,#3626,#3627,#3628,#3629,
#3630,#3631,#3632),(#3633,#3634,#3635,#3636,#3637,#3638,#3639,#3640),(#3641,
#3642,#3643,#3644,#3645,#3646,#3647,#3648),(#3649,#3650,#3651,#3652,#3653,
#3654,#3655,#3656),(#3657,#3658,#3659,#3660,#3661,#3662,#3663,#3664),(#3665,
#3666,#3667,#3668,#3669,#3670,#3671,#3672),(#3673,#3674,#3675,#3676,#3677,
#3678,#3679,#3680),(#3681,#3682,#3683,#3684,#3685,#3686,#3687,#3688),(#3689,
#3690,#3691,#3692,#3693,#3694,#3695,#3696),(#3697,#3698,#3699,#3700,#3701,
#3702,#3703,#3704),(#3705,#3706,#3707,#3708,#3709,#3710,#3711,#3712),(#3713,
#3714,#3715,#3716,#3717,#3718,#3719,#3720),(#3721,#3722,#3723,#3724,#3725,
#3726,#3727,#3728),(#3729,#3730,#3731,#3732,#3733,#3734,#3735,#3736),(#3737,
#3738,#3739,#3740,#3741,#3742,#3743,#3744),(#3745,#3746,#3747,#3748,#3749,
#3750,#3751,#3752),(#3753,#3754,#3755,#3756,#3757,#3758,#3759,#3760),(#3761,
#3762,#3763,#3764,#3765,#3766,#3767,#3768),(#3769,#3770,#3771,#3772,#3773,
#3774,#3775,#3776),(#3777,#3778,#3779,#3780,#3781,#3782,#3783,#3784),(#3785,
#3786,#3787,#3788,#3789,#3790,#3791,#3792),(#3793,#3794,#3795,#3796,#3797,
#3798,#3799,#3800),(#3801,#3802,#3803,#3804,#3805,#3806,#3807,#3808),(#3809,
#3810,#3811,#3812,#3813,#3814,#3815,#3816),(#3817,#3818,#3819,#3820,#3821,
#3822,#3823,#3824),(#3825,#3826,#3827,#3828,#3829,#3830,#3831,#3832)),
 .UNSPECIFIED.,.T.,.F.,.F.,(4,2,2,2,2,2,2,2,2,2,2,2,2,2,2,1,2,1,1,1,1,2,
2,2,2,2,2,2,2,2,2,2,2,2,2,2,2,2,2,2,2,2,2,2,1,2,1,1,1,1,2,2,2,2,2,2,2,2,
2,4),(4,2,2,4),(0.,0.00390831534427213,0.00924073640643257,0.0227574591637381,
0.023005370157455,0.0263209883313444,0.0272782449847384,0.0341770767548955,
0.0470107241490382,0.0536088077931869,0.0615736918686458,0.0648582050760205,
0.0694536953589926,0.074891810458245,0.0877113584475799,0.116569588219246,
0.145427817990912,0.21515595482365,0.250020023240019,0.284884091656388,
0.354612228489126,0.424340365321865,0.444726135019086,0.45622679540054,
0.460669914279532,0.461567440384621,0.465339993633082,0.478828685673479,
0.491503414004637,0.499147400475903,0.503908315344272,0.509240736406432,
0.522757459163738,0.523005370157455,0.526320988331344,0.527322170831435,
0.53460605983136,0.547010724149038,0.553608807793187,0.561573691868646,
0.564907429537566,0.569932551119984,0.574891810458245,0.58771135844758,
0.616569588219246,0.645427817990912,0.71515595482365,0.750020023240019,
0.784884091656388,0.854612228489126,0.924340365321865,0.944726135019086,
0.956706604876292,0.960669914279532,0.961616674575748,0.965339993633081,
0.978828685673479,0.991933350795863,0.999191336052181,1.),(0.523977090667315,
0.605396591647028,0.857056824346116,0.987784425286125),.UNSPECIFIED.);
#227=B_SPLINE_SURFACE_WITH_KNOTS('',3,3,((#4429,#4430,#4431,#4432),(#4433,
#4434,#4435,#4436),(#4437,#4438,#4439,#4440),(#4441,#4442,#4443,#4444),
(#4445,#4446,#4447,#4448),(#4449,#4450,#4451,#4452),(#4453,#4454,#4455,
#4456),(#4457,#4458,#4459,#4460),(#4461,#4462,#4463,#4464),(#4465,#4466,
#4467,#4468),(#4469,#4470,#4471,#4472),(#4473,#4474,#4475,#4476),(#4477,
#4478,#4479,#4480),(#4481,#4482,#4483,#4484),(#4485,#4486,#4487,#4488),
(#4489,#4490,#4491,#4492),(#4493,#4494,#4495,#4496),(#4497,#4498,#4499,
#4500),(#4501,#4502,#4503,#4504),(#4505,#4506,#4507,#4508),(#4509,#4510,
#4511,#4512),(#4513,#4514,#4515,#4516),(#4517,#4518,#4519,#4520),(#4521,
#4522,#4523,#4524),(#4525,#4526,#4527,#4528),(#4529,#4530,#4531,#4532),
(#4533,#4534,#4535,#4536),(#4537,#4538,#4539,#4540),(#4541,#4542,#4543,
#4544),(#4545,#4546,#4547,#4548),(#4549,#4550,#4551,#4552),(#4553,#4554,
#4555,#4556),(#4557,#4558,#4559,#4560),(#4561,#4562,#4563,#4564),(#4565,
#4566,#4567,#4568),(#4569,#4570,#4571,#4572),(#4573,#4574,#4575,#4576),
(#4577,#4578,#4579,#4580),(#4581,#4582,#4583,#4584),(#4585,#4586,#4587,
#4588),(#4589,#4590,#4591,#4592),(#4593,#4594,#4595,#4596),(#4597,#4598,
#4599,#4600),(#4601,#4602,#4603,#4604),(#4605,#4606,#4607,#4608),(#4609,
#4610,#4611,#4612),(#4613,#4614,#4615,#4616),(#4617,#4618,#4619,#4620),
(#4621,#4622,#4623,#4624),(#4625,#4626,#4627,#4628),(#4629,#4630,#4631,
#4632),(#4633,#4634,#4635,#4636),(#4637,#4638,#4639,#4640),(#4641,#4642,
#4643,#4644),(#4645,#4646,#4647,#4648),(#4649,#4650,#4651,#4652),(#4653,
#4654,#4655,#4656),(#4657,#4658,#4659,#4660),(#4661,#4662,#4663,#4664),
(#4665,#4666,#4667,#4668),(#4669,#4670,#4671,#4672),(#4673,#4674,#4675,
#4676),(#4677,#4678,#4679,#4680),(#4681,#4682,#4683,#4684),(#4685,#4686,
#4687,#4688),(#4689,#4690,#4691,#4692),(#4693,#4694,#4695,#4696),(#4697,
#4698,#4699,#4700),(#4701,#4702,#4703,#4704),(#4705,#4706,#4707,#4708),
(#4709,#4710,#4711,#4712),(#4713,#4714,#4715,#4716),(#4717,#4718,#4719,
#4720),(#4721,#4722,#4723,#4724),(#4725,#4726,#4727,#4728),(#4729,#4730,
#4731,#4732),(#4733,#4734,#4735,#4736),(#4737,#4738,#4739,#4740),(#4741,
#4742,#4743,#4744),(#4745,#4746,#4747,#4748),(#4749,#4750,#4751,#4752),
(#4753,#4754,#4755,#4756),(#4757,#4758,#4759,#4760),(#4761,#4762,#4763,
#4764),(#4765,#4766,#4767,#4768),(#4769,#4770,#4771,#4772),(#4773,#4774,
#4775,#4776),(#4777,#4778,#4779,#4780),(#4781,#4782,#4783,#4784),(#4785,
#4786,#4787,#4788),(#4789,#4790,#4791,#4792),(#4793,#4794,#4795,#4796),
(#4797,#4798,#4799,#4800),(#4801,#4802,#4803,#4804),(#4805,#4806,#4807,
#4808),(#4809,#4810,#4811,#4812),(#4813,#4814,#4815,#4816),(#4817,#4818,
#4819,#4820),(#4821,#4822,#4823,#4824),(#4825,#4826,#4827,#4828),(#4829,
#4830,#4831,#4832),(#4833,#4834,#4835,#4836),(#4837,#4838,#4839,#4840),
(#4841,#4842,#4843,#4844),(#4845,#4846,#4847,#4848),(#4849,#4850,#4851,
#4852),(#4853,#4854,#4855,#4856),(#4857,#4858,#4859,#4860),(#4861,#4862,
#4863,#4864),(#4865,#4866,#4867,#4868)),.UNSPECIFIED.,.T.,.F.,.F.,(4,2,
2,2,2,2,2,2,2,2,2,2,2,2,2,2,1,1,1,1,1,2,2,2,2,2,2,2,2,2,2,2,2,2,2,2,2,2,
2,2,2,2,2,2,2,1,1,1,1,1,2,2,2,2,2,2,2,2,2,4),(4,4),(0.,0.00390831534427213,
0.00924073640643257,0.0227574591637381,0.023005370157455,0.0263209883313444,
0.0272782449847384,0.0341770767548955,0.0470107241490382,0.0536088077931869,
0.0615736918686458,0.0648582050760205,0.0694536953589926,0.074891810458245,
0.0877113584475799,0.145427817990912,0.180291886407281,0.21515595482365,
0.250020023240019,0.284884091656388,0.354612228489126,0.424340365321865,
0.444726135019086,0.45622679540054,0.460669914279532,0.461567440384621,
0.465339993633082,0.478828685673479,0.491503414004637,0.499147400475903,
0.503908315344272,0.509240736406432,0.522757459163738,0.523005370157455,
0.526320988331344,0.527322170831435,0.53460605983136,0.547010724149038,
0.553608807793187,0.561573691868646,0.564907429537566,0.569932551119984,
0.574891810458245,0.58771135844758,0.645427817990912,0.680291886407281,
0.71515595482365,0.750020023240019,0.784884091656388,0.854612228489126,
0.924340365321865,0.944726135019086,0.956706604876292,0.960669914279532,
0.961616674575748,0.965339993633081,0.978828685673479,0.991933350795863,
0.999191336052181,1.),(0.456332468599082,0.520366097852119),
 .UNSPECIFIED.);
#228=B_SPLINE_SURFACE_WITH_KNOTS('',3,3,((#4873,#4874,#4875,#4876,#4877),
(#4878,#4879,#4880,#4881,#4882),(#4883,#4884,#4885,#4886,#4887),(#4888,
#4889,#4890,#4891,#4892),(#4893,#4894,#4895,#4896,#4897),(#4898,#4899,#4900,
#4901,#4902),(#4903,#4904,#4905,#4906,#4907),(#4908,#4909,#4910,#4911,#4912),
(#4913,#4914,#4915,#4916,#4917),(#4918,#4919,#4920,#4921,#4922),(#4923,
#4924,#4925,#4926,#4927),(#4928,#4929,#4930,#4931,#4932),(#4933,#4934,#4935,
#4936,#4937),(#4938,#4939,#4940,#4941,#4942),(#4943,#4944,#4945,#4946,#4947),
(#4948,#4949,#4950,#4951,#4952),(#4953,#4954,#4955,#4956,#4957),(#4958,
#4959,#4960,#4961,#4962),(#4963,#4964,#4965,#4966,#4967),(#4968,#4969,#4970,
#4971,#4972),(#4973,#4974,#4975,#4976,#4977),(#4978,#4979,#4980,#4981,#4982),
(#4983,#4984,#4985,#4986,#4987),(#4988,#4989,#4990,#4991,#4992),(#4993,
#4994,#4995,#4996,#4997),(#4998,#4999,#5000,#5001,#5002),(#5003,#5004,#5005,
#5006,#5007),(#5008,#5009,#5010,#5011,#5012),(#5013,#5014,#5015,#5016,#5017),
(#5018,#5019,#5020,#5021,#5022),(#5023,#5024,#5025,#5026,#5027),(#5028,
#5029,#5030,#5031,#5032),(#5033,#5034,#5035,#5036,#5037),(#5038,#5039,#5040,
#5041,#5042),(#5043,#5044,#5045,#5046,#5047),(#5048,#5049,#5050,#5051,#5052),
(#5053,#5054,#5055,#5056,#5057),(#5058,#5059,#5060,#5061,#5062),(#5063,
#5064,#5065,#5066,#5067),(#5068,#5069,#5070,#5071,#5072),(#5073,#5074,#5075,
#5076,#5077),(#5078,#5079,#5080,#5081,#5082),(#5083,#5084,#5085,#5086,#5087),
(#5088,#5089,#5090,#5091,#5092),(#5093,#5094,#5095,#5096,#5097),(#5098,
#5099,#5100,#5101,#5102),(#5103,#5104,#5105,#5106,#5107),(#5108,#5109,#5110,
#5111,#5112),(#5113,#5114,#5115,#5116,#5117),(#5118,#5119,#5120,#5121,#5122),
(#5123,#5124,#5125,#5126,#5127),(#5128,#5129,#5130,#5131,#5132),(#5133,
#5134,#5135,#5136,#5137),(#5138,#5139,#5140,#5141,#5142),(#5143,#5144,#5145,
#5146,#5147),(#5148,#5149,#5150,#5151,#5152),(#5153,#5154,#5155,#5156,#5157),
(#5158,#5159,#5160,#5161,#5162),(#5163,#5164,#5165,#5166,#5167),(#5168,
#5169,#5170,#5171,#5172),(#5173,#5174,#5175,#5176,#5177),(#5178,#5179,#5180,
#5181,#5182),(#5183,#5184,#5185,#5186,#5187),(#5188,#5189,#5190,#5191,#5192),
(#5193,#5194,#5195,#5196,#5197),(#5198,#5199,#5200,#5201,#5202),(#5203,
#5204,#5205,#5206,#5207),(#5208,#5209,#5210,#5211,#5212),(#5213,#5214,#5215,
#5216,#5217),(#5218,#5219,#5220,#5221,#5222),(#5223,#5224,#5225,#5226,#5227),
(#5228,#5229,#5230,#5231,#5232),(#5233,#5234,#5235,#5236,#5237),(#5238,
#5239,#5240,#5241,#5242),(#5243,#5244,#5245,#5246,#5247),(#5248,#5249,#5250,
#5251,#5252),(#5253,#5254,#5255,#5256,#5257),(#5258,#5259,#5260,#5261,#5262),
(#5263,#5264,#5265,#5266,#5267),(#5268,#5269,#5270,#5271,#5272),(#5273,
#5274,#5275,#5276,#5277),(#5278,#5279,#5280,#5281,#5282),(#5283,#5284,#5285,
#5286,#5287),(#5288,#5289,#5290,#5291,#5292),(#5293,#5294,#5295,#5296,#5297),
(#5298,#5299,#5300,#5301,#5302),(#5303,#5304,#5305,#5306,#5307),(#5308,
#5309,#5310,#5311,#5312),(#5313,#5314,#5315,#5316,#5317),(#5318,#5319,#5320,
#5321,#5322),(#5323,#5324,#5325,#5326,#5327),(#5328,#5329,#5330,#5331,#5332),
(#5333,#5334,#5335,#5336,#5337),(#5338,#5339,#5340,#5341,#5342),(#5343,
#5344,#5345,#5346,#5347),(#5348,#5349,#5350,#5351,#5352),(#5353,#5354,#5355,
#5356,#5357),(#5358,#5359,#5360,#5361,#5362),(#5363,#5364,#5365,#5366,#5367),
(#5368,#5369,#5370,#5371,#5372),(#5373,#5374,#5375,#5376,#5377),(#5378,
#5379,#5380,#5381,#5382),(#5383,#5384,#5385,#5386,#5387),(#5388,#5389,#5390,
#5391,#5392),(#5393,#5394,#5395,#5396,#5397),(#5398,#5399,#5400,#5401,#5402),
(#5403,#5404,#5405,#5406,#5407),(#5408,#5409,#5410,#5411,#5412),(#5413,
#5414,#5415,#5416,#5417),(#5418,#5419,#5420,#5421,#5422),(#5423,#5424,#5425,
#5426,#5427),(#5428,#5429,#5430,#5431,#5432),(#5433,#5434,#5435,#5436,#5437),
(#5438,#5439,#5440,#5441,#5442),(#5443,#5444,#5445,#5446,#5447),(#5448,
#5449,#5450,#5451,#5452),(#5453,#5454,#5455,#5456,#5457),(#5458,#5459,#5460,
#5461,#5462),(#5463,#5464,#5465,#5466,#5467),(#5468,#5469,#5470,#5471,#5472),
(#5473,#5474,#5475,#5476,#5477)),.UNSPECIFIED.,.T.,.F.,.F.,(4,2,2,2,2,2,
2,1,1,2,2,2,1,1,2,2,2,2,2,1,1,2,1,1,1,2,2,2,2,2,2,2,2,2,1,2,2,2,2,2,2,1,
1,2,2,2,1,1,2,2,1,2,2,2,1,1,2,1,1,2,2,2,2,2,2,2,2,2,2,4),(4,1,4),(0.852089616939227,
0.854043806100771,0.859526061033874,0.871354248164665,0.871565382043758,
0.874292828873385,0.875225250073402,0.876793949729674,0.881145553388799,
0.881945095764777,0.894445781825742,0.901032639838732,0.903746880270971,
0.905398354318219,0.908983972880941,0.912364384513046,0.917094050015047,
0.922690942576466,0.933453652585216,0.954220559855494,0.955944236378664,
0.981909769549199,1.01682239310597,1.07943863429841,1.18323374603578,1.20947712063069,
1.22658611519984,1.23623817832674,1.239967117577,1.24088011174147,1.2447176815698,
1.25798761894894,1.27045679318381,1.2779768122855,1.27974388140071,1.28266051638235,
1.28807350572783,1.29980563188205,1.30001591779523,1.30271995571396,1.30368508386172,
1.30612715357118,1.30810237177863,1.31070666713783,1.32266461755687,1.32916335518969,
1.33057870076856,1.33271329754249,1.3370083136161,1.3403562890044,1.3443427714211,
1.34540287186484,1.35038331119679,1.36094984290487,1.38133821943566,1.38787212435478,
1.40852272147671,1.50445455248166,1.53643182948331,1.63236366048826,1.64918594193883,
1.65907219292868,1.66234270501859,1.6632782759271,1.66695759054036,1.67995018832038,
1.69257288312778,1.69956393035802,1.70034285283518,1.70222510769573),(0.450441922279955,
0.485556036400732,0.532374855228436),.UNSPECIFIED.);
#229=ADVANCED_FACE('',(#41),#224,.T.);
#230=ADVANCED_FACE('',(#42,#29),#33,.F.);
#231=ADVANCED_FACE('',(#43,#30),#34,.F.);
#232=ADVANCED_FACE('',(#44),#225,.F.);
#233=ADVANCED_FACE('',(#45),#226,.T.);
#234=ADVANCED_FACE('',(#46),#27,.F.);
#235=ADVANCED_FACE('',(#47),#35,.T.);
#236=ADVANCED_FACE('',(#48),#28,.T.);
#237=ADVANCED_FACE('',(#49),#36,.T.);
#238=ADVANCED_FACE('',(#50,#31),#37,.T.);
#239=ADVANCED_FACE('',(#51),#38,.T.);
#240=ADVANCED_FACE('',(#52),#39,.T.);
#241=ADVANCED_FACE('',(#53,#32),#40,.F.);
#242=ADVANCED_FACE('',(#54),#227,.F.);
#243=ADVANCED_FACE('',(#55),#228,.T.);
#244=CLOSED_SHELL('',(#229,#230,#231,#232,#233,#234,#235,#236,#237,#238,
#239,#240,#241,#242,#243));
#245=DERIVED_UNIT_ELEMENT(#247,1.);
#246=DERIVED_UNIT_ELEMENT(#5483,-3.);
#247=(
MASS_UNIT()
NAMED_UNIT(*)
SI_UNIT(.KILO.,.GRAM.)
);
#248=DERIVED_UNIT((#245,#246));
#249=MEASURE_REPRESENTATION_ITEM('density measure',
POSITIVE_RATIO_MEASURE(7850.),#248);
#250=PROPERTY_DEFINITION_REPRESENTATION(#255,#252);
#251=PROPERTY_DEFINITION_REPRESENTATION(#256,#253);
#252=REPRESENTATION('material name',(#254),#5480);
#253=REPRESENTATION('density',(#249),#5480);
#254=DESCRIPTIVE_REPRESENTATION_ITEM('Steel','Steel');
#255=PROPERTY_DEFINITION('material property','material name',#5490);
#256=PROPERTY_DEFINITION('material property','density of part',#5490);
#257=AXIS2_PLACEMENT_3D('',#316,#276,#277);
#258=AXIS2_PLACEMENT_3D('',#958,#278,#279);
#259=AXIS2_PLACEMENT_3D('',#1409,#280,#281);
#260=AXIS2_PLACEMENT_3D('',#3903,#282,#283);
#261=AXIS2_PLACEMENT_3D('',#3905,#284,#285);
#262=AXIS2_PLACEMENT_3D('',#3908,#287,#288);
#263=AXIS2_PLACEMENT_3D('',#3909,#289,#290);
#264=AXIS2_PLACEMENT_3D('',#3910,#291,#292);
#265=AXIS2_PLACEMENT_3D('',#3911,#293,#294);
#266=AXIS2_PLACEMENT_3D('',#3913,#295,#296);
#267=AXIS2_PLACEMENT_3D('',#3914,#297,#298);
#268=AXIS2_PLACEMENT_3D('',#3915,#299,#300);
#269=AXIS2_PLACEMENT_3D('',#3917,#301,#302);
#270=AXIS2_PLACEMENT_3D('',#3919,#304,#305);
#271=AXIS2_PLACEMENT_3D('',#3920,#306,#307);
#272=AXIS2_PLACEMENT_3D('',#3921,#308,#309);
#273=AXIS2_PLACEMENT_3D('',#3922,#310,#311);
#274=AXIS2_PLACEMENT_3D('',#3923,#312,#313);
#275=AXIS2_PLACEMENT_3D('',#3924,#314,#315);
#276=DIRECTION('axis',(0.,0.,1.));
#277=DIRECTION('refdir',(1.,0.,0.));
#278=DIRECTION('center_axis',(0.0826801037801776,-0.145944292198833,0.985831762530241));
#279=DIRECTION('ref_axis',(-0.694297488880525,0.701209466684157,0.162037899167809));
#280=DIRECTION('center_axis',(-0.0826801037801776,0.145944292198833,-0.985831762530241));
#281=DIRECTION('ref_axis',(0.694297488880525,-0.701209466684157,-0.162037899167809));
#282=DIRECTION('center_axis',(-4.04789462004411E-17,1.16530299667936E-16,
-1.));
#283=DIRECTION('ref_axis',(0.720141252057013,0.693827483662731,4.66580796986865E-17));
#284=DIRECTION('center_axis',(1.1898356913463E-16,-1.16530299667936E-16,
-1.));
#285=DIRECTION('ref_axis',(0.720141252057013,0.693827483662731,4.66580796986865E-17));
#286=DIRECTION('',(-4.04789462004411E-17,1.16530299667936E-16,-1.));
#287=DIRECTION('center_axis',(-3.72896958937397E-16,3.33644647470302E-16,
1.));
#288=DIRECTION('ref_axis',(0.720141252057013,0.693827483662731,4.66580796986865E-17));
#289=DIRECTION('center_axis',(1.1898356913463E-16,-1.16530299667936E-16,
-1.));
#290=DIRECTION('ref_axis',(0.720141252057013,0.693827483662731,4.66580796986865E-17));
#291=DIRECTION('center_axis',(3.72896958937397E-16,-3.33644647470302E-16,
-1.));
#292=DIRECTION('ref_axis',(0.720141252057013,0.693827483662731,4.66580796986865E-17));
#293=DIRECTION('center_axis',(-3.72896958937397E-16,3.33644647470302E-16,
1.));
#294=DIRECTION('ref_axis',(-0.720141252057013,-0.693827483662731,-3.46944695195361E-17));
#295=DIRECTION('center_axis',(-3.72896958937397E-16,3.33644647470302E-16,
1.));
#296=DIRECTION('ref_axis',(0.720141252057013,0.693827483662731,3.35930577887572E-17));
#297=DIRECTION('center_axis',(-3.72896958937397E-16,3.33644647470302E-16,
1.));
#298=DIRECTION('ref_axis',(0.720141252057013,0.693827483662731,3.35930577887572E-17));
#299=DIRECTION('center_axis',(3.72896958937397E-16,-3.33644647470302E-16,
-1.));
#300=DIRECTION('ref_axis',(0.720141252057013,0.693827483662731,3.35930577887572E-17));
#301=DIRECTION('center_axis',(3.72896958937397E-16,-3.33644647470302E-16,
-1.));
#302=DIRECTION('ref_axis',(0.720141252057013,0.693827483662731,3.35930577887572E-17));
#303=DIRECTION('',(-3.72896958937397E-16,3.33644647470302E-16,1.));
#304=DIRECTION('center_axis',(-1.1898356913463E-16,1.16530299667936E-16,
1.));
#305=DIRECTION('ref_axis',(0.720141252057013,0.693827483662731,3.35930577887572E-17));
#306=DIRECTION('center_axis',(-3.72896958937397E-16,3.33644647470302E-16,
1.));
#307=DIRECTION('ref_axis',(-0.720141252057013,-0.693827483662731,-3.46944695195361E-17));
#308=DIRECTION('center_axis',(3.72896958937397E-16,-3.33644647470302E-16,
-1.));
#309=DIRECTION('ref_axis',(0.720141252057013,0.693827483662731,3.46944695195361E-17));
#310=DIRECTION('center_axis',(1.1898356913463E-16,-1.16530299667936E-16,
-1.));
#311=DIRECTION('ref_axis',(0.684834885776101,-0.728698277220438,1.11022302462516E-16));
#312=DIRECTION('center_axis',(1.1898356913463E-16,-1.16530299667936E-16,
-1.));
#313=DIRECTION('ref_axis',(0.684834885776101,-0.728698277220438,1.11022302462516E-16));
#314=DIRECTION('center_axis',(-0.0826801037801776,0.145944292198833,-0.985831762530241));
#315=DIRECTION('ref_axis',(0.694297488880525,-0.701209466684157,-0.162037899167809));
#316=CARTESIAN_POINT('',(0.,0.,0.));
#317=CARTESIAN_POINT('Ctrl Pts',(184.160751862175,-64.3882625687703,178.259946223556));
#318=CARTESIAN_POINT('Ctrl Pts',(185.16863172336,-63.5808606593557,173.684455608157));
#319=CARTESIAN_POINT('Ctrl Pts',(187.640625119842,-60.4148729649235,163.207146641979));
#320=CARTESIAN_POINT('Ctrl Pts',(190.136636807651,-55.3807447151794,153.217390219513));
#321=CARTESIAN_POINT('Ctrl Pts',(191.465947538254,-52.3590084275613,147.680074495748));
#322=CARTESIAN_POINT('Ctrl Pts',(183.945422780764,-64.2469335556217,178.249914796468));
#323=CARTESIAN_POINT('Ctrl Pts',(184.957139112523,-63.4427730380627,173.681910332589));
#324=CARTESIAN_POINT('Ctrl Pts',(187.440654472632,-60.2851936752091,163.220298592573));
#325=CARTESIAN_POINT('Ctrl Pts',(189.95109117454,-55.2596585222209,153.242646812441));
#326=CARTESIAN_POINT('Ctrl Pts',(191.288526866315,-52.2424455352579,147.711256297937));
#327=CARTESIAN_POINT('Ctrl Pts',(183.734303988497,-64.0992049685601,178.239754696782));
#328=CARTESIAN_POINT('Ctrl Pts',(184.749587063082,-63.2986197567377,173.679404056592));
#329=CARTESIAN_POINT('Ctrl Pts',(187.244046587943,-60.1502903401595,163.23375148752));
#330=CARTESIAN_POINT('Ctrl Pts',(189.768441148809,-55.1341975062997,153.2683254535));
#331=CARTESIAN_POINT('Ctrl Pts',(191.113763145833,-52.1219636995275,147.742913775931));
#332=CARTESIAN_POINT('Ctrl Pts',(183.527747110877,-63.9453499553621,178.229482508403));
#333=CARTESIAN_POINT('Ctrl Pts',(184.546295631219,-63.1486475894441,173.676935808909));
#334=CARTESIAN_POINT('Ctrl Pts',(187.05105445237,-60.0103527949116,163.24747953955));
#335=CARTESIAN_POINT('Ctrl Pts',(189.588886320302,-55.0045089070434,153.294397991783));
#336=CARTESIAN_POINT('Ctrl Pts',(190.941828209103,-51.997689589714,147.775019268095));
#337=CARTESIAN_POINT('Ctrl Pts',(183.321186041311,-63.7914918197708,178.219210111556));
#338=CARTESIAN_POINT('Ctrl Pts',(184.34300007368,-62.998672378557,173.674467511135));
#339=CARTESIAN_POINT('Ctrl Pts',(186.858058400139,-59.8704124097169,163.261207870182));
#340=CARTESIAN_POINT('Ctrl Pts',(189.409327847839,-54.8748176758363,153.320471059191));
#341=CARTESIAN_POINT('Ctrl Pts',(190.769889783059,-51.8734129578334,147.807125411821));
#342=CARTESIAN_POINT('Ctrl Pts',(183.119187071557,-63.6315070093765,178.208825621465));
#343=CARTESIAN_POINT('Ctrl Pts',(184.143965306654,-62.8428780455174,173.672037243218));
#344=CARTESIAN_POINT('Ctrl Pts',(186.668678243784,-59.7254376099894,163.275211369066));
#345=CARTESIAN_POINT('Ctrl Pts',(189.232864698229,-54.7408986897,153.346938039811));
#346=CARTESIAN_POINT('Ctrl Pts',(190.600780255584,-51.7453438979444,147.839679587902));
#347=CARTESIAN_POINT('Ctrl Pts',(182.374642058492,-63.0049078888769,178.168961754282));
#348=CARTESIAN_POINT('Ctrl Pts',(183.404594782327,-62.2291381647778,173.662486819443));
#349=CARTESIAN_POINT('Ctrl Pts',(185.958188858608,-59.1516794735114,163.329818796768));
#350=CARTESIAN_POINT('Ctrl Pts',(188.572186321991,-54.2143275019355,153.44930230215));
#351=CARTESIAN_POINT('Ctrl Pts',(189.96939657499,-51.2444494433149,147.964802494774));
#352=CARTESIAN_POINT('Ctrl Pts',(181.869688716647,-62.4947777808455,178.1370069233));
#353=CARTESIAN_POINT('Ctrl Pts',(182.902229328149,-61.7268299768044,173.654029289613));
#354=CARTESIAN_POINT('Ctrl Pts',(185.472313384067,-58.6809522489554,163.371345585885));
#355=CARTESIAN_POINT('Ctrl Pts',(188.116907657208,-53.7874415261107,153.527342370287));
#356=CARTESIAN_POINT('Ctrl Pts',(189.532459280271,-50.8419059398036,148.06004923158));
#357=CARTESIAN_POINT('Ctrl Pts',(180.460740465901,-60.7812922386786,178.024510599754));
#358=CARTESIAN_POINT('Ctrl Pts',(181.503508070394,-60.0343444376997,173.61293568229));
#359=CARTESIAN_POINT('Ctrl Pts',(184.102456421795,-57.0738339631853,163.487957584583));
#360=CARTESIAN_POINT('Ctrl Pts',(186.782940703265,-52.3083507401596,153.776524764188));
#361=CARTESIAN_POINT('Ctrl Pts',(188.219323694316,-49.4340523148682,148.375878098501));
#362=CARTESIAN_POINT('Ctrl Pts',(179.51224053206,-59.6141149557321,177.943712630102));
#363=CARTESIAN_POINT('Ctrl Pts',(180.567023540044,-58.8766419419884,173.578937776876));
#364=CARTESIAN_POINT('Ctrl Pts',(183.197077865055,-55.9536401233123,163.560855958607));
#365=CARTESIAN_POINT('Ctrl Pts',(185.911196829482,-51.2458553115178,153.948405866679));
#366=CARTESIAN_POINT('Ctrl Pts',(187.365989837092,-48.4034478096396,148.599544431701));
#367=CARTESIAN_POINT('Ctrl Pts',(178.553521834993,-58.4212772408236,177.85879775406));
#368=CARTESIAN_POINT('Ctrl Pts',(179.626099543073,-57.6900302732924,173.541344359973));
#369=CARTESIAN_POINT('Ctrl Pts',(182.305800321007,-54.7941419706267,163.632213670628));
#370=CARTESIAN_POINT('Ctrl Pts',(185.078085767701,-50.1299093082791,154.122344427939));
#371=CARTESIAN_POINT('Ctrl Pts',(186.565027615204,-47.3115314445014,148.827747802968));
#372=CARTESIAN_POINT('Ctrl Pts',(178.536330611575,-58.3998865711568,177.857272192293));
#373=CARTESIAN_POINT('Ctrl Pts',(179.609292908784,-57.6688302489908,173.540668055786));
#374=CARTESIAN_POINT('Ctrl Pts',(182.29010273483,-54.7736877682821,163.633458152836));
#375=CARTESIAN_POINT('Ctrl Pts',(185.063739349136,-50.1106171242395,154.125279523617));
#376=CARTESIAN_POINT('Ctrl Pts',(186.551423989504,-47.2929111911075,148.831547255211));
#377=CARTESIAN_POINT('Ctrl Pts',(178.294288826518,-58.09863073433,177.83560404014));
#378=CARTESIAN_POINT('Ctrl Pts',(179.375210020938,-57.3732770106127,173.530910194493));
#379=CARTESIAN_POINT('Ctrl Pts',(182.074327988517,-54.4915716161748,163.649432651519));
#380=CARTESIAN_POINT('Ctrl Pts',(184.865228444945,-49.8428900704097,154.164938691248));
#381=CARTESIAN_POINT('Ctrl Pts',(186.361966048486,-47.0330048760912,148.883864920978));
#382=CARTESIAN_POINT('Ctrl Pts',(178.067603602626,-57.8202975104973,177.816411610904));
#383=CARTESIAN_POINT('Ctrl Pts',(179.155319059641,-57.1011761693332,173.522825603967));
#384=CARTESIAN_POINT('Ctrl Pts',(181.870943209129,-54.2328988150045,163.665109237781));
#385=CARTESIAN_POINT('Ctrl Pts',(184.678537818673,-49.5968268756076,154.202231965266));
#386=CARTESIAN_POINT('Ctrl Pts',(186.184128978821,-46.793593128175,148.932747990538));
#387=CARTESIAN_POINT('Ctrl Pts',(177.758915251235,-57.4465200087289,177.791891404098));
#388=CARTESIAN_POINT('Ctrl Pts',(178.854259746519,-56.7364184355428,173.513690427555));
#389=CARTESIAN_POINT('Ctrl Pts',(181.59149452043,-53.8881421774151,163.688571272639));
#390=CARTESIAN_POINT('Ctrl Pts',(184.424988822074,-49.2710206428689,154.253592281092));
#391=CARTESIAN_POINT('Ctrl Pts',(185.944720565109,-46.4779184043086,148.998619746285));
#392=CARTESIAN_POINT('Ctrl Pts',(177.680347031882,-57.3486888304063,177.785735058994));
#393=CARTESIAN_POINT('Ctrl Pts',(178.777307293938,-56.6408886428557,173.5118483837));
#394=CARTESIAN_POINT('Ctrl Pts',(181.520186536957,-53.7988638117245,163.695670844287));
#395=CARTESIAN_POINT('Ctrl Pts',(184.361692139224,-49.1888115952767,154.267280513942));
#396=CARTESIAN_POINT('Ctrl Pts',(185.885932932796,-46.3997130059343,149.015398116511));
#397=CARTESIAN_POINT('Ctrl Pts',(177.473327252409,-57.0833211187589,177.769240965047));
#398=CARTESIAN_POINT('Ctrl Pts',(178.574296434371,-56.3819052060025,173.506972380014));
#399=CARTESIAN_POINT('Ctrl Pts',(181.331515615523,-53.5572395082317,163.714812590167));
#400=CARTESIAN_POINT('Ctrl Pts',(184.19371590988,-48.9667945707451,154.304074420967));
#401=CARTESIAN_POINT('Ctrl Pts',(185.729643726897,-46.1887710551697,149.060475631796));
#402=CARTESIAN_POINT('Ctrl Pts',(176.998201431093,-56.4434187698465,177.730272955538));
#403=CARTESIAN_POINT('Ctrl Pts',(178.107345845593,-55.7579652509472,173.495682925991));
#404=CARTESIAN_POINT('Ctrl Pts',(180.895304000173,-52.9767495367045,163.760499780367));
#405=CARTESIAN_POINT('Ctrl Pts',(183.803335458351,-48.4352773346435,154.391466625672));
#406=CARTESIAN_POINT('Ctrl Pts',(185.365297633288,-45.6848099524736,149.167456963721));
#407=CARTESIAN_POINT('Ctrl Pts',(176.524831917892,-55.6699435456253,177.686634262006));
#408=CARTESIAN_POINT('Ctrl Pts',(177.637420721962,-55.0058533969677,173.484083350109));
#409=CARTESIAN_POINT('Ctrl Pts',(180.446056423541,-52.2832367761846,163.81395128515));
#410=CARTESIAN_POINT('Ctrl Pts',(183.392217925766,-47.8077492340922,154.491912559033));
#411=CARTESIAN_POINT('Ctrl Pts',(184.976541630248,-45.094025713943,149.290062955058));
#412=CARTESIAN_POINT('Ctrl Pts',(176.209792626529,-55.0515518444268,177.654082339218));
#413=CARTESIAN_POINT('Ctrl Pts',(177.320778246071,-54.4052517283112,173.476253505074));
#414=CARTESIAN_POINT('Ctrl Pts',(180.134894789139,-51.7322087385428,163.855958464247));
#415=CARTESIAN_POINT('Ctrl Pts',(183.100277404295,-47.3132022229363,154.569695601508));
#416=CARTESIAN_POINT('Ctrl Pts',(184.696569229546,-44.6307721667131,149.384789142164));
#417=CARTESIAN_POINT('Ctrl Pts',(175.415814015226,-53.4450967863774,177.570431182468));
#418=CARTESIAN_POINT('Ctrl Pts',(176.521118665371,-52.8452067934559,173.456514906717));
#419=CARTESIAN_POINT('Ctrl Pts',(179.345243169589,-50.3018426638685,163.964933029831));
#420=CARTESIAN_POINT('Ctrl Pts',(182.355894617975,-46.031083549065,154.770869111868));
#421=CARTESIAN_POINT('Ctrl Pts',(183.981018506678,-43.4306497109996,149.629665658669));
#422=CARTESIAN_POINT('Ctrl Pts',(174.957412118043,-51.7905120573013,177.497701765381));
#423=CARTESIAN_POINT('Ctrl Pts',(176.03132208023,-51.2418130542503,173.444407768038));
#424=CARTESIAN_POINT('Ctrl Pts',(178.802040224521,-48.8466926309885,164.072958526495));
#425=CARTESIAN_POINT('Ctrl Pts',(181.795771085723,-44.7490061221756,154.964173672371));
#426=CARTESIAN_POINT('Ctrl Pts',(183.417017059572,-42.2435397291445,149.863895606525));
#427=CARTESIAN_POINT('Ctrl Pts',(174.760073853681,-49.2389278210996,177.411313468787));
#428=CARTESIAN_POINT('Ctrl Pts',(175.747381739964,-48.7546003871382,173.446467464036));
#429=CARTESIAN_POINT('Ctrl Pts',(178.328989731545,-46.5674231856108,164.255276862118));
#430=CARTESIAN_POINT('Ctrl Pts',(181.181730730098,-42.7419898884805,155.276368895152));
#431=CARTESIAN_POINT('Ctrl Pts',(182.737796392946,-40.3860974704724,150.239435606194));
#432=CARTESIAN_POINT('Ctrl Pts',(174.781351778991,-48.3625823470387,177.385871095771));
#433=CARTESIAN_POINT('Ctrl Pts',(175.734250104412,-47.8958024579566,173.450768525139));
#434=CARTESIAN_POINT('Ctrl Pts',(178.237651100019,-45.7689531716544,164.322358210044));
#435=CARTESIAN_POINT('Ctrl Pts',(181.02521771071,-42.0270695127202,155.391546015465));
#436=CARTESIAN_POINT('Ctrl Pts',(182.549473147215,-39.7173103703622,150.378252422257));
#437=CARTESIAN_POINT('Ctrl Pts',(174.938300932863,-47.1395969919033,177.356446572084));
#438=CARTESIAN_POINT('Ctrl Pts',(175.837436095057,-46.6918743933926,173.461878255265));
#439=CARTESIAN_POINT('Ctrl Pts',(178.214824724732,-44.6383998789173,164.421465865903));
#440=CARTESIAN_POINT('Ctrl Pts',(180.89110330086,-41.0086059927513,155.558923818726));
#441=CARTESIAN_POINT('Ctrl Pts',(182.360480628516,-38.7616396875669,150.579044139982));
#442=CARTESIAN_POINT('Ctrl Pts',(175.036576875867,-46.5683672847943,177.343905441787));
#443=CARTESIAN_POINT('Ctrl Pts',(175.909485222089,-46.1284801460969,173.468081539396));
#444=CARTESIAN_POINT('Ctrl Pts',(178.224705676465,-44.1071433372684,164.468852988901));
#445=CARTESIAN_POINT('Ctrl Pts',(180.844978602602,-40.5288218647382,155.638414988827));
#446=CARTESIAN_POINT('Ctrl Pts',(182.286668218087,-38.3108751338436,150.674222584625));
#447=CARTESIAN_POINT('Ctrl Pts',(175.286679328551,-45.5425131852185,177.324878781162));
#448=CARTESIAN_POINT('Ctrl Pts',(176.109416533475,-45.113320685497,173.48222380162));
#449=CARTESIAN_POINT('Ctrl Pts',(178.303578094016,-43.1426678245267,164.557560538359));
#450=CARTESIAN_POINT('Ctrl Pts',(180.810881763129,-39.653450001449,155.785865312032));
#451=CARTESIAN_POINT('Ctrl Pts',(182.196398146931,-37.48644356128,150.850220761477));
#452=CARTESIAN_POINT('Ctrl Pts',(175.507123382511,-44.8813535945233,177.315406220612));
#453=CARTESIAN_POINT('Ctrl Pts',(176.295170556797,-44.4562395584631,173.49375961349));
#454=CARTESIAN_POINT('Ctrl Pts',(178.40391408833,-42.512258443972,164.617806294228));
#455=CARTESIAN_POINT('Ctrl Pts',(180.828150185952,-39.0774045385308,155.885067100447));
#456=CARTESIAN_POINT('Ctrl Pts',(182.172091206115,-36.9421469907008,150.968194559544));
#457=CARTESIAN_POINT('Ctrl Pts',(175.847926412848,-44.0260572149107,177.307416141494));
#458=CARTESIAN_POINT('Ctrl Pts',(176.590495821299,-43.5994710307616,173.513744495322));
#459=CARTESIAN_POINT('Ctrl Pts',(178.582222104165,-41.6786881227373,164.704708303227));
#460=CARTESIAN_POINT('Ctrl Pts',(180.887049681997,-38.313744177452,156.022428748382));
#461=CARTESIAN_POINT('Ctrl Pts',(182.171735312694,-36.2207949959042,151.12888276852));
#462=CARTESIAN_POINT('Ctrl Pts',(176.035894573617,-43.623692796998,177.306131991781));
#463=CARTESIAN_POINT('Ctrl Pts',(176.758015728127,-43.1939077520379,173.526854341775));
#464=CARTESIAN_POINT('Ctrl Pts',(178.692963128637,-41.2791955350689,164.752484639738));
#465=CARTESIAN_POINT('Ctrl Pts',(180.934484287775,-37.9464916736529,156.093664586011));
#466=CARTESIAN_POINT('Ctrl Pts',(182.187870765468,-35.8738226824238,151.210215770124));
#467=CARTESIAN_POINT('Ctrl Pts',(176.540783905676,-42.689242899621,177.306883200891));
#468=CARTESIAN_POINT('Ctrl Pts',(177.215864086042,-42.251139192955,173.562731453116));
#469=CARTESIAN_POINT('Ctrl Pts',(179.014958422761,-40.3452297349918,164.873110390183));
#470=CARTESIAN_POINT('Ctrl Pts',(181.093943654125,-37.0800449523602,156.270750912508));
#471=CARTESIAN_POINT('Ctrl Pts',(182.265956020112,-35.0515348965806,151.410692181184));
#472=CARTESIAN_POINT('Ctrl Pts',(176.879279681326,-42.1695322763484,177.310447117695));
#473=CARTESIAN_POINT('Ctrl Pts',(177.528590746191,-41.7260604827223,173.587265847312));
#474=CARTESIAN_POINT('Ctrl Pts',(179.248820341383,-39.8205806999692,164.94837342754));
#475=CARTESIAN_POINT('Ctrl Pts',(181.224262666466,-36.5867063821731,156.379094843924));
#476=CARTESIAN_POINT('Ctrl Pts',(182.343663034867,-34.5802748917327,151.531988132635));
#477=CARTESIAN_POINT('Ctrl Pts',(177.704293245699,-41.1047367889778,177.324261096988));
#478=CARTESIAN_POINT('Ctrl Pts',(178.300871479111,-40.6496081718028,173.647223105357));
#479=CARTESIAN_POINT('Ctrl Pts',(179.851875129137,-38.7365426066504,165.119897846479));
#480=CARTESIAN_POINT('Ctrl Pts',(181.586592163739,-35.5484252373991,156.62463084409));
#481=CARTESIAN_POINT('Ctrl Pts',(182.581028419863,-33.5794678008938,151.804934343584));
#482=CARTESIAN_POINT('Ctrl Pts',(178.206580723483,-40.5725582874522,177.335604621585));
#483=CARTESIAN_POINT('Ctrl Pts',(178.776844417576,-40.111183028774,173.683794908954));
#484=CARTESIAN_POINT('Ctrl Pts',(180.238080999118,-38.1886350610266,165.217411068706));
#485=CARTESIAN_POINT('Ctrl Pts',(181.832959425303,-35.0106970502515,156.763466676576));
#486=CARTESIAN_POINT('Ctrl Pts',(182.753161187606,-33.0551254073865,151.958079726098));
#487=CARTESIAN_POINT('Ctrl Pts',(179.803728504732,-39.1783199173417,177.317363039897));
#488=CARTESIAN_POINT('Ctrl Pts',(180.290864885298,-38.7076348803728,173.72935878528));
#489=CARTESIAN_POINT('Ctrl Pts',(181.484119351406,-36.7553484433748,165.422924996557));
#490=CARTESIAN_POINT('Ctrl Pts',(182.695966507895,-33.5242152598662,157.12694388735));
#491=CARTESIAN_POINT('Ctrl Pts',(183.395222540367,-31.5437180355118,152.393529581309));
#492=CARTESIAN_POINT('Ctrl Pts',(180.860287805037,-38.2612058886264,177.282812332102));
#493=CARTESIAN_POINT('Ctrl Pts',(181.294640272249,-37.7858554970325,173.732876633844));
#494=CARTESIAN_POINT('Ctrl Pts',(182.326365329153,-35.8141720962814,165.524288590902));
#495=CARTESIAN_POINT('Ctrl Pts',(183.325396566513,-32.5343089515165,157.339788417075));
#496=CARTESIAN_POINT('Ctrl Pts',(183.897693408885,-30.5227300333908,152.663515088793));
#497=CARTESIAN_POINT('Ctrl Pts',(183.975507459121,-35.575283908563,177.173443929872));
#498=CARTESIAN_POINT('Ctrl Pts',(184.27173821165,-35.0865784283467,173.730792201174));
#499=CARTESIAN_POINT('Ctrl Pts',(184.884374577105,-33.0586942361838,165.796391812993));
#500=CARTESIAN_POINT('Ctrl Pts',(185.334179460258,-29.6439658000246,157.921865206425));
#501=CARTESIAN_POINT('Ctrl Pts',(185.577978861735,-27.5453397512585,153.407255633587));
#502=CARTESIAN_POINT('Ctrl Pts',(186.225427212071,-33.6604755604895,177.084149249138));
#503=CARTESIAN_POINT('Ctrl Pts',(186.44624361192,-33.162675279888,173.712072135078));
#504=CARTESIAN_POINT('Ctrl Pts',(186.83481233016,-31.0954757768883,165.955943423642));
#505=CARTESIAN_POINT('Ctrl Pts',(186.994812792949,-27.595519471908,158.279243321714));
#506=CARTESIAN_POINT('Ctrl Pts',(187.065443267386,-25.4406887622413,153.871414772443));
#507=CARTESIAN_POINT('Ctrl Pts',(191.12683597493,-29.5584963551647,176.848205330488));
#508=CARTESIAN_POINT('Ctrl Pts',(191.230160228963,-29.0596205937264,173.605717647325));
#509=CARTESIAN_POINT('Ctrl Pts',(191.284253322624,-26.9696743599788,166.170988811249));
#510=CARTESIAN_POINT('Ctrl Pts',(191.022683989616,-23.3903735311935,158.84061364443));
#511=CARTESIAN_POINT('Ctrl Pts',(190.839603667742,-21.1753154493315,154.621697149344));
#512=CARTESIAN_POINT('Ctrl Pts',(193.964462070946,-27.2320562633351,176.682213722547));
#513=CARTESIAN_POINT('Ctrl Pts',(194.031401413367,-26.7464588643258,173.497682601364));
#514=CARTESIAN_POINT('Ctrl Pts',(193.995726549385,-24.6898001484928,166.201841485306));
#515=CARTESIAN_POINT('Ctrl Pts',(193.632375346481,-21.141759710538,159.012750140214));
#516=CARTESIAN_POINT('Ctrl Pts',(193.386206882491,-18.9370828731744,154.872376625668));
#517=CARTESIAN_POINT('Ctrl Pts',(200.331857001643,-22.114238711103,176.227449596808));
#518=CARTESIAN_POINT('Ctrl Pts',(200.338585600247,-21.7256233558812,173.127324738722));
#519=CARTESIAN_POINT('Ctrl Pts',(200.167656824427,-19.9623875060898,166.014267590397));
#520=CARTESIAN_POINT('Ctrl Pts',(199.66959774333,-16.7906468613923,158.986864287151));
#521=CARTESIAN_POINT('Ctrl Pts',(199.336534566966,-14.7892892556497,154.93476952255));
#522=CARTESIAN_POINT('Ctrl Pts',(210.634140313569,-13.8308444129847,175.488438845063));
#523=CARTESIAN_POINT('Ctrl Pts',(210.521970904985,-13.6120521273139,172.523525183287));
#524=CARTESIAN_POINT('Ctrl Pts',(210.053690327981,-12.3668894438193,165.694190063967));
#525=CARTESIAN_POINT('Ctrl Pts',(209.218632648342,-9.85441130246082,158.904107078174));
#526=CARTESIAN_POINT('Ctrl Pts',(208.679730473282,-8.2097477976511,154.982245424694));
#527=CARTESIAN_POINT('Ctrl Pts',(231.886582990454,3.27314075481642,173.969980914411));
#528=CARTESIAN_POINT('Ctrl Pts',(231.511350596185,3.14761772238787,171.292381729187));
#529=CARTESIAN_POINT('Ctrl Pts',(230.355786466178,3.34969888269328,165.070051273239));
#530=CARTESIAN_POINT('Ctrl Pts',(228.738213257142,4.53626700824894,158.783400856956));
#531=CARTESIAN_POINT('Ctrl Pts',(227.750465694089,5.45552600379782,155.130254605543));
#532=CARTESIAN_POINT('Ctrl Pts',(252.208631925994,19.6617376107772,172.538406199912));
#533=CARTESIAN_POINT('Ctrl Pts',(251.56279720565,19.231830812956,170.1571791189));
#534=CARTESIAN_POINT('Ctrl Pts',(249.668589407791,18.5408322005364,164.574929493581));
#535=CARTESIAN_POINT('Ctrl Pts',(247.203589925756,18.5835938580374,158.806474311299));
#536=CARTESIAN_POINT('Ctrl Pts',(245.758708000993,18.8434906865284,155.406944715005));
#537=CARTESIAN_POINT('Ctrl Pts',(265.928767421312,30.7376463725062,171.57930497391));
#538=CARTESIAN_POINT('Ctrl Pts',(265.103743775444,30.1202509355743,169.409373447247));
#539=CARTESIAN_POINT('Ctrl Pts',(262.725682347281,28.8959418663002,164.287096067447));
#540=CARTESIAN_POINT('Ctrl Pts',(259.703416594986,28.2441814863372,158.880932453357));
#541=CARTESIAN_POINT('Ctrl Pts',(257.952768703782,28.0813375505624,155.648821626775));
#542=CARTESIAN_POINT('Ctrl Pts',(270.460359212678,34.3966125012996,171.258849676798));
#543=CARTESIAN_POINT('Ctrl Pts',(269.583043837328,33.7240818169378,169.154994405176));
#544=CARTESIAN_POINT('Ctrl Pts',(267.068813404133,32.3492072946205,164.169509579756));
#545=CARTESIAN_POINT('Ctrl Pts',(263.896865905198,31.5095924981263,158.861701980761));
#546=CARTESIAN_POINT('Ctrl Pts',(262.066529012668,31.2286474666059,155.67589079171));
#547=CARTESIAN_POINT('Ctrl Pts',(272.230823850746,35.8067000976139,171.113303653061));
#548=CARTESIAN_POINT('Ctrl Pts',(271.343883330954,35.1060015915266,169.023628179194));
#549=CARTESIAN_POINT('Ctrl Pts',(268.812532422637,33.65265038795,164.057599738037));
#550=CARTESIAN_POINT('Ctrl Pts',(265.636879548298,32.7144425861491,158.748708903819));
#551=CARTESIAN_POINT('Ctrl Pts',(263.808885294648,32.3714741244541,155.561992736347));
#552=CARTESIAN_POINT('Ctrl Pts',(275.005302411249,37.9866432565311,170.857984727382));
#553=CARTESIAN_POINT('Ctrl Pts',(274.107600749567,37.2218319192874,168.7773414073));
#554=CARTESIAN_POINT('Ctrl Pts',(271.564465567771,35.5803082396606,163.806265036751));
#555=CARTESIAN_POINT('Ctrl Pts',(268.410809127291,34.3934564078052,158.455400443034));
#556=CARTESIAN_POINT('Ctrl Pts',(266.601704649401,33.8985276957757,155.248078149333));
#557=CARTESIAN_POINT('Ctrl Pts',(276.007051339323,38.7676842747861,170.760322300868));
#558=CARTESIAN_POINT('Ctrl Pts',(275.106339267372,37.9756817010128,168.68029861249));
#559=CARTESIAN_POINT('Ctrl Pts',(272.562011196967,36.2529969020338,163.700206721704));
#560=CARTESIAN_POINT('Ctrl Pts',(269.421860031352,34.9572295951783,158.326085645347));
#561=CARTESIAN_POINT('Ctrl Pts',(267.622542629779,34.3963783826599,155.107551612089));
#562=CARTESIAN_POINT('Ctrl Pts',(277.396155745546,39.8425997271121,170.618003845769));
#563=CARTESIAN_POINT('Ctrl Pts',(276.491461617826,39.0067446802224,168.535575529735));
#564=CARTESIAN_POINT('Ctrl Pts',(273.946295437456,37.1513772624271,163.534035894179));
#565=CARTESIAN_POINT('Ctrl Pts',(270.827191233913,35.6757534571188,158.118100504355));
#566=CARTESIAN_POINT('Ctrl Pts',(269.042192994878,35.0073852550746,154.879794083275));
#567=CARTESIAN_POINT('Ctrl Pts',(277.783300412961,40.1413051683128,170.577601360683));
#568=CARTESIAN_POINT('Ctrl Pts',(276.877517118987,39.2925690351932,168.494154736328));
#569=CARTESIAN_POINT('Ctrl Pts',(274.332206079715,37.3980568366005,163.485679973085));
#570=CARTESIAN_POINT('Ctrl Pts',(271.219210543089,35.8692097521429,158.057069480499));
#571=CARTESIAN_POINT('Ctrl Pts',(269.43827956438,35.1691570736046,154.812801715689));
#572=CARTESIAN_POINT('Ctrl Pts',(278.26587139768,40.511745310316,170.515471837045));
#573=CARTESIAN_POINT('Ctrl Pts',(277.359065218284,39.6467701743984,168.429418397847));
#574=CARTESIAN_POINT('Ctrl Pts',(274.81324413694,37.701018188398,163.411109361549));
#575=CARTESIAN_POINT('Ctrl Pts',(271.704475805051,36.0998957296055,157.969928254049));
#576=CARTESIAN_POINT('Ctrl Pts',(269.925711431869,35.3576134206442,154.720432810628));
#577=CARTESIAN_POINT('Ctrl Pts',(278.362563098811,40.5827744912513,170.494521116199));
#578=CARTESIAN_POINT('Ctrl Pts',(277.455870051004,39.7150608775198,168.407204447025));
#579=CARTESIAN_POINT('Ctrl Pts',(274.909638181445,37.759412333754,163.386873814382));
#580=CARTESIAN_POINT('Ctrl Pts',(271.798611209163,36.1426327392526,157.946720754555));
#581=CARTESIAN_POINT('Ctrl Pts',(270.017821376413,35.3917001357706,154.698338336282));
#582=CARTESIAN_POINT('Ctrl Pts',(278.871949565558,40.9439571023128,170.386037604781));
#583=CARTESIAN_POINT('Ctrl Pts',(277.965952999823,40.0616897137269,168.292173634235));
#584=CARTESIAN_POINT('Ctrl Pts',(275.41702209327,38.0544561872549,163.261285476982));
#585=CARTESIAN_POINT('Ctrl Pts',(272.292335096533,36.3576009597053,157.826449906518));
#586=CARTESIAN_POINT('Ctrl Pts',(270.500047667163,35.5625949436376,154.58370197698));
#587=CARTESIAN_POINT('Ctrl Pts',(279.304792036529,41.2071242552353,170.300196138386));
#588=CARTESIAN_POINT('Ctrl Pts',(278.399736738099,40.3120321417484,168.201139700415));
#589=CARTESIAN_POINT('Ctrl Pts',(275.846714437399,38.2627506398854,163.161626593236));
#590=CARTESIAN_POINT('Ctrl Pts',(272.704466296273,36.5060276846151,157.730972966011));
#591=CARTESIAN_POINT('Ctrl Pts',(270.899623898512,35.6786415180822,154.492231574079));
#592=CARTESIAN_POINT('Ctrl Pts',(281.332201205436,42.2544804029335,169.942683830793));
#593=CARTESIAN_POINT('Ctrl Pts',(280.415811781674,41.2896131537045,167.833064521779));
#594=CARTESIAN_POINT('Ctrl Pts',(277.814712745406,39.0458545704851,162.772519920163));
#595=CARTESIAN_POINT('Ctrl Pts',(274.581159219939,37.0535679322237,157.344295322888));
#596=CARTESIAN_POINT('Ctrl Pts',(272.718595286595,36.0985622595309,154.110831263193));
#597=CARTESIAN_POINT('Ctrl Pts',(283.091854444829,42.7088211835886,169.71423331804));
#598=CARTESIAN_POINT('Ctrl Pts',(282.146148276753,41.6957556378667,167.589722677623));
#599=CARTESIAN_POINT('Ctrl Pts',(279.458476443876,39.3297018750828,162.500945991182));
#600=CARTESIAN_POINT('Ctrl Pts',(276.112503111151,37.2088424058318,157.059495776551));
#601=CARTESIAN_POINT('Ctrl Pts',(274.18666393049,36.1848108697701,153.820558842618));
#602=CARTESIAN_POINT('Ctrl Pts',(286.521913363637,42.8647565648985,169.407922056106));
#603=CARTESIAN_POINT('Ctrl Pts',(285.504450044209,41.7905803273561,167.236288095734));
#604=CARTESIAN_POINT('Ctrl Pts',(282.620391407683,39.2778135927981,162.052741977066));
#605=CARTESIAN_POINT('Ctrl Pts',(279.041924520906,37.0099498668639,156.546368329518));
#606=CARTESIAN_POINT('Ctrl Pts',(276.986035335444,35.9065352062635,153.277827866718));
#607=CARTESIAN_POINT('Ctrl Pts',(288.191163476722,42.6140414247301,169.319309665161));
#608=CARTESIAN_POINT('Ctrl Pts',(287.132806284367,41.5250487506008,167.11612799815));
#609=CARTESIAN_POINT('Ctrl Pts',(284.141768805769,38.981293847145,161.86821727863));
#610=CARTESIAN_POINT('Ctrl Pts',(280.443381515956,36.6873923151463,156.313880276198));
#611=CARTESIAN_POINT('Ctrl Pts',(278.320811297216,35.5697936560795,153.022964650007));
#612=CARTESIAN_POINT('Ctrl Pts',(290.695805092847,41.7435488810529,169.262560738245));
#613=CARTESIAN_POINT('Ctrl Pts',(289.579028849296,40.6556342252216,166.994903684508));
#614=CARTESIAN_POINT('Ctrl Pts',(286.434019547038,38.1216085525628,161.615923743312));
#615=CARTESIAN_POINT('Ctrl Pts',(282.560182749235,35.8461512103601,155.96398723015));
#616=CARTESIAN_POINT('Ctrl Pts',(280.339354608522,34.7389413764672,152.626985318023));
#617=CARTESIAN_POINT('Ctrl Pts',(291.599762080185,41.3101972541039,169.260322930969));
#618=CARTESIAN_POINT('Ctrl Pts',(290.462613336712,40.2281233308175,166.965327810504));
#619=CARTESIAN_POINT('Ctrl Pts',(287.26350744544,37.7110097126384,161.530844122479));
#620=CARTESIAN_POINT('Ctrl Pts',(283.327343175593,35.4562628812738,155.837497796113));
#621=CARTESIAN_POINT('Ctrl Pts',(281.07142042146,34.3604773020568,152.480851430271));
#622=CARTESIAN_POINT('Ctrl Pts',(292.642422476626,40.6583411824565,169.278845110209));
#623=CARTESIAN_POINT('Ctrl Pts',(291.484639172413,39.5892609591552,166.946810692922));
#624=CARTESIAN_POINT('Ctrl Pts',(288.228412789339,37.1070294260554,161.437159898396));
#625=CARTESIAN_POINT('Ctrl Pts',(284.223609417638,34.8926015428648,155.687721389787));
#626=CARTESIAN_POINT('Ctrl Pts',(281.928716109576,33.8190653205112,152.304303602511));
#627=CARTESIAN_POINT('Ctrl Pts',(293.15954267523,40.3157894892554,169.290711255211));
#628=CARTESIAN_POINT('Ctrl Pts',(291.991883259841,39.253936290035,166.93961479616));
#629=CARTESIAN_POINT('Ctrl Pts',(288.707991293012,36.7909480608822,161.39127578909));
#630=CARTESIAN_POINT('Ctrl Pts',(284.669564096384,34.598609840435,155.612955048619));
#631=CARTESIAN_POINT('Ctrl Pts',(282.355532258565,33.5372558022104,152.215735173691));
#632=CARTESIAN_POINT('Ctrl Pts',(293.651763804791,39.9379272897405,169.309130662625));
#633=CARTESIAN_POINT('Ctrl Pts',(292.475806871337,38.8849914691708,166.938012383231));
#634=CARTESIAN_POINT('Ctrl Pts',(289.167602431517,36.4453921785122,161.349007253039));
#635=CARTESIAN_POINT('Ctrl Pts',(285.098430245468,34.2795816459554,155.540279786736));
#636=CARTESIAN_POINT('Ctrl Pts',(282.766770601378,33.2328630601074,152.128479259464));
#637=CARTESIAN_POINT('Ctrl Pts',(294.489093916882,39.234284268742,169.347497769854));
#638=CARTESIAN_POINT('Ctrl Pts',(293.305381422957,38.1939934327624,166.939648067063));
#639=CARTESIAN_POINT('Ctrl Pts',(289.963940680502,35.7941029209867,161.274454925338));
#640=CARTESIAN_POINT('Ctrl Pts',(285.84157995873,33.6826209086201,155.41030155393));
#641=CARTESIAN_POINT('Ctrl Pts',(283.478112829473,32.6669533200549,151.97292110338));
#642=CARTESIAN_POINT('Ctrl Pts',(294.989141989729,38.7313274291214,169.380329037802));
#643=CARTESIAN_POINT('Ctrl Pts',(293.801797714601,37.6974768670405,166.949315855309));
#644=CARTESIAN_POINT('Ctrl Pts',(290.443220760135,35.3244110707844,161.233964059817));
#645=CARTESIAN_POINT('Ctrl Pts',(286.292651184537,33.2566207766603,155.331361943756));
#646=CARTESIAN_POINT('Ctrl Pts',(283.91189305104,32.2664646825905,151.876169132349));
#647=CARTESIAN_POINT('Ctrl Pts',(296.402386041125,37.0358128163042,169.512066033396));
#648=CARTESIAN_POINT('Ctrl Pts',(295.204170595653,36.0240836474285,167.014174191947));
#649=CARTESIAN_POINT('Ctrl Pts',(291.813262563971,33.7359714854885,161.147381270754));
#650=CARTESIAN_POINT('Ctrl Pts',(287.62401158638,31.7957400451027,155.111255805109));
#651=CARTESIAN_POINT('Ctrl Pts',(285.221910872675,30.8773446511915,151.586771437586));
#652=CARTESIAN_POINT('Ctrl Pts',(297.357878352584,35.8764123703302,169.599186642333));
#653=CARTESIAN_POINT('Ctrl Pts',(296.148074975761,34.8757943322748,167.055424767429));
#654=CARTESIAN_POINT('Ctrl Pts',(292.724424490515,32.6285440358589,161.083759097181));
#655=CARTESIAN_POINT('Ctrl Pts',(288.497324781078,30.7471681167826,154.950686802207));
#656=CARTESIAN_POINT('Ctrl Pts',(286.075586310675,29.8610517903933,151.374440579708));
#657=CARTESIAN_POINT('Ctrl Pts',(298.323154184276,34.6901716473248,169.683859910553));
#658=CARTESIAN_POINT('Ctrl Pts',(297.095985579341,33.6972235206862,167.092319039806));
#659=CARTESIAN_POINT('Ctrl Pts',(293.621371989533,31.480179323921,161.011598547403));
#660=CARTESIAN_POINT('Ctrl Pts',(289.332310674006,29.6439908483187,154.778112795482));
#661=CARTESIAN_POINT('Ctrl Pts',(286.877536961798,28.7825742724105,151.148781282531));
#662=CARTESIAN_POINT('Ctrl Pts',(298.340477071118,34.6688866905248,169.685382821261));
#663=CARTESIAN_POINT('Ctrl Pts',(297.112945156274,33.6761441623917,167.092984013516));
#664=CARTESIAN_POINT('Ctrl Pts',(293.637255238077,31.459867156511,161.010327131339));
#665=CARTESIAN_POINT('Ctrl Pts',(289.346839397908,29.6248360457692,154.775140069981));
#666=CARTESIAN_POINT('Ctrl Pts',(286.891309791624,28.7640832410978,151.144937179818));
#667=CARTESIAN_POINT('Ctrl Pts',(298.584260105571,34.3696400621903,169.707106965469));
#668=CARTESIAN_POINT('Ctrl Pts',(297.34901560152,33.3832443970473,167.102645315984));
#669=CARTESIAN_POINT('Ctrl Pts',(293.855373251499,31.1820588495184,160.99378989846));
#670=CARTESIAN_POINT('Ctrl Pts',(289.547245447231,29.3612901135665,154.734859187351));
#671=CARTESIAN_POINT('Ctrl Pts',(287.082425999329,28.5078356768115,151.091938744775));
#672=CARTESIAN_POINT('Ctrl Pts',(298.812818637116,34.0933063277358,169.727574992338));
#673=CARTESIAN_POINT('Ctrl Pts',(297.571022643568,33.1135819645378,167.111460845695));
#674=CARTESIAN_POINT('Ctrl Pts',(294.061224768643,30.9271356344481,160.977787515943));
#675=CARTESIAN_POINT('Ctrl Pts',(289.735883793852,29.1188365475841,154.696768751739));
#676=CARTESIAN_POINT('Ctrl Pts',(287.26191195076,28.2716008771253,151.042059973075));
#677=CARTESIAN_POINT('Ctrl Pts',(299.126841620615,33.7182288483553,169.754883316482));
#678=CARTESIAN_POINT('Ctrl Pts',(297.877496715277,32.7476516834465,167.122122810342));
#679=CARTESIAN_POINT('Ctrl Pts',(294.346353714977,30.5819181887363,160.953674297049));
#680=CARTESIAN_POINT('Ctrl Pts',(289.9947602315,28.7926127401144,154.643482621627));
#681=CARTESIAN_POINT('Ctrl Pts',(287.506282899853,27.9553481265007,150.973721301325));
#682=CARTESIAN_POINT('Ctrl Pts',(299.208562234481,33.6169669842963,169.761631142077));
#683=CARTESIAN_POINT('Ctrl Pts',(297.957415479952,32.6485648885024,167.124231646866));
#684=CARTESIAN_POINT('Ctrl Pts',(294.42049053155,30.4887942826062,160.946274707607));
#685=CARTESIAN_POINT('Ctrl Pts',(290.061126270696,28.7067601852623,154.629045466264));
#686=CARTESIAN_POINT('Ctrl Pts',(287.568159934932,27.8736954420248,150.955970130369));
#687=CARTESIAN_POINT('Ctrl Pts',(299.491867013197,33.255389523903,169.786396518934));
#688=CARTESIAN_POINT('Ctrl Pts',(298.234809186507,32.2949478222635,167.132538211168));
#689=CARTESIAN_POINT('Ctrl Pts',(294.678566230085,30.1569959273237,160.920810461843));
#690=CARTESIAN_POINT('Ctrl Pts',(290.292881922645,28.4015191336564,154.578564745445));
#691=CARTESIAN_POINT('Ctrl Pts',(287.784645945047,27.5837542802803,150.893710894606));
#692=CARTESIAN_POINT('Ctrl Pts',(299.842077428094,32.7731500966845,169.821596363054));
#693=CARTESIAN_POINT('Ctrl Pts',(298.578850885619,31.8239707851199,167.146122142801));
#694=CARTESIAN_POINT('Ctrl Pts',(295.001162084432,29.7168395259134,160.889939865953));
#695=CARTESIAN_POINT('Ctrl Pts',(290.584995161196,27.9986933210165,154.514708576515));
#696=CARTESIAN_POINT('Ctrl Pts',(288.058864997196,27.2023233737561,150.814328806048));
#697=CARTESIAN_POINT('Ctrl Pts',(300.346984924969,31.971613118294,169.886171945547));
#698=CARTESIAN_POINT('Ctrl Pts',(299.078534642567,31.0426103052238,167.175717127739));
#699=CARTESIAN_POINT('Ctrl Pts',(295.477713870867,28.9908673186484,160.847124899763));
#700=CARTESIAN_POINT('Ctrl Pts',(291.024055788323,27.3397262585583,154.41785275824));
#701=CARTESIAN_POINT('Ctrl Pts',(288.475207236179,26.581510782355,150.692040289145));
#702=CARTESIAN_POINT('Ctrl Pts',(300.63982462641,31.4272393444078,169.933971896802));
#703=CARTESIAN_POINT('Ctrl Pts',(299.371218421637,30.5126934741603,167.200381499584));
#704=CARTESIAN_POINT('Ctrl Pts',(295.76305293468,28.5009140287641,160.823484683353));
#705=CARTESIAN_POINT('Ctrl Pts',(291.292630671887,26.898292900409,154.357867908438));
#706=CARTESIAN_POINT('Ctrl Pts',(288.732975773739,26.1675796865363,150.614948332178));
#707=CARTESIAN_POINT('Ctrl Pts',(301.501608704013,29.6620121707736,170.095896232801));
#708=CARTESIAN_POINT('Ctrl Pts',(300.238609897656,28.7951382281107,167.288440230647));
#709=CARTESIAN_POINT('Ctrl Pts',(296.621862675901,26.9161548921126,160.756280047304));
#710=CARTESIAN_POINT('Ctrl Pts',(292.112886169947,25.4758291986237,154.172993623833));
#711=CARTESIAN_POINT('Ctrl Pts',(289.526418539261,24.836837401572,150.374701578861));
#712=CARTESIAN_POINT('Ctrl Pts',(301.945950715027,28.0823370993008,170.266617240219));
#713=CARTESIAN_POINT('Ctrl Pts',(300.711606540782,27.2614991097135,167.397055841262));
#714=CARTESIAN_POINT('Ctrl Pts',(297.14403176092,25.5140055941703,160.730684176977));
#715=CARTESIAN_POINT('Ctrl Pts',(292.658221733166,24.2366659879926,154.043277559423));
#716=CARTESIAN_POINT('Ctrl Pts',(290.078443665591,23.6892217513102,150.195890461472));
#717=CARTESIAN_POINT('Ctrl Pts',(302.161013120997,25.6167746168659,170.575250632552));
#718=CARTESIAN_POINT('Ctrl Pts',(301.010608619229,24.855181691675,167.617671979976));
#719=CARTESIAN_POINT('Ctrl Pts',(297.620699956334,23.2957496239885,160.745910479752));
#720=CARTESIAN_POINT('Ctrl Pts',(293.275647132033,22.2750008365415,153.882440914389));
#721=CARTESIAN_POINT('Ctrl Pts',(290.761533377322,21.8724334139651,149.950170048294));
#722=CARTESIAN_POINT('Ctrl Pts',(302.148014829845,24.750507998889,170.690671706316));
#723=CARTESIAN_POINT('Ctrl Pts',(301.032431341924,24.0054820526815,167.704026957641));
#724=CARTESIAN_POINT('Ctrl Pts',(297.71856251855,22.5023349962142,160.761675882292));
#725=CARTESIAN_POINT('Ctrl Pts',(293.438401353663,21.5615406488583,153.833023561254));
#726=CARTESIAN_POINT('Ctrl Pts',(290.956609900825,21.2043066091379,149.867962882317));
#727=CARTESIAN_POINT('Ctrl Pts',(302.02262538357,23.7075061267251,170.838398372466));
#728=CARTESIAN_POINT('Ctrl Pts',(300.955022474383,22.9774600557848,167.81906741211));
#729=CARTESIAN_POINT('Ctrl Pts',(297.748979713081,21.5326250370921,160.793049973133));
#730=CARTESIAN_POINT('Ctrl Pts',(293.564012476516,20.6834932935085,153.782149396811));
#731=CARTESIAN_POINT('Ctrl Pts',(291.129984447678,20.37909965154,149.7753883374));
#732=CARTESIAN_POINT('Ctrl Pts',(301.95564896136,23.2408292966477,170.905367738731));
#733=CARTESIAN_POINT('Ctrl Pts',(300.910100906308,22.5169977777233,167.871639944553));
#734=CARTESIAN_POINT('Ctrl Pts',(297.753913588302,21.0973162069903,160.808319443953));
#735=CARTESIAN_POINT('Ctrl Pts',(293.61326244064,20.288737211236,153.76023951028));
#736=CARTESIAN_POINT('Ctrl Pts',(291.201477439379,20.0078115124944,149.734601454104));
#737=CARTESIAN_POINT('Ctrl Pts',(301.748519406451,22.21879195961,171.056852342638));
#738=CARTESIAN_POINT('Ctrl Pts',(300.754505877281,21.5056629470328,167.992923451879));
#739=CARTESIAN_POINT('Ctrl Pts',(297.716448732808,20.1354028878072,160.848719780888));
#740=CARTESIAN_POINT('Ctrl Pts',(293.682515723656,19.4128114461992,153.716991277595));
#741=CARTESIAN_POINT('Ctrl Pts',(291.324465649854,19.1822232822218,149.64869036568));
#742=CARTESIAN_POINT('Ctrl Pts',(301.491815931808,21.4010904399055,171.185252041138));
#743=CARTESIAN_POINT('Ctrl Pts',(300.543646616234,20.691835723516,168.099251246155));
#744=CARTESIAN_POINT('Ctrl Pts',(297.613402178159,19.3516626558967,160.891744313088));
#745=CARTESIAN_POINT('Ctrl Pts',(293.679990976878,18.6928755257762,153.689467021192));
#746=CARTESIAN_POINT('Ctrl Pts',(291.372820258766,18.5007134279642,149.584840125651));
#747=CARTESIAN_POINT('Ctrl Pts',(301.119843000641,20.4564086068352,171.340914623372));
#748=CARTESIAN_POINT('Ctrl Pts',(300.227143992373,19.7442859559883,168.23238866822));
#749=CARTESIAN_POINT('Ctrl Pts',(297.43298360435,18.4274309206719,160.952939659585));
#750=CARTESIAN_POINT('Ctrl Pts',(293.629767663669,17.8411992194835,153.664265711874));
#751=CARTESIAN_POINT('Ctrl Pts',(291.388158573832,17.6933614325244,149.515406008286));
#752=CARTESIAN_POINT('Ctrl Pts',(300.932786678001,20.053489131523,171.409028507695));
#753=CARTESIAN_POINT('Ctrl Pts',(300.063341285039,19.3376322097512,168.292126027062));
#754=CARTESIAN_POINT('Ctrl Pts',(297.330878612437,18.0264959106233,160.982423126777));
#755=CARTESIAN_POINT('Ctrl Pts',(293.589718481755,17.4714732035913,153.654808822388));
#756=CARTESIAN_POINT('Ctrl Pts',(291.379083507763,17.3427187594347,149.486406401711));
#757=CARTESIAN_POINT('Ctrl Pts',(300.47156069372,19.1989240834964,171.555084026919));
#758=CARTESIAN_POINT('Ctrl Pts',(299.65142412292,18.4734031102218,168.4218182289));
#759=CARTESIAN_POINT('Ctrl Pts',(297.056359987919,17.166659401815,161.05002734885));
#760=CARTESIAN_POINT('Ctrl Pts',(293.461895335357,16.6716223292024,153.636737882595));
#761=CARTESIAN_POINT('Ctrl Pts',(291.324551828199,16.5810333145739,149.425252382781));
#762=CARTESIAN_POINT('Ctrl Pts',(300.111986382424,18.6340185651863,171.652977360703));
#763=CARTESIAN_POINT('Ctrl Pts',(299.324410965818,17.9006192715782,168.510100680125));
#764=CARTESIAN_POINT('Ctrl Pts',(296.825730011142,16.5901160863241,161.099079454341));
#765=CARTESIAN_POINT('Ctrl Pts',(293.341086112124,16.1295339911219,153.626478969536));
#766=CARTESIAN_POINT('Ctrl Pts',(291.258631999546,16.0622380478707,149.385120865913));
#767=CARTESIAN_POINT('Ctrl Pts',(299.703552817956,18.1054356994001,171.745645909925));
#768=CARTESIAN_POINT('Ctrl Pts',(298.946250598802,17.3632641713783,168.595132474816));
#769=CARTESIAN_POINT('Ctrl Pts',(296.543433525503,16.0403834880461,161.150513231355));
#770=CARTESIAN_POINT('Ctrl Pts',(293.179281422854,15.6024040090747,153.61922809793));
#771=CARTESIAN_POINT('Ctrl Pts',(291.157305178902,15.5536449737273,149.347803838957));
#772=CARTESIAN_POINT('Ctrl Pts',(299.202697497046,17.4823520405603,171.855123351369));
#773=CARTESIAN_POINT('Ctrl Pts',(298.48103745136,16.7295055124921,168.695946344203));
#774=CARTESIAN_POINT('Ctrl Pts',(296.192670209304,15.3896946815584,161.212568689474));
#775=CARTESIAN_POINT('Ctrl Pts',(292.975348131052,14.9755258483836,153.611316016684));
#776=CARTESIAN_POINT('Ctrl Pts',(291.027155116645,14.9476804959006,149.303868082491));
#777=CARTESIAN_POINT('Ctrl Pts',(298.743379949429,17.0058632586652,171.939780190381));
#778=CARTESIAN_POINT('Ctrl Pts',(298.048728062841,16.2435464569226,168.775338001841));
#779=CARTESIAN_POINT('Ctrl Pts',(295.85335239376,14.8814026097966,161.265846746301));
#780=CARTESIAN_POINT('Ctrl Pts',(292.767412438208,14.4743818061511,153.607807333328));
#781=CARTESIAN_POINT('Ctrl Pts',(290.885495980652,14.4588913667529,149.270485546747));
#782=CARTESIAN_POINT('Ctrl Pts',(297.196422705173,15.6602147955649,172.104881716581));
#783=CARTESIAN_POINT('Ctrl Pts',(296.586194444568,14.8828135280238,168.917018955349));
#784=CARTESIAN_POINT('Ctrl Pts',(294.664437694069,13.4642223272093,161.333518727438));
#785=CARTESIAN_POINT('Ctrl Pts',(291.966188328787,12.9766174272869,153.549282673578));
#786=CARTESIAN_POINT('Ctrl Pts',(290.302333987348,12.9294393004276,149.130458272387));
#787=CARTESIAN_POINT('Ctrl Pts',(296.140628259172,14.7455978917776,172.190680996024));
#788=CARTESIAN_POINT('Ctrl Pts',(295.584403207437,13.9616829347216,168.982737485355));
#789=CARTESIAN_POINT('Ctrl Pts',(293.828504530956,12.5135173721513,161.344373570632));
#790=CARTESIAN_POINT('Ctrl Pts',(291.350633016829,11.9549092787369,153.49084339344));
#791=CARTESIAN_POINT('Ctrl Pts',(289.817810601685,11.8674519449723,149.024286792192));
#792=CARTESIAN_POINT('Ctrl Pts',(293.027740047201,12.0663590545769,172.435778797798));
#793=CARTESIAN_POINT('Ctrl Pts',(292.613021219524,11.2643988530484,169.168321770304));
#794=CARTESIAN_POINT('Ctrl Pts',(291.288365608006,9.73412237695032,161.369158367692));
#795=CARTESIAN_POINT('Ctrl Pts',(289.377625817054,8.98423366515639,153.321112914823));
#796=CARTESIAN_POINT('Ctrl Pts',(288.182648152302,8.78323917998921,148.726128733965));
#797=CARTESIAN_POINT('Ctrl Pts',(290.286793019326,9.73632704970561,172.638327160609));
#798=CARTESIAN_POINT('Ctrl Pts',(289.966862726245,8.9202957108566,169.317783115431));
#799=CARTESIAN_POINT('Ctrl Pts',(288.925309898856,7.32518883766174,161.379005325335));
#800=CARTESIAN_POINT('Ctrl Pts',(287.377500423033,6.43714874406614,153.174958765076));
#801=CARTESIAN_POINT('Ctrl Pts',(286.397282545187,6.14778989372736,148.486216154344));
#802=CARTESIAN_POINT('Ctrl Pts',(285.378008063849,5.64417460809164,172.979681813169));
#803=CARTESIAN_POINT('Ctrl Pts',(285.170190026316,4.82856083438785,169.57034848822));
#804=CARTESIAN_POINT('Ctrl Pts',(284.446849882077,3.20787092787218,161.414073235833));
#805=CARTESIAN_POINT('Ctrl Pts',(283.291867184085,2.22527896137455,152.988784640953));
#806=CARTESIAN_POINT('Ctrl Pts',(282.544087158416,1.86618523221597,148.17441473796));
#807=CARTESIAN_POINT('Ctrl Pts',(282.539155515056,3.32434054045021,173.166504803162));
#808=CARTESIAN_POINT('Ctrl Pts',(282.366576932972,2.52693093081866,169.71032616797));
#809=CARTESIAN_POINT('Ctrl Pts',(281.730331464341,0.953530530800448,161.449777795395));
#810=CARTESIAN_POINT('Ctrl Pts',(280.669899164972,0.014289276789096,152.933506219697));
#811=CARTESIAN_POINT('Ctrl Pts',(279.978584187914,-0.328144108830729,148.071709179481));
#812=CARTESIAN_POINT('Ctrl Pts',(270.064006113275,-6.70892869621396,173.963004327266));
#813=CARTESIAN_POINT('Ctrl Pts',(270.019905619575,-7.30332258340663,170.316743775118));
#814=CARTESIAN_POINT('Ctrl Pts',(269.687019447372,-8.25318604585308,161.673055104639));
#815=CARTESIAN_POINT('Ctrl Pts',(268.96518603986,-8.41203708293982,152.883931925972));
#816=CARTESIAN_POINT('Ctrl Pts',(268.491073708755,-8.33907857299866,147.889206119418));
#817=CARTESIAN_POINT('Ctrl Pts',(256.331792057203,-17.7589826260334,174.850156914213));
#818=CARTESIAN_POINT('Ctrl Pts',(256.451471565698,-18.1242789164433,170.99476339543));
#819=CARTESIAN_POINT('Ctrl Pts',(256.539299051923,-18.3705836920784,161.920185946747));
#820=CARTESIAN_POINT('Ctrl Pts',(256.304653046559,-17.6435991297479,152.810316821199));
#821=CARTESIAN_POINT('Ctrl Pts',(256.118608630132,-17.0967521272005,147.65694531792));
#822=CARTESIAN_POINT('Ctrl Pts',(232.3150531545,-37.111870600577,176.42235173333));
#823=CARTESIAN_POINT('Ctrl Pts',(232.740461839688,-37.0991679372786,172.202858790963));
#824=CARTESIAN_POINT('Ctrl Pts',(233.646992274146,-36.2141848783828,162.354811819825));
#825=CARTESIAN_POINT('Ctrl Pts',(234.356958921776,-34.0484252309359,152.637790414701));
#826=CARTESIAN_POINT('Ctrl Pts',(234.696609599627,-32.6985682862123,147.184511369931));
#827=CARTESIAN_POINT('Ctrl Pts',(218.596099658064,-48.182290531066,177.329806153904));
#828=CARTESIAN_POINT('Ctrl Pts',(219.202964269021,-47.9694947918863,172.902337769788));
#829=CARTESIAN_POINT('Ctrl Pts',(220.605587929473,-46.506986614261,162.598800984177));
#830=CARTESIAN_POINT('Ctrl Pts',(221.885382975212,-43.5960232407109,152.50739694175));
#831=CARTESIAN_POINT('Ctrl Pts',(222.532382676557,-41.8050699435621,146.870597434134));
#832=CARTESIAN_POINT('Ctrl Pts',(206.541068934478,-57.9163460084757,178.126927873062));
#833=CARTESIAN_POINT('Ctrl Pts',(207.296519762212,-57.5452112301313,173.513567148813));
#834=CARTESIAN_POINT('Ctrl Pts',(209.093592495218,-55.64216334571,162.791844524136));
#835=CARTESIAN_POINT('Ctrl Pts',(210.814169452175,-52.1532609993625,152.339911465027));
#836=CARTESIAN_POINT('Ctrl Pts',(211.701913477386,-50.0015894805706,146.527544824974));
#837=CARTESIAN_POINT('Ctrl Pts',(204.769516032926,-59.3274579965619,178.24114982264));
#838=CARTESIAN_POINT('Ctrl Pts',(205.533427461183,-58.9269477346056,173.60187909498));
#839=CARTESIAN_POINT('Ctrl Pts',(207.342471837711,-56.9391196852125,162.823295724355));
#840=CARTESIAN_POINT('Ctrl Pts',(209.057669814165,-53.3359604286514,152.323094995254));
#841=CARTESIAN_POINT('Ctrl Pts',(209.939845572781,-51.1141617521668,146.489031178179));
#842=CARTESIAN_POINT('Ctrl Pts',(201.950728153237,-61.5440701825425,178.42294815586));
#843=CARTESIAN_POINT('Ctrl Pts',(202.722639218072,-61.0764842261243,173.747340393101));
#844=CARTESIAN_POINT('Ctrl Pts',(204.531590434945,-58.8866330576906,162.897526262359));
#845=CARTESIAN_POINT('Ctrl Pts',(206.205893056197,-55.0070990356515,152.352569168028));
#846=CARTESIAN_POINT('Ctrl Pts',(207.062125289751,-52.6192079467352,146.504647074556));
#847=CARTESIAN_POINT('Ctrl Pts',(200.906026406032,-62.3594035297181,178.490332082205));
#848=CARTESIAN_POINT('Ctrl Pts',(201.679732260828,-61.8625746789723,173.802303371898));
#849=CARTESIAN_POINT('Ctrl Pts',(203.484527522096,-59.5833453138419,162.930221351723));
#850=CARTESIAN_POINT('Ctrl Pts',(205.136688556917,-55.5808882849158,152.375615206851));
#851=CARTESIAN_POINT('Ctrl Pts',(205.979668742519,-53.1196674817481,146.527044704728));
#852=CARTESIAN_POINT('Ctrl Pts',(199.515387808177,-63.4371888409419,178.580257745089));
#853=CARTESIAN_POINT('Ctrl Pts',(200.291123609198,-62.8952502152815,173.877028193006));
#854=CARTESIAN_POINT('Ctrl Pts',(202.08883164853,-60.4767197074023,162.980450125021));
#855=CARTESIAN_POINT('Ctrl Pts',(203.707117130594,-56.2816835822503,152.422158814061));
#856=CARTESIAN_POINT('Ctrl Pts',(204.530779594324,-53.7062329293086,146.578996588893));
#857=CARTESIAN_POINT('Ctrl Pts',(199.169675114499,-63.7045084917972,178.602631847001));
#858=CARTESIAN_POINT('Ctrl Pts',(199.945886377214,-63.1508493132872,173.895732338955));
#859=CARTESIAN_POINT('Ctrl Pts',(201.741704832752,-60.696020711094,162.993485684078));
#860=CARTESIAN_POINT('Ctrl Pts',(203.35120816797,-56.4507308104456,152.435031833019));
#861=CARTESIAN_POINT('Ctrl Pts',(204.169934314902,-53.8455233347045,146.593729379798));
#862=CARTESIAN_POINT('Ctrl Pts',(198.722822987256,-64.0493109085369,178.625178621143));
#863=CARTESIAN_POINT('Ctrl Pts',(199.498853950065,-63.4799609454533,173.912674486618));
#864=CARTESIAN_POINT('Ctrl Pts',(201.291676545326,-60.9743784072612,163.002584479674));
#865=CARTESIAN_POINT('Ctrl Pts',(202.894440787714,-56.658502735225,152.447672656476));
#866=CARTESIAN_POINT('Ctrl Pts',(203.710274072451,-54.0128313897825,146.610772125237));
#867=CARTESIAN_POINT('Ctrl Pts',(198.620363621931,-64.1257162494012,178.625140359196));
#868=CARTESIAN_POINT('Ctrl Pts',(199.395745735883,-63.5528375346389,173.910649960055));
#869=CARTESIAN_POINT('Ctrl Pts',(201.187697158276,-61.0344544266872,162.998161761362));
#870=CARTESIAN_POINT('Ctrl Pts',(202.793106445523,-56.7009783770933,152.446310037054));
#871=CARTESIAN_POINT('Ctrl Pts',(203.611193726583,-54.0461616114816,146.611456152028));
#872=CARTESIAN_POINT('Ctrl Pts',(198.108788575906,-64.4941049764412,178.624034139757));
#873=CARTESIAN_POINT('Ctrl Pts',(198.881045103768,-63.903478109652,173.900025293334));
#874=CARTESIAN_POINT('Ctrl Pts',(200.669785630591,-61.3218991654749,162.976614948055));
#875=CARTESIAN_POINT('Ctrl Pts',(202.290021110797,-56.9032585400545,152.440353035118));
#876=CARTESIAN_POINT('Ctrl Pts',(203.12001309421,-54.2042674147875,146.615728015941));
#877=CARTESIAN_POINT('Ctrl Pts',(197.681542821335,-64.7611301271519,178.620271877582));
#878=CARTESIAN_POINT('Ctrl Pts',(198.451550810706,-64.1552658549264,173.889557889495));
#879=CARTESIAN_POINT('Ctrl Pts',(200.241190017288,-61.5231254761816,162.960314303382));
#880=CARTESIAN_POINT('Ctrl Pts',(201.878799429514,-57.0418086921292,152.438008017269));
#881=CARTESIAN_POINT('Ctrl Pts',(202.720740419126,-54.3105476122163,146.621951159281));
#882=CARTESIAN_POINT('Ctrl Pts',(195.662566705232,-65.8469152755291,178.597503102274));
#883=CARTESIAN_POINT('Ctrl Pts',(196.43854591007,-65.160412014342,173.844741819371));
#884=CARTESIAN_POINT('Ctrl Pts',(198.262728917835,-62.3015962011799,162.907272649389));
#885=CARTESIAN_POINT('Ctrl Pts',(199.984054641491,-57.5684695615718,152.447216499257));
#886=CARTESIAN_POINT('Ctrl Pts',(200.879921528617,-54.7051815321461,146.669250316115));
#887=CARTESIAN_POINT('Ctrl Pts',(193.906705417334,-66.3521218537744,178.567278526923));
#888=CARTESIAN_POINT('Ctrl Pts',(194.709134236471,-65.610858806861,173.81346363172));
#889=CARTESIAN_POINT('Ctrl Pts',(196.610859121148,-62.6077944569053,162.900198568751));
#890=CARTESIAN_POINT('Ctrl Pts',(198.43606687953,-57.7280235065666,152.497618375148));
#891=CARTESIAN_POINT('Ctrl Pts',(199.391572425368,-54.7880840857812,146.751471039049));
#892=CARTESIAN_POINT('Ctrl Pts',(190.397975241989,-66.5988751237903,178.485950370544));
#893=CARTESIAN_POINT('Ctrl Pts',(191.269238347898,-65.7861054297319,173.760295629211));
#894=CARTESIAN_POINT('Ctrl Pts',(193.362350348846,-62.5996898225216,162.944406896871));
#895=CARTESIAN_POINT('Ctrl Pts',(195.418177910584,-57.5379346896511,152.668105611149));
#896=CARTESIAN_POINT('Ctrl Pts',(196.503132885908,-54.502334879028,146.988494127883));
#897=CARTESIAN_POINT('Ctrl Pts',(188.648192544349,-66.3627970382208,178.435362512879));
#898=CARTESIAN_POINT('Ctrl Pts',(189.560940725722,-65.5324193715678,173.737893714409));
#899=CARTESIAN_POINT('Ctrl Pts',(191.765783955595,-62.3038392992162,162.993420728447));
#900=CARTESIAN_POINT('Ctrl Pts',(193.947543883343,-57.2031920106212,152.785799478361));
#901=CARTESIAN_POINT('Ctrl Pts',(195.10192612657,-54.14682923885,147.140894557623));
#902=CARTESIAN_POINT('Ctrl Pts',(186.111280749922,-65.4806809955685,178.344172919226));
#903=CARTESIAN_POINT('Ctrl Pts',(187.080620559304,-64.6521876572218,173.707334832534));
#904=CARTESIAN_POINT('Ctrl Pts',(189.441379836715,-61.4309332767135,163.099469792101));
#905=CARTESIAN_POINT('Ctrl Pts',(191.80312804673,-56.3400091914353,153.007259110394));
#906=CARTESIAN_POINT('Ctrl Pts',(193.057313159562,-53.2885242305738,147.419663296552));
#907=CARTESIAN_POINT('Ctrl Pts',(185.242693703777,-65.065533029087,178.309189154461));
#908=CARTESIAN_POINT('Ctrl Pts',(186.230627815753,-64.243265328649,173.697211106156));
#909=CARTESIAN_POINT('Ctrl Pts',(188.643507766673,-61.038655676609,163.143069544419));
#910=CARTESIAN_POINT('Ctrl Pts',(191.066384672694,-55.965037083739,153.093762314784));
#911=CARTESIAN_POINT('Ctrl Pts',(192.354599312652,-52.9225271385948,147.52727372625));
#912=CARTESIAN_POINT('Ctrl Pts',(184.339702654699,-64.5041471148065,178.268227405586));
#913=CARTESIAN_POINT('Ctrl Pts',(185.344361076495,-63.6941191684059,173.686569118462));
#914=CARTESIAN_POINT('Ctrl Pts',(187.806718924149,-60.5213156835002,163.196312263475));
#915=CARTESIAN_POINT('Ctrl Pts',(190.290710757054,-55.4802203856887,153.196557402282));
#916=CARTESIAN_POINT('Ctrl Pts',(191.613255579972,-52.4548180720308,147.654346468787));
#917=CARTESIAN_POINT('Ctrl Pts',(184.249873729902,-64.4467566300006,178.26409809351));
#918=CARTESIAN_POINT('Ctrl Pts',(185.256165723229,-63.6380131579077,173.685509063975));
#919=CARTESIAN_POINT('Ctrl Pts',(187.723390324959,-60.4685453827963,163.201703232409));
#920=CARTESIAN_POINT('Ctrl Pts',(190.213431686513,-55.4308605806907,153.206936864088));
#921=CARTESIAN_POINT('Ctrl Pts',(191.539379601473,-52.4072521677136,147.66716877718));
#922=CARTESIAN_POINT('Ctrl Pts',(184.160751862175,-64.3882625687703,178.259946223556));
#923=CARTESIAN_POINT('Ctrl Pts',(185.16863172336,-63.5808606593557,173.684455608157));
#924=CARTESIAN_POINT('Ctrl Pts',(187.640625119842,-60.4148729649235,163.207146641979));
#925=CARTESIAN_POINT('Ctrl Pts',(190.136636807651,-55.3807447151794,153.217390219513));
#926=CARTESIAN_POINT('Ctrl Pts',(191.465947538254,-52.3590084275613,147.680074495748));
#927=CARTESIAN_POINT('',(190.380454519294,-53.224189409883,150.052705034403));
#928=CARTESIAN_POINT('',(187.246946039465,-59.2314953898742,162.613009193458));
#929=CARTESIAN_POINT('Ctrl Pts',(190.380625228275,-53.2239447348233,150.052698366054));
#930=CARTESIAN_POINT('Ctrl Pts',(189.366200159523,-55.4022195926523,154.150875718885));
#931=CARTESIAN_POINT('Ctrl Pts',(188.307066221821,-57.4667102611045,158.339275795429));
#932=CARTESIAN_POINT('Ctrl Pts',(187.246369729814,-59.2323379219632,162.6128888105));
#933=CARTESIAN_POINT('',(190.91719436805,-53.5854853148955,149.954202647671));
#934=CARTESIAN_POINT('Ctrl Pts',(190.917194362251,-53.5854853237143,149.954202646848));
#935=CARTESIAN_POINT('Ctrl Pts',(190.873336182833,-53.5573768699592,149.962042186521));
#936=CARTESIAN_POINT('Ctrl Pts',(190.829628712163,-53.5290206286446,149.96990576941));
#937=CARTESIAN_POINT('Ctrl Pts',(190.786074247573,-53.5004176033782,149.977793054265));
#938=CARTESIAN_POINT('Ctrl Pts',(190.678445670307,-53.4297359191029,149.997283530278));
#939=CARTESIAN_POINT('Ctrl Pts',(190.571751429723,-53.3575472385747,150.016918743409));
#940=CARTESIAN_POINT('Ctrl Pts',(190.466026309745,-53.2838665524834,150.036693557138));
#941=CARTESIAN_POINT('Ctrl Pts',(190.439516750861,-53.2653918277729,150.041651901845));
#942=CARTESIAN_POINT('Ctrl Pts',(190.412401949198,-53.2466413345127,150.046701832545));
#943=CARTESIAN_POINT('Ctrl Pts',(190.380454519294,-53.2241894098831,150.052705034403));
#944=CARTESIAN_POINT('',(190.215936326868,-55.0902310696038,152.833265672004));
#945=CARTESIAN_POINT('Ctrl Pts',(190.215936326868,-55.0902310696038,152.833265672004));
#946=CARTESIAN_POINT('Ctrl Pts',(190.451734120159,-54.5963022183135,151.868652655438));
#947=CARTESIAN_POINT('Ctrl Pts',(190.685638271981,-54.0939540224161,150.908935568262));
#948=CARTESIAN_POINT('Ctrl Pts',(190.917124734742,-53.5855107149133,149.954173980528));
#949=CARTESIAN_POINT('',(187.848070173803,-59.6055695119064,162.507215291551));
#950=CARTESIAN_POINT('Ctrl Pts',(187.846745783421,-59.6075515682384,162.506985526342));
#951=CARTESIAN_POINT('Ctrl Pts',(188.644536430464,-58.2479564241698,159.230871597863));
#952=CARTESIAN_POINT('Ctrl Pts',(189.440486201654,-56.7146299389381,156.005591164459));
#953=CARTESIAN_POINT('Ctrl Pts',(190.215955133509,-55.0902433586436,152.833263085346));
#954=CARTESIAN_POINT('Ctrl Pts',(187.246946039465,-59.2314953898741,162.613009193458));
#955=CARTESIAN_POINT('Ctrl Pts',(187.439571287736,-59.3582652942102,162.578086785003));
#956=CARTESIAN_POINT('Ctrl Pts',(187.640126679525,-59.4832995076431,162.542756243109));
#957=CARTESIAN_POINT('Ctrl Pts',(187.848070173803,-59.6055695119064,162.507215291551));
#958=CARTESIAN_POINT('Origin',(237.29121163638,-10.4371014499825,152.452653068779));
#959=CARTESIAN_POINT('Ctrl Pts',(190.380454519294,-53.2241894098831,150.052705034403));
#960=CARTESIAN_POINT('Ctrl Pts',(190.313667301325,-53.1772528773183,150.065254937547));
#961=CARTESIAN_POINT('Ctrl Pts',(190.225759872866,-53.1141398449841,150.08197095621));
#962=CARTESIAN_POINT('Ctrl Pts',(190.078109400448,-53.0035522905522,150.110725739549));
#963=CARTESIAN_POINT('Ctrl Pts',(190.014709844398,-52.9560671606996,150.123072740328));
#964=CARTESIAN_POINT('Ctrl Pts',(189.94269873606,-52.9013167693763,150.137217540232));
#965=CARTESIAN_POINT('Ctrl Pts',(189.861750310894,-52.8381879827844,150.153352250915));
#966=CARTESIAN_POINT('Ctrl Pts',(189.546852077087,-52.5926100934165,150.216118041434));
#967=CARTESIAN_POINT('Ctrl Pts',(189.091606121717,-52.2229516069354,150.309023679578));
#968=CARTESIAN_POINT('Ctrl Pts',(188.525805114442,-51.6193823596175,150.445829955983));
#969=CARTESIAN_POINT('Ctrl Pts',(188.1930663906,-51.264432724463,150.526283587629));
#970=CARTESIAN_POINT('Ctrl Pts',(187.809169405643,-50.8417727369861,150.621051740595));
#971=CARTESIAN_POINT('Ctrl Pts',(187.374498773582,-50.3332200747277,150.732793901373));
#972=CARTESIAN_POINT('Ctrl Pts',(187.157163457552,-50.0789437435985,150.788664981761));
#973=CARTESIAN_POINT('Ctrl Pts',(186.927216304126,-49.8031426647593,150.848780358442));
#974=CARTESIAN_POINT('Ctrl Pts',(186.685292117068,-49.5032355537895,150.913468929405));
#975=CARTESIAN_POINT('Ctrl Pts',(186.534035222919,-49.3157263233553,150.953913799552));
#976=CARTESIAN_POINT('Ctrl Pts',(186.378104897219,-49.1187898462945,150.996146249192));
#977=CARTESIAN_POINT('Ctrl Pts',(186.217750677521,-48.9117543368295,151.040244802381));
#978=CARTESIAN_POINT('Ctrl Pts',(186.12163021248,-48.7876518998156,151.066678615274));
#979=CARTESIAN_POINT('Ctrl Pts',(186.011609044418,-48.6435378182043,151.097240817036));
#980=CARTESIAN_POINT('Ctrl Pts',(185.931103757374,-48.5369036356677,151.119778978847));
#981=CARTESIAN_POINT('Ctrl Pts',(185.914277785035,-48.5146166049437,151.124489557508));
#982=CARTESIAN_POINT('Ctrl Pts',(185.899727098353,-48.49534493579,151.128562912163));
#983=CARTESIAN_POINT('Ctrl Pts',(185.888883235618,-48.4809832723569,151.131598495529));
#984=CARTESIAN_POINT('Ctrl Pts',(185.843958386998,-48.4214845889542,151.144174560588));
#985=CARTESIAN_POINT('Ctrl Pts',(185.800254970605,-48.3638752852399,151.156368478977));
#986=CARTESIAN_POINT('Ctrl Pts',(185.755719949047,-48.3054403203303,151.168754375092));
#987=CARTESIAN_POINT('Ctrl Pts',(185.62180310255,-48.129726332728,151.205998774909));
#988=CARTESIAN_POINT('Ctrl Pts',(185.486818832871,-47.9549195582341,151.243198392324));
#989=CARTESIAN_POINT('Ctrl Pts',(185.337337224233,-47.7644698171661,151.283929690605));
#990=CARTESIAN_POINT('Ctrl Pts',(184.843139343219,-47.1348280884408,151.418590546112));
#991=CARTESIAN_POINT('Ctrl Pts',(184.270543569023,-46.3516054780763,151.582562892796));
#992=CARTESIAN_POINT('Ctrl Pts',(183.621043249523,-45.178054230716,151.81077004591));
#993=CARTESIAN_POINT('Ctrl Pts',(183.151289927136,-44.32927928652,151.975821648118));
#994=CARTESIAN_POINT('Ctrl Pts',(182.653464955344,-43.2636995003544,152.175323749268));
#995=CARTESIAN_POINT('Ctrl Pts',(182.264129894987,-42.1033397526037,152.379758372839));
#996=CARTESIAN_POINT('Ctrl Pts',(181.969448405098,-41.2250819893285,152.534491674801));
#997=CARTESIAN_POINT('Ctrl Pts',(181.770206341084,-40.2784320168018,152.691345532232));
#998=CARTESIAN_POINT('Ctrl Pts',(181.678559796611,-39.4501693047972,152.821649267564));
#999=CARTESIAN_POINT('Ctrl Pts',(181.59626358538,-38.7064109504265,152.938658629876));
#1000=CARTESIAN_POINT('Ctrl Pts',(181.588514822752,-38.030668167554,153.039346672629));
#1001=CARTESIAN_POINT('Ctrl Pts',(181.616297929498,-37.451373801019,153.122776319832));
#1002=CARTESIAN_POINT('Ctrl Pts',(181.652895526697,-36.6882920449298,153.232674922987));
#1003=CARTESIAN_POINT('Ctrl Pts',(181.751231173479,-36.0885549027824,153.313213828562));
#1004=CARTESIAN_POINT('Ctrl Pts',(181.884646122031,-35.5081294604815,153.387951751764));
#1005=CARTESIAN_POINT('Ctrl Pts',(182.074286781717,-34.6830924989519,153.494186841711));
#1006=CARTESIAN_POINT('Ctrl Pts',(182.333052448867,-33.9448777914322,153.581771208584));
#1007=CARTESIAN_POINT('Ctrl Pts',(182.693553784734,-33.1817527628532,153.664510939026));
#1008=CARTESIAN_POINT('Ctrl Pts',(183.163357646187,-32.1872513573734,153.772337016185));
#1009=CARTESIAN_POINT('Ctrl Pts',(183.741052064128,-31.0674998927957,153.889656730262));
#1010=CARTESIAN_POINT('Ctrl Pts',(184.345942496001,-30.0117906139023,153.995214639581));
#1011=CARTESIAN_POINT('Ctrl Pts',(185.787651678104,-27.4955898594997,154.246803686274));
#1012=CARTESIAN_POINT('Ctrl Pts',(187.480640278793,-25.1184883603155,154.456725835717));
#1013=CARTESIAN_POINT('Ctrl Pts',(189.408241164114,-22.9633730057558,154.614108210357));
#1014=CARTESIAN_POINT('Ctrl Pts',(190.372041606775,-21.885815328476,154.692799397677));
#1015=CARTESIAN_POINT('Ctrl Pts',(191.39553086737,-20.8618098819745,154.758556613338));
#1016=CARTESIAN_POINT('Ctrl Pts',(192.478579339568,-19.8980808195377,154.810395271566));
#1017=CARTESIAN_POINT('Ctrl Pts',(193.060271413477,-19.380473739701,154.838237180204));
#1018=CARTESIAN_POINT('Ctrl Pts',(193.659143368526,-18.8802539334777,154.862064197208));
#1019=CARTESIAN_POINT('Ctrl Pts',(194.275166927431,-18.3984523783883,154.881726066396));
#1020=CARTESIAN_POINT('Ctrl Pts',(194.699892832432,-18.0662676777257,154.895282212203));
#1021=CARTESIAN_POINT('Ctrl Pts',(195.108353327471,-17.7598352291835,154.906390102114));
#1022=CARTESIAN_POINT('Ctrl Pts',(195.590647674939,-17.4164900284415,154.916770296778));
#1023=CARTESIAN_POINT('Ctrl Pts',(195.711265647738,-17.3306221299245,154.919366300742));
#1024=CARTESIAN_POINT('Ctrl Pts',(195.838605535387,-17.2410538442621,154.92194636057));
#1025=CARTESIAN_POINT('Ctrl Pts',(195.97646764016,-17.1455868299247,154.924517197504));
#1026=CARTESIAN_POINT('Ctrl Pts',(196.741798487909,-16.615609058767,154.938789000574));
#1027=CARTESIAN_POINT('Ctrl Pts',(197.81143520124,-15.8752577751646,154.95868323643));
#1028=CARTESIAN_POINT('Ctrl Pts',(199.797765402379,-14.4931890100137,154.996696883335));
#1029=CARTESIAN_POINT('Ctrl Pts',(200.627134534124,-13.9161222307304,155.012569040598));
#1030=CARTESIAN_POINT('Ctrl Pts',(201.616235622178,-13.2270777094685,155.031622123541));
#1031=CARTESIAN_POINT('Ctrl Pts',(202.80902727783,-12.3937771720821,155.054947928323));
#1032=CARTESIAN_POINT('Ctrl Pts',(203.838992954441,-11.6742290869307,155.075089566798));
#1033=CARTESIAN_POINT('Ctrl Pts',(205.065216967372,-10.8157822881783,155.09933415162));
#1034=CARTESIAN_POINT('Ctrl Pts',(206.242084515404,-9.98957183221361,155.122945857066));
#1035=CARTESIAN_POINT('Ctrl Pts',(216.396793447681,-2.8605395879674,155.326681610168));
#1036=CARTESIAN_POINT('Ctrl Pts',(226.02245705628,4.05596013952826,155.543323839835));
#1037=CARTESIAN_POINT('Ctrl Pts',(236.05045654156,11.4405231016869,155.795515730996));
#1038=CARTESIAN_POINT('Ctrl Pts',(239.729964182848,14.1500920328302,155.888050836524));
#1039=CARTESIAN_POINT('Ctrl Pts',(243.384977941906,16.8649002334061,155.983415834838));
#1040=CARTESIAN_POINT('Ctrl Pts',(247.035942393329,19.5964020078939,156.081591788438));
#1041=CARTESIAN_POINT('Ctrl Pts',(248.459318274554,20.6613134298094,156.119866958282));
#1042=CARTESIAN_POINT('Ctrl Pts',(249.883044277086,21.7294738659974,156.158593753889));
#1043=CARTESIAN_POINT('Ctrl Pts',(251.3094836494,22.8024098772402,156.197799968241));
#1044=CARTESIAN_POINT('Ctrl Pts',(252.37559037664,23.6043116767044,156.227102306413));
#1045=CARTESIAN_POINT('Ctrl Pts',(253.445411974826,24.4106404435962,156.256748460564));
#1046=CARTESIAN_POINT('Ctrl Pts',(254.394137864151,25.1267718518945,156.283197736707));
#1047=CARTESIAN_POINT('Ctrl Pts',(257.793774784705,27.6929364343226,156.377975308087));
#1048=CARTESIAN_POINT('Ctrl Pts',(260.020082142003,29.3855496827346,156.44183602099));
#1049=CARTESIAN_POINT('Ctrl Pts',(260.852015725293,30.0175324435349,156.465622961717));
#1050=CARTESIAN_POINT('Ctrl Pts',(261.063546304754,30.1782227706076,156.471671119234));
#1051=CARTESIAN_POINT('Ctrl Pts',(261.182301631606,30.2663392343609,156.474756221886));
#1052=CARTESIAN_POINT('Ctrl Pts',(261.33158012566,30.3763462993816,156.478522119884));
#1053=CARTESIAN_POINT('Ctrl Pts',(262.809490385961,31.4654554247769,156.51580585138));
#1054=CARTESIAN_POINT('Ctrl Pts',(264.344788425207,32.445260013346,156.532094924793));
#1055=CARTESIAN_POINT('Ctrl Pts',(265.936504339559,33.3376200979732,156.530706882633));
#1056=CARTESIAN_POINT('Ctrl Pts',(267.001024682043,33.9344197243017,156.529778576832));
#1057=CARTESIAN_POINT('Ctrl Pts',(268.090841237715,34.4920153528794,156.520924889103));
#1058=CARTESIAN_POINT('Ctrl Pts',(269.205752799664,35.0167618530031,156.505103480526));
#1059=CARTESIAN_POINT('Ctrl Pts',(269.757904238228,35.2766385506837,156.497268048727));
#1060=CARTESIAN_POINT('Ctrl Pts',(270.33043197525,35.5336674015287,156.487302089649));
#1061=CARTESIAN_POINT('Ctrl Pts',(270.789067237574,35.7332911691214,156.478389755971));
#1062=CARTESIAN_POINT('Ctrl Pts',(271.415092571526,36.0057724762475,156.466224649783));
#1063=CARTESIAN_POINT('Ctrl Pts',(271.914703202019,36.1792554892483,156.450005854806));
#1064=CARTESIAN_POINT('Ctrl Pts',(272.45214355108,36.3355289010381,156.428066602913));
#1065=CARTESIAN_POINT('Ctrl Pts',(273.388223922826,36.6077162677997,156.3898541704));
#1066=CARTESIAN_POINT('Ctrl Pts',(274.393883442312,36.8019301220997,156.334262910287));
#1067=CARTESIAN_POINT('Ctrl Pts',(275.384792012472,36.8884035169287,156.263958698505));
#1068=CARTESIAN_POINT('Ctrl Pts',(277.456058552784,37.0691562672128,156.117003907827));
#1069=CARTESIAN_POINT('Ctrl Pts',(279.572165969192,36.7950524057007,155.898950601952));
#1070=CARTESIAN_POINT('Ctrl Pts',(281.499024035237,36.0507104855952,155.627154449974));
#1071=CARTESIAN_POINT('Ctrl Pts',(282.43178224558,35.6903876110068,155.495582697614));
#1072=CARTESIAN_POINT('Ctrl Pts',(283.351660371945,35.1933092103167,155.344845644947));
#1073=CARTESIAN_POINT('Ctrl Pts',(284.066968642579,34.7099096975569,155.213290579754));
#1074=CARTESIAN_POINT('Ctrl Pts',(284.426961832193,34.4666292273029,155.147082862783));
#1075=CARTESIAN_POINT('Ctrl Pts',(284.748296404119,34.2232727799391,155.084106133307));
#1076=CARTESIAN_POINT('Ctrl Pts',(285.042533234168,33.9806941139718,155.023517191439));
#1077=CARTESIAN_POINT('Ctrl Pts',(285.550326827683,33.5620521224812,154.91895286306));
#1078=CARTESIAN_POINT('Ctrl Pts',(285.971184351252,33.13738722358,154.820788079275));
#1079=CARTESIAN_POINT('Ctrl Pts',(286.343652599242,32.700563735394,154.724881645955));
#1080=CARTESIAN_POINT('Ctrl Pts',(287.075605425075,31.8421437538547,154.536411930047));
#1081=CARTESIAN_POINT('Ctrl Pts',(287.751281812445,30.982599363958,154.352495567927));
#1082=CARTESIAN_POINT('Ctrl Pts',(288.230859642928,30.342686625931,154.217540333706));
#1083=CARTESIAN_POINT('Ctrl Pts',(288.472947543424,30.0196626631813,154.1494157724));
#1084=CARTESIAN_POINT('Ctrl Pts',(288.672131018779,29.7451920968996,154.09207746673));
#1085=CARTESIAN_POINT('Ctrl Pts',(288.825313056508,29.531188883915,154.047548921503));
#1086=CARTESIAN_POINT('Ctrl Pts',(288.839475332187,29.5114034538251,154.043432084161));
#1087=CARTESIAN_POINT('Ctrl Pts',(288.85326045308,29.4921463473475,154.039425092146));
#1088=CARTESIAN_POINT('Ctrl Pts',(288.866663068979,29.4734248147584,154.035529467515));
#1089=CARTESIAN_POINT('Ctrl Pts',(289.02107194966,29.2577377493786,153.990648748457));
#1090=CARTESIAN_POINT('Ctrl Pts',(289.136551603332,29.1003086073505,153.95765756711));
#1091=CARTESIAN_POINT('Ctrl Pts',(289.268238306326,28.9233724780153,153.920419277753));
#1092=CARTESIAN_POINT('Ctrl Pts',(289.31373555275,28.8622417298482,153.907553592846));
#1093=CARTESIAN_POINT('Ctrl Pts',(289.35941452317,28.8012548125459,153.89469396002));
#1094=CARTESIAN_POINT('Ctrl Pts',(289.405408640906,28.7402306553728,153.881802383246));
#1095=CARTESIAN_POINT('Ctrl Pts',(289.877349279663,28.1140684169333,153.749523316332));
#1096=CARTESIAN_POINT('Ctrl Pts',(290.329308205456,27.4461747226561,153.612742083986));
#1097=CARTESIAN_POINT('Ctrl Pts',(290.836570435493,26.4976463079797,153.42977698914));
#1098=CARTESIAN_POINT('Ctrl Pts',(291.138368744153,25.9333143819776,153.320920951969));
#1099=CARTESIAN_POINT('Ctrl Pts',(291.498343122487,25.1826807209845,153.179605341529));
#1100=CARTESIAN_POINT('Ctrl Pts',(291.826678788786,24.2963349127071,153.020852150016));
#1101=CARTESIAN_POINT('Ctrl Pts',(291.991720398277,23.8508032395501,152.941053075689));
#1102=CARTESIAN_POINT('Ctrl Pts',(292.148781037251,23.3718298187793,152.856972576402));
#1103=CARTESIAN_POINT('Ctrl Pts',(292.289095149096,22.867048271602,152.770475900004));
#1104=CARTESIAN_POINT('Ctrl Pts',(292.649701777801,21.5697619932174,152.548179835409));
#1105=CARTESIAN_POINT('Ctrl Pts',(292.832628249601,20.093520330002,152.314292641783));
#1106=CARTESIAN_POINT('Ctrl Pts',(292.769932439391,18.6520718369495,152.106156231735));
#1107=CARTESIAN_POINT('Ctrl Pts',(292.762932409005,18.491133120024,152.082917658216));
#1108=CARTESIAN_POINT('Ctrl Pts',(292.753068273887,18.3303259110787,152.059938761172));
#1109=CARTESIAN_POINT('Ctrl Pts',(292.740351965,18.1698030176461,152.037241161869));
#1110=CARTESIAN_POINT('Ctrl Pts',(292.683328658851,17.4499757330699,151.935459098746));
#1111=CARTESIAN_POINT('Ctrl Pts',(292.570305941806,16.7601931738894,151.842821489707));
#1112=CARTESIAN_POINT('Ctrl Pts',(292.380181257216,16.0369442531894,151.751695877228));
#1113=CARTESIAN_POINT('Ctrl Pts',(292.231311177786,15.4706310229827,151.680343347717));
#1114=CARTESIAN_POINT('Ctrl Pts',(292.036883355311,14.8416112972176,151.603528490463));
#1115=CARTESIAN_POINT('Ctrl Pts',(291.639762091774,14.0103956305872,151.513779754206));
#1116=CARTESIAN_POINT('Ctrl Pts',(291.395166028724,13.4984309027549,151.458501456196));
#1117=CARTESIAN_POINT('Ctrl Pts',(291.096079981499,12.900489274585,151.39506497073));
#1118=CARTESIAN_POINT('Ctrl Pts',(290.703651622112,12.1853434271419,151.322105831273));
#1119=CARTESIAN_POINT('Ctrl Pts',(290.376083641855,11.5883965571379,151.2612053449));
#1120=CARTESIAN_POINT('Ctrl Pts',(290.026230569875,10.9904613503567,151.202027557723));
#1121=CARTESIAN_POINT('Ctrl Pts',(289.663128631089,10.4068731984703,151.146084895012));
#1122=CARTESIAN_POINT('Ctrl Pts',(288.069025439032,7.84478350300113,150.900483404978));
#1123=CARTESIAN_POINT('Ctrl Pts',(286.168082198866,5.46542759712323,150.707668325956));
#1124=CARTESIAN_POINT('Ctrl Pts',(284.038813805668,3.31163064500172,150.567394655287));
#1125=CARTESIAN_POINT('Ctrl Pts',(283.398754719318,2.66419826223512,150.525228323521));
#1126=CARTESIAN_POINT('Ctrl Pts',(282.752983060604,2.05410896188752,150.489069432408));
#1127=CARTESIAN_POINT('Ctrl Pts',(282.162100702982,1.52397783271979,150.460144215294));
#1128=CARTESIAN_POINT('Ctrl Pts',(280.787309648548,0.290535126814437,150.392844643353));
#1129=CARTESIAN_POINT('Ctrl Pts',(279.597625196373,-0.648594859140675,150.353591062182));
#1130=CARTESIAN_POINT('Ctrl Pts',(278.199730580585,-1.63821345885889,150.324325303792));
#1131=CARTESIAN_POINT('Ctrl Pts',(277.508519521982,-2.12754599666162,150.309854387595));
#1132=CARTESIAN_POINT('Ctrl Pts',(276.761607136376,-2.65670285308637,150.294159387794));
#1133=CARTESIAN_POINT('Ctrl Pts',(275.960945574292,-3.22455194906826,150.277244175709));
#1134=CARTESIAN_POINT('Ctrl Pts',(269.951084560876,-7.4868948727884,150.150276579843));
#1135=CARTESIAN_POINT('Ctrl Pts',(263.927173717564,-11.7928628445001,150.018028990416));
#1136=CARTESIAN_POINT('Ctrl Pts',(257.975626025076,-16.0953155759761,149.880232823859));
#1137=CARTESIAN_POINT('Ctrl Pts',(254.876696102225,-18.3355731022753,149.808483308294));
#1138=CARTESIAN_POINT('Ctrl Pts',(251.78791919096,-20.5813536975583,149.735064631207));
#1139=CARTESIAN_POINT('Ctrl Pts',(248.680209083976,-22.8549146615009,149.659121195081));
#1140=CARTESIAN_POINT('Ctrl Pts',(245.333000515751,-25.3036896362935,149.577325110069));
#1141=CARTESIAN_POINT('Ctrl Pts',(242.03564079229,-27.7322424362839,149.494342010482));
#1142=CARTESIAN_POINT('Ctrl Pts',(238.778290748337,-30.1464327696004,149.410129609439));
#1143=CARTESIAN_POINT('Ctrl Pts',(234.412905097435,-33.3818455122893,149.297271119508));
#1144=CARTESIAN_POINT('Ctrl Pts',(230.101721427571,-36.6043563832092,149.181776813839));
#1145=CARTESIAN_POINT('Ctrl Pts',(225.748143907302,-39.8820270657689,149.061672054451));
#1146=CARTESIAN_POINT('Ctrl Pts',(222.89981201683,-42.0264459691045,148.983093410848));
#1147=CARTESIAN_POINT('Ctrl Pts',(220.03334739851,-44.1944935670816,148.902537495494));
#1148=CARTESIAN_POINT('Ctrl Pts',(217.121685030175,-46.4052112321274,148.819455288973));
#1149=CARTESIAN_POINT('Ctrl Pts',(216.298705936224,-47.0300688532399,148.7959721682));
#1150=CARTESIAN_POINT('Ctrl Pts',(215.465298359287,-47.6635713687183,148.772083861725));
#1151=CARTESIAN_POINT('Ctrl Pts',(214.750062554807,-48.2076904405472,148.751517165623));
#1152=CARTESIAN_POINT('Ctrl Pts',(214.128031012838,-48.6809039222339,148.733630569888));
#1153=CARTESIAN_POINT('Ctrl Pts',(213.56745866136,-49.1076998396927,148.717461230964));
#1154=CARTESIAN_POINT('Ctrl Pts',(213.046508211904,-49.5045320655845,148.702404746005));
#1155=CARTESIAN_POINT('Ctrl Pts',(211.378041967191,-50.7754805298889,148.65418281445));
#1156=CARTESIAN_POINT('Ctrl Pts',(210.048497854921,-51.6448624867637,148.636984657718));
#1157=CARTESIAN_POINT('Ctrl Pts',(208.315520083571,-52.621345923644,148.637766330589));
#1158=CARTESIAN_POINT('Ctrl Pts',(207.822789648007,-52.8989854393542,148.637988580419));
#1159=CARTESIAN_POINT('Ctrl Pts',(207.273336426162,-53.1938643849524,148.640415921975));
#1160=CARTESIAN_POINT('Ctrl Pts',(206.719867379208,-53.4732238774174,148.645477591759));
#1161=CARTESIAN_POINT('Ctrl Pts',(205.326735432444,-54.1763971365659,148.658218275125));
#1162=CARTESIAN_POINT('Ctrl Pts',(204.156300887413,-54.6581993780997,148.68505385046));
#1163=CARTESIAN_POINT('Ctrl Pts',(203.514387636481,-54.9105316103809,148.701534355332));
#1164=CARTESIAN_POINT('Ctrl Pts',(203.210876075759,-55.029840176654,148.709326722522));
#1165=CARTESIAN_POINT('Ctrl Pts',(203.029421131459,-55.0912449928121,148.715454574579));
#1166=CARTESIAN_POINT('Ctrl Pts',(202.8296148572,-55.1563285130103,148.722576920876));
#1167=CARTESIAN_POINT('Ctrl Pts',(202.509851891471,-55.2604859000379,148.733975274521));
#1168=CARTESIAN_POINT('Ctrl Pts',(202.23196458728,-55.3368442160388,148.745977008709));
#1169=CARTESIAN_POINT('Ctrl Pts',(201.999864581111,-55.395001908265,148.75683308961));
#1170=CARTESIAN_POINT('Ctrl Pts',(201.973278934636,-55.4016635187959,148.758076587763));
#1171=CARTESIAN_POINT('Ctrl Pts',(201.947295628657,-55.4080919581333,148.75930408768));
#1172=CARTESIAN_POINT('Ctrl Pts',(201.921919590245,-55.4142973065045,148.760513683839));
#1173=CARTESIAN_POINT('Ctrl Pts',(199.904471673178,-55.9076354289814,148.856679098322));
#1174=CARTESIAN_POINT('Ctrl Pts',(197.788603334253,-55.9487112679178,149.028052588231));
#1175=CARTESIAN_POINT('Ctrl Pts',(195.760432689778,-55.5412053948657,149.258479852002));
#1176=CARTESIAN_POINT('Ctrl Pts',(194.746347367541,-55.3374524583396,149.373693483887));
#1177=CARTESIAN_POINT('Ctrl Pts',(193.757557342117,-55.0230631956796,149.503164439464));
#1178=CARTESIAN_POINT('Ctrl Pts',(192.81681134523,-54.6066556866994,149.643708983761));
#1179=CARTESIAN_POINT('Ctrl Pts',(192.346438346786,-54.3984519322092,149.713981255909));
#1180=CARTESIAN_POINT('Ctrl Pts',(191.887689160611,-54.1646756146099,149.787064465707));
#1181=CARTESIAN_POINT('Ctrl Pts',(191.442780294501,-53.9063028253166,149.862628215944));
#1182=CARTESIAN_POINT('Ctrl Pts',(191.265336601036,-53.8032556048282,149.892765423709));
#1183=CARTESIAN_POINT('Ctrl Pts',(191.090094372682,-53.6962959413007,149.923297203226));
#1184=CARTESIAN_POINT('Ctrl Pts',(190.917194362251,-53.5854853237143,149.954202646848));
#1185=CARTESIAN_POINT('',(192.277087190163,-51.6331387806553,150.129179514877));
#1186=CARTESIAN_POINT('Ctrl Pts',(192.277087190163,-51.6331387806554,150.129179514877));
#1187=CARTESIAN_POINT('Ctrl Pts',(191.991533905559,-51.4487501794447,150.180425620977));
#1188=CARTESIAN_POINT('Ctrl Pts',(191.68643590378,-51.2346569900521,150.237708430871));
#1189=CARTESIAN_POINT('Ctrl Pts',(191.372593356105,-50.988526126172,150.300467546048));
#1190=CARTESIAN_POINT('Ctrl Pts',(191.001908524526,-50.6978167290562,150.374593416526));
#1191=CARTESIAN_POINT('Ctrl Pts',(190.61941943357,-50.3538719883338,150.45759034621));
#1192=CARTESIAN_POINT('Ctrl Pts',(190.26094114841,-49.9709290827869,150.544346886599));
#1193=CARTESIAN_POINT('Ctrl Pts',(189.565094869067,-49.2275942503687,150.712750994567));
#1194=CARTESIAN_POINT('Ctrl Pts',(188.826475537846,-48.3502384187134,150.904583116441));
#1195=CARTESIAN_POINT('Ctrl Pts',(188.356806997626,-47.7536855275337,151.03228820558));
#1196=CARTESIAN_POINT('Ctrl Pts',(188.108779470011,-47.4386515705609,151.099728059031));
#1197=CARTESIAN_POINT('Ctrl Pts',(187.923609539319,-47.19241318759,151.151711528776));
#1198=CARTESIAN_POINT('Ctrl Pts',(187.817224237945,-47.0498992691622,151.181731905312));
#1199=CARTESIAN_POINT('Ctrl Pts',(187.802440996835,-47.0300956159285,151.1859035198));
#1200=CARTESIAN_POINT('Ctrl Pts',(187.78921726851,-47.0123820543441,151.189634919596));
#1201=CARTESIAN_POINT('Ctrl Pts',(187.775458701819,-46.9939529217754,151.19351710982));
#1202=CARTESIAN_POINT('Ctrl Pts',(187.593425654227,-46.7501258399859,151.244880520963));
#1203=CARTESIAN_POINT('Ctrl Pts',(187.405098524955,-46.5022371775238,151.297373090128));
#1204=CARTESIAN_POINT('Ctrl Pts',(187.209841158349,-46.2502770332025,151.351049636443));
#1205=CARTESIAN_POINT('Ctrl Pts',(186.402079138017,-45.2079407630908,151.573104641329));
#1206=CARTESIAN_POINT('Ctrl Pts',(185.65486252618,-44.0067208907316,151.813603213267));
#1207=CARTESIAN_POINT('Ctrl Pts',(185.058959309445,-42.6973757634769,152.057418432841));
#1208=CARTESIAN_POINT('Ctrl Pts',(184.830737101813,-42.1959157493312,152.150796092337));
#1209=CARTESIAN_POINT('Ctrl Pts',(184.625732910412,-41.6788549805859,152.244536058172));
#1210=CARTESIAN_POINT('Ctrl Pts',(184.456170939811,-41.1845359313095,152.331936817986));
#1211=CARTESIAN_POINT('Ctrl Pts',(184.14249404765,-40.2700828699129,152.493621649871));
#1212=CARTESIAN_POINT('Ctrl Pts',(183.966670236515,-39.3832649009754,152.639653820074));
#1213=CARTESIAN_POINT('Ctrl Pts',(183.901250908086,-38.4759511721282,152.779460775035));
#1214=CARTESIAN_POINT('Ctrl Pts',(183.873073530696,-38.0851534986829,152.839678350271));
#1215=CARTESIAN_POINT('Ctrl Pts',(183.867531251747,-37.6930459645012,152.898191470799));
#1216=CARTESIAN_POINT('Ctrl Pts',(183.881742472833,-37.3228458291688,152.951804687067));
#1217=CARTESIAN_POINT('Ctrl Pts',(183.923014876928,-36.2477060161367,153.10750885304));
#1218=CARTESIAN_POINT('Ctrl Pts',(184.145704441128,-35.3219631724341,153.225880863598));
#1219=CARTESIAN_POINT('Ctrl Pts',(184.479707793862,-34.4718968548817,153.32371388018));
#1220=CARTESIAN_POINT('Ctrl Pts',(184.544394489347,-34.3072638337617,153.342661278462));
#1221=CARTESIAN_POINT('Ctrl Pts',(184.614656168844,-34.1429651064784,153.361091622463));
#1222=CARTESIAN_POINT('Ctrl Pts',(184.690648050391,-33.9792907354915,153.378948952933));
#1223=CARTESIAN_POINT('Ctrl Pts',(185.410878087313,-32.4280303132018,153.548195792496));
#1224=CARTESIAN_POINT('Ctrl Pts',(186.294601164778,-30.8010804023385,153.714935943984));
#1225=CARTESIAN_POINT('Ctrl Pts',(187.310229317571,-29.2302754462297,153.862301632481));
#1226=CARTESIAN_POINT('Ctrl Pts',(188.340248749824,-27.6372124490865,154.011755467904));
#1227=CARTESIAN_POINT('Ctrl Pts',(189.566583665,-26.0317132278247,154.146585724413));
#1228=CARTESIAN_POINT('Ctrl Pts',(190.74836162734,-24.6979800150575,154.244920175414));
#1229=CARTESIAN_POINT('Ctrl Pts',(193.511551163283,-21.5794943310294,154.474842152882));
#1230=CARTESIAN_POINT('Ctrl Pts',(196.145058694157,-19.701157863235,154.532046447254));
#1231=CARTESIAN_POINT('Ctrl Pts',(197.135749011875,-19.0132827236745,154.550793126742));
#1232=CARTESIAN_POINT('Ctrl Pts',(197.364547628223,-18.8544188715337,154.555122647533));
#1233=CARTESIAN_POINT('Ctrl Pts',(197.576055353406,-18.7075022082765,154.559133644047));
#1234=CARTESIAN_POINT('Ctrl Pts',(197.796382269404,-18.5544022301315,154.563320378358));
#1235=CARTESIAN_POINT('Ctrl Pts',(201.281466774133,-16.132699193571,154.629545255193));
#1236=CARTESIAN_POINT('Ctrl Pts',(204.855543360049,-13.6343977053822,154.699646282546));
#1237=CARTESIAN_POINT('Ctrl Pts',(208.567752631484,-11.017772488816,154.775679202375));
#1238=CARTESIAN_POINT('Ctrl Pts',(211.925063846418,-8.65130429090177,154.844443152837));
#1239=CARTESIAN_POINT('Ctrl Pts',(215.31617755777,-6.24374921341818,154.91645471792));
#1240=CARTESIAN_POINT('Ctrl Pts',(218.774600445055,-3.76759939545812,154.992976059787));
#1241=CARTESIAN_POINT('Ctrl Pts',(223.888349820127,-0.106274567100813,155.106123288135));
#1242=CARTESIAN_POINT('Ctrl Pts',(229.184436356089,3.73143946723747,155.230091168484));
#1243=CARTESIAN_POINT('Ctrl Pts',(234.587342007814,7.69881640002717,155.364295830345));
#1244=CARTESIAN_POINT('Ctrl Pts',(238.713972012638,10.7290186183592,155.46679863534));
#1245=CARTESIAN_POINT('Ctrl Pts',(242.950526116816,13.8695262342493,155.57641209298));
#1246=CARTESIAN_POINT('Ctrl Pts',(247.283802550279,17.1105064182509,155.692787744606));
#1247=CARTESIAN_POINT('Ctrl Pts',(249.709854219882,18.9250191795019,155.757942448734));
#1248=CARTESIAN_POINT('Ctrl Pts',(252.159996435851,20.7662369628287,155.825030177079));
#1249=CARTESIAN_POINT('Ctrl Pts',(254.647239410838,22.6432101784593,155.894299623174));
#1250=CARTESIAN_POINT('Ctrl Pts',(255.890860898331,23.5816967862746,155.928934346221));
#1251=CARTESIAN_POINT('Ctrl Pts',(257.143758645053,24.5291208060468,155.964114194925));
#1252=CARTESIAN_POINT('Ctrl Pts',(258.407568424723,25.4866010495359,155.999867610496));
#1253=CARTESIAN_POINT('Ctrl Pts',(259.039473314558,25.9653411712804,156.017744318282));
#1254=CARTESIAN_POINT('Ctrl Pts',(259.674106336834,26.4465951875896,156.035764383478));
#1255=CARTESIAN_POINT('Ctrl Pts',(260.311672818081,26.9305018460997,156.053931126133));
#1256=CARTESIAN_POINT('Ctrl Pts',(260.708192484214,27.2314563540855,156.065229509821));
#1257=CARTESIAN_POINT('Ctrl Pts',(261.10584680353,27.5334368697771,156.076584624006));
#1258=CARTESIAN_POINT('Ctrl Pts',(261.50468529914,27.8364766024883,156.087997231631));
#1259=CARTESIAN_POINT('Ctrl Pts',(261.747141745372,28.0206963743233,156.094935028051));
#1260=CARTESIAN_POINT('Ctrl Pts',(261.971694655235,28.1913620660954,156.101367794714));
#1261=CARTESIAN_POINT('Ctrl Pts',(262.239178157274,28.3947269584419,156.109040890521));
#1262=CARTESIAN_POINT('Ctrl Pts',(262.863352008419,28.8692797703929,156.126946091116));
#1263=CARTESIAN_POINT('Ctrl Pts',(263.909306722932,29.643289782817,156.15380939587));
#1264=CARTESIAN_POINT('Ctrl Pts',(265.419235427308,30.5752730881352,156.165146606013));
#1265=CARTESIAN_POINT('Ctrl Pts',(266.174199779496,31.0412647407943,156.170815211084));
#1266=CARTESIAN_POINT('Ctrl Pts',(267.046113691353,31.5457659679433,156.172376473207));
#1267=CARTESIAN_POINT('Ctrl Pts',(268.043022603687,32.0671038674463,156.165947139285));
#1268=CARTESIAN_POINT('Ctrl Pts',(268.541477059854,32.3277728171978,156.162732472324));
#1269=CARTESIAN_POINT('Ctrl Pts',(269.071183822614,32.5926239300363,156.157515860208));
#1270=CARTESIAN_POINT('Ctrl Pts',(269.63308378659,32.8589443317726,156.149816772905));
#1271=CARTESIAN_POINT('Ctrl Pts',(269.966336868122,33.0168943233075,156.145250578327));
#1272=CARTESIAN_POINT('Ctrl Pts',(270.310912267208,33.1753621408768,156.139811459312));
#1273=CARTESIAN_POINT('Ctrl Pts',(270.666987947967,33.3338100715696,156.133404886321));
#1274=CARTESIAN_POINT('Ctrl Pts',(270.884824973038,33.4307440317243,156.129485526262));
#1275=CARTESIAN_POINT('Ctrl Pts',(271.101429104937,33.5253062179893,156.125318445308));
#1276=CARTESIAN_POINT('Ctrl Pts',(271.333732446893,33.6245964981094,156.12053465263));
#1277=CARTESIAN_POINT('Ctrl Pts',(271.361958771637,33.636660894889,156.119953391575));
#1278=CARTESIAN_POINT('Ctrl Pts',(271.3915763225,33.6492893308091,156.119338952013));
#1279=CARTESIAN_POINT('Ctrl Pts',(271.42266811391,33.662507619695,156.118688193182));
#1280=CARTESIAN_POINT('Ctrl Pts',(271.635624246462,33.7530432740433,156.114230969024));
#1281=CARTESIAN_POINT('Ctrl Pts',(271.929639837001,33.8708276283989,156.107009366332));
#1282=CARTESIAN_POINT('Ctrl Pts',(272.307952663946,33.9925585772661,156.093302152652));
#1283=CARTESIAN_POINT('Ctrl Pts',(272.434274954801,34.0332057116839,156.088725182192));
#1284=CARTESIAN_POINT('Ctrl Pts',(272.563019858845,34.0719287261622,156.083660180964));
#1285=CARTESIAN_POINT('Ctrl Pts',(272.693804686812,34.1083908801906,156.078089392828));
#1286=CARTESIAN_POINT('Ctrl Pts',(273.915839396793,34.4490880276807,156.026036745966));
#1287=CARTESIAN_POINT('Ctrl Pts',(275.259361685087,34.61446227767,155.937840019436));
#1288=CARTESIAN_POINT('Ctrl Pts',(276.605368199307,34.5402436341549,155.813965185695));
#1289=CARTESIAN_POINT('Ctrl Pts',(277.734323737204,34.4779931563701,155.710065852311));
#1290=CARTESIAN_POINT('Ctrl Pts',(278.887974718553,34.249176129481,155.579436543345));
#1291=CARTESIAN_POINT('Ctrl Pts',(280.003602665081,33.8342310440267,155.424441434641));
#1292=CARTESIAN_POINT('Ctrl Pts',(280.752303509806,33.555760307469,155.320423810149));
#1293=CARTESIAN_POINT('Ctrl Pts',(281.482318801854,33.1949527734696,155.205784026189));
#1294=CARTESIAN_POINT('Ctrl Pts',(282.178527079862,32.7486023919828,155.081315665723));
#1295=CARTESIAN_POINT('Ctrl Pts',(282.519728358719,32.5298527364671,155.020315581252));
#1296=CARTESIAN_POINT('Ctrl Pts',(282.866606701519,32.2789628188314,154.954081268956));
#1297=CARTESIAN_POINT('Ctrl Pts',(283.167787708301,32.036626534526,154.892945812912));
#1298=CARTESIAN_POINT('Ctrl Pts',(283.611801033883,31.6793644991369,154.802817429855));
#1299=CARTESIAN_POINT('Ctrl Pts',(283.943088020121,31.3530412149689,154.726723449127));
#1300=CARTESIAN_POINT('Ctrl Pts',(284.264248912288,30.989850121812,154.646020751221));
#1301=CARTESIAN_POINT('Ctrl Pts',(284.926393030987,30.2410514599492,154.479634313503));
#1302=CARTESIAN_POINT('Ctrl Pts',(285.619824922776,29.4004569342735,154.297034197849));
#1303=CARTESIAN_POINT('Ctrl Pts',(286.289833357507,28.510035226027,154.109022064409));
#1304=CARTESIAN_POINT('Ctrl Pts',(286.415802719759,28.3426256101046,154.07367360114));
#1305=CARTESIAN_POINT('Ctrl Pts',(286.541780675691,28.1724276268785,154.037911622265));
#1306=CARTESIAN_POINT('Ctrl Pts',(286.667216971334,28.0000070400556,154.001866033356));
#1307=CARTESIAN_POINT('Ctrl Pts',(286.680994147941,27.9810693883721,153.997907000272));
#1308=CARTESIAN_POINT('Ctrl Pts',(286.694782123379,27.9621179232641,153.993945016544));
#1309=CARTESIAN_POINT('Ctrl Pts',(286.708580296435,27.9431534752385,153.989980255545));
#1310=CARTESIAN_POINT('Ctrl Pts',(286.891763430078,27.6913834037066,153.937344494192));
#1311=CARTESIAN_POINT('Ctrl Pts',(287.079558712516,27.4394945165465,153.884304329756));
#1312=CARTESIAN_POINT('Ctrl Pts',(287.270755889548,27.1890300966281,153.831189734633));
#1313=CARTESIAN_POINT('Ctrl Pts',(287.768070908242,26.537557519431,153.693035572129));
#1314=CARTESIAN_POINT('Ctrl Pts',(288.216105313581,25.8444523552015,153.552851131947));
#1315=CARTESIAN_POINT('Ctrl Pts',(288.598467993428,25.1481566457468,153.417702138384));
#1316=CARTESIAN_POINT('Ctrl Pts',(288.72272199922,24.9218857891088,153.373783616221));
#1317=CARTESIAN_POINT('Ctrl Pts',(288.87911317288,24.626520564692,153.316940948723));
#1318=CARTESIAN_POINT('Ctrl Pts',(289.061858970808,24.2386692721907,153.244196159373));
#1319=CARTESIAN_POINT('Ctrl Pts',(289.337067358712,23.6545796232553,153.134645206997));
#1320=CARTESIAN_POINT('Ctrl Pts',(289.652651582841,22.8914157132606,152.99519752606));
#1321=CARTESIAN_POINT('Ctrl Pts',(289.920395636451,22.0132749271048,152.842740740493));
#1322=CARTESIAN_POINT('Ctrl Pts',(290.193337545776,21.1180863333806,152.687324231401));
#1323=CARTESIAN_POINT('Ctrl Pts',(290.37920252771,20.0966841733485,152.520525840903));
#1324=CARTESIAN_POINT('Ctrl Pts',(290.408854972187,19.0316578216251,152.360370538282));
#1325=CARTESIAN_POINT('Ctrl Pts',(290.41773526561,18.7127044714856,152.312407339783));
#1326=CARTESIAN_POINT('Ctrl Pts',(290.412295558967,18.3868394490513,152.264621920067));
#1327=CARTESIAN_POINT('Ctrl Pts',(290.394847664891,18.0839973939498,152.221251968609));
#1328=CARTESIAN_POINT('Ctrl Pts',(290.335563254447,17.055001423669,152.073889657035));
#1329=CARTESIAN_POINT('Ctrl Pts',(290.129789938371,16.2132242971626,151.966529342819));
#1330=CARTESIAN_POINT('Ctrl Pts',(289.90989185388,15.5718443707806,151.890020808801));
#1331=CARTESIAN_POINT('Ctrl Pts',(289.813426039445,15.2904811333328,151.856457724055));
#1332=CARTESIAN_POINT('Ctrl Pts',(289.718265840151,15.0511682532162,151.829010349383));
#1333=CARTESIAN_POINT('Ctrl Pts',(289.592618274999,14.7781780446506,151.799134248654));
#1334=CARTESIAN_POINT('Ctrl Pts',(289.352948603377,14.2574558677895,151.742146313849));
#1335=CARTESIAN_POINT('Ctrl Pts',(289.067079310341,13.6868446272633,151.681647400068));
#1336=CARTESIAN_POINT('Ctrl Pts',(288.835467050356,13.2511827556249,151.636576182554));
#1337=CARTESIAN_POINT('Ctrl Pts',(288.638442081869,12.8805794614097,151.598235573075));
#1338=CARTESIAN_POINT('Ctrl Pts',(288.43865693212,12.5225592315713,151.561989274792));
#1339=CARTESIAN_POINT('Ctrl Pts',(288.228018745269,12.1616045251496,151.526218777902));
#1340=CARTESIAN_POINT('Ctrl Pts',(286.848575657135,9.79775738827996,151.291962276591));
#1341=CARTESIAN_POINT('Ctrl Pts',(285.121406278357,7.53085894617033,151.101221470417));
#1342=CARTESIAN_POINT('Ctrl Pts',(283.132373128918,5.4397658557214,150.958469289834));
#1343=CARTESIAN_POINT('Ctrl Pts',(282.523474111433,4.79962341837563,150.914768830379));
#1344=CARTESIAN_POINT('Ctrl Pts',(281.890071075347,4.17593037325952,150.875558680403));
#1345=CARTESIAN_POINT('Ctrl Pts',(281.234698766724,3.57086218636904,150.840948314747));
#1346=CARTESIAN_POINT('Ctrl Pts',(280.697279641805,3.07469350295602,150.812567084446));
#1347=CARTESIAN_POINT('Ctrl Pts',(280.200938576484,2.64181478906254,150.790110264168));
#1348=CARTESIAN_POINT('Ctrl Pts',(279.733404790909,2.24958106844977,150.771254581559));
#1349=CARTESIAN_POINT('Ctrl Pts',(278.908636646409,1.5576484468046,150.737991602845));
#1350=CARTESIAN_POINT('Ctrl Pts',(278.13175615819,0.941928101827115,150.711994965768));
#1351=CARTESIAN_POINT('Ctrl Pts',(276.998501317097,0.13786695742635,150.688004557229));
#1352=CARTESIAN_POINT('Ctrl Pts',(276.339644011939,-0.329602087992921,150.674056894845));
#1353=CARTESIAN_POINT('Ctrl Pts',(275.571089163112,-0.875168634594657,150.657747693376));
#1354=CARTESIAN_POINT('Ctrl Pts',(274.615853444153,-1.55409851567847,150.637351766471));
#1355=CARTESIAN_POINT('Ctrl Pts',(273.926274504727,-2.04421392703775,150.6226280691));
#1356=CARTESIAN_POINT('Ctrl Pts',(273.130569390483,-2.61019463478146,150.605573767337));
#1357=CARTESIAN_POINT('Ctrl Pts',(272.359136754713,-3.15947526033903,150.588956082298));
#1358=CARTESIAN_POINT('Ctrl Pts',(268.363040827941,-6.00480221264672,150.502874860924));
#1359=CARTESIAN_POINT('Ctrl Pts',(264.134712695251,-9.03006811002968,150.409632093981));
#1360=CARTESIAN_POINT('Ctrl Pts',(259.850277136726,-12.1188008158937,150.31169922592));
#1361=CARTESIAN_POINT('Ctrl Pts',(256.395805710659,-14.60919627859,150.232737530786));
#1362=CARTESIAN_POINT('Ctrl Pts',(252.858315264231,-17.1741643911909,150.149698637554));
#1363=CARTESIAN_POINT('Ctrl Pts',(249.251979026508,-19.8076113172509,150.062296003006));
#1364=CARTESIAN_POINT('Ctrl Pts',(244.594069741318,-23.2089461014679,149.949407598772));
#1365=CARTESIAN_POINT('Ctrl Pts',(239.893196986308,-26.6717227793633,149.831026503242));
#1366=CARTESIAN_POINT('Ctrl Pts',(235.025859571695,-30.2911624808031,149.703413854115));
#1367=CARTESIAN_POINT('Ctrl Pts',(231.430248582294,-32.9649235245511,149.609143536588));
#1368=CARTESIAN_POINT('Ctrl Pts',(227.764948000969,-35.7087459470902,149.510345960137));
#1369=CARTESIAN_POINT('Ctrl Pts',(224.052838974185,-38.5047186824476,149.407753706432));
#1370=CARTESIAN_POINT('Ctrl Pts',(221.201828923118,-40.6521088354579,149.328959806694));
#1371=CARTESIAN_POINT('Ctrl Pts',(218.308964490948,-42.8408528282535,149.24755406952));
#1372=CARTESIAN_POINT('Ctrl Pts',(215.346063469506,-45.0912475482311,149.162895303385));
#1373=CARTESIAN_POINT('Ctrl Pts',(214.649035545494,-45.6206570521335,149.14297917268));
#1374=CARTESIAN_POINT('Ctrl Pts',(213.974381251301,-46.1335601050809,149.123630246531));
#1375=CARTESIAN_POINT('Ctrl Pts',(213.382285726905,-46.5839890325481,149.106606031814));
#1376=CARTESIAN_POINT('Ctrl Pts',(212.791047934599,-47.0337654515439,149.089606479021));
#1377=CARTESIAN_POINT('Ctrl Pts',(212.258850657818,-47.4389294888169,149.074259790932));
#1378=CARTESIAN_POINT('Ctrl Pts',(211.765303912633,-47.8148489655817,149.060000962618));
#1379=CARTESIAN_POINT('Ctrl Pts',(210.206202518707,-49.0023688630297,149.014957693027));
#1380=CARTESIAN_POINT('Ctrl Pts',(208.969283754142,-49.8092680047203,148.999241266678));
#1381=CARTESIAN_POINT('Ctrl Pts',(207.394615712557,-50.698510954126,148.999660997782));
#1382=CARTESIAN_POINT('Ctrl Pts',(206.933023508191,-50.9591802522844,148.999784036162));
#1383=CARTESIAN_POINT('Ctrl Pts',(206.428591120828,-51.2306416848485,149.001902324071));
#1384=CARTESIAN_POINT('Ctrl Pts',(205.898463334895,-51.4981472397561,149.006761278377));
#1385=CARTESIAN_POINT('Ctrl Pts',(204.620121925355,-52.1432057279063,149.018478080742));
#1386=CARTESIAN_POINT('Ctrl Pts',(203.483726560578,-52.610861898383,149.044553055073));
#1387=CARTESIAN_POINT('Ctrl Pts',(202.854668901198,-52.8545629598536,149.061233156346));
#1388=CARTESIAN_POINT('Ctrl Pts',(202.574548099406,-52.9630835949955,149.068660843256));
#1389=CARTESIAN_POINT('Ctrl Pts',(202.397222722616,-53.0211767841714,149.074932614378));
#1390=CARTESIAN_POINT('Ctrl Pts',(202.18806236069,-53.0851830534272,149.082998950918));
#1391=CARTESIAN_POINT('Ctrl Pts',(202.003128879443,-53.1417755267147,149.090130970023));
#1392=CARTESIAN_POINT('Ctrl Pts',(201.819753301885,-53.191941517212,149.098083718256));
#1393=CARTESIAN_POINT('Ctrl Pts',(201.639316780511,-53.2361227209664,149.106675971137));
#1394=CARTESIAN_POINT('Ctrl Pts',(200.612164758598,-53.4876284162722,149.155588186099));
#1395=CARTESIAN_POINT('Ctrl Pts',(199.750669934391,-53.5737586720496,149.21508947677));
#1396=CARTESIAN_POINT('Ctrl Pts',(198.82563493309,-53.5729741350276,149.292786799497));
#1397=CARTESIAN_POINT('Ctrl Pts',(197.82261076811,-53.5721234541449,149.377034738375));
#1398=CARTESIAN_POINT('Ctrl Pts',(196.802118482188,-53.4448866015558,149.481458134347));
#1399=CARTESIAN_POINT('Ctrl Pts',(195.789440481606,-53.179734965309,149.605643309459));
#1400=CARTESIAN_POINT('Ctrl Pts',(195.104300778877,-53.0003433787122,149.689662310475));
#1401=CARTESIAN_POINT('Ctrl Pts',(194.437167176007,-52.7614527305297,149.780979516417));
#1402=CARTESIAN_POINT('Ctrl Pts',(193.795840571241,-52.4667937158902,149.878388379897));
#1403=CARTESIAN_POINT('Ctrl Pts',(193.315071249209,-52.2459031218527,149.951410757118));
#1404=CARTESIAN_POINT('Ctrl Pts',(192.872761588379,-52.0157439716959,150.022579718791));
#1405=CARTESIAN_POINT('Ctrl Pts',(192.302275351891,-51.6493593687393,150.124665700004));
#1406=CARTESIAN_POINT('Ctrl Pts',(192.293896486898,-51.6439781922496,150.126165060724));
#1407=CARTESIAN_POINT('Ctrl Pts',(192.285500338906,-51.6385713524804,150.127669670178));
#1408=CARTESIAN_POINT('Ctrl Pts',(192.277087190163,-51.6331387806554,150.129179514877));
#1409=CARTESIAN_POINT('Origin',(237.53925194772,-10.874934326579,155.410148356369));
#1410=CARTESIAN_POINT('',(191.465899327544,-53.2779640294629,152.996825241334));
#1411=CARTESIAN_POINT('Ctrl Pts',(191.465899327916,-53.2779640286372,152.996825240526));
#1412=CARTESIAN_POINT('Ctrl Pts',(192.185880620549,-53.731741305951,152.869263585152));
#1413=CARTESIAN_POINT('Ctrl Pts',(193.103615428097,-54.2107639754945,152.721379291781));
#1414=CARTESIAN_POINT('Ctrl Pts',(194.269543072834,-54.5829364426535,152.568497764029));
#1415=CARTESIAN_POINT('Ctrl Pts',(195.907720515341,-55.1058544326111,152.353692779114));
#1416=CARTESIAN_POINT('Ctrl Pts',(197.67485887636,-55.2774797411502,152.180078047101));
#1417=CARTESIAN_POINT('Ctrl Pts',(199.367757014792,-55.0773032931673,152.067731916688));
#1418=CARTESIAN_POINT('Ctrl Pts',(199.989713903815,-55.0037601082489,152.026456869962));
#1419=CARTESIAN_POINT('Ctrl Pts',(200.59313990267,-54.8815112201696,151.993946457958));
#1420=CARTESIAN_POINT('Ctrl Pts',(201.153445929392,-54.7250408915889,151.970118650845));
#1421=CARTESIAN_POINT('Ctrl Pts',(201.680788106353,-54.5777760046014,151.947692678117));
#1422=CARTESIAN_POINT('Ctrl Pts',(202.218699924836,-54.3631339481042,151.934354883104));
#1423=CARTESIAN_POINT('Ctrl Pts',(202.39816768363,-54.285563897697,151.930786823164));
#1424=CARTESIAN_POINT('Ctrl Pts',(202.487619112737,-54.2469009539375,151.929008408685));
#1425=CARTESIAN_POINT('Ctrl Pts',(202.576031100449,-54.2083032398645,151.927307513743));
#1426=CARTESIAN_POINT('Ctrl Pts',(202.670256667109,-54.1667106573684,151.925562409068));
#1427=CARTESIAN_POINT('Ctrl Pts',(203.184892808674,-53.9395425231527,151.916031090042));
#1428=CARTESIAN_POINT('Ctrl Pts',(203.820218252323,-53.6466909115875,151.906101655002));
#1429=CARTESIAN_POINT('Ctrl Pts',(204.582954297543,-53.2601824400042,151.899351628969));
#1430=CARTESIAN_POINT('Ctrl Pts',(205.059617641029,-53.0186383022842,151.895133275847));
#1431=CARTESIAN_POINT('Ctrl Pts',(205.591627650441,-52.7352198595659,151.892472234814));
#1432=CARTESIAN_POINT('Ctrl Pts',(206.058930968846,-52.474213868528,151.891920059218));
#1433=CARTESIAN_POINT('Ctrl Pts',(207.909806836109,-51.4404320163631,151.889733024706));
#1434=CARTESIAN_POINT('Ctrl Pts',(209.293179912112,-50.5345151705981,151.907825324055));
#1435=CARTESIAN_POINT('Ctrl Pts',(210.974819667327,-49.2747611204404,151.953285173714));
#1436=CARTESIAN_POINT('Ctrl Pts',(211.110211463975,-49.1733360895101,151.956945226767));
#1437=CARTESIAN_POINT('Ctrl Pts',(211.247361560855,-49.0694128781817,151.960827649126));
#1438=CARTESIAN_POINT('Ctrl Pts',(211.386574445413,-48.9626299335047,151.964960428867));
#1439=CARTESIAN_POINT('Ctrl Pts',(212.247177751721,-48.3025060122267,151.990508954217));
#1440=CARTESIAN_POINT('Ctrl Pts',(213.210420761261,-47.5641086426785,152.01903699575));
#1441=CARTESIAN_POINT('Ctrl Pts',(214.364450162155,-46.6806335069964,152.053041664696));
#1442=CARTESIAN_POINT('Ctrl Pts',(215.258755087767,-45.9959922275935,152.079393283561));
#1443=CARTESIAN_POINT('Ctrl Pts',(216.198654175571,-45.2771025777132,152.106991184169));
#1444=CARTESIAN_POINT('Ctrl Pts',(217.138044945606,-44.5593913601713,152.134457259335));
#1445=CARTESIAN_POINT('Ctrl Pts',(219.911826890813,-42.4401727340224,152.215557591413));
#1446=CARTESIAN_POINT('Ctrl Pts',(222.81571164737,-40.2280653653894,152.29949782776));
#1447=CARTESIAN_POINT('Ctrl Pts',(225.914655561152,-37.8780032223915,152.387501841204));
#1448=CARTESIAN_POINT('Ctrl Pts',(228.023689224231,-36.2786324987497,152.447394318126));
#1449=CARTESIAN_POINT('Ctrl Pts',(230.223089434263,-34.6153919318462,152.50916330548));
#1450=CARTESIAN_POINT('Ctrl Pts',(232.533628592283,-32.874466667348,152.573111831508));
#1451=CARTESIAN_POINT('Ctrl Pts',(234.782542413152,-31.1799743343171,152.63535476018));
#1452=CARTESIAN_POINT('Ctrl Pts',(237.070914512045,-29.4615736868852,152.697827816862));
#1453=CARTESIAN_POINT('Ctrl Pts',(239.384554586434,-27.7306050863657,152.760042271795));
#1454=CARTESIAN_POINT('Ctrl Pts',(245.990841605383,-22.7880578326234,152.937687252343));
#1455=CARTESIAN_POINT('Ctrl Pts',(252.908007131603,-17.6634722184506,153.116208642492));
#1456=CARTESIAN_POINT('Ctrl Pts',(260.75064675865,-11.9179703782739,153.309033573015));
#1457=CARTESIAN_POINT('Ctrl Pts',(262.19089383825,-10.8628482969776,153.344444551495));
#1458=CARTESIAN_POINT('Ctrl Pts',(263.662353174516,-9.78678735404358,153.380337635278));
#1459=CARTESIAN_POINT('Ctrl Pts',(265.168811002499,-8.68704227005007,153.41680169506));
#1460=CARTESIAN_POINT('Ctrl Pts',(266.257926569895,-7.89196558825037,153.443163916705));
#1461=CARTESIAN_POINT('Ctrl Pts',(267.381010893566,-7.07315724843156,153.470190511078));
#1462=CARTESIAN_POINT('Ctrl Pts',(268.365704262976,-6.35594267142787,153.493783607492));
#1463=CARTESIAN_POINT('Ctrl Pts',(273.435664773986,-2.66316916823321,153.615259054434));
#1464=CARTESIAN_POINT('Ctrl Pts',(275.899630451529,-0.880612576532845,153.672503124157));
#1465=CARTESIAN_POINT('Ctrl Pts',(277.461222866877,0.251135496920916,153.709080915556));
#1466=CARTESIAN_POINT('Ctrl Pts',(278.384802349621,0.920490246600937,153.730714279889));
#1467=CARTESIAN_POINT('Ctrl Pts',(278.976340208394,1.38419182712761,153.749750172342));
#1468=CARTESIAN_POINT('Ctrl Pts',(279.600022074084,1.88750765983677,153.771954763843));
#1469=CARTESIAN_POINT('Ctrl Pts',(280.338131496097,2.48316736842957,153.798233254691));
#1470=CARTESIAN_POINT('Ctrl Pts',(281.199714611887,3.2158949194152,153.834447975834));
#1471=CARTESIAN_POINT('Ctrl Pts',(282.037065559779,3.98210601764658,153.877651973466));
#1472=CARTESIAN_POINT('Ctrl Pts',(283.560482198454,5.3760958838084,153.956254247717));
#1473=CARTESIAN_POINT('Ctrl Pts',(285.102556425552,6.95243968964649,154.060287742852));
#1474=CARTESIAN_POINT('Ctrl Pts',(286.611708983587,8.75551168828826,154.200647570732));
#1475=CARTESIAN_POINT('Ctrl Pts',(287.366285262605,9.65704768760914,154.270827484672));
#1476=CARTESIAN_POINT('Ctrl Pts',(288.110773922195,10.6096080421448,154.349407167357));
#1477=CARTESIAN_POINT('Ctrl Pts',(288.883655717285,11.7005061009708,154.446085324474));
#1478=CARTESIAN_POINT('Ctrl Pts',(289.308739437428,12.3004982447752,154.499258152383));
#1479=CARTESIAN_POINT('Ctrl Pts',(289.738755791257,12.9385758062436,154.557655521491));
#1480=CARTESIAN_POINT('Ctrl Pts',(290.170101336628,13.6214648920102,154.622575391441));
#1481=CARTESIAN_POINT('Ctrl Pts',(290.523022757062,14.1801960270229,154.675692000533));
#1482=CARTESIAN_POINT('Ctrl Pts',(290.855496905562,14.742863947988,154.731106297822));
#1483=CARTESIAN_POINT('Ctrl Pts',(291.005795468905,15.0024815038706,154.756935248144));
#1484=CARTESIAN_POINT('Ctrl Pts',(291.078477329043,15.1280281921858,154.769425694581));
#1485=CARTESIAN_POINT('Ctrl Pts',(291.119691780096,15.2041205973468,154.777233961077));
#1486=CARTESIAN_POINT('Ctrl Pts',(291.172481412857,15.3046144553987,154.787683870545));
#1487=CARTESIAN_POINT('Ctrl Pts',(291.436713424586,15.8076240974521,154.839989606662));
#1488=CARTESIAN_POINT('Ctrl Pts',(291.68338557438,16.4075351909943,154.908113523477));
#1489=CARTESIAN_POINT('Ctrl Pts',(291.865934582218,17.0545773722693,154.988592714016));
#1490=CARTESIAN_POINT('Ctrl Pts',(291.994537994888,17.510410212112,155.045289261835));
#1491=CARTESIAN_POINT('Ctrl Pts',(292.088241330318,17.9736561607903,155.106010272124));
#1492=CARTESIAN_POINT('Ctrl Pts',(292.149232997009,18.4291469544636,155.168326669799));
#1493=CARTESIAN_POINT('Ctrl Pts',(292.260119173627,19.2572540604823,155.281621279597));
#1494=CARTESIAN_POINT('Ctrl Pts',(292.270597028511,20.0579305535441,155.39927609489));
#1495=CARTESIAN_POINT('Ctrl Pts',(292.225131886689,20.7371756917968,155.503645843854));
#1496=CARTESIAN_POINT('Ctrl Pts',(292.181840192678,21.3839497148324,155.603026227487));
#1497=CARTESIAN_POINT('Ctrl Pts',(292.088713368375,21.9941983521076,155.70117891906));
#1498=CARTESIAN_POINT('Ctrl Pts',(291.94880771628,22.5968103386034,155.802124331307));
#1499=CARTESIAN_POINT('Ctrl Pts',(291.633170642071,23.9563457215765,156.029864341087));
#1500=CARTESIAN_POINT('Ctrl Pts',(291.127856512721,25.2020849647027,156.256665672974));
#1501=CARTESIAN_POINT('Ctrl Pts',(290.661159913434,26.107740904277,156.429881676789));
#1502=CARTESIAN_POINT('Ctrl Pts',(290.250681484252,26.9043017277827,156.582232118733));
#1503=CARTESIAN_POINT('Ctrl Pts',(289.871772353693,27.4939566123969,156.701304170858));
#1504=CARTESIAN_POINT('Ctrl Pts',(289.427886994708,28.0949110459639,156.827498478778));
#1505=CARTESIAN_POINT('Ctrl Pts',(289.242277590857,28.3461984378502,156.880266270705));
#1506=CARTESIAN_POINT('Ctrl Pts',(289.052142510696,28.6103288408659,156.935314926002));
#1507=CARTESIAN_POINT('Ctrl Pts',(288.864670218653,28.8786648121211,156.99076285742));
#1508=CARTESIAN_POINT('Ctrl Pts',(288.851084609513,28.8981103930332,156.994781018801));
#1509=CARTESIAN_POINT('Ctrl Pts',(288.837302929677,28.9178382356269,156.998857410835));
#1510=CARTESIAN_POINT('Ctrl Pts',(288.823202462405,28.9380241948835,157.003028359459));
#1511=CARTESIAN_POINT('Ctrl Pts',(288.72325815436,29.0811025547109,157.032592101289));
#1512=CARTESIAN_POINT('Ctrl Pts',(288.606043218272,29.2480567208725,157.067138919503));
#1513=CARTESIAN_POINT('Ctrl Pts',(288.42783633622,29.4962687509809,157.118830591946));
#1514=CARTESIAN_POINT('Ctrl Pts',(287.611569833227,30.6331898591007,157.355601362032));
#1515=CARTESIAN_POINT('Ctrl Pts',(286.763382058428,31.6992592213903,157.584560298373));
#1516=CARTESIAN_POINT('Ctrl Pts',(286.437660674275,32.1011445271537,157.671373837552));
#1517=CARTESIAN_POINT('Ctrl Pts',(286.32434477838,32.2409572495754,157.701575581884));
#1518=CARTESIAN_POINT('Ctrl Pts',(286.269501941124,32.3035980481049,157.715448616817));
#1519=CARTESIAN_POINT('Ctrl Pts',(286.191562476551,32.3916227475119,157.735016606208));
#1520=CARTESIAN_POINT('Ctrl Pts',(285.922864981011,32.6950892443088,157.80247754876));
#1521=CARTESIAN_POINT('Ctrl Pts',(285.634658355355,32.9773724112426,157.86843867234));
#1522=CARTESIAN_POINT('Ctrl Pts',(285.334894488056,33.2333452485082,157.931474054823));
#1523=CARTESIAN_POINT('Ctrl Pts',(284.745764622035,33.7364120279768,158.055358320032));
#1524=CARTESIAN_POINT('Ctrl Pts',(284.125688684813,34.1532242916405,158.169068709474));
#1525=CARTESIAN_POINT('Ctrl Pts',(283.555783867111,34.4704997063097,158.263835716228));
#1526=CARTESIAN_POINT('Ctrl Pts',(283.082423208344,34.7340273948525,158.342548812439));
#1527=CARTESIAN_POINT('Ctrl Pts',(282.630464722311,34.9441073503928,158.411554445582));
#1528=CARTESIAN_POINT('Ctrl Pts',(282.123804727049,35.1360070065523,158.482456361241));
#1529=CARTESIAN_POINT('Ctrl Pts',(281.085875441863,35.5291271952536,158.62770401317));
#1530=CARTESIAN_POINT('Ctrl Pts',(279.902330077701,35.7970056210852,158.766623234477));
#1531=CARTESIAN_POINT('Ctrl Pts',(278.581794982932,35.8373211348157,158.883342741974));
#1532=CARTESIAN_POINT('Ctrl Pts',(277.653396126564,35.8656648547135,158.965402096326));
#1533=CARTESIAN_POINT('Ctrl Pts',(276.666098953243,35.7807897282869,159.035640036644));
#1534=CARTESIAN_POINT('Ctrl Pts',(275.633186037736,35.5400107205548,159.086623406323));
#1535=CARTESIAN_POINT('Ctrl Pts',(275.262292685555,35.4535529640761,159.104930267048));
#1536=CARTESIAN_POINT('Ctrl Pts',(274.892130522776,35.3492025501873,159.120526943198));
#1537=CARTESIAN_POINT('Ctrl Pts',(274.500756463911,35.2162505274065,159.133668393327));
#1538=CARTESIAN_POINT('Ctrl Pts',(274.079797053983,35.0732481904073,159.147803252208));
#1539=CARTESIAN_POINT('Ctrl Pts',(273.62975469397,34.8868899052454,159.157958758845));
#1540=CARTESIAN_POINT('Ctrl Pts',(273.18508776631,34.6611859583234,159.161838634796));
#1541=CARTESIAN_POINT('Ctrl Pts',(272.514436938363,34.3207771501613,159.167690300068));
#1542=CARTESIAN_POINT('Ctrl Pts',(271.824089385545,33.9563606285318,159.17163975285));
#1543=CARTESIAN_POINT('Ctrl Pts',(271.20803077827,33.6186537597023,159.173312857435));
#1544=CARTESIAN_POINT('Ctrl Pts',(270.660570986662,33.3185509288179,159.174799659952));
#1545=CARTESIAN_POINT('Ctrl Pts',(270.127465800552,33.0173244684367,159.174916220977));
#1546=CARTESIAN_POINT('Ctrl Pts',(269.535215405157,32.6691125632569,159.173037385306));
#1547=CARTESIAN_POINT('Ctrl Pts',(268.685383376036,32.169456282326,159.170341406133));
#1548=CARTESIAN_POINT('Ctrl Pts',(267.756837284003,31.5951975513832,159.163202767432));
#1549=CARTESIAN_POINT('Ctrl Pts',(266.80969229016,30.965843926479,159.149467641969));
#1550=CARTESIAN_POINT('Ctrl Pts',(266.336119793238,30.6511671140269,159.142600079238));
#1551=CARTESIAN_POINT('Ctrl Pts',(265.853680298927,30.3202218877018,159.134067772129));
#1552=CARTESIAN_POINT('Ctrl Pts',(265.361984990023,29.9702568327351,159.12349600576));
#1553=CARTESIAN_POINT('Ctrl Pts',(265.08672858582,29.7743425726585,159.117577815482));
#1554=CARTESIAN_POINT('Ctrl Pts',(264.808575700003,29.5724614700319,159.111019206386));
#1555=CARTESIAN_POINT('Ctrl Pts',(264.527497786058,29.3640832377732,159.103744067976));
#1556=CARTESIAN_POINT('Ctrl Pts',(264.378021505782,29.2532684013766,159.099875174071));
#1557=CARTESIAN_POINT('Ctrl Pts',(264.227718543514,29.1406155505455,159.095803509703));
#1558=CARTESIAN_POINT('Ctrl Pts',(264.076588614252,29.0260410493008,159.091516717156));
#1559=CARTESIAN_POINT('Ctrl Pts',(264.004256989727,28.9712050558959,159.089465034405));
#1560=CARTESIAN_POINT('Ctrl Pts',(263.920510923123,28.9074717466845,159.087053487816));
#1561=CARTESIAN_POINT('Ctrl Pts',(263.813916252832,28.8255914820628,159.083871708752));
#1562=CARTESIAN_POINT('Ctrl Pts',(262.754293890137,28.0116468521896,159.052242695399));
#1563=CARTESIAN_POINT('Ctrl Pts',(259.777959430863,25.7225971639517,158.962988019373));
#1564=CARTESIAN_POINT('Ctrl Pts',(255.174410714925,22.213586124856,158.829599897966));
#1565=CARTESIAN_POINT('Ctrl Pts',(252.941892186132,20.5118701996186,158.764912529386));
#1566=CARTESIAN_POINT('Ctrl Pts',(250.326335956215,18.5236756300075,158.689939099342));
#1567=CARTESIAN_POINT('Ctrl Pts',(247.358504741318,16.2810238989145,158.606840106383));
#1568=CARTESIAN_POINT('Ctrl Pts',(245.076034242157,14.5562673189519,158.54293114856));
#1569=CARTESIAN_POINT('Ctrl Pts',(242.541395398277,12.6485983815782,158.473092467383));
#1570=CARTESIAN_POINT('Ctrl Pts',(240.013355062506,10.7561429944375,158.404952621189));
#1571=CARTESIAN_POINT('Ctrl Pts',(232.753613740647,5.32160289656181,158.209276290365));
#1572=CARTESIAN_POINT('Ctrl Pts',(225.19170004078,-0.261669313028517,158.016924097519));
#1573=CARTESIAN_POINT('Ctrl Pts',(216.809646542033,-6.3273206651816,157.821943424899));
#1574=CARTESIAN_POINT('Ctrl Pts',(214.782194801882,-7.79448087728347,157.774781484922));
#1575=CARTESIAN_POINT('Ctrl Pts',(212.706707580217,-9.28979163532549,157.727480745495));
#1576=CARTESIAN_POINT('Ctrl Pts',(210.575805214398,-10.8179033482939,157.679971672062));
#1577=CARTESIAN_POINT('Ctrl Pts',(209.48312660023,-11.6014845276124,157.655610092033));
#1578=CARTESIAN_POINT('Ctrl Pts',(208.406235588949,-12.3718522167106,157.631880580128));
#1579=CARTESIAN_POINT('Ctrl Pts',(207.413754321267,-13.0804427068883,157.610217367247));
#1580=CARTESIAN_POINT('Ctrl Pts',(202.339832835063,-16.7030123513797,157.499467225281));
#1581=CARTESIAN_POINT('Ctrl Pts',(198.942916284686,-19.0957567993116,157.430134926865));
#1582=CARTESIAN_POINT('Ctrl Pts',(197.242847100607,-20.2939225157468,157.395338370137));
#1583=CARTESIAN_POINT('Ctrl Pts',(196.765396135997,-20.6304178668958,157.385566032793));
#1584=CARTESIAN_POINT('Ctrl Pts',(196.449414760515,-20.863929609893,157.377497381085));
#1585=CARTESIAN_POINT('Ctrl Pts',(196.093306365356,-21.1331066877693,157.367514157363));
#1586=CARTESIAN_POINT('Ctrl Pts',(193.880517560879,-22.8057210727251,157.30548033287));
#1587=CARTESIAN_POINT('Ctrl Pts',(191.74436310647,-24.759297869625,157.195425133776));
#1588=CARTESIAN_POINT('Ctrl Pts',(189.741545037994,-27.0269900851597,157.027685022479));
#1589=CARTESIAN_POINT('Ctrl Pts',(188.740136003756,-28.160836192927,156.943814966831));
#1590=CARTESIAN_POINT('Ctrl Pts',(187.771978028796,-29.3732589378397,156.845523573523));
#1591=CARTESIAN_POINT('Ctrl Pts',(186.844831027404,-30.6691644213946,156.73143372317));
#1592=CARTESIAN_POINT('Ctrl Pts',(186.338032737438,-31.3775339485977,156.669069781989));
#1593=CARTESIAN_POINT('Ctrl Pts',(185.84350555794,-32.1108608106238,156.601981954411));
#1594=CARTESIAN_POINT('Ctrl Pts',(185.362735200383,-32.8700323683728,156.529914269745));
#1595=CARTESIAN_POINT('Ctrl Pts',(185.13713408397,-33.2262730314771,156.496096564759));
#1596=CARTESIAN_POINT('Ctrl Pts',(184.928289714891,-33.563384372336,156.463705437654));
#1597=CARTESIAN_POINT('Ctrl Pts',(184.649538738498,-34.0326267261046,156.417616353024));
#1598=CARTESIAN_POINT('Ctrl Pts',(184.435584209164,-34.3927923773374,156.382240805513));
#1599=CARTESIAN_POINT('Ctrl Pts',(184.198251489833,-34.8041644868846,156.3412452533));
#1600=CARTESIAN_POINT('Ctrl Pts',(183.972057297157,-35.2104823221505,156.300063774783));
#1601=CARTESIAN_POINT('Ctrl Pts',(183.740152922762,-35.6270574882863,156.257842686348));
#1602=CARTESIAN_POINT('Ctrl Pts',(183.558027289829,-36.0360116643866,156.212574960924));
#1603=CARTESIAN_POINT('Ctrl Pts',(183.416958742067,-36.4208464436389,156.16743452318));
#1604=CARTESIAN_POINT('Ctrl Pts',(183.187925715104,-37.045648185566,156.094146385895));
#1605=CARTESIAN_POINT('Ctrl Pts',(183.001256510788,-37.7832989885997,156.000598887571));
#1606=CARTESIAN_POINT('Ctrl Pts',(182.932880924525,-38.624752689858,155.881763130059));
#1607=CARTESIAN_POINT('Ctrl Pts',(182.859020459302,-39.533705215691,155.753394734045));
#1608=CARTESIAN_POINT('Ctrl Pts',(182.901226156759,-40.548425959734,155.599633942422));
#1609=CARTESIAN_POINT('Ctrl Pts',(183.130552748112,-41.6205616127964,155.421679820767));
#1610=CARTESIAN_POINT('Ctrl Pts',(183.199245798866,-41.9417117611327,155.368375005837));
#1611=CARTESIAN_POINT('Ctrl Pts',(183.285862678282,-42.2743723193251,155.311862926997));
#1612=CARTESIAN_POINT('Ctrl Pts',(183.395998066291,-42.620897446699,155.251325853612));
#1613=CARTESIAN_POINT('Ctrl Pts',(183.654131484694,-43.433077049537,155.109440107571));
#1614=CARTESIAN_POINT('Ctrl Pts',(184.013439027492,-44.3186323498553,154.948206383444));
#1615=CARTESIAN_POINT('Ctrl Pts',(184.504696015765,-45.2365551254382,154.77111453554));
#1616=CARTESIAN_POINT('Ctrl Pts',(184.781889243562,-45.7544958023254,154.671189929664));
#1617=CARTESIAN_POINT('Ctrl Pts',(185.100926452484,-46.2826492124332,154.566244026026));
#1618=CARTESIAN_POINT('Ctrl Pts',(185.466652829175,-46.812814712081,154.457084504631));
#1619=CARTESIAN_POINT('Ctrl Pts',(185.749086726,-47.2222374870592,154.372785556105));
#1620=CARTESIAN_POINT('Ctrl Pts',(186.015899047776,-47.5683880635608,154.299163692725));
#1621=CARTESIAN_POINT('Ctrl Pts',(186.215725581118,-47.8162411041032,154.245711960808));
#1622=CARTESIAN_POINT('Ctrl Pts',(186.468600824048,-48.1298926337092,154.178070194384));
#1623=CARTESIAN_POINT('Ctrl Pts',(186.628391802966,-48.3341669440218,154.134427652129));
#1624=CARTESIAN_POINT('Ctrl Pts',(186.804014068177,-48.5611564166747,154.086094572543));
#1625=CARTESIAN_POINT('Ctrl Pts',(186.8184780715,-48.5798509511228,154.082113927931));
#1626=CARTESIAN_POINT('Ctrl Pts',(186.832966611594,-48.5985784252313,154.078126349014));
#1627=CARTESIAN_POINT('Ctrl Pts',(186.847514266527,-48.6173835548026,154.074122315978));
#1628=CARTESIAN_POINT('Ctrl Pts',(187.086037454128,-48.9257122489686,154.008472235103));
#1629=CARTESIAN_POINT('Ctrl Pts',(187.333546677254,-49.2434167709386,153.9406804958));
#1630=CARTESIAN_POINT('Ctrl Pts',(187.791714400582,-49.7925772444647,153.820956019463));
#1631=CARTESIAN_POINT('Ctrl Pts',(188.22067725157,-50.3067327171878,153.708863110932));
#1632=CARTESIAN_POINT('Ctrl Pts',(188.815747058542,-50.9852541139971,153.558506058106));
#1633=CARTESIAN_POINT('Ctrl Pts',(189.372898864596,-51.5777929817096,153.424058133184));
#1634=CARTESIAN_POINT('Ctrl Pts',(189.619546970669,-51.8401067495342,153.36453876039));
#1635=CARTESIAN_POINT('Ctrl Pts',(189.869597430555,-52.0751872001562,153.308765706569));
#1636=CARTESIAN_POINT('Ctrl Pts',(190.095584787971,-52.2705162321179,153.260895656858));
#1637=CARTESIAN_POINT('Ctrl Pts',(190.224602601169,-52.3820309860667,153.233566300021));
#1638=CARTESIAN_POINT('Ctrl Pts',(190.365447764716,-52.4981594785751,153.204561976495));
#1639=CARTESIAN_POINT('Ctrl Pts',(190.52678624111,-52.6224654091803,153.17262830969));
#1640=CARTESIAN_POINT('Ctrl Pts',(190.791846605001,-52.8266856047363,153.12016500687));
#1641=CARTESIAN_POINT('Ctrl Pts',(191.10353521263,-53.0495794812698,153.061026584181));
#1642=CARTESIAN_POINT('Ctrl Pts',(191.465899327916,-53.2779640286372,152.996825240526));
#1643=CARTESIAN_POINT('',(193.434479155142,-51.3843363381332,153.112059677964));
#1644=CARTESIAN_POINT('Ctrl Pts',(193.434479155142,-51.3843363381332,153.112059677964));
#1645=CARTESIAN_POINT('Ctrl Pts',(193.088317455907,-51.1943389224546,153.169219251951));
#1646=CARTESIAN_POINT('Ctrl Pts',(192.801701110301,-51.0093293530702,153.22064644448));
#1647=CARTESIAN_POINT('Ctrl Pts',(192.577546437569,-50.8536636731494,153.262490956544));
#1648=CARTESIAN_POINT('Ctrl Pts',(192.339106413396,-50.6880774373991,153.307002214536));
#1649=CARTESIAN_POINT('Ctrl Pts',(192.159077284578,-50.5479134118695,153.342851096561));
#1650=CARTESIAN_POINT('Ctrl Pts',(191.949673040842,-50.3673562048613,153.387143500237));
#1651=CARTESIAN_POINT('Ctrl Pts',(191.780733967823,-50.221689781705,153.422876862108));
#1652=CARTESIAN_POINT('Ctrl Pts',(191.610393087676,-50.0614825652997,153.460880436223));
#1653=CARTESIAN_POINT('Ctrl Pts',(191.444534860576,-49.8887105486351,153.500368172967));
#1654=CARTESIAN_POINT('Ctrl Pts',(190.929174930039,-49.3518678724286,153.623065717862));
#1655=CARTESIAN_POINT('Ctrl Pts',(190.393760160864,-48.7537096703182,153.756522489201));
#1656=CARTESIAN_POINT('Ctrl Pts',(189.936293845999,-48.209105427799,153.87551362699));
#1657=CARTESIAN_POINT('Ctrl Pts',(189.587074961372,-47.7933675254524,153.966348626353));
#1658=CARTESIAN_POINT('Ctrl Pts',(189.333074539652,-47.4745728454076,154.034846160852));
#1659=CARTESIAN_POINT('Ctrl Pts',(189.076176583373,-47.1429514164753,154.105485601633));
#1660=CARTESIAN_POINT('Ctrl Pts',(189.014112006878,-47.062834221923,154.122551548904));
#1661=CARTESIAN_POINT('Ctrl Pts',(188.951470020945,-46.9819944820081,154.139772889468));
#1662=CARTESIAN_POINT('Ctrl Pts',(188.886874478764,-46.8986591921921,154.15752751727));
#1663=CARTESIAN_POINT('Ctrl Pts',(188.718362204346,-46.6812599916889,154.20384453252));
#1664=CARTESIAN_POINT('Ctrl Pts',(188.532742472024,-46.4465708221506,154.254155960242));
#1665=CARTESIAN_POINT('Ctrl Pts',(188.308628672881,-46.1732250901622,154.313418609076));
#1666=CARTESIAN_POINT('Ctrl Pts',(188.158330689976,-45.9899105762383,154.353162063587));
#1667=CARTESIAN_POINT('Ctrl Pts',(187.981864418746,-45.7665305898412,154.4010315738));
#1668=CARTESIAN_POINT('Ctrl Pts',(187.766633343559,-45.4632848748649,154.463975689851));
#1669=CARTESIAN_POINT('Ctrl Pts',(187.221916188498,-44.6958160369968,154.623277685595));
#1670=CARTESIAN_POINT('Ctrl Pts',(186.734542890398,-43.8306005459938,154.792240934327));
#1671=CARTESIAN_POINT('Ctrl Pts',(186.35669230546,-42.8773969010442,154.965044614767));
#1672=CARTESIAN_POINT('Ctrl Pts',(186.127660340634,-42.2996179789389,155.069788574517));
#1673=CARTESIAN_POINT('Ctrl Pts',(185.933154691343,-41.6550078774952,155.181530675406));
#1674=CARTESIAN_POINT('Ctrl Pts',(185.811133184421,-41.0733868377562,155.277868636343));
#1675=CARTESIAN_POINT('Ctrl Pts',(185.72709644238,-40.6728219003571,155.344217008659));
#1676=CARTESIAN_POINT('Ctrl Pts',(185.681994585844,-40.3056243135755,155.402360213471));
#1677=CARTESIAN_POINT('Ctrl Pts',(185.660655496319,-39.9722326848882,155.453505779405));
#1678=CARTESIAN_POINT('Ctrl Pts',(185.600090692532,-39.0259974412519,155.598667603753));
#1679=CARTESIAN_POINT('Ctrl Pts',(185.745176784922,-38.3429807197136,155.68761448307));
#1680=CARTESIAN_POINT('Ctrl Pts',(185.911173011663,-37.7993829504357,155.754167833163));
#1681=CARTESIAN_POINT('Ctrl Pts',(186.035192094152,-37.3932502454204,155.803891164693));
#1682=CARTESIAN_POINT('Ctrl Pts',(186.176274136665,-37.0815129774919,155.83820898472));
#1683=CARTESIAN_POINT('Ctrl Pts',(186.283345960424,-36.86690244919,155.861000370639));
#1684=CARTESIAN_POINT('Ctrl Pts',(186.389082552457,-36.6549682065425,155.883507538166));
#1685=CARTESIAN_POINT('Ctrl Pts',(186.494716397736,-36.447751861633,155.905324876902));
#1686=CARTESIAN_POINT('Ctrl Pts',(186.6048268568,-36.2363756777204,155.927382599317));
#1687=CARTESIAN_POINT('Ctrl Pts',(187.822200710478,-33.8994147589006,156.171251299607));
#1688=CARTESIAN_POINT('Ctrl Pts',(189.439214051001,-31.3733823526837,156.409593367411));
#1689=CARTESIAN_POINT('Ctrl Pts',(191.475327721223,-28.9746446237151,156.593941242342));
#1690=CARTESIAN_POINT('Ctrl Pts',(192.163225101418,-28.1642353505667,156.656222843839));
#1691=CARTESIAN_POINT('Ctrl Pts',(192.900611623282,-27.3644729900367,156.712777683721));
#1692=CARTESIAN_POINT('Ctrl Pts',(193.692781784267,-26.5810338115625,156.762321396064));
#1693=CARTESIAN_POINT('Ctrl Pts',(194.205415656027,-26.0740499851957,156.794382418217));
#1694=CARTESIAN_POINT('Ctrl Pts',(194.755072522404,-25.5639003607523,156.823807052522));
#1695=CARTESIAN_POINT('Ctrl Pts',(195.230654411482,-25.1444661401461,156.846014564329));
#1696=CARTESIAN_POINT('Ctrl Pts',(196.195437004828,-24.2935867345409,156.891065524688));
#1697=CARTESIAN_POINT('Ctrl Pts',(196.980652909722,-23.646747050979,156.920970046329));
#1698=CARTESIAN_POINT('Ctrl Pts',(198.345150718291,-22.6851838355462,156.948883371408));
#1699=CARTESIAN_POINT('Ctrl Pts',(199.202779509077,-22.080811814912,156.966427753732));
#1700=CARTESIAN_POINT('Ctrl Pts',(200.270807263132,-21.3275904257924,156.988362243754));
#1701=CARTESIAN_POINT('Ctrl Pts',(201.733859642728,-20.2924765098164,157.018898534403));
#1702=CARTESIAN_POINT('Ctrl Pts',(202.362453392555,-19.8477445596723,157.032018311734));
#1703=CARTESIAN_POINT('Ctrl Pts',(203.053538137197,-19.3582466232813,157.04652430758));
#1704=CARTESIAN_POINT('Ctrl Pts',(203.72872481775,-18.8793640505365,157.060792130793));
#1705=CARTESIAN_POINT('Ctrl Pts',(206.160545076951,-17.1545724103576,157.112180557943));
#1706=CARTESIAN_POINT('Ctrl Pts',(208.66820767607,-15.3680890531404,157.166341163417));
#1707=CARTESIAN_POINT('Ctrl Pts',(211.276513419386,-13.4991772054619,157.224263853082));
#1708=CARTESIAN_POINT('Ctrl Pts',(213.81211236235,-11.6823614745566,157.280571941605));
#1709=CARTESIAN_POINT('Ctrl Pts',(216.462713253923,-9.77281740934557,157.34096267204));
#1710=CARTESIAN_POINT('Ctrl Pts',(219.051825115518,-7.89629749638079,157.401621432847));
#1711=CARTESIAN_POINT('Ctrl Pts',(226.630037865811,-2.40380899422477,157.579166868942));
#1712=CARTESIAN_POINT('Ctrl Pts',(234.03786666061,3.05919835173085,157.766637686852));
#1713=CARTESIAN_POINT('Ctrl Pts',(241.70368750538,8.80528864465289,157.97437923616));
#1714=CARTESIAN_POINT('Ctrl Pts',(245.536597927764,11.6783337911139,158.078250010814));
#1715=CARTESIAN_POINT('Ctrl Pts',(249.43394821506,14.6222240506738,158.187204355869));
#1716=CARTESIAN_POINT('Ctrl Pts',(253.449367405727,17.6759127477112,158.302511210852));
#1717=CARTESIAN_POINT('Ctrl Pts',(255.919040418265,19.5540759495242,158.373430388748));
#1718=CARTESIAN_POINT('Ctrl Pts',(258.433380318136,21.4737693427856,158.446751631181));
#1719=CARTESIAN_POINT('Ctrl Pts',(261.004983493344,23.4439037289205,158.522737670545));
#1720=CARTESIAN_POINT('Ctrl Pts',(261.78052526644,24.0380550854716,158.545653471966));
#1721=CARTESIAN_POINT('Ctrl Pts',(262.564982088815,24.6396376374169,158.568921710148));
#1722=CARTESIAN_POINT('Ctrl Pts',(263.347456032989,25.2402597108742,158.592214058146));
#1723=CARTESIAN_POINT('Ctrl Pts',(264.188912325589,25.8861562636573,158.617262167336));
#1724=CARTESIAN_POINT('Ctrl Pts',(264.937562008807,26.4614259327374,158.639638085837));
#1725=CARTESIAN_POINT('Ctrl Pts',(265.643379778326,27.0041440621448,158.660787259173));
#1726=CARTESIAN_POINT('Ctrl Pts',(266.858047324766,27.9381274883542,158.697183643049));
#1727=CARTESIAN_POINT('Ctrl Pts',(267.987785892551,28.719590080378,158.718123425706));
#1728=CARTESIAN_POINT('Ctrl Pts',(269.291717663786,29.5359227953112,158.72961614337));
#1729=CARTESIAN_POINT('Ctrl Pts',(269.943683549403,29.9440891527778,158.735362502203));
#1730=CARTESIAN_POINT('Ctrl Pts',(270.640654233196,30.3597056562828,158.738437314841));
#1731=CARTESIAN_POINT('Ctrl Pts',(271.421691392331,30.7972003224952,158.737700491379));
#1732=CARTESIAN_POINT('Ctrl Pts',(271.791018609497,31.0040774034477,158.737352071389));
#1733=CARTESIAN_POINT('Ctrl Pts',(272.179188593641,31.2157439866166,158.736132385682));
#1734=CARTESIAN_POINT('Ctrl Pts',(272.590530792545,31.4331694460803,158.733821838392));
#1735=CARTESIAN_POINT('Ctrl Pts',(272.869738717862,31.5807519494311,158.732253501575));
#1736=CARTESIAN_POINT('Ctrl Pts',(273.226778774121,31.7663185370921,158.729780742321));
#1737=CARTESIAN_POINT('Ctrl Pts',(273.632277350716,31.9702762088624,158.725966494806));
#1738=CARTESIAN_POINT('Ctrl Pts',(273.892733796573,32.1012805905314,158.723516559322));
#1739=CARTESIAN_POINT('Ctrl Pts',(274.165413474062,32.2359020695353,158.720576962856));
#1740=CARTESIAN_POINT('Ctrl Pts',(274.426538373398,32.3625508767692,158.717426158261));
#1741=CARTESIAN_POINT('Ctrl Pts',(274.750832938202,32.5198377533916,158.713513131171));
#1742=CARTESIAN_POINT('Ctrl Pts',(275.052016012538,32.637796084252,158.705716159083));
#1743=CARTESIAN_POINT('Ctrl Pts',(275.323880233659,32.7284200914595,158.696331489426));
#1744=CARTESIAN_POINT('Ctrl Pts',(275.394051537443,32.7518111971871,158.693909197509));
#1745=CARTESIAN_POINT('Ctrl Pts',(275.465387669256,32.7744031139192,158.691270899999));
#1746=CARTESIAN_POINT('Ctrl Pts',(275.537537147874,32.7960073326472,158.688418167843));
#1747=CARTESIAN_POINT('Ctrl Pts',(276.910102784909,33.2070041798744,158.634148030296));
#1748=CARTESIAN_POINT('Ctrl Pts',(278.445863201416,33.3207766313361,158.522189382875));
#1749=CARTESIAN_POINT('Ctrl Pts',(280.031695517797,32.9524020153755,158.334653375096));
#1750=CARTESIAN_POINT('Ctrl Pts',(280.807290852774,32.7722381791919,158.242933682369));
#1751=CARTESIAN_POINT('Ctrl Pts',(281.583321951377,32.4775032736998,158.134216137438));
#1752=CARTESIAN_POINT('Ctrl Pts',(282.331414396275,32.047425698059,158.007805391624));
#1753=CARTESIAN_POINT('Ctrl Pts',(282.672638839606,31.8512561172302,157.950146158911));
#1754=CARTESIAN_POINT('Ctrl Pts',(282.969042859399,31.6499350980753,157.89548331398));
#1755=CARTESIAN_POINT('Ctrl Pts',(283.234867327791,31.447926611768,157.843283352342));
#1756=CARTESIAN_POINT('Ctrl Pts',(283.595085331629,31.1741854692145,157.772547328319));
#1757=CARTESIAN_POINT('Ctrl Pts',(283.930605863336,30.8771430381931,157.700433076747));
#1758=CARTESIAN_POINT('Ctrl Pts',(284.32270803257,30.4015283319424,157.597137257341));
#1759=CARTESIAN_POINT('Ctrl Pts',(284.553236774723,30.1219000396646,157.536406516259));
#1760=CARTESIAN_POINT('Ctrl Pts',(284.818767985086,29.7943857263727,157.465651043247));
#1761=CARTESIAN_POINT('Ctrl Pts',(285.136235181045,29.3875537398129,157.378797453937));
#1762=CARTESIAN_POINT('Ctrl Pts',(285.37318848782,29.0838997379366,157.313971086192));
#1763=CARTESIAN_POINT('Ctrl Pts',(285.636916865718,28.7365421001212,157.240429172652));
#1764=CARTESIAN_POINT('Ctrl Pts',(285.850503331576,28.4480083293357,157.17980096976));
#1765=CARTESIAN_POINT('Ctrl Pts',(286.127701994479,28.0735408969403,157.101115943027));
#1766=CARTESIAN_POINT('Ctrl Pts',(286.357965042654,27.7510589215649,157.034063349597));
#1767=CARTESIAN_POINT('Ctrl Pts',(286.561311447928,27.4601490646574,156.973942203877));
#1768=CARTESIAN_POINT('Ctrl Pts',(286.623494984102,27.3711885365067,156.955557096774));
#1769=CARTESIAN_POINT('Ctrl Pts',(286.683481487211,27.2854048568836,156.937826557577));
#1770=CARTESIAN_POINT('Ctrl Pts',(286.741732747211,27.2021312282976,156.920613142824));
#1771=CARTESIAN_POINT('Ctrl Pts',(286.946661043381,26.9091740833005,156.860056242312));
#1772=CARTESIAN_POINT('Ctrl Pts',(287.129436570428,26.6602380509036,156.807874222467));
#1773=CARTESIAN_POINT('Ctrl Pts',(287.296301965179,26.4388016093495,156.761097647967));
#1774=CARTESIAN_POINT('Ctrl Pts',(287.506803350726,26.1594586225827,156.70208880579));
#1775=CARTESIAN_POINT('Ctrl Pts',(287.690803909679,25.8949750600081,156.647502360422));
#1776=CARTESIAN_POINT('Ctrl Pts',(287.915548131594,25.5241628715251,156.573757731022));
#1777=CARTESIAN_POINT('Ctrl Pts',(288.218662919558,25.0240447508958,156.474297609139));
#1778=CARTESIAN_POINT('Ctrl Pts',(288.522272190156,24.4232285951351,156.359888499103));
#1779=CARTESIAN_POINT('Ctrl Pts',(288.762733871088,23.8105679780723,156.249021999357));
#1780=CARTESIAN_POINT('Ctrl Pts',(289.182596576064,22.7408202206934,156.055441432616));
#1781=CARTESIAN_POINT('Ctrl Pts',(289.379676581089,21.7312700719089,155.889457049284));
#1782=CARTESIAN_POINT('Ctrl Pts',(289.46337988391,21.0255366094165,155.777958949298));
#1783=CARTESIAN_POINT('Ctrl Pts',(289.506712978918,20.660179280018,155.720236522618));
#1784=CARTESIAN_POINT('Ctrl Pts',(289.522519098412,20.3856012683496,155.678261870614));
#1785=CARTESIAN_POINT('Ctrl Pts',(289.524378605723,20.0394827243515,155.626865910265));
#1786=CARTESIAN_POINT('Ctrl Pts',(289.524690078226,19.9815069322711,155.618256947923));
#1787=CARTESIAN_POINT('Ctrl Pts',(289.524429153552,19.9226573340995,155.609566631789));
#1788=CARTESIAN_POINT('Ctrl Pts',(289.523542499173,19.8629605845526,155.600803380784));
#1789=CARTESIAN_POINT('Ctrl Pts',(289.516644484825,19.3985304249182,155.53262683694));
#1790=CARTESIAN_POINT('Ctrl Pts',(289.469255939133,18.8828660326005,155.460261360816));
#1791=CARTESIAN_POINT('Ctrl Pts',(289.34557406449,18.3290459267819,155.388645842021));
#1792=CARTESIAN_POINT('Ctrl Pts',(289.245089906126,17.8791000686749,155.330462497431));
#1793=CARTESIAN_POINT('Ctrl Pts',(289.079573704028,17.4013982706958,155.27362424556));
#1794=CARTESIAN_POINT('Ctrl Pts',(288.937822681069,17.0803851964605,155.237989324925));
#1795=CARTESIAN_POINT('Ctrl Pts',(288.870573902099,16.928091852644,155.221083592245));
#1796=CARTESIAN_POINT('Ctrl Pts',(288.808082620644,16.8030065358503,155.20780678084));
#1797=CARTESIAN_POINT('Ctrl Pts',(288.758950587355,16.7093657041097,155.1980646487));
#1798=CARTESIAN_POINT('Ctrl Pts',(288.673137342491,16.5458140844114,155.181049192289));
#1799=CARTESIAN_POINT('Ctrl Pts',(288.611554162682,16.4307798495961,155.16918419998));
#1800=CARTESIAN_POINT('Ctrl Pts',(288.53768162605,16.2944891170005,155.155203046166));
#1801=CARTESIAN_POINT('Ctrl Pts',(287.236279485234,13.8934743521093,154.908899015815));
#1802=CARTESIAN_POINT('Ctrl Pts',(285.580490291887,11.5095183680653,154.694842262522));
#1803=CARTESIAN_POINT('Ctrl Pts',(283.555401046699,9.2118792510836,154.524536605836));
#1804=CARTESIAN_POINT('Ctrl Pts',(282.542856424105,8.06305969259276,154.439383777493));
#1805=CARTESIAN_POINT('Ctrl Pts',(281.436767429491,6.93493008180728,154.365139339981));
#1806=CARTESIAN_POINT('Ctrl Pts',(280.239700327334,5.84393197966838,154.304022102884));
#1807=CARTESIAN_POINT('Ctrl Pts',(279.641166776255,5.29843292859893,154.273463484335));
#1808=CARTESIAN_POINT('Ctrl Pts',(279.019885413252,4.76221283853291,154.246186361646));
#1809=CARTESIAN_POINT('Ctrl Pts',(278.376092424594,4.23741332028782,154.222487974143));
#1810=CARTESIAN_POINT('Ctrl Pts',(278.037299609009,3.9612402187843,154.210016817158));
#1811=CARTESIAN_POINT('Ctrl Pts',(277.692271087731,3.68823171905795,154.198537131942));
#1812=CARTESIAN_POINT('Ctrl Pts',(277.341029985327,3.41871885850943,154.18809598644));
#1813=CARTESIAN_POINT('Ctrl Pts',(277.095689986581,3.23046559197445,154.180802903123));
#1814=CARTESIAN_POINT('Ctrl Pts',(276.923171357211,3.10035358668507,154.176009746199));
#1815=CARTESIAN_POINT('Ctrl Pts',(276.65048511778,2.89935102861565,154.16912271968));
#1816=CARTESIAN_POINT('Ctrl Pts',(276.571719300493,2.84129114706082,154.167133392043));
#1817=CARTESIAN_POINT('Ctrl Pts',(276.484042218825,2.77703672993964,154.164974387538));
#1818=CARTESIAN_POINT('Ctrl Pts',(276.382640776326,2.70344626457235,154.162584297585));
#1819=CARTESIAN_POINT('Ctrl Pts',(276.17368192149,2.55179773777721,154.157659017951));
#1820=CARTESIAN_POINT('Ctrl Pts',(275.907716017095,2.35876601854774,154.151388385078));
#1821=CARTESIAN_POINT('Ctrl Pts',(275.544110795456,2.09480419503703,154.142805983535));
#1822=CARTESIAN_POINT('Ctrl Pts',(275.190147851643,1.83784225240356,154.134451174708));
#1823=CARTESIAN_POINT('Ctrl Pts',(274.81237360469,1.56353910461184,154.125526158146));
#1824=CARTESIAN_POINT('Ctrl Pts',(274.444010513458,1.29600595610077,154.116814086052));
#1825=CARTESIAN_POINT('Ctrl Pts',(270.843479215633,-1.3189723013564,154.031658735289));
#1826=CARTESIAN_POINT('Ctrl Pts',(267.11716677877,-4.03088385675617,153.942702265438));
#1827=CARTESIAN_POINT('Ctrl Pts',(263.168731121746,-6.91761608168034,153.846494144492));
#1828=CARTESIAN_POINT('Ctrl Pts',(259.767691738558,-9.40414260471442,153.763623955702));
#1829=CARTESIAN_POINT('Ctrl Pts',(256.282111720537,-11.9618181909519,153.677311018021));
#1830=CARTESIAN_POINT('Ctrl Pts',(252.653628677323,-14.638825156254,153.585317094076));
#1831=CARTESIAN_POINT('Ctrl Pts',(249.073126486773,-17.2804330097915,153.494539641824));
#1832=CARTESIAN_POINT('Ctrl Pts',(245.329208464384,-20.0566433748487,153.397540813299));
#1833=CARTESIAN_POINT('Ctrl Pts',(241.524337062483,-22.8959901312282,153.296307221443));
#1834=CARTESIAN_POINT('Ctrl Pts',(237.830261998459,-25.6526562423654,153.19802151141));
#1835=CARTESIAN_POINT('Ctrl Pts',(234.041523437791,-28.4961643079369,153.094818836809));
#1836=CARTESIAN_POINT('Ctrl Pts',(230.076819934687,-31.4905398038653,152.984039371806));
#1837=CARTESIAN_POINT('Ctrl Pts',(226.82040422762,-33.9499750151403,152.893050477031));
#1838=CARTESIAN_POINT('Ctrl Pts',(223.501832203647,-36.4685607750496,152.798517778582));
#1839=CARTESIAN_POINT('Ctrl Pts',(220.090590588652,-39.0690448337216,152.699632757552));
#1840=CARTESIAN_POINT('Ctrl Pts',(217.754012013324,-40.8502834625724,152.631900052679));
#1841=CARTESIAN_POINT('Ctrl Pts',(215.36846658738,-42.6741065165195,152.561969843555));
#1842=CARTESIAN_POINT('Ctrl Pts',(212.912256039679,-44.5566670127806,152.489270607354));
#1843=CARTESIAN_POINT('Ctrl Pts',(211.782570643635,-45.4225134288325,152.455834033475));
#1844=CARTESIAN_POINT('Ctrl Pts',(210.622425226632,-46.3127363888607,152.421343344886));
#1845=CARTESIAN_POINT('Ctrl Pts',(209.563271337394,-47.1261773908095,152.389749599404));
#1846=CARTESIAN_POINT('Ctrl Pts',(208.364655403807,-48.0467266668645,152.353995808457));
#1847=CARTESIAN_POINT('Ctrl Pts',(207.180045768142,-48.8607421959077,152.332838778017));
#1848=CARTESIAN_POINT('Ctrl Pts',(205.75560393013,-49.7018113730124,152.327791013341));
#1849=CARTESIAN_POINT('Ctrl Pts',(205.073273968834,-50.1046966883321,152.325373054963));
#1850=CARTESIAN_POINT('Ctrl Pts',(204.33417504384,-50.5125565012726,152.326979783582));
#1851=CARTESIAN_POINT('Ctrl Pts',(203.502002252725,-50.926263538448,152.335526832211));
#1852=CARTESIAN_POINT('Ctrl Pts',(202.744452041486,-51.3028726474574,152.343307450086));
#1853=CARTESIAN_POINT('Ctrl Pts',(201.99361837902,-51.6364034691346,152.356902148439));
#1854=CARTESIAN_POINT('Ctrl Pts',(201.454191990248,-51.860710031902,152.368936217251));
#1855=CARTESIAN_POINT('Ctrl Pts',(201.349138716668,-51.9043937285002,152.371279851803));
#1856=CARTESIAN_POINT('Ctrl Pts',(201.252143980986,-51.9440742923397,152.373540260823));
#1857=CARTESIAN_POINT('Ctrl Pts',(201.164748872648,-51.9794215287407,152.37563707826));
#1858=CARTESIAN_POINT('Ctrl Pts',(200.889329415711,-52.0908158257314,152.382245049012));
#1859=CARTESIAN_POINT('Ctrl Pts',(200.698638244958,-52.1531106894258,152.38901576411));
#1860=CARTESIAN_POINT('Ctrl Pts',(200.477054033964,-52.2177408076621,152.398031712914));
#1861=CARTESIAN_POINT('Ctrl Pts',(200.355077485352,-52.2533180661841,152.402994766521));
#1862=CARTESIAN_POINT('Ctrl Pts',(200.233386904919,-52.2854194252484,152.408448414797));
#1863=CARTESIAN_POINT('Ctrl Pts',(200.112577259905,-52.314196862192,152.414320259813));
#1864=CARTESIAN_POINT('Ctrl Pts',(199.268405681749,-52.5152825814429,152.455350466244));
#1865=CARTESIAN_POINT('Ctrl Pts',(198.49881901365,-52.5848863532184,152.509590179765));
#1866=CARTESIAN_POINT('Ctrl Pts',(197.669070029586,-52.5556413252122,152.583509361309));
#1867=CARTESIAN_POINT('Ctrl Pts',(197.005861718974,-52.5322661286282,152.642592067592));
#1868=CARTESIAN_POINT('Ctrl Pts',(196.327908387881,-52.4375935972499,152.71346639931));
#1869=CARTESIAN_POINT('Ctrl Pts',(195.646520292262,-52.2616281037721,152.796663554215));
#1870=CARTESIAN_POINT('Ctrl Pts',(194.752746304875,-52.0308148832899,152.905792923156));
#1871=CARTESIAN_POINT('Ctrl Pts',(194.010978974303,-51.7007592006915,153.016865772517));
#1872=CARTESIAN_POINT('Ctrl Pts',(193.434479155142,-51.3843363381332,153.112059677964));
#1873=CARTESIAN_POINT('Ctrl Pts',(192.549287344371,-53.1406277428418,156.607151701411));
#1874=CARTESIAN_POINT('Ctrl Pts',(195.419538651566,-47.6256302793328,145.294611369738));
#1875=CARTESIAN_POINT('Ctrl Pts',(198.145551674385,-40.5940977375282,134.474005910842));
#1876=CARTESIAN_POINT('Ctrl Pts',(204.189720739691,-22.9370399589154,97.4734090133269));
#1877=CARTESIAN_POINT('Ctrl Pts',(202.802213749487,-3.07220201106975,79.4169248277008));
#1878=CARTESIAN_POINT('Ctrl Pts',(201.930051072267,7.76585344582901,43.5206723602146));
#1879=CARTESIAN_POINT('Ctrl Pts',(201.250747947474,9.80223485860293,30.9816606418783));
#1880=CARTESIAN_POINT('Ctrl Pts',(200.191966745387,10.1491784338655,18.2437612236086));
#1881=CARTESIAN_POINT('Ctrl Pts',(192.247963247201,-52.9733457082162,156.64497951104));
#1882=CARTESIAN_POINT('Ctrl Pts',(195.143387097208,-47.4689246546098,145.353042703075));
#1883=CARTESIAN_POINT('Ctrl Pts',(197.899235641048,-40.4468682305919,134.547413303532));
#1884=CARTESIAN_POINT('Ctrl Pts',(204.003614238028,-22.8081252464716,97.5859197203332));
#1885=CARTESIAN_POINT('Ctrl Pts',(202.644554323222,-2.92334606192291,79.5039350181957));
#1886=CARTESIAN_POINT('Ctrl Pts',(201.785356444267,7.92176789944261,43.5685380225955));
#1887=CARTESIAN_POINT('Ctrl Pts',(201.105462025631,9.96081500144753,31.011103849837));
#1888=CARTESIAN_POINT('Ctrl Pts',(200.041043038253,10.3106655177352,18.2498162837394));
#1889=CARTESIAN_POINT('Ctrl Pts',(191.955752828971,-52.7887042744657,156.683013192397));
#1890=CARTESIAN_POINT('Ctrl Pts',(194.874728993352,-47.2986575008396,145.412481510258));
#1891=CARTESIAN_POINT('Ctrl Pts',(197.659322527341,-40.2900211386355,134.622195862652));
#1892=CARTESIAN_POINT('Ctrl Pts',(203.819597698335,-22.6777818994207,97.701406195031));
#1893=CARTESIAN_POINT('Ctrl Pts',(202.489181784421,-2.77211391665957,79.5915302745649));
#1894=CARTESIAN_POINT('Ctrl Pts',(201.642325130068,8.0790396838346,43.6165426513354));
#1895=CARTESIAN_POINT('Ctrl Pts',(200.961821771681,10.1207409199763,31.040591197634));
#1896=CARTESIAN_POINT('Ctrl Pts',(199.891939018429,10.473819801779,18.2558793261062));
#1897=CARTESIAN_POINT('Ctrl Pts',(191.256228902787,-52.2889842382415,156.77746303387));
#1898=CARTESIAN_POINT('Ctrl Pts',(194.228293148911,-46.8431686968294,145.562152627241));
#1899=CARTESIAN_POINT('Ctrl Pts',(197.080366657301,-39.87704654344,134.811359131199));
#1900=CARTESIAN_POINT('Ctrl Pts',(203.365775266211,-22.3489033948961,97.9954232221833));
#1901=CARTESIAN_POINT('Ctrl Pts',(202.108480236848,-2.38997805082431,79.8108693917347));
#1902=CARTESIAN_POINT('Ctrl Pts',(201.290567379604,8.47377350278933,43.7363479070893));
#1903=CARTESIAN_POINT('Ctrl Pts',(200.608481268083,10.5220325320179,31.1140925650876));
#1904=CARTESIAN_POINT('Ctrl Pts',(199.525487724062,10.8839008768245,18.2709897323861));
#1905=CARTESIAN_POINT('Ctrl Pts',(190.872450949109,-51.9463199425683,156.831320537834));
#1906=CARTESIAN_POINT('Ctrl Pts',(193.868686240863,-46.5366176959085,145.651439614277));
#1907=CARTESIAN_POINT('Ctrl Pts',(196.750157956148,-39.6098818335194,134.92725211279));
#1908=CARTESIAN_POINT('Ctrl Pts',(203.097910153148,-22.1482561490721,98.1772186709813));
#1909=CARTESIAN_POINT('Ctrl Pts',(201.886037549803,-2.15628037029707,79.9432738729931));
#1910=CARTESIAN_POINT('Ctrl Pts',(201.083870510183,8.71285058526381,43.8083140006686));
#1911=CARTESIAN_POINT('Ctrl Pts',(200.400791090314,10.7650038466918,31.158163632602));
#1912=CARTESIAN_POINT('Ctrl Pts',(199.310394180202,11.1328076818478,18.2800477050455));
#1913=CARTESIAN_POINT('Ctrl Pts',(189.696470571428,-50.640674983064,157.010091585344));
#1914=CARTESIAN_POINT('Ctrl Pts',(192.741821680853,-45.380750317226,145.958941054686));
#1915=CARTESIAN_POINT('Ctrl Pts',(195.675691353806,-38.6268868294213,135.334652947236));
#1916=CARTESIAN_POINT('Ctrl Pts',(202.182390160886,-21.4378920717876,98.8205762487348));
#1917=CARTESIAN_POINT('Ctrl Pts',(201.138338838894,-1.33374841021532,80.4034242561982));
#1918=CARTESIAN_POINT('Ctrl Pts',(200.384207726329,9.54713647148967,44.0574608368528));
#1919=CARTESIAN_POINT('Ctrl Pts',(199.697492739273,11.6125989353793,31.3105180119936));
#1920=CARTESIAN_POINT('Ctrl Pts',(198.583315535436,12.0029840283418,18.3113549759877));
#1921=CARTESIAN_POINT('Ctrl Pts',(188.898711391707,-49.6754698045782,157.144870590355));
#1922=CARTESIAN_POINT('Ctrl Pts',(191.999111980007,-44.5011173521932,146.189366339011));
#1923=CARTESIAN_POINT('Ctrl Pts',(194.991916546159,-37.8476843422046,135.640557959483));
#1924=CARTESIAN_POINT('Ctrl Pts',(201.63416473942,-20.8300180756708,99.2983428834794));
#1925=CARTESIAN_POINT('Ctrl Pts',(200.640982064873,-0.720599047358684,80.7364534341558));
#1926=CARTESIAN_POINT('Ctrl Pts',(199.909998626139,10.1567557154212,44.2361114229468));
#1927=CARTESIAN_POINT('Ctrl Pts',(199.220357837401,12.2314843704187,31.4193812154718));
#1928=CARTESIAN_POINT('Ctrl Pts',(198.092373709267,12.6416163593137,18.3337148028834));
#1929=CARTESIAN_POINT('Ctrl Pts',(188.082048638971,-48.5962749816749,157.294892724549));
#1930=CARTESIAN_POINT('Ctrl Pts',(191.268811421333,-43.4976167160952,146.445229457051));
#1931=CARTESIAN_POINT('Ctrl Pts',(194.354189882706,-36.9347028344664,135.980533595874));
#1932=CARTESIAN_POINT('Ctrl Pts',(201.172618528657,-20.0839612638349,99.8271442083168));
#1933=CARTESIAN_POINT('Ctrl Pts',(200.141537868241,-0.0282076751761073,
81.1023487391335));
#1934=CARTESIAN_POINT('Ctrl Pts',(199.420521412171,10.836035028823,44.4318228919015));
#1935=CARTESIAN_POINT('Ctrl Pts',(198.72726276877,12.9206858691771,31.5385090690622));
#1936=CARTESIAN_POINT('Ctrl Pts',(197.588611225688,13.3551652657726,18.3581792857341));
#1937=CARTESIAN_POINT('Ctrl Pts',(188.017879231956,-48.5114950797755,157.306678341402));
#1938=CARTESIAN_POINT('Ctrl Pts',(191.21141971304,-43.4187889992623,146.465329433366));
#1939=CARTESIAN_POINT('Ctrl Pts',(194.304066568474,-36.8629902871562,136.007241003071));
#1940=CARTESIAN_POINT('Ctrl Pts',(201.136370011275,-20.0253403597349,99.8686893798181));
#1941=CARTESIAN_POINT('Ctrl Pts',(200.102479305278,0.0263121176442364,81.1311180090081));
#1942=CARTESIAN_POINT('Ctrl Pts',(199.38228391614,10.8895527581368,44.447214920264));
#1943=CARTESIAN_POINT('Ctrl Pts',(198.688740917005,12.9749839023078,31.5478789002841));
#1944=CARTESIAN_POINT('Ctrl Pts',(197.549239011975,13.4113688973167,18.3601035091466));
#1945=CARTESIAN_POINT('Ctrl Pts',(187.761371794607,-48.1726394589995,157.353783798929));
#1946=CARTESIAN_POINT('Ctrl Pts',(190.982001938313,-43.1037244318876,146.545668449607));
#1947=CARTESIAN_POINT('Ctrl Pts',(194.103703495914,-36.5763618800738,136.113991945271));
#1948=CARTESIAN_POINT('Ctrl Pts',(200.991633150843,-19.7909261172989,100.034762144146));
#1949=CARTESIAN_POINT('Ctrl Pts',(199.947077806623,0.244710491317782,81.2461991616848));
#1950=CARTESIAN_POINT('Ctrl Pts',(199.230310045117,11.1040516692479,44.508798739398));
#1951=CARTESIAN_POINT('Ctrl Pts',(198.53563557982,13.1926093447274,31.5853710503354));
#1952=CARTESIAN_POINT('Ctrl Pts',(197.392692148434,13.6365876917313,18.3678031773707));
#1953=CARTESIAN_POINT('Ctrl Pts',(187.565109417285,-47.9216630081713,157.390056419189));
#1954=CARTESIAN_POINT('Ctrl Pts',(190.807039993453,-42.8698012559695,146.606605248538));
#1955=CARTESIAN_POINT('Ctrl Pts',(193.953367646569,-36.3615131545349,136.194026906823));
#1956=CARTESIAN_POINT('Ctrl Pts',(200.883340887366,-19.6150003383557,100.159307362929));
#1957=CARTESIAN_POINT('Ctrl Pts',(199.832172238468,0.409553143096732,81.3326894026838));
#1958=CARTESIAN_POINT('Ctrl Pts',(199.118308364764,11.2662130496484,44.5551141445351));
#1959=CARTESIAN_POINT('Ctrl Pts',(198.422791909517,13.3571279411028,31.6135750841109));
#1960=CARTESIAN_POINT('Ctrl Pts',(197.27716602648,13.8067422969118,18.3735955667537));
#1961=CARTESIAN_POINT('Ctrl Pts',(187.304113300493,-47.5984640476749,157.437965339672));
#1962=CARTESIAN_POINT('Ctrl Pts',(190.575218626386,-42.5679734295748,146.686387393488));
#1963=CARTESIAN_POINT('Ctrl Pts',(193.757759838162,-36.0821956614798,136.298093281953));
#1964=CARTESIAN_POINT('Ctrl Pts',(200.742873135294,-19.3859983770489,100.321290075031));
#1965=CARTESIAN_POINT('Ctrl Pts',(199.684884371175,0.625283276646304,81.4453985868707));
#1966=CARTESIAN_POINT('Ctrl Pts',(198.975234738478,11.478759104447,44.6155070441673));
#1967=CARTESIAN_POINT('Ctrl Pts',(198.278631745783,13.5727547548813,31.6503604399715));
#1968=CARTESIAN_POINT('Ctrl Pts',(197.129384690322,14.0296256624604,18.3811505841712));
#1969=CARTESIAN_POINT('Ctrl Pts',(187.244711168189,-47.5229786427825,157.448966687033));
#1970=CARTESIAN_POINT('Ctrl Pts',(190.522182962242,-42.4977531820884,146.704780718124));
#1971=CARTESIAN_POINT('Ctrl Pts',(193.712750620817,-36.0175291163078,136.322115937329));
#1972=CARTESIAN_POINT('Ctrl Pts',(200.709915305701,-19.3335111896759,100.358758113671));
#1973=CARTESIAN_POINT('Ctrl Pts',(199.651006451874,0.675210484649419,81.4714515016351));
#1974=CARTESIAN_POINT('Ctrl Pts',(198.942362228147,11.5279730482388,44.6294694986907));
#1975=CARTESIAN_POINT('Ctrl Pts',(198.245509722805,13.6226821299636,31.658865499287));
#1976=CARTESIAN_POINT('Ctrl Pts',(197.09541685865,14.0812242157735,18.3828973766953));
#1977=CARTESIAN_POINT('Ctrl Pts',(186.716976557687,-46.8348549753617,157.547606016434));
#1978=CARTESIAN_POINT('Ctrl Pts',(190.048597583931,-41.8598445205061,146.870362406196));
#1979=CARTESIAN_POINT('Ctrl Pts',(193.308467659405,-35.4327155636913,136.53868449822));
#1980=CARTESIAN_POINT('Ctrl Pts',(200.408307990815,-18.8631896833838,100.697190499129));
#1981=CARTESIAN_POINT('Ctrl Pts',(199.346719915361,1.12654196108415,81.7066484834348));
#1982=CARTESIAN_POINT('Ctrl Pts',(198.647404777999,11.9730417532936,44.7555411816579));
#1983=CARTESIAN_POINT('Ctrl Pts',(197.948294589884,14.0741876526421,31.7356668263463));
#1984=CARTESIAN_POINT('Ctrl Pts',(196.790487175013,14.5477625263739,18.3986712182706));
#1985=CARTESIAN_POINT('Ctrl Pts',(186.307123596012,-46.1718607930483,157.630803410629));
#1986=CARTESIAN_POINT('Ctrl Pts',(189.66235059392,-41.261548820935,147.014963985955));
#1987=CARTESIAN_POINT('Ctrl Pts',(192.961309355339,-34.9035233665563,136.730152157718));
#1988=CARTESIAN_POINT('Ctrl Pts',(200.107126323469,-18.4696416105023,101.001065080345));
#1989=CARTESIAN_POINT('Ctrl Pts',(199.085705181707,1.53389228432701,81.9168136704345));
#1990=CARTESIAN_POINT('Ctrl Pts',(198.396667757,12.3761757656764,44.8683561498318));
#1991=CARTESIAN_POINT('Ctrl Pts',(197.695596982913,14.4831196481826,31.8044291299164));
#1992=CARTESIAN_POINT('Ctrl Pts',(196.5303324686,14.9697379365404,18.4127950340291));
#1993=CARTESIAN_POINT('Ctrl Pts',(185.876932889711,-45.2859809207732,157.728902608858));
#1994=CARTESIAN_POINT('Ctrl Pts',(189.224437318932,-40.4730731704542,147.193962932058));
#1995=CARTESIAN_POINT('Ctrl Pts',(192.537084728203,-34.2222367877684,136.973867639518));
#1996=CARTESIAN_POINT('Ctrl Pts',(199.672572796872,-17.982935863497,101.39067458318));
#1997=CARTESIAN_POINT('Ctrl Pts',(198.765142877201,2.06094607283562,82.1860644584702));
#1998=CARTESIAN_POINT('Ctrl Pts',(198.091829983518,12.8994179458795,45.0130442457645));
#1999=CARTESIAN_POINT('Ctrl Pts',(197.388315019234,15.0138377741621,31.8926548375071));
#2000=CARTESIAN_POINT('Ctrl Pts',(196.212752248617,15.5167140810323,18.4309176048084));
#2001=CARTESIAN_POINT('Ctrl Pts',(185.789320512147,-45.0918321205009,157.749661036143));
#2002=CARTESIAN_POINT('Ctrl Pts',(189.132895809748,-40.3008835266115,147.232388624785));
#2003=CARTESIAN_POINT('Ctrl Pts',(192.446341288161,-34.0743820860782,137.02660247193));
#2004=CARTESIAN_POINT('Ctrl Pts',(199.575493310659,-17.8784572413372,101.47513649002));
#2005=CARTESIAN_POINT('Ctrl Pts',(198.69648613297,2.17548866789459,82.2444227462666));
#2006=CARTESIAN_POINT('Ctrl Pts',(198.026735696297,13.0132285556634,45.0444134823486));
#2007=CARTESIAN_POINT('Ctrl Pts',(197.322696234983,15.1292710619302,31.9117845635565));
#2008=CARTESIAN_POINT('Ctrl Pts',(196.144857058394,15.6356441419759,18.4348471253044));
#2009=CARTESIAN_POINT('Ctrl Pts',(185.353527586079,-44.0487314040795,157.857452650608));
#2010=CARTESIAN_POINT('Ctrl Pts',(188.664019985071,-39.3782426641804,147.434956465493));
#2011=CARTESIAN_POINT('Ctrl Pts',(191.969740485439,-33.2862562545167,137.307015273629));
#2012=CARTESIAN_POINT('Ctrl Pts',(199.043171494096,-17.3258581108776,101.924909055198));
#2013=CARTESIAN_POINT('Ctrl Pts',(198.335231998461,2.78724139360808,82.5552431984641));
#2014=CARTESIAN_POINT('Ctrl Pts',(197.685241043427,13.6215624300469,45.211536540825));
#2015=CARTESIAN_POINT('Ctrl Pts',(196.97840692803,15.7462570648695,32.0137143256664));
#2016=CARTESIAN_POINT('Ctrl Pts',(195.788204445135,16.2711155873778,18.4557852832374));
#2017=CARTESIAN_POINT('Ctrl Pts',(185.107943214333,-43.1662384386173,157.935266818789));
#2018=CARTESIAN_POINT('Ctrl Pts',(188.34757561758,-38.6064079290971,147.592581207421));
#2019=CARTESIAN_POINT('Ctrl Pts',(191.604348326169,-32.6418073356727,137.534282465921));
#2020=CARTESIAN_POINT('Ctrl Pts',(198.552897130071,-16.8890390324586,102.291459442257));
#2021=CARTESIAN_POINT('Ctrl Pts',(198.056004201247,3.29180836493143,82.8086896614168));
#2022=CARTESIAN_POINT('Ctrl Pts',(197.425013747373,14.1250666276642,45.3479680509123));
#2023=CARTESIAN_POINT('Ctrl Pts',(196.715987846277,16.2568707795575,32.0969600645137));
#2024=CARTESIAN_POINT('Ctrl Pts',(195.514868286262,16.7963123787525,18.4728864813534));
#2025=CARTESIAN_POINT('Ctrl Pts',(184.923444152519,-41.9017630190754,158.032543882823));
#2026=CARTESIAN_POINT('Ctrl Pts',(187.99374411196,-37.4957627645431,147.808281305177));
#2027=CARTESIAN_POINT('Ctrl Pts',(191.108862962552,-31.7188252383303,137.862958269519));
#2028=CARTESIAN_POINT('Ctrl Pts',(197.761765333207,-16.2420902952975,102.817763250066));
#2029=CARTESIAN_POINT('Ctrl Pts',(197.67435227683,4.02951707770071,83.1750879971706));
#2030=CARTESIAN_POINT('Ctrl Pts',(197.07516745351,14.8634138954432,45.5453353424791));
#2031=CARTESIAN_POINT('Ctrl Pts',(196.363098703018,17.0055600774315,32.2174161190234));
#2032=CARTESIAN_POINT('Ctrl Pts',(195.144941044546,17.5654610624737,18.4976325940513));
#2033=CARTESIAN_POINT('Ctrl Pts',(184.894493669515,-41.5121266389495,158.060768005366));
#2034=CARTESIAN_POINT('Ctrl Pts',(187.906586566734,-37.1507838873756,147.873441055868));
#2035=CARTESIAN_POINT('Ctrl Pts',(190.971526780568,-31.4300380535831,137.964604738814));
#2036=CARTESIAN_POINT('Ctrl Pts',(197.52075010601,-16.0333077579035,102.979750394411));
#2037=CARTESIAN_POINT('Ctrl Pts',(197.561534556995,4.25792105602705,83.2876390714211));
#2038=CARTESIAN_POINT('Ctrl Pts',(196.970674624369,15.0910079209049,45.6058757533675));
#2039=CARTESIAN_POINT('Ctrl Pts',(196.25762246622,17.2362986910273,32.2543460272912));
#2040=CARTESIAN_POINT('Ctrl Pts',(195.034646922191,17.8027702673941,18.5052187939936));
#2041=CARTESIAN_POINT('Ctrl Pts',(184.893252794587,-41.0734053832981,158.090869735223));
#2042=CARTESIAN_POINT('Ctrl Pts',(187.832439423518,-36.7583572305414,147.945887436624));
#2043=CARTESIAN_POINT('Ctrl Pts',(190.83266218068,-31.0983342806135,138.080461749291));
#2044=CARTESIAN_POINT('Ctrl Pts',(197.250401614742,-15.7840064163399,103.163148882201));
#2045=CARTESIAN_POINT('Ctrl Pts',(197.438615809945,4.51878789154112,83.4152214372971));
#2046=CARTESIAN_POINT('Ctrl Pts',(196.855508676311,15.3499787575611,45.6744444992784));
#2047=CARTESIAN_POINT('Ctrl Pts',(196.14130919121,17.498809729913,32.2961585354432));
#2048=CARTESIAN_POINT('Ctrl Pts',(194.913367532241,18.0730115986553,18.5138076242981));
#2049=CARTESIAN_POINT('Ctrl Pts',(184.893680505153,-41.0223572166562,158.094410160712));
#2050=CARTESIAN_POINT('Ctrl Pts',(187.82423676279,-36.7126147237108,147.954359187269));
#2051=CARTESIAN_POINT('Ctrl Pts',(190.816722708659,-31.0595544648133,138.093984607499));
#2052=CARTESIAN_POINT('Ctrl Pts',(197.218919104115,-15.7547135396082,103.18454027092));
#2053=CARTESIAN_POINT('Ctrl Pts',(197.424351734004,4.54925793952134,83.4301063040462));
#2054=CARTESIAN_POINT('Ctrl Pts',(196.842122427395,15.3802109032317,45.682443658373));
#2055=CARTESIAN_POINT('Ctrl Pts',(196.127788012825,17.5294536124074,32.3010363728448));
#2056=CARTESIAN_POINT('Ctrl Pts',(194.899274584784,18.1045617865283,18.5148095866128));
#2057=CARTESIAN_POINT('Ctrl Pts',(184.900039764192,-40.6975184877999,158.117188244284));
#2058=CARTESIAN_POINT('Ctrl Pts',(187.774721189805,-36.4210712382221,148.008564768341));
#2059=CARTESIAN_POINT('Ctrl Pts',(190.716694012017,-30.8117250098341,138.180368301632));
#2060=CARTESIAN_POINT('Ctrl Pts',(197.018341661271,-15.5666075256215,103.321053506907));
#2061=CARTESIAN_POINT('Ctrl Pts',(197.333818470499,4.743896477878,83.5251088759474));
#2062=CARTESIAN_POINT('Ctrl Pts',(196.75701658356,15.5732497688784,45.7334924467857));
#2063=CARTESIAN_POINT('Ctrl Pts',(196.041811597767,17.7251252593588,32.3321632452062));
#2064=CARTESIAN_POINT('Ctrl Pts',(194.809697134644,18.3060445404573,18.5212033939567));
#2065=CARTESIAN_POINT('Ctrl Pts',(184.921935487547,-40.4277633248849,158.137252219302));
#2066=CARTESIAN_POINT('Ctrl Pts',(187.745734755814,-36.176608225269,148.054902177473));
#2067=CARTESIAN_POINT('Ctrl Pts',(190.639712335935,-30.6006001722229,138.253521155663));
#2068=CARTESIAN_POINT('Ctrl Pts',(196.850383425849,-15.4020054906343,103.436112367274));
#2069=CARTESIAN_POINT('Ctrl Pts',(197.259604946379,4.90907265406145,83.6052862677427));
#2070=CARTESIAN_POINT('Ctrl Pts',(196.686636595072,15.7366326958103,45.7765536317752));
#2071=CARTESIAN_POINT('Ctrl Pts',(195.970687652774,17.8907103217756,32.3584153284907));
#2072=CARTESIAN_POINT('Ctrl Pts',(194.735756713973,18.476657891439,18.526595693111));
#2073=CARTESIAN_POINT('Ctrl Pts',(185.074753326345,-39.3560335650437,158.222771835813));
#2074=CARTESIAN_POINT('Ctrl Pts',(187.678390378358,-35.1945597724471,148.245866139822));
#2075=CARTESIAN_POINT('Ctrl Pts',(190.357742845296,-29.7371070370286,138.551660176522));
#2076=CARTESIAN_POINT('Ctrl Pts',(196.176057330925,-14.7088229652478,103.902488214515));
#2077=CARTESIAN_POINT('Ctrl Pts',(196.967137598984,5.5838743547431,83.9311564432812));
#2078=CARTESIAN_POINT('Ctrl Pts',(196.40648986013,16.4026553775796,45.9515371322692));
#2079=CARTESIAN_POINT('Ctrl Pts',(195.68738361505,18.5656733899612,32.4650833292938));
#2080=CARTESIAN_POINT('Ctrl Pts',(194.44192756782,19.1725027727152,18.5485057656379));
#2081=CARTESIAN_POINT('Ctrl Pts',(185.339222547758,-38.6051749276971,158.2966827693));
#2082=CARTESIAN_POINT('Ctrl Pts',(187.744706217593,-34.4801634115008,148.396167237177));
#2083=CARTESIAN_POINT('Ctrl Pts',(190.215581555124,-29.0719739196167,138.77854500645));
#2084=CARTESIAN_POINT('Ctrl Pts',(195.684264237583,-14.1278274405466,104.251438590505));
#2085=CARTESIAN_POINT('Ctrl Pts',(196.767188481291,6.10155679734548,84.1771539675484));
#2086=CARTESIAN_POINT('Ctrl Pts',(196.208465924715,16.9101162551593,46.0835610971701));
#2087=CARTESIAN_POINT('Ctrl Pts',(195.486791370985,19.0797786549156,32.5455480141718));
#2088=CARTESIAN_POINT('Ctrl Pts',(194.235537374884,19.7034076060083,18.5650329975175));
#2089=CARTESIAN_POINT('Ctrl Pts',(185.784747672275,-37.8461807092664,158.397780735531));
#2090=CARTESIAN_POINT('Ctrl Pts',(187.936287031827,-33.7124726851458,148.579981003195));
#2091=CARTESIAN_POINT('Ctrl Pts',(190.129238382447,-28.2942898188246,139.043252047126));
#2092=CARTESIAN_POINT('Ctrl Pts',(195.148788973982,-13.3729138195413,104.649413000729));
#2093=CARTESIAN_POINT('Ctrl Pts',(196.558109379355,6.71554598427923,84.4643809993941));
#2094=CARTESIAN_POINT('Ctrl Pts',(195.992395029785,17.5096497111949,46.238112688155));
#2095=CARTESIAN_POINT('Ctrl Pts',(195.267483859914,19.6869981838478,32.6398361460244));
#2096=CARTESIAN_POINT('Ctrl Pts',(194.012138905856,20.3309875936181,18.5844023242298));
#2097=CARTESIAN_POINT('Ctrl Pts',(185.850169565686,-37.7357133253212,158.412424383946));
#2098=CARTESIAN_POINT('Ctrl Pts',(187.965269872968,-33.6006518771511,148.606621750739));
#2099=CARTESIAN_POINT('Ctrl Pts',(190.118333042909,-28.180920735925,139.081624149048));
#2100=CARTESIAN_POINT('Ctrl Pts',(195.073133610263,-13.2627429150694,104.707126126284));
#2101=CARTESIAN_POINT('Ctrl Pts',(196.528364612839,6.80491099782877,84.506087128254));
#2102=CARTESIAN_POINT('Ctrl Pts',(195.961399815619,17.5968607796553,46.26056400973));
#2103=CARTESIAN_POINT('Ctrl Pts',(195.236011051411,19.7753277903881,32.6535354017815));
#2104=CARTESIAN_POINT('Ctrl Pts',(193.980140271271,20.422292012439,18.587216200839));
#2105=CARTESIAN_POINT('Ctrl Pts',(186.628049318978,-36.4352211302072,158.584027164219));
#2106=CARTESIAN_POINT('Ctrl Pts',(188.319282601297,-32.2829172590428,148.91892697699));
#2107=CARTESIAN_POINT('Ctrl Pts',(190.008276110809,-26.8435335176759,139.531489888426));
#2108=CARTESIAN_POINT('Ctrl Pts',(194.206921076054,-11.9614072868525,105.384030019787));
#2109=CARTESIAN_POINT('Ctrl Pts',(196.186056731108,7.85759447870572,84.9959641077024));
#2110=CARTESIAN_POINT('Ctrl Pts',(195.601743432763,18.6235770344322,46.5244079104769));
#2111=CARTESIAN_POINT('Ctrl Pts',(194.870620681882,20.8151447080728,32.8145547354298));
#2112=CARTESIAN_POINT('Ctrl Pts',(193.609297427722,21.4972357045863,18.6202992445682));
#2113=CARTESIAN_POINT('Ctrl Pts',(188.226283092108,-34.010271176862,158.887676666919));
#2114=CARTESIAN_POINT('Ctrl Pts',(189.236967500786,-29.8017669782531,149.474444622401));
#2115=CARTESIAN_POINT('Ctrl Pts',(190.178990273911,-24.2998516899056,140.332762330207));
#2116=CARTESIAN_POINT('Ctrl Pts',(193.09769519678,-9.45496107398878,106.595714882059));
#2117=CARTESIAN_POINT('Ctrl Pts',(195.702379667053,9.82911857544316,85.8883836176492));
#2118=CARTESIAN_POINT('Ctrl Pts',(195.032566645992,20.5351629812927,47.0078598350421));
#2119=CARTESIAN_POINT('Ctrl Pts',(194.289655434389,22.7503297527949,33.1102520141059));
#2120=CARTESIAN_POINT('Ctrl Pts',(193.034073091387,23.5002319813179,18.6810555183849));
#2121=CARTESIAN_POINT('Ctrl Pts',(191.158757880653,-30.3949023586277,159.255256223477));
#2122=CARTESIAN_POINT('Ctrl Pts',(191.438575659246,-26.1139912811909,150.172230394273));
#2123=CARTESIAN_POINT('Ctrl Pts',(191.57183977471,-20.5300317916829,141.348456435783));
#2124=CARTESIAN_POINT('Ctrl Pts',(192.887690160853,-5.73584403556236,108.183019345837));
#2125=CARTESIAN_POINT('Ctrl Pts',(195.417165363837,12.8497951918802,87.1849646700191));
#2126=CARTESIAN_POINT('Ctrl Pts',(194.45551498234,23.4871205591419,47.7330631324037));
#2127=CARTESIAN_POINT('Ctrl Pts',(193.690603353905,25.737687966571,33.559023598562));
#2128=CARTESIAN_POINT('Ctrl Pts',(192.491425811755,26.5819926857992,18.7734344068554));
#2129=CARTESIAN_POINT('Ctrl Pts',(194.587041653359,-26.9581957748889,159.485916657565));
#2130=CARTESIAN_POINT('Ctrl Pts',(194.404587050576,-22.7012506588871,150.659096247468));
#2131=CARTESIAN_POINT('Ctrl Pts',(194.018315246744,-17.1372336820219,142.074307724214));
#2132=CARTESIAN_POINT('Ctrl Pts',(194.030949842323,-2.46855025862759,109.411573664728));
#2133=CARTESIAN_POINT('Ctrl Pts',(195.565584440579,15.8610687952396,88.4132504425237));
#2134=CARTESIAN_POINT('Ctrl Pts',(194.166104305063,26.5086328998444,48.456326172859));
#2135=CARTESIAN_POINT('Ctrl Pts',(193.375785001135,28.7956909614502,34.0146757352908));
#2136=CARTESIAN_POINT('Ctrl Pts',(192.276196059982,29.7094910251299,18.8674167533362));
#2137=CARTESIAN_POINT('Ctrl Pts',(197.144078088195,-24.8790435754253,159.524677616619));
#2138=CARTESIAN_POINT('Ctrl Pts',(196.800762699954,-20.7527134832595,150.806405874247));
#2139=CARTESIAN_POINT('Ctrl Pts',(196.227044280681,-15.3237177532244,142.314536489227));
#2140=CARTESIAN_POINT('Ctrl Pts',(195.543535286255,-0.83689061756988,109.928332344097));
#2141=CARTESIAN_POINT('Ctrl Pts',(195.939470492795,17.8162926269057,89.1704055689314));
#2142=CARTESIAN_POINT('Ctrl Pts',(194.17547607611,28.5570305655566,48.9339629347052));
#2143=CARTESIAN_POINT('Ctrl Pts',(193.366407690418,30.8698323223238,34.3222641060206));
#2144=CARTESIAN_POINT('Ctrl Pts',(192.354867377294,31.8029991175091,18.9310884786655));
#2145=CARTESIAN_POINT('Ctrl Pts',(204.183800430057,-19.7361538571721,159.457473778017));
#2146=CARTESIAN_POINT('Ctrl Pts',(203.548685461813,-16.1615453043608,150.935373231361));
#2147=CARTESIAN_POINT('Ctrl Pts',(202.624712709627,-11.3092101616577,142.591937982554));
#2148=CARTESIAN_POINT('Ctrl Pts',(200.268479991233,2.51273908711799,110.852735926358));
#2149=CARTESIAN_POINT('Ctrl Pts',(197.259489276876,22.8870045520607,91.0868894845601));
#2150=CARTESIAN_POINT('Ctrl Pts',(194.47674035303,34.0240939393846,50.1935296470479));
#2151=CARTESIAN_POINT('Ctrl Pts',(193.618069328864,36.407376969392,35.1434606226316));
#2152=CARTESIAN_POINT('Ctrl Pts',(192.856882647758,37.3455091540029,19.1011445845441));
#2153=CARTESIAN_POINT('Ctrl Pts',(212.704930269835,-13.4697071820266,159.382539596189));
#2154=CARTESIAN_POINT('Ctrl Pts',(211.690479963431,-10.564585220026,151.102629029586));
#2155=CARTESIAN_POINT('Ctrl Pts',(210.331563503244,-6.41338265131086,142.941093541151));
#2156=CARTESIAN_POINT('Ctrl Pts',(206.238022352616,6.57236900593135,111.948590596106));
#2157=CARTESIAN_POINT('Ctrl Pts',(200.273125988028,28.9462358248471,93.1435191508489));
#2158=CARTESIAN_POINT('Ctrl Pts',(196.551269875858,40.5217106845145,51.5356495843012));
#2159=CARTESIAN_POINT('Ctrl Pts',(195.642582284943,42.9810929147641,36.0165759380748));
#2160=CARTESIAN_POINT('Ctrl Pts',(195.104855398681,43.9204662455764,19.2821080769684));
#2161=CARTESIAN_POINT('Ctrl Pts',(223.982578756147,-5.06342771999785,159.306801786033));
#2162=CARTESIAN_POINT('Ctrl Pts',(222.42288094955,-3.0269400019609,151.361184477805));
#2163=CARTESIAN_POINT('Ctrl Pts',(220.471672895789,0.197051533355579,143.445827010512));
#2164=CARTESIAN_POINT('Ctrl Pts',(214.56062622901,11.7642552971167,113.30520950349));
#2165=CARTESIAN_POINT('Ctrl Pts',(206.619701796958,35.6392943725115,94.9234551071754));
#2166=CARTESIAN_POINT('Ctrl Pts',(202.160671850156,47.4379643356652,52.6591322976065));
#2167=CARTESIAN_POINT('Ctrl Pts',(201.211715682635,49.9577871138143,36.7402645495872));
#2168=CARTESIAN_POINT('Ctrl Pts',(200.846630877209,50.9414043200255,19.4317964703363));
#2169=CARTESIAN_POINT('Ctrl Pts',(232.407065705545,1.27537091165756,159.263687075045));
#2170=CARTESIAN_POINT('Ctrl Pts',(230.422433819524,2.67652776176027,151.575276194235));
#2171=CARTESIAN_POINT('Ctrl Pts',(228.021689222132,5.21041327189429,143.846680022311));
#2172=CARTESIAN_POINT('Ctrl Pts',(220.948244203449,15.5109875606529,114.263543354632));
#2173=CARTESIAN_POINT('Ctrl Pts',(212.315292124011,39.7288004724183,95.7122965937977));
#2174=CARTESIAN_POINT('Ctrl Pts',(207.514382194938,51.4598617833805,53.1238091857724));
#2175=CARTESIAN_POINT('Ctrl Pts',(206.547384648238,54.0011556521255,37.0330332052066));
#2176=CARTESIAN_POINT('Ctrl Pts',(206.263800008425,55.0509404403387,19.4922026781324));
#2177=CARTESIAN_POINT('Ctrl Pts',(240.806836924222,7.65528479637493,159.235313533093));
#2178=CARTESIAN_POINT('Ctrl Pts',(238.385600886105,8.44053507268695,151.811071553951));
#2179=CARTESIAN_POINT('Ctrl Pts',(235.531542601235,10.2906326588947,144.271499977035));
#2180=CARTESIAN_POINT('Ctrl Pts',(227.442721030434,19.0799931992258,115.158155582494));
#2181=CARTESIAN_POINT('Ctrl Pts',(218.692667072248,42.693205323592,95.9134107999863));
#2182=CARTESIAN_POINT('Ctrl Pts',(213.709054939933,54.077763536512,53.1817349613484));
#2183=CARTESIAN_POINT('Ctrl Pts',(212.735504739059,56.6140837985422,37.0567583108474));
#2184=CARTESIAN_POINT('Ctrl Pts',(212.501629236396,57.7730304443145,19.4967572376109));
#2185=CARTESIAN_POINT('Ctrl Pts',(249.192756691355,14.0809528975079,159.221834135456));
#2186=CARTESIAN_POINT('Ctrl Pts',(246.328365669948,14.271930542152,152.068804248341));
#2187=CARTESIAN_POINT('Ctrl Pts',(243.018863516334,15.4452804890295,144.720551828027));
#2188=CARTESIAN_POINT('Ctrl Pts',(233.997053333382,22.4512774128502,115.988414396237));
#2189=CARTESIAN_POINT('Ctrl Pts',(225.447901429755,44.4030822176304,95.5207399931647));
#2190=CARTESIAN_POINT('Ctrl Pts',(220.377291114821,55.1346847400164,52.8287137602828));
#2191=CARTESIAN_POINT('Ctrl Pts',(219.40702023335,57.6386364934731,36.8086663038564));
#2192=CARTESIAN_POINT('Ctrl Pts',(219.209602588385,58.9573331559847,19.4448819530193));
#2193=CARTESIAN_POINT('Ctrl Pts',(257.576221584219,20.5545897062384,159.222635157098));
#2194=CARTESIAN_POINT('Ctrl Pts',(254.267514837548,20.173974471084,152.347568920195));
#2195=CARTESIAN_POINT('Ctrl Pts',(250.502183384638,20.6779824650396,145.192837022563));
#2196=CARTESIAN_POINT('Ctrl Pts',(240.561984848852,25.6152837750909,116.756952098568));
#2197=CARTESIAN_POINT('Ctrl Pts',(232.262639568307,44.7953259935941,94.5585521160093));
#2198=CARTESIAN_POINT('Ctrl Pts',(227.133390207024,54.5561439251699,52.0815508602238));
#2199=CARTESIAN_POINT('Ctrl Pts',(226.174099212902,57.0008645709312,36.2998648942171));
#2200=CARTESIAN_POINT('Ctrl Pts',(226.018812560589,58.5347970287396,19.3389011270198));
#2201=CARTESIAN_POINT('Ctrl Pts',(263.171317778745,24.9020414468069,159.231747717555));
#2202=CARTESIAN_POINT('Ctrl Pts',(259.569295690318,24.1553394901602,152.546043739967));
#2203=CARTESIAN_POINT('Ctrl Pts',(255.501024899124,24.2179687587239,145.521642069365));
#2204=CARTESIAN_POINT('Ctrl Pts',(244.912153006726,27.5876141392318,117.232243342482));
#2205=CARTESIAN_POINT('Ctrl Pts',(236.629025837911,44.1849337990343,93.5752115550983));
#2206=CARTESIAN_POINT('Ctrl Pts',(231.433235313632,53.0907737148822,51.3468273704617));
#2207=CARTESIAN_POINT('Ctrl Pts',(230.484708188291,55.4793497410121,35.8041618250868));
#2208=CARTESIAN_POINT('Ctrl Pts',(230.37382224404,57.1949641614069,19.2357455864607));
#2209=CARTESIAN_POINT('Ctrl Pts',(266.605207580903,27.5760962337943,159.239533714596));
#2210=CARTESIAN_POINT('Ctrl Pts',(262.825340840443,26.6092992875009,152.670950940338));
#2211=CARTESIAN_POINT('Ctrl Pts',(258.572008977023,26.4028049738193,145.726785204815));
#2212=CARTESIAN_POINT('Ctrl Pts',(247.560889668538,28.7573665187022,117.514084364987));
#2213=CARTESIAN_POINT('Ctrl Pts',(239.188408243303,43.5598436391448,92.8845480749537));
#2214=CARTESIAN_POINT('Ctrl Pts',(233.929757437909,51.8826187578034,50.8356330724855));
#2215=CARTESIAN_POINT('Ctrl Pts',(232.98831209017,54.2324197299331,35.4600676072284));
#2216=CARTESIAN_POINT('Ctrl Pts',(232.913194832906,56.0708778225772,19.1641764509941));
#2217=CARTESIAN_POINT('Ctrl Pts',(267.894400899949,28.5289484356249,159.227363527809));
#2218=CARTESIAN_POINT('Ctrl Pts',(264.061521745796,27.4631390603547,152.693814246838));
#2219=CARTESIAN_POINT('Ctrl Pts',(259.753182360135,27.1381663915061,145.770509566837));
#2220=CARTESIAN_POINT('Ctrl Pts',(248.595061731305,29.0982652316079,117.577890738948));
#2221=CARTESIAN_POINT('Ctrl Pts',(240.128436291995,43.2994935113615,92.6185862700575));
#2222=CARTESIAN_POINT('Ctrl Pts',(234.835315829512,51.4163389681094,50.6443387741478));
#2223=CARTESIAN_POINT('Ctrl Pts',(233.896263526116,53.7518348904432,35.3322394911563));
#2224=CARTESIAN_POINT('Ctrl Pts',(233.837783101526,55.6324856894793,19.1376072329211));
#2225=CARTESIAN_POINT('Ctrl Pts',(269.88097144188,29.8499086852947,159.163230395035));
#2226=CARTESIAN_POINT('Ctrl Pts',(265.997033820193,28.5768656730264,152.657390905582));
#2227=CARTESIAN_POINT('Ctrl Pts',(261.636025252989,28.0110198041959,145.738801710638));
#2228=CARTESIAN_POINT('Ctrl Pts',(250.274678901911,29.3146179281134,117.551537018821));
#2229=CARTESIAN_POINT('Ctrl Pts',(241.519915488792,42.8179985749708,92.1863499972668));
#2230=CARTESIAN_POINT('Ctrl Pts',(236.147543171381,50.6572863275421,50.3496416132983));
#2231=CARTESIAN_POINT('Ctrl Pts',(235.211595914556,52.9715119431242,35.1381090971993));
#2232=CARTESIAN_POINT('Ctrl Pts',(235.186568922651,54.9050345944763,19.0973316841737));
#2233=CARTESIAN_POINT('Ctrl Pts',(271.902173821044,31.0555084982095,159.053473177557));
#2234=CARTESIAN_POINT('Ctrl Pts',(267.985808536363,29.5127307815009,152.550649848493));
#2235=CARTESIAN_POINT('Ctrl Pts',(263.591486555031,28.63884109904,145.610364790568));
#2236=CARTESIAN_POINT('Ctrl Pts',(252.034947040309,29.2182320921825,117.404009264349));
#2237=CARTESIAN_POINT('Ctrl Pts',(242.884622035725,42.2452468395091,91.7221526433972));
#2238=CARTESIAN_POINT('Ctrl Pts',(237.412271956501,49.8416073888977,50.0480126609977));
#2239=CARTESIAN_POINT('Ctrl Pts',(236.479108674807,52.1348609859436,34.9421217584677));
#2240=CARTESIAN_POINT('Ctrl Pts',(236.494020209918,54.1099538023131,19.0567386762345));
#2241=CARTESIAN_POINT('Ctrl Pts',(273.260109794897,31.7794576085771,158.95076868674));
#2242=CARTESIAN_POINT('Ctrl Pts',(269.327726007359,30.0136297107869,152.433968982388));
#2243=CARTESIAN_POINT('Ctrl Pts',(264.916824502165,28.8879590915223,145.462125488447));
#2244=CARTESIAN_POINT('Ctrl Pts',(253.229134688011,28.9383314814217,117.227287496591));
#2245=CARTESIAN_POINT('Ctrl Pts',(243.771020939569,41.8029607161979,91.3924385087328));
#2246=CARTESIAN_POINT('Ctrl Pts',(238.222977033943,49.2619351439773,49.842741969754));
#2247=CARTESIAN_POINT('Ctrl Pts',(237.291576431352,51.5414785497784,34.8104596397543));
#2248=CARTESIAN_POINT('Ctrl Pts',(237.336034197323,53.5363775372471,19.0295142618506));
#2249=CARTESIAN_POINT('Ctrl Pts',(274.12638701035,32.2158660239446,158.876253759078));
#2250=CARTESIAN_POINT('Ctrl Pts',(270.183347225219,30.293624087243,152.34568865976));
#2251=CARTESIAN_POINT('Ctrl Pts',(265.761294017812,28.9921688178358,145.348519326593));
#2252=CARTESIAN_POINT('Ctrl Pts',(253.987475362961,28.6899373317214,117.090736981114));
#2253=CARTESIAN_POINT('Ctrl Pts',(244.327739645453,41.5015884422432,91.1758756653412));
#2254=CARTESIAN_POINT('Ctrl Pts',(238.730034163829,48.8809316754887,49.7104707667613));
#2255=CARTESIAN_POINT('Ctrl Pts',(237.799766716596,51.151819044951,34.7261296930455));
#2256=CARTESIAN_POINT('Ctrl Pts',(237.863563220764,53.156783497586,19.0120898036738));
#2257=CARTESIAN_POINT('Ctrl Pts',(274.31423805465,32.3089745563182,158.859555376184));
#2258=CARTESIAN_POINT('Ctrl Pts',(270.368861695396,30.3519705535368,152.325715434434));
#2259=CARTESIAN_POINT('Ctrl Pts',(265.944356140541,29.0114901909456,145.322743702301));
#2260=CARTESIAN_POINT('Ctrl Pts',(254.151712899625,28.6318927619225,117.059700378964));
#2261=CARTESIAN_POINT('Ctrl Pts',(244.447937200752,41.4350796619087,91.1285386113909));
#2262=CARTESIAN_POINT('Ctrl Pts',(238.83938006815,48.7976352821527,49.681707022973));
#2263=CARTESIAN_POINT('Ctrl Pts',(237.909359001462,51.0666522083454,34.7078215534957));
#2264=CARTESIAN_POINT('Ctrl Pts',(237.977378695063,53.0736461390365,19.008307880459));
#2265=CARTESIAN_POINT('Ctrl Pts',(274.506387258666,32.4026863479923,158.841926553202));
#2266=CARTESIAN_POINT('Ctrl Pts',(270.558555239613,30.409242321218,152.304442690962));
#2267=CARTESIAN_POINT('Ctrl Pts',(266.131464555865,29.0278958717712,145.295219958049));
#2268=CARTESIAN_POINT('Ctrl Pts',(254.31937228744,28.5682037378315,117.026505033941));
#2269=CARTESIAN_POINT('Ctrl Pts',(244.570361519702,41.3658505151481,91.0797264748233));
#2270=CARTESIAN_POINT('Ctrl Pts',(238.950642387573,48.7117220470795,49.652195514804));
#2271=CARTESIAN_POINT('Ctrl Pts',(238.020874551402,50.9788301249737,34.6890677874517));
#2272=CARTESIAN_POINT('Ctrl Pts',(238.093237919093,52.9877422019342,19.0044345841827));
#2273=CARTESIAN_POINT('Ctrl Pts',(274.510801470814,32.4048332423484,158.841522006047));
#2274=CARTESIAN_POINT('Ctrl Pts',(270.562911866226,30.4105537397964,152.303954189267));
#2275=CARTESIAN_POINT('Ctrl Pts',(266.1357603321,29.0282705375236,145.294587630308));
#2276=CARTESIAN_POINT('Ctrl Pts',(254.323219652556,28.5667414228106,117.025742051667));
#2277=CARTESIAN_POINT('Ctrl Pts',(244.573171724893,41.364260607715,91.0786056552694));
#2278=CARTESIAN_POINT('Ctrl Pts',(238.953196328765,48.7097493298923,49.6515179448544));
#2279=CARTESIAN_POINT('Ctrl Pts',(238.023434321904,50.9768135773587,34.6886372230304));
#2280=CARTESIAN_POINT('Ctrl Pts',(238.095897423751,52.9857696197063,19.004345661435));
#2281=CARTESIAN_POINT('Ctrl Pts',(274.724153798141,32.5083148119345,158.821989838828));
#2282=CARTESIAN_POINT('Ctrl Pts',(270.773434956663,30.4737084737487,152.280350466335));
#2283=CARTESIAN_POINT('Ctrl Pts',(266.343272945608,29.0462320845139,145.264014116733));
#2284=CARTESIAN_POINT('Ctrl Pts',(254.50900140599,28.4960296733844,116.988841651291));
#2285=CARTESIAN_POINT('Ctrl Pts',(244.708894855999,41.2874316608872,91.0244593379005));
#2286=CARTESIAN_POINT('Ctrl Pts',(239.076538932367,48.6144463531119,49.61878904064));
#2287=CARTESIAN_POINT('Ctrl Pts',(238.14705759505,50.8793950990971,34.6678405109678));
#2288=CARTESIAN_POINT('Ctrl Pts',(238.224338455683,52.890470167654,19.0000505124544));
#2289=CARTESIAN_POINT('Ctrl Pts',(274.939626537199,32.5995848366302,158.803237196033));
#2290=CARTESIAN_POINT('Ctrl Pts',(270.983628918889,30.5274207023296,152.256887457453));
#2291=CARTESIAN_POINT('Ctrl Pts',(266.547173108368,29.0585526696844,145.232853739101));
#2292=CARTESIAN_POINT('Ctrl Pts',(254.687733883481,28.4248942903339,116.950575890528));
#2293=CARTESIAN_POINT('Ctrl Pts',(244.841084351491,41.2107990184351,90.9709957946151));
#2294=CARTESIAN_POINT('Ctrl Pts',(239.196539027185,48.5203206071495,49.5866502137159));
#2295=CARTESIAN_POINT('Ctrl Pts',(238.267334576059,50.7832036577609,34.6474550573157));
#2296=CARTESIAN_POINT('Ctrl Pts',(238.349358987668,52.7961626234039,18.9958412617114));
#2297=CARTESIAN_POINT('Ctrl Pts',(275.297024893591,32.7298480669787,158.773661572538));
#2298=CARTESIAN_POINT('Ctrl Pts',(271.328896912683,30.6004341846149,152.218496299992));
#2299=CARTESIAN_POINT('Ctrl Pts',(266.877472953457,29.0697707322641,145.18055333367));
#2300=CARTESIAN_POINT('Ctrl Pts',(254.971802883253,28.3071690382864,116.885277037067));
#2301=CARTESIAN_POINT('Ctrl Pts',(245.053609873373,41.0846307077727,90.8838491396083));
#2302=CARTESIAN_POINT('Ctrl Pts',(239.389302824678,48.3668417693181,49.5345414883432));
#2303=CARTESIAN_POINT('Ctrl Pts',(238.460548803306,50.6264004808757,34.6144606455626));
#2304=CARTESIAN_POINT('Ctrl Pts',(238.550268186702,52.6420975115307,18.9890300233164));
#2305=CARTESIAN_POINT('Ctrl Pts',(275.435513536434,32.7754770602675,158.762551636188));
#2306=CARTESIAN_POINT('Ctrl Pts',(271.461901387104,30.6250555159278,152.203741138545));
#2307=CARTESIAN_POINT('Ctrl Pts',(267.003639794147,29.0720281175328,145.160153616467));
#2308=CARTESIAN_POINT('Ctrl Pts',(255.079005584585,28.2616642100336,116.85955442061));
#2309=CARTESIAN_POINT('Ctrl Pts',(245.134414196773,41.0359656669196,90.850433973296));
#2310=CARTESIAN_POINT('Ctrl Pts',(239.462555908931,48.3079805863691,49.5146257411486));
#2311=CARTESIAN_POINT('Ctrl Pts',(238.533975485637,50.5662709558743,34.6018634307295));
#2312=CARTESIAN_POINT('Ctrl Pts',(238.626636874137,52.5829398566246,18.986429847384));
#2313=CARTESIAN_POINT('Ctrl Pts',(276.252771171166,33.0166653982343,158.698995091237));
#2314=CARTESIAN_POINT('Ctrl Pts',(272.24276304518,30.7488627026863,152.117292785131));
#2315=CARTESIAN_POINT('Ctrl Pts',(267.738674850669,29.0729890701642,145.038760172291));
#2316=CARTESIAN_POINT('Ctrl Pts',(255.696811375614,27.9930087736417,116.705113677713));
#2317=CARTESIAN_POINT('Ctrl Pts',(245.603199620129,40.7494750027905,90.6549137924786));
#2318=CARTESIAN_POINT('Ctrl Pts',(239.887340904383,47.9634861205195,49.3984664754977));
#2319=CARTESIAN_POINT('Ctrl Pts',(238.959769779565,50.2144355487186,34.5284702562838));
#2320=CARTESIAN_POINT('Ctrl Pts',(239.069581583229,52.2363441322104,18.9712830535886));
#2321=CARTESIAN_POINT('Ctrl Pts',(277.66154748562,33.2535278045009,158.582104846044));
#2322=CARTESIAN_POINT('Ctrl Pts',(273.563260930028,30.8234056971683,151.954630017662));
#2323=CARTESIAN_POINT('Ctrl Pts',(268.958924817828,28.9786013008477,144.817324951703));
#2324=CARTESIAN_POINT('Ctrl Pts',(256.666680494702,27.5225438451667,116.411889212224));
#2325=CARTESIAN_POINT('Ctrl Pts',(246.365801637586,40.2505153190465,90.3235782829186));
#2326=CARTESIAN_POINT('Ctrl Pts',(240.576914536769,47.379066791619,49.2045633852169));
#2327=CARTESIAN_POINT('Ctrl Pts',(239.651074328648,49.6179701605484,34.4065687165216));
#2328=CARTESIAN_POINT('Ctrl Pts',(239.789448816842,51.6451762611451,18.9461414709053));
#2329=CARTESIAN_POINT('Ctrl Pts',(279.098398924313,33.1461621489646,158.443860412587));
#2330=CARTESIAN_POINT('Ctrl Pts',(274.880861880404,30.6278583259276,151.755629626978));
#2331=CARTESIAN_POINT('Ctrl Pts',(270.147786058059,28.6893226662994,144.55992465616));
#2332=CARTESIAN_POINT('Ctrl Pts',(257.548711558462,27.0204915277714,116.047624132058));
#2333=CARTESIAN_POINT('Ctrl Pts',(247.096474244567,39.7041965292168,89.9785582486777));
#2334=CARTESIAN_POINT('Ctrl Pts',(241.237909015364,46.7682191048204,49.0078794188035));
#2335=CARTESIAN_POINT('Ctrl Pts',(240.313985612452,48.9953882125209,34.2840302832956));
#2336=CARTESIAN_POINT('Ctrl Pts',(240.480149196339,51.0213004217824,18.9208984343261));
#2337=CARTESIAN_POINT('Ctrl Pts',(280.433275340602,32.8820582806964,158.305366856898));
#2338=CARTESIAN_POINT('Ctrl Pts',(276.100520818609,30.3166754862255,151.552703345081));
#2339=CARTESIAN_POINT('Ctrl Pts',(271.241703964566,28.3255304282929,144.301459850722));
#2340=CARTESIAN_POINT('Ctrl Pts',(258.353246080914,26.5350920172233,115.671824715706));
#2341=CARTESIAN_POINT('Ctrl Pts',(247.771756734916,39.1651509116107,89.645856360105));
#2342=CARTESIAN_POINT('Ctrl Pts',(241.850435256291,46.1774933146242,48.8202988807406));
#2343=CARTESIAN_POINT('Ctrl Pts',(240.928459477297,48.3936647204538,34.1676149268465));
#2344=CARTESIAN_POINT('Ctrl Pts',(241.120092443796,50.4153703820796,18.8969289635547));
#2345=CARTESIAN_POINT('Ctrl Pts',(281.052475084536,32.6888176010387,158.236814749689));
#2346=CARTESIAN_POINT('Ctrl Pts',(276.664389222355,30.1164122053372,151.45081023588));
#2347=CARTESIAN_POINT('Ctrl Pts',(271.744603882946,28.1156461825549,144.173169919629));
#2348=CARTESIAN_POINT('Ctrl Pts',(258.720100089387,26.3012261476318,115.481400879401));
#2349=CARTESIAN_POINT('Ctrl Pts',(248.083488831905,38.9014509460582,89.486260631394));
#2350=CARTESIAN_POINT('Ctrl Pts',(242.133905971609,45.8934188158569,48.7311832662497));
#2351=CARTESIAN_POINT('Ctrl Pts',(241.212906178092,48.1044757865098,34.1125011494929));
#2352=CARTESIAN_POINT('Ctrl Pts',(241.416205415199,50.1229386146084,18.8855865321813));
#2353=CARTESIAN_POINT('Ctrl Pts',(281.802748175429,32.3628159221085,158.148114221193));
#2354=CARTESIAN_POINT('Ctrl Pts',(277.349395954473,29.7998057499282,151.316341143153));
#2355=CARTESIAN_POINT('Ctrl Pts',(272.355202032158,27.8053292077412,144.004319117782));
#2356=CARTESIAN_POINT('Ctrl Pts',(259.172501566479,26.0002599343464,115.226203493858));
#2357=CARTESIAN_POINT('Ctrl Pts',(248.467787394195,38.5570879481801,89.281673587056));
#2358=CARTESIAN_POINT('Ctrl Pts',(242.48495406059,45.5280159668961,48.6178611528535));
#2359=CARTESIAN_POINT('Ctrl Pts',(241.565274343423,47.732652964493,34.0426183077765));
#2360=CARTESIAN_POINT('Ctrl Pts',(241.782645573326,49.7455218872501,18.8712100929324));
#2361=CARTESIAN_POINT('Ctrl Pts',(281.95791706777,32.2901150755064,158.129447965134));
#2362=CARTESIAN_POINT('Ctrl Pts',(277.491167657115,29.7300440531858,151.287898211403));
#2363=CARTESIAN_POINT('Ctrl Pts',(272.481557105129,27.737891040307,143.968613849838));
#2364=CARTESIAN_POINT('Ctrl Pts',(259.266514493066,25.9369052309727,115.172016123738));
#2365=CARTESIAN_POINT('Ctrl Pts',(248.547644582578,38.4844235284458,89.2387127259532));
#2366=CARTESIAN_POINT('Ctrl Pts',(242.557991616816,45.4512169963987,48.5941151720234));
#2367=CARTESIAN_POINT('Ctrl Pts',(241.638592925791,47.6545182941229,34.0279864206061));
#2368=CARTESIAN_POINT('Ctrl Pts',(241.858870893548,49.666134731516,18.8682003154577));
#2369=CARTESIAN_POINT('Ctrl Pts',(282.527659922012,32.003233354368,158.059700018375));
#2370=CARTESIAN_POINT('Ctrl Pts',(278.012314020392,29.4577227863134,151.181030574972));
#2371=CARTESIAN_POINT('Ctrl Pts',(272.946137280766,27.4779142914079,143.834448803647));
#2372=CARTESIAN_POINT('Ctrl Pts',(259.614227499579,25.6999620480158,114.967535140584));
#2373=CARTESIAN_POINT('Ctrl Pts',(248.842736275244,38.2117964652276,89.0782885744761));
#2374=CARTESIAN_POINT('Ctrl Pts',(242.828258083196,45.1641549359255,48.5056186532425));
#2375=CARTESIAN_POINT('Ctrl Pts',(241.909926532841,47.3624951784295,33.9734949602616));
#2376=CARTESIAN_POINT('Ctrl Pts',(242.140870856382,49.3691502868025,18.8569924958671));
#2377=CARTESIAN_POINT('Ctrl Pts',(282.928923815518,31.760876392296,158.008132483848));
#2378=CARTESIAN_POINT('Ctrl Pts',(278.380587580281,29.2331823001124,151.100841843541));
#2379=CARTESIAN_POINT('Ctrl Pts',(273.274674736942,27.2697766315227,143.733722654593));
#2380=CARTESIAN_POINT('Ctrl Pts',(259.864311587754,25.5241897268624,114.812355413261));
#2381=CARTESIAN_POINT('Ctrl Pts',(249.054387745859,38.0080082122768,88.9598710016857));
#2382=CARTESIAN_POINT('Ctrl Pts',(243.022849441713,44.9517171913936,48.4406451899791));
#2383=CARTESIAN_POINT('Ctrl Pts',(242.105332737908,47.1464559354915,33.9335668372578));
#2384=CARTESIAN_POINT('Ctrl Pts',(242.343774651722,49.1488840722214,18.8487822045644));
#2385=CARTESIAN_POINT('Ctrl Pts',(283.728188082165,31.1898964857943,157.900214913587));
#2386=CARTESIAN_POINT('Ctrl Pts',(279.119198439448,28.7127491159182,150.929828431785));
#2387=CARTESIAN_POINT('Ctrl Pts',(273.936185778098,26.7979250522159,143.517586841575));
#2388=CARTESIAN_POINT('Ctrl Pts',(260.382853752423,25.1484379660774,114.476412565426));
#2389=CARTESIAN_POINT('Ctrl Pts',(249.489374620402,37.5713884618774,88.7092570042602));
#2390=CARTESIAN_POINT('Ctrl Pts',(243.424764440499,44.5007013688173,48.303757361477));
#2391=CARTESIAN_POINT('Ctrl Pts',(242.509055044098,46.6879456262079,33.8495851847265));
#2392=CARTESIAN_POINT('Ctrl Pts',(242.762476851067,48.6803306947236,18.8315172548339));
#2393=CARTESIAN_POINT('Ctrl Pts',(284.111966458065,30.8472340204985,157.846357530054));
#2394=CARTESIAN_POINT('Ctrl Pts',(279.478803587213,28.4061956096403,150.840541936103));
#2395=CARTESIAN_POINT('Ctrl Pts',(274.266391799405,26.530755264959,143.401693965251));
#2396=CARTESIAN_POINT('Ctrl Pts',(260.650712927595,24.9477797026466,114.294618476678));
#2397=CARTESIAN_POINT('Ctrl Pts',(249.711815653412,37.3376886472354,88.5768524919177));
#2398=CARTESIAN_POINT('Ctrl Pts',(243.631460205723,44.2616232229073,48.2317912184482));
#2399=CARTESIAN_POINT('Ctrl Pts',(242.716744715117,46.444974171525,33.8055140926392));
#2400=CARTESIAN_POINT('Ctrl Pts',(242.977570057311,48.431423924771,18.8224592868028));
#2401=CARTESIAN_POINT('Ctrl Pts',(285.287944893549,29.5415867419648,157.667586341636));
#2402=CARTESIAN_POINT('Ctrl Pts',(280.605667313774,27.2503281147804,150.533040164113));
#2403=CARTESIAN_POINT('Ctrl Pts',(275.340858188501,25.5477616244214,142.994293001283));
#2404=CARTESIAN_POINT('Ctrl Pts',(261.566234593217,24.2374204004911,113.65126015933));
#2405=CARTESIAN_POINT('Ctrl Pts',(250.459513968109,36.5151575538886,88.1167021422827));
#2406=CARTESIAN_POINT('Ctrl Pts',(244.331122234968,43.427337844617,47.9826444382767));
#2407=CARTESIAN_POINT('Ctrl Pts',(243.420042002466,45.5973792303611,33.6531597454518));
#2408=CARTESIAN_POINT('Ctrl Pts',(243.704647550977,47.5612476355643,18.7911520330473));
#2409=CARTESIAN_POINT('Ctrl Pts',(286.085700585797,28.5763787690638,157.532807175589));
#2410=CARTESIAN_POINT('Ctrl Pts',(281.348372600715,26.3706905041927,150.302614878876));
#2411=CARTESIAN_POINT('Ctrl Pts',(276.024628492639,24.7685538224588,142.688387848394));
#2412=CARTESIAN_POINT('Ctrl Pts',(262.114454725382,23.6295395917251,113.173493982843));
#2413=CARTESIAN_POINT('Ctrl Pts',(250.956867577604,35.902006668661,87.7836729671361));
#2414=CARTESIAN_POINT('Ctrl Pts',(244.805328300401,42.8177180016504,47.803993884014));
#2415=CARTESIAN_POINT('Ctrl Pts',(243.897174148582,44.9784938721205,33.5442965689325));
#2416=CARTESIAN_POINT('Ctrl Pts',(244.195586695157,46.922615457531,18.7687922457836));
#2417=CARTESIAN_POINT('Ctrl Pts',(286.902362462316,27.4971831244389,157.38278499129));
#2418=CARTESIAN_POINT('Ctrl Pts',(282.078672670927,25.3671898355481,150.046751642798));
#2419=CARTESIAN_POINT('Ctrl Pts',(276.662354902394,23.8555728099608,142.34841216867));
#2420=CARTESIAN_POINT('Ctrl Pts',(262.576001347276,22.8834844960736,112.644692397027));
#2421=CARTESIAN_POINT('Ctrl Pts',(251.456311446451,35.2096156179004,87.4177776826291));
#2422=CARTESIAN_POINT('Ctrl Pts',(245.294805035636,42.1384388841529,47.6082824419729));
#2423=CARTESIAN_POINT('Ctrl Pts',(244.390268620576,44.2892924408332,33.4251687301204));
#2424=CARTESIAN_POINT('Ctrl Pts',(244.699348550346,46.209066585768,18.744327772251));
#2425=CARTESIAN_POINT('Ctrl Pts',(286.966531896476,27.4124032496642,157.370999376753));
#2426=CARTESIAN_POINT('Ctrl Pts',(282.136064401255,25.2883620769207,150.026651673314));
#2427=CARTESIAN_POINT('Ctrl Pts',(276.712478219361,23.7838601818529,142.321704755735));
#2428=CARTESIAN_POINT('Ctrl Pts',(262.612249879957,22.8248634165447,112.603147245028));
#2429=CARTESIAN_POINT('Ctrl Pts',(251.495370009743,35.1550957854102,87.3890084087357));
#2430=CARTESIAN_POINT('Ctrl Pts',(245.333042540014,42.0849211327528,47.5928904107334));
#2431=CARTESIAN_POINT('Ctrl Pts',(244.428790489929,44.2349944024546,33.4157988978809));
#2432=CARTESIAN_POINT('Ctrl Pts',(244.738720785572,46.1528629530435,18.7424035485192));
#2433=CARTESIAN_POINT('Ctrl Pts',(287.223039256675,27.0735475553719,157.323893911041));
#2434=CARTESIAN_POINT('Ctrl Pts',(282.365481942495,24.973297361905,149.946312661178));
#2435=CARTESIAN_POINT('Ctrl Pts',(276.912841061685,23.4972315886767,142.214953838253));
#2436=CARTESIAN_POINT('Ctrl Pts',(262.756986207547,22.5904489205656,112.43707450644));
#2437=CARTESIAN_POINT('Ctrl Pts',(251.65077140139,34.9366973739533,87.2739272656517));
#2438=CARTESIAN_POINT('Ctrl Pts',(245.485016325925,41.8704222124127,47.5313065970563));
#2439=CARTESIAN_POINT('Ctrl Pts',(244.581895758075,44.0173689659749,33.3783067492919));
#2440=CARTESIAN_POINT('Ctrl Pts',(244.895267578253,45.9276441626186,18.7347038813464));
#2441=CARTESIAN_POINT('Ctrl Pts',(287.419301333364,26.8225708585067,157.287621299711));
#2442=CARTESIAN_POINT('Ctrl Pts',(282.540443963525,24.7393741783327,149.885375837944));
#2443=CARTESIAN_POINT('Ctrl Pts',(277.063177039194,23.2823830307552,142.134918815418));
#2444=CARTESIAN_POINT('Ctrl Pts',(262.86527938977,22.4145236695392,112.312529204519));
#2445=CARTESIAN_POINT('Ctrl Pts',(251.765676944619,34.7718547811098,87.1874370105872));
#2446=CARTESIAN_POINT('Ctrl Pts',(245.597017915379,41.7082608584936,47.4849911885612));
#2447=CARTESIAN_POINT('Ctrl Pts',(244.694739296972,43.8528503758117,33.3501027170871));
#2448=CARTESIAN_POINT('Ctrl Pts',(245.010793569671,45.7574895646949,18.728911493894));
#2449=CARTESIAN_POINT('Ctrl Pts',(287.682993173929,26.4960339920848,157.239217538429));
#2450=CARTESIAN_POINT('Ctrl Pts',(282.774659282924,24.4344288550844,149.804769706542));
#2451=CARTESIAN_POINT('Ctrl Pts',(277.260804730764,23.0001803274034,142.029777688697));
#2452=CARTESIAN_POINT('Ctrl Pts',(263.007196613099,22.1831557490272,112.148873623955));
#2453=CARTESIAN_POINT('Ctrl Pts',(251.914485839646,34.553896465817,87.073563780051));
#2454=CARTESIAN_POINT('Ctrl Pts',(245.741569107965,41.4935195814059,47.4239745573779));
#2455=CARTESIAN_POINT('Ctrl Pts',(244.840388295859,43.634996569047,33.3129374426524));
#2456=CARTESIAN_POINT('Ctrl Pts',(245.160101140751,45.5323042605309,18.7212784489606));
#2457=CARTESIAN_POINT('Ctrl Pts',(287.745009363624,26.4171348856156,157.227727439449));
#2458=CARTESIAN_POINT('Ctrl Pts',(282.83004208134,24.3610458994031,149.785555746857));
#2459=CARTESIAN_POINT('Ctrl Pts',(277.307818061076,22.9326160457588,142.004681782969));
#2460=CARTESIAN_POINT('Ctrl Pts',(263.041652518827,22.1283417537845,112.109728028316));
#2461=CARTESIAN_POINT('Ctrl Pts',(251.949871671489,34.5017327514955,87.0463452593509));
#2462=CARTESIAN_POINT('Ctrl Pts',(245.775903066236,41.4420999386432,47.4093873049987));
#2463=CARTESIAN_POINT('Ctrl Pts',(244.874982831983,43.5828314842617,33.3040517711934));
#2464=CARTESIAN_POINT('Ctrl Pts',(245.195579733759,45.4783935157718,18.7194534844412));
#2465=CARTESIAN_POINT('Ctrl Pts',(288.298527732527,25.6937211346618,157.124182603834));
#2466=CARTESIAN_POINT('Ctrl Pts',(283.327000745021,23.6906312161265,149.611676105773));
#2467=CARTESIAN_POINT('Ctrl Pts',(277.732281206758,22.3182509809377,141.777230360112));
#2468=CARTESIAN_POINT('Ctrl Pts',(263.358850647656,21.6346649301342,111.754228500866));
#2469=CARTESIAN_POINT('Ctrl Pts',(252.26934264382,34.0276097257894,86.799299821411));
#2470=CARTESIAN_POINT('Ctrl Pts',(246.085550150047,40.9745378411288,47.2769624083428));
#2471=CARTESIAN_POINT('Ctrl Pts',(245.187001096669,43.1085082071637,33.2233796272345));
#2472=CARTESIAN_POINT('Ctrl Pts',(245.51570860306,44.9882852613933,18.7028846230733));
#2473=CARTESIAN_POINT('Ctrl Pts',(288.725269519195,24.9936403051644,157.037054106316));
#2474=CARTESIAN_POINT('Ctrl Pts',(283.73058633323,23.0598212551832,149.459885404833));
#2475=CARTESIAN_POINT('Ctrl Pts',(278.096302374679,21.7614716554643,141.576065783929));
#2476=CARTESIAN_POINT('Ctrl Pts',(263.677617049507,21.2225849917573,111.434667202667));
#2477=CARTESIAN_POINT('Ctrl Pts',(252.543044545654,33.5990828502511,86.5783466955112));
#2478=CARTESIAN_POINT('Ctrl Pts',(246.348321721075,40.550355947559,47.1583462302826));
#2479=CARTESIAN_POINT('Ctrl Pts',(245.451831395112,42.6782284721197,33.1510789279491));
#2480=CARTESIAN_POINT('Ctrl Pts',(245.788415595712,44.5443176672358,18.6880339583737));
#2481=CARTESIAN_POINT('Ctrl Pts',(289.143123387328,24.1072917066634,156.9402931735));
#2482=CARTESIAN_POINT('Ctrl Pts',(284.160393874211,22.2720718898933,149.282294766377));
#2483=CARTESIAN_POINT('Ctrl Pts',(278.516572681106,21.0825378696427,141.333482396951));
#2484=CARTESIAN_POINT('Ctrl Pts',(264.115923144293,20.739696075962,111.046566948535));
#2485=CARTESIAN_POINT('Ctrl Pts',(252.860792067496,33.0735308569364,86.3101583005954));
#2486=CARTESIAN_POINT('Ctrl Pts',(246.650117177949,40.0284211519994,47.0142117719396));
#2487=CARTESIAN_POINT('Ctrl Pts',(245.756052277774,42.1488410594638,33.0631869638941));
#2488=CARTESIAN_POINT('Ctrl Pts',(246.102977752615,43.9987870872253,18.6699798340775));
#2489=CARTESIAN_POINT('Ctrl Pts',(289.211859314875,23.9525960557478,156.923868439418));
#2490=CARTESIAN_POINT('Ctrl Pts',(284.232632058303,22.1349485161107,149.25179665688));
#2491=CARTESIAN_POINT('Ctrl Pts',(278.588545403062,20.9649214715784,141.291551150741));
#2492=CARTESIAN_POINT('Ctrl Pts',(264.193616237405,20.6567141116628,110.979390638552));
#2493=CARTESIAN_POINT('Ctrl Pts',(252.915265136362,32.982376622217,86.263741966096));
#2494=CARTESIAN_POINT('Ctrl Pts',(246.701731875082,39.9378343367562,46.9892602850112));
#2495=CARTESIAN_POINT('Ctrl Pts',(245.80808359539,42.0569633094142,33.0479706104706));
#2496=CARTESIAN_POINT('Ctrl Pts',(246.156826948246,43.904132385153,18.6668541681741));
#2497=CARTESIAN_POINT('Ctrl Pts',(289.630880843319,22.9496373054813,156.8202250349));
#2498=CARTESIAN_POINT('Ctrl Pts',(284.683458219885,21.2478128400539,149.057024989957));
#2499=CARTESIAN_POINT('Ctrl Pts',(279.046797575181,20.2071224019434,141.021931711742));
#2500=CARTESIAN_POINT('Ctrl Pts',(264.705437192878,20.1253782554931,110.546928427818));
#2501=CARTESIAN_POINT('Ctrl Pts',(253.262614616476,32.3941656515874,85.9648835453947));
#2502=CARTESIAN_POINT('Ctrl Pts',(247.030083465063,39.3529111544759,46.8285689326083));
#2503=CARTESIAN_POINT('Ctrl Pts',(246.139123082359,41.4637212597547,32.9499634924069));
#2504=CARTESIAN_POINT('Ctrl Pts',(246.499753955894,43.2931162822566,18.6467217932858));
#2505=CARTESIAN_POINT('Ctrl Pts',(289.876464351487,22.0671435696017,156.742410816272));
#2506=CARTESIAN_POINT('Ctrl Pts',(284.999907102407,20.475978298952,148.899399572424));
#2507=CARTESIAN_POINT('Ctrl Pts',(279.4121962099,19.5626755615584,140.794662401076));
#2508=CARTESIAN_POINT('Ctrl Pts',(265.195726426618,19.6885610701758,110.180376572466));
#2509=CARTESIAN_POINT('Ctrl Pts',(253.541843888101,31.8895992316939,85.7114365866814));
#2510=CARTESIAN_POINT('Ctrl Pts',(247.290310941989,38.8494071793531,46.6921372550783));
#2511=CARTESIAN_POINT('Ctrl Pts',(246.401541505629,40.9531075784678,32.8667177615662));
#2512=CARTESIAN_POINT('Ctrl Pts',(246.773089452384,42.7679195225685,18.6296206048171));
#2513=CARTESIAN_POINT('Ctrl Pts',(290.060963020563,20.8026677861359,156.645133732789));
#2514=CARTESIAN_POINT('Ctrl Pts',(285.353734872934,19.3653323602328,148.683699815663));
#2515=CARTESIAN_POINT('Ctrl Pts',(279.907676591285,18.6396917908637,140.465987805994));
#2516=CARTESIAN_POINT('Ctrl Pts',(265.986848304476,19.041611175095,109.654073574257));
#2517=CARTESIAN_POINT('Ctrl Pts',(253.923494207536,31.1518901231681,85.3450385499624));
#2518=CARTESIAN_POINT('Ctrl Pts',(247.640156416829,38.111059773568,46.4947700768275));
#2519=CARTESIAN_POINT('Ctrl Pts',(246.754430366759,40.2044182930518,32.7462617124769));
#2520=CARTESIAN_POINT('Ctrl Pts',(247.143016418114,41.9987708539887,18.6048744961983));
#2521=CARTESIAN_POINT('Ctrl Pts',(290.089913394144,20.4130313048262,156.616909604347));
#2522=CARTESIAN_POINT('Ctrl Pts',(285.440895560859,19.0203533704488,148.618539761635));
#2523=CARTESIAN_POINT('Ctrl Pts',(280.045017395291,18.350905080375,140.364340246834));
#2524=CARTESIAN_POINT('Ctrl Pts',(266.227872731025,18.8328283664135,109.49208577109));
#2525=CARTESIAN_POINT('Ctrl Pts',(254.036313222033,30.92348626855,85.2324872158465));
#2526=CARTESIAN_POINT('Ctrl Pts',(247.744649718741,37.8834658020356,46.4342295739055));
#2527=CARTESIAN_POINT('Ctrl Pts',(246.859906525068,39.9736796937349,32.7093318037386));
#2528=CARTESIAN_POINT('Ctrl Pts',(247.253310448256,41.7614616573221,18.5972882977189));
#2529=CARTESIAN_POINT('Ctrl Pts',(290.091277760547,19.9306303931956,156.583810907766));
#2530=CARTESIAN_POINT('Ctrl Pts',(285.522421183447,18.5888563879454,148.538880849365));
#2531=CARTESIAN_POINT('Ctrl Pts',(280.197702089184,17.9861761038857,140.23694957155));
#2532=CARTESIAN_POINT('Ctrl Pts',(266.525127021702,18.5587069785004,109.290428602385));
#2533=CARTESIAN_POINT('Ctrl Pts',(254.171468305236,30.6366471267475,85.0922028854993));
#2534=CARTESIAN_POINT('Ctrl Pts',(247.871281056736,37.598711478803,46.3588341459485));
#2535=CARTESIAN_POINT('Ctrl Pts',(246.987800050741,39.6850327308061,32.663356395048));
#2536=CARTESIAN_POINT('Ctrl Pts',(247.38666454004,41.4643147733264,18.5878443533572));
#2537=CARTESIAN_POINT('Ctrl Pts',(290.08957811013,19.8362229721761,156.577203887062));
#2538=CARTESIAN_POINT('Ctrl Pts',(285.536922256824,18.5041406306136,148.523144622844));
#2539=CARTESIAN_POINT('Ctrl Pts',(280.22683686895,17.9141853410655,140.211866556706));
#2540=CARTESIAN_POINT('Ctrl Pts',(266.583409835276,18.5041021772848,109.250780094895));
#2541=CARTESIAN_POINT('Ctrl Pts',(254.197787955088,30.5801169522934,85.0646104831331));
#2542=CARTESIAN_POINT('Ctrl Pts',(247.89601511927,37.5426457520475,46.3440073105026));
#2543=CARTESIAN_POINT('Ctrl Pts',(247.012785509429,39.6282041546639,32.6543154416109));
#2544=CARTESIAN_POINT('Ctrl Pts',(247.412697885918,41.4057993073383,18.5859872478277));
#2545=CARTESIAN_POINT('Ctrl Pts',(290.07686415647,19.5086002799938,156.553786521084));
#2546=CARTESIAN_POINT('Ctrl Pts',(285.582251347398,18.2092056497939,148.467959799433));
#2547=CARTESIAN_POINT('Ctrl Pts',(280.325391702272,17.6622117817438,140.124188318571));
#2548=CARTESIAN_POINT('Ctrl Pts',(266.786212143966,18.3111894984618,109.112432606228));
#2549=CARTESIAN_POINT('Ctrl Pts',(254.288731847718,30.3824409255186,84.9682903474676));
#2550=CARTESIAN_POINT('Ctrl Pts',(247.981746363635,37.3467545376922,46.2922584782194));
#2551=CARTESIAN_POINT('Ctrl Pts',(247.099406201886,39.4296485817763,32.622763554057));
#2552=CARTESIAN_POINT('Ctrl Pts',(247.502884810969,41.2013053532887,18.5795061895929));
#2553=CARTESIAN_POINT('Ctrl Pts',(290.055711202206,19.2781487772284,156.536433325688));
#2554=CARTESIAN_POINT('Ctrl Pts',(285.60524172322,17.9999587498527,148.428123498247));
#2555=CARTESIAN_POINT('Ctrl Pts',(280.390281228977,17.480929985239,140.06142152454));
#2556=CARTESIAN_POINT('Ctrl Pts',(266.92997275727,18.1691155249899,109.013802592713));
#2557=CARTESIAN_POINT('Ctrl Pts',(254.352044343493,30.2406509520951,84.8995287307097));
#2558=CARTESIAN_POINT('Ctrl Pts',(248.041889354849,37.2065600495377,46.2553296998485));
#2559=CARTESIAN_POINT('Ctrl Pts',(247.160190790077,39.2875669932289,32.6002503569969));
#2560=CARTESIAN_POINT('Ctrl Pts',(247.566050749417,41.0548947440704,18.5748818851051));
#2561=CARTESIAN_POINT('Ctrl Pts',(289.906873914874,18.2490149749781,156.454127240456));
#2562=CARTESIAN_POINT('Ctrl Pts',(285.668395456153,17.0565932627263,148.244530485209));
#2563=CARTESIAN_POINT('Ctrl Pts',(280.660297257044,16.6509606906782,139.774893097923));
#2564=CARTESIAN_POINT('Ctrl Pts',(267.577739895527,17.5022215275114,108.56566844061));
#2565=CARTESIAN_POINT('Ctrl Pts',(254.632816594027,29.5920744882422,84.5863761256542));
#2566=CARTESIAN_POINT('Ctrl Pts',(248.310921218139,36.5664674942001,46.0871761580653));
#2567=CARTESIAN_POINT('Ctrl Pts',(247.432259642875,38.6388840084813,32.4977460727596));
#2568=CARTESIAN_POINT('Ctrl Pts',(247.848205234879,40.3861310437794,18.5538270644318));
#2569=CARTESIAN_POINT('Ctrl Pts',(289.643173244745,17.5026607173022,156.380538976644));
#2570=CARTESIAN_POINT('Ctrl Pts',(285.601909504845,16.3462725594044,148.094985450687));
#2571=CARTESIAN_POINT('Ctrl Pts',(280.801350658533,15.9893327324758,139.549208166749));
#2572=CARTESIAN_POINT('Ctrl Pts',(268.066770326788,16.9239408950208,108.218605186326));
#2573=CARTESIAN_POINT('Ctrl Pts',(254.831600965997,29.0770827079396,84.3416782222951));
#2574=CARTESIAN_POINT('Ctrl Pts',(248.507831545459,36.0616554255113,45.9558478602603));
#2575=CARTESIAN_POINT('Ctrl Pts',(247.631725283471,38.1274634055001,32.4177049146554));
#2576=CARTESIAN_POINT('Ctrl Pts',(248.053426054851,39.8579962265979,18.5373868181676));
#2577=CARTESIAN_POINT('Ctrl Pts',(289.199657699651,16.7470854812365,156.279896773193));
#2578=CARTESIAN_POINT('Ctrl Pts',(285.411190926412,15.5820427088738,147.911999850054));
#2579=CARTESIAN_POINT('Ctrl Pts',(280.887300418946,15.2151573968667,139.285693439223));
#2580=CARTESIAN_POINT('Ctrl Pts',(268.599825675023,16.1724357878318,107.82242338803));
#2581=CARTESIAN_POINT('Ctrl Pts',(255.03973640483,28.4658615274956,84.0557454370568));
#2582=CARTESIAN_POINT('Ctrl Pts',(248.722928026446,35.4648241383232,45.801992708541));
#2583=CARTESIAN_POINT('Ctrl Pts',(247.850044344693,37.5229802871083,32.3238417004461));
#2584=CARTESIAN_POINT('Ctrl Pts',(248.275817695791,39.2332444246038,18.5181047803825));
#2585=CARTESIAN_POINT('Ctrl Pts',(289.134235615959,16.6366182575392,156.265253107107));
#2586=CARTESIAN_POINT('Ctrl Pts',(285.382208346026,15.4702216478877,147.885359139184));
#2587=CARTESIAN_POINT('Ctrl Pts',(280.898206496684,15.1017876319632,139.247321433933));
#2588=CARTESIAN_POINT('Ctrl Pts',(268.675482133768,16.0622638563693,107.764710397574));
#2589=CARTESIAN_POINT('Ctrl Pts',(255.069481413185,28.3764963395449,84.0140393304182));
#2590=CARTESIAN_POINT('Ctrl Pts',(248.753923355532,35.3776130075801,45.7795413942032));
#2591=CARTESIAN_POINT('Ctrl Pts',(247.881517177299,37.4346506825785,32.3101424430386));
#2592=CARTESIAN_POINT('Ctrl Pts',(248.307816345541,39.1419400045284,18.5152909035334));
#2593=CARTESIAN_POINT('Ctrl Pts',(288.356355848035,15.3361254989826,156.093650339116));
#2594=CARTESIAN_POINT('Ctrl Pts',(285.028195492313,14.1524865677893,147.57305391186));
#2595=CARTESIAN_POINT('Ctrl Pts',(281.008263179179,13.7644001242702,138.797455677217));
#2596=CARTESIAN_POINT('Ctrl Pts',(269.54169430558,14.7609281743394,107.087806475592));
#2597=CARTESIAN_POINT('Ctrl Pts',(255.411789051537,27.32381281126,83.524162352873));
#2598=CARTESIAN_POINT('Ctrl Pts',(249.11357947739,34.3508967424138,45.5156974991192));
#2599=CARTESIAN_POINT('Ctrl Pts',(248.24690728787,36.3948337781414,32.1491231135445));
#2600=CARTESIAN_POINT('Ctrl Pts',(248.678658932339,38.0669963264343,18.4822078636034));
#2601=CARTESIAN_POINT('Ctrl Pts',(286.758119913083,12.9111735521844,155.790000726132));
#2602=CARTESIAN_POINT('Ctrl Pts',(284.110508482151,11.6713342466925,147.017536162333));
#2603=CARTESIAN_POINT('Ctrl Pts',(280.837547140941,11.2207164521023,137.996183150089));
#2604=CARTESIAN_POINT('Ctrl Pts',(270.650918677983,12.2544806580396,105.876121565811));
#2605=CARTESIAN_POINT('Ctrl Pts',(255.895464673669,25.3522883557756,82.6317428605058));
#2606=CARTESIAN_POINT('Ctrl Pts',(249.682754732596,32.4393107110019,45.0322456091222));
#2607=CARTESIAN_POINT('Ctrl Pts',(248.827871000081,34.4596488132698,31.8534258572678));
#2608=CARTESIAN_POINT('Ctrl Pts',(249.253881732371,36.0640001291809,18.4214516123504));
#2609=CARTESIAN_POINT('Ctrl Pts',(283.825644767911,9.29580418301952,155.422421156201));
#2610=CARTESIAN_POINT('Ctrl Pts',(281.908899941996,7.9835580216631,146.319750374066));
#2611=CARTESIAN_POINT('Ctrl Pts',(279.444697257897,7.45089611710023,136.980489026097));
#2612=CARTESIAN_POINT('Ctrl Pts',(270.860923353419,8.53536335819405,104.288817086203));
#2613=CARTESIAN_POINT('Ctrl Pts',(256.180678651543,22.3316116568578,81.3351618123013));
#2614=CARTESIAN_POINT('Ctrl Pts',(250.259806045488,29.4873531134188,44.3070423198409));
#2615=CARTESIAN_POINT('Ctrl Pts',(249.426922727386,31.4722906178901,31.4046542780857));
#2616=CARTESIAN_POINT('Ctrl Pts',(249.796528659325,32.9822394432785,18.3290727290733));
#2617=CARTESIAN_POINT('Ctrl Pts',(280.397359912107,5.85909650927515,155.191760668707));
#2618=CARTESIAN_POINT('Ctrl Pts',(278.942887481525,4.57081629656976,145.832884469147));
#2619=CARTESIAN_POINT('Ctrl Pts',(276.998220820643,4.05809702509332,136.254637693527));
#2620=CARTESIAN_POINT('Ctrl Pts',(269.717662876597,5.26806890393357,103.060262740815));
#2621=CARTESIAN_POINT('Ctrl Pts',(256.032258817713,19.3203378632343,80.1068760492124));
#2622=CARTESIAN_POINT('Ctrl Pts',(250.549215915716,26.4658407276411,43.5837792977112));
#2623=CARTESIAN_POINT('Ctrl Pts',(249.741740270019,28.4142876651819,30.9490021532208));
#2624=CARTESIAN_POINT('Ctrl Pts',(250.011757600683,29.8547411460172,18.2350903945014));
#2625=CARTESIAN_POINT('Ctrl Pts',(277.840323325681,3.77994410870661,155.152999702578));
#2626=CARTESIAN_POINT('Ctrl Pts',(276.546711674169,2.62227892568805,145.685574834522));
#2627=CARTESIAN_POINT('Ctrl Pts',(274.789491633642,2.24458093164984,136.014408920556));
#2628=CARTESIAN_POINT('Ctrl Pts',(268.205077294095,3.63640916037359,102.543504055238));
#2629=CARTESIAN_POINT('Ctrl Pts',(255.658372639923,17.3651140002555,79.3497209241817));
#2630=CARTESIAN_POINT('Ctrl Pts',(250.539844010307,24.4174430545212,43.1061425388711));
#2631=CARTESIAN_POINT('Ctrl Pts',(249.751117445846,26.3401463113601,30.6414137844981));
#2632=CARTESIAN_POINT('Ctrl Pts',(249.933086148608,27.7612330607363,18.1714186711585));
#2633=CARTESIAN_POINT('Ctrl Pts',(270.800599722629,-1.36294697267021,155.220203478439));
#2634=CARTESIAN_POINT('Ctrl Pts',(269.798787653198,-1.96889061823673,145.556607414919));
#2635=CARTESIAN_POINT('Ctrl Pts',(268.391822049943,-1.7699278599378,135.737007371705));
#2636=CARTESIAN_POINT('Ctrl Pts',(263.480131615368,0.286778647073062,101.619100437061));
#2637=CARTESIAN_POINT('Ctrl Pts',(254.338352937746,12.2944018435203,77.4332370194219));
#2638=CARTESIAN_POINT('Ctrl Pts',(250.23857875334,18.9503796257723,41.8465758486412));
#2639=CARTESIAN_POINT('Ctrl Pts',(249.499454823225,20.802601715664,29.8202172823615));
#2640=CARTESIAN_POINT('Ctrl Pts',(249.431069893928,22.2187230755995,18.0013625797612));
#2641=CARTESIAN_POINT('Ctrl Pts',(262.279468426484,-7.62939529756575,155.295137583733));
#2642=CARTESIAN_POINT('Ctrl Pts',(261.65699169372,-7.56585235095543,145.389351539979));
#2643=CARTESIAN_POINT('Ctrl Pts',(260.684969913139,-6.66575681516823,135.387851744317));
#2644=CARTESIAN_POINT('Ctrl Pts',(257.510588110897,-3.77285224068106,100.523245721829));
#2645=CARTESIAN_POINT('Ctrl Pts',(251.324715142139,6.23517029158678,75.3766073651559));
#2646=CARTESIAN_POINT('Ctrl Pts',(248.164048069906,12.4527628140671,40.504455937371));
#2647=CARTESIAN_POINT('Ctrl Pts',(247.474940699893,14.2288858315792,28.9471019841298));
#2648=CARTESIAN_POINT('Ctrl Pts',(247.183095975782,15.6437660453239,17.8203991045433));
#2649=CARTESIAN_POINT('Ctrl Pts',(251.001819901229,-16.0356750033418,155.370875377116));
#2650=CARTESIAN_POINT('Ctrl Pts',(250.924590669465,-15.1034978135049,145.130796075085));
#2651=CARTESIAN_POINT('Ctrl Pts',(250.544860481313,-13.2761912149244,134.883118260052));
#2652=CARTESIAN_POINT('Ctrl Pts',(249.187984184018,-8.96473867864538,99.1666268036713));
#2653=CARTESIAN_POINT('Ctrl Pts',(244.978139247518,-0.457888299758098,73.5966714074342));
#2654=CARTESIAN_POINT('Ctrl Pts',(242.554645993003,5.53650915104439,39.3809732258084));
#2655=CARTESIAN_POINT('Ctrl Pts',(241.905807192185,7.25219163952041,28.22341337434));
#2656=CARTESIAN_POINT('Ctrl Pts',(241.441320387221,8.62282797786075,17.6707107129009));
#2657=CARTESIAN_POINT('Ctrl Pts',(242.577333307857,-22.3744736133355,155.41399007937));
#2658=CARTESIAN_POINT('Ctrl Pts',(242.925038155149,-20.8069655552297,144.916704349876));
#2659=CARTESIAN_POINT('Ctrl Pts',(242.994844472182,-18.2895529332699,134.482265240134));
#2660=CARTESIAN_POINT('Ctrl Pts',(242.800366444743,-12.7114709304774,98.2082929450776));
#2661=CARTESIAN_POINT('Ctrl Pts',(239.282549075662,-4.54739439955069,72.8078299146299));
#2662=CARTESIAN_POINT('Ctrl Pts',(237.200935794201,1.51461170068788,38.9162963333122));
#2663=CARTESIAN_POINT('Ctrl Pts',(236.57013836085,3.20882309642749,27.930644716937));
#2664=CARTESIAN_POINT('Ctrl Pts',(236.024151390281,4.51329185276798,17.6103045033196));
#2665=CARTESIAN_POINT('Ctrl Pts',(234.177562858455,-28.7543871037516,155.442363627408));
#2666=CARTESIAN_POINT('Ctrl Pts',(234.961871858048,-26.57097247204,144.680908996271));
#2667=CARTESIAN_POINT('Ctrl Pts',(235.484991789301,-23.3697719740023,134.05744529063));
#2668=CARTESIAN_POINT('Ctrl Pts',(236.305890167081,-16.2804763395528,97.3136807181166));
#2669=CARTESIAN_POINT('Ctrl Pts',(232.905174563042,-7.51179918860015,72.6067156980457));
#2670=CARTESIAN_POINT('Ctrl Pts',(231.006263490146,-1.10329004098276,38.8583705465409));
#2671=CARTESIAN_POINT('Ctrl Pts',(230.38201869773,0.59589493039229,27.9069196052328));
#2672=CARTESIAN_POINT('Ctrl Pts',(229.786322590006,1.79120182917318,17.6057499377792));
#2673=CARTESIAN_POINT('Ctrl Pts',(225.791645485262,-35.1800538347337,155.455843054498));
#2674=CARTESIAN_POINT('Ctrl Pts',(227.019109468026,-32.4023665712509,144.423176331318));
#2675=CARTESIAN_POINT('Ctrl Pts',(227.997673042916,-28.5244185998345,133.608393465165));
#2676=CARTESIAN_POINT('Ctrl Pts',(229.75155958747,-19.6517597520217,96.4834219139338));
#2677=CARTESIAN_POINT('Ctrl Pts',(226.14994160172,-9.22167586327626,72.9993864737352));
#2678=CARTESIAN_POINT('Ctrl Pts',(224.338028738738,-2.16021120155326,39.2113917120146));
#2679=CARTESIAN_POINT('Ctrl Pts',(223.710504590943,-0.428657829422955,28.155011592454));
#2680=CARTESIAN_POINT('Ctrl Pts',(223.078350625524,0.606899052617801,17.6576252025992));
#2681=CARTESIAN_POINT('Ctrl Pts',(217.408182864922,-41.653689309387,155.4550420632));
#2682=CARTESIAN_POINT('Ctrl Pts',(219.079962573033,-38.30440916617,144.144411689823));
#2683=CARTESIAN_POINT('Ctrl Pts',(220.514355234574,-33.7571194036681,133.136108297075));
#2684=CARTESIAN_POINT('Ctrl Pts',(223.186629712155,-22.8157653343003,95.714884222355));
#2685=CARTESIAN_POINT('Ctrl Pts',(219.335204798234,-9.61391942510854,73.9615743216172));
#2686=CARTESIAN_POINT('Ctrl Pts',(217.581931009903,-1.58167034432692,39.9585545781047));
#2687=CARTESIAN_POINT('Ctrl Pts',(216.943426941747,0.209114030628533,28.6638129831094));
#2688=CARTESIAN_POINT('Ctrl Pts',(216.269141983675,1.02943511737535,17.763606009618));
#2689=CARTESIAN_POINT('Ctrl Pts',(211.813092580029,-46.0011375396713,155.44592958469));
#2690=CARTESIAN_POINT('Ctrl Pts',(213.778187629834,-42.2857706749254,143.945936951982));
#2691=CARTESIAN_POINT('Ctrl Pts',(215.515519077441,-37.2971026127647,132.807303321671));
#2692=CARTESIAN_POINT('Ctrl Pts',(218.836465823287,-24.7880936452152,95.2395930082789));
#2693=CARTESIAN_POINT('Ctrl Pts',(214.968822012066,-9.00352666618009,74.9449148067747));
#2694=CARTESIAN_POINT('Ctrl Pts',(213.282089463439,-0.116300021703659,40.6932779793335));
#2695=CARTESIAN_POINT('Ctrl Pts',(212.632821442166,1.73062869695658,29.1595160026257));
#2696=CARTESIAN_POINT('Ctrl Pts',(211.914135776033,2.36926782111104,17.8667615005575));
#2697=CARTESIAN_POINT('Ctrl Pts',(208.379204395396,-48.6751913640021,155.438143610175));
#2698=CARTESIAN_POINT('Ctrl Pts',(210.522144097273,-44.7397295096141,143.821029774154));
#2699=CARTESIAN_POINT('Ctrl Pts',(212.444536466068,-39.4819379819806,132.602160205899));
#2700=CARTESIAN_POINT('Ctrl Pts',(216.187730330291,-25.957845461619,94.9577519940712));
#2701=CARTESIAN_POINT('Ctrl Pts',(212.409440560661,-8.37843635153416,75.6355782661792));
#2702=CARTESIAN_POINT('Ctrl Pts',(210.785568314258,1.09185496617983,41.2044722530517));
#2703=CARTESIAN_POINT('Ctrl Pts',(210.129218492355,2.9775586631994,29.503610206883));
#2704=CARTESIAN_POINT('Ctrl Pts',(209.374764139235,3.49335411511411,17.9383306224314));
#2705=CARTESIAN_POINT('Ctrl Pts',(207.090011211455,-49.6280434864175,155.450313798888));
#2706=CARTESIAN_POINT('Ctrl Pts',(209.285963326956,-45.5935692030959,143.798166469526));
#2707=CARTESIAN_POINT('Ctrl Pts',(211.263363205262,-40.2172993299658,132.55843584544));
#2708=CARTESIAN_POINT('Ctrl Pts',(215.153558364881,-26.2987441282385,94.8939456206682));
#2709=CARTESIAN_POINT('Ctrl Pts',(211.469412591419,-8.11808621089755,75.9015400694037));
#2710=CARTESIAN_POINT('Ctrl Pts',(209.880010003827,1.55813475848616,41.3957665494171));
#2711=CARTESIAN_POINT('Ctrl Pts',(209.221267135638,3.45814349900076,29.631438321853));
#2712=CARTESIAN_POINT('Ctrl Pts',(208.450175949839,3.93174624449074,17.9648998393739));
#2713=CARTESIAN_POINT('Ctrl Pts',(205.103441527564,-50.9490032223895,155.514446943627));
#2714=CARTESIAN_POINT('Ctrl Pts',(207.350452110743,-46.7072953019677,143.834589822866));
#2715=CARTESIAN_POINT('Ctrl Pts',(209.380521090704,-41.0901522910783,132.590143712324));
#2716=CARTESIAN_POINT('Ctrl Pts',(213.473941814895,-26.5150965238873,94.9202993455259));
#2717=CARTESIAN_POINT('Ctrl Pts',(210.077933901452,-7.63659119206827,76.3337763310846));
#2718=CARTESIAN_POINT('Ctrl Pts',(208.567783180156,2.31718741537199,41.6904636972865));
#2719=CARTESIAN_POINT('Ctrl Pts',(207.905935253264,4.23846642239381,29.8255687085206));
#2720=CARTESIAN_POINT('Ctrl Pts',(207.101390634791,4.65919731563974,18.0051753808941));
#2721=CARTESIAN_POINT('Ctrl Pts',(203.08223956099,-52.1546027934471,155.62420416718));
#2722=CARTESIAN_POINT('Ctrl Pts',(205.361677806913,-47.6431601687678,143.941330885823));
#2723=CARTESIAN_POINT('Ctrl Pts',(207.425060162069,-41.7179733737429,132.718580637252));
#2724=CARTESIAN_POINT('Ctrl Pts',(211.713673973711,-26.4187105471683,95.0678271017045));
#2725=CARTESIAN_POINT('Ctrl Pts',(208.713227597108,-7.06383941740429,76.7979736799273));
#2726=CARTESIAN_POINT('Ctrl Pts',(207.303054642869,3.13286636202205,41.9920926436138));
#2727=CARTESIAN_POINT('Ctrl Pts',(206.638422734901,5.0751173683463,30.0215560439099));
#2728=CARTESIAN_POINT('Ctrl Pts',(205.793939589392,5.45427809644896,18.0457683853822));
#2729=CARTESIAN_POINT('Ctrl Pts',(201.724305025034,-52.8785510374422,155.726908677756));
#2730=CARTESIAN_POINT('Ctrl Pts',(204.019761774278,-48.1440582313298,144.058011772078));
#2731=CARTESIAN_POINT('Ctrl Pts',(206.09972351983,-41.9670906042972,132.866819957436));
#2732=CARTESIAN_POINT('Ctrl Pts',(210.519487367035,-26.1388094283262,95.2445488777698));
#2733=CARTESIAN_POINT('Ctrl Pts',(207.826829543803,-6.62155315529547,77.1276877957258));
#2734=CARTESIAN_POINT('Ctrl Pts',(206.492350435293,3.71253863427051,42.1973633128921));
#2735=CARTESIAN_POINT('Ctrl Pts',(205.825955828027,5.66849976417442,30.1532181502809));
#2736=CARTESIAN_POINT('Ctrl Pts',(204.951926451696,6.02785432141441,18.0729927876282));
#2737=CARTESIAN_POINT('Ctrl Pts',(200.858028114734,-53.3149592866176,155.801423610792));
#2738=CARTESIAN_POINT('Ctrl Pts',(203.164140860793,-48.4240524422666,144.146292099391));
#2739=CARTESIAN_POINT('Ctrl Pts',(205.255254278668,-42.0713001857812,132.980426122486));
#2740=CARTESIAN_POINT('Ctrl Pts',(209.761146909473,-25.8904151838825,95.3810993935048));
#2741=CARTESIAN_POINT('Ctrl Pts',(207.270111014696,-6.32018085369315,77.3442506360745));
#2742=CARTESIAN_POINT('Ctrl Pts',(205.985293485473,4.09354210885126,42.3296345120322));
#2743=CARTESIAN_POINT('Ctrl Pts',(205.317765718164,6.05815926129969,30.2375480948523));
#2744=CARTESIAN_POINT('Ctrl Pts',(204.424397603572,6.40744835296158,18.0904172433111));
#2745=CARTESIAN_POINT('Ctrl Pts',(200.67017706541,-53.4080677949376,155.818121991805));
#2746=CARTESIAN_POINT('Ctrl Pts',(202.97862638802,-48.4823988805171,144.166265325721));
#2747=CARTESIAN_POINT('Ctrl Pts',(205.072192159073,-42.0906215311685,133.006201751855));
#2748=CARTESIAN_POINT('Ctrl Pts',(209.5969093771,-25.8323705867474,95.4121360024798));
#2749=CARTESIAN_POINT('Ctrl Pts',(207.149913462584,-6.25367207331814,77.3915876875631));
#2750=CARTESIAN_POINT('Ctrl Pts',(205.875947585034,4.17683849942151,42.3583982535786));
#2751=CARTESIAN_POINT('Ctrl Pts',(205.208173437751,6.14332609582581,30.2558562329122));
#2752=CARTESIAN_POINT('Ctrl Pts',(204.31058213398,6.49058571104397,18.0941991664427));
#2753=CARTESIAN_POINT('Ctrl Pts',(200.474012110962,-53.5037381152291,155.836119248276));
#2754=CARTESIAN_POINT('Ctrl Pts',(202.784968412272,-48.5408676140047,144.187982653183));
#2755=CARTESIAN_POINT('Ctrl Pts',(204.881173326939,-42.1073701073319,133.034300713811));
#2756=CARTESIAN_POINT('Ctrl Pts',(209.425746040478,-25.7673505431986,95.4460250960895));
#2757=CARTESIAN_POINT('Ctrl Pts',(207.024930571955,-6.18299608174772,77.4414199676821));
#2758=CARTESIAN_POINT('Ctrl Pts',(205.762359971634,4.26454726754969,42.3885265351566));
#2759=CARTESIAN_POINT('Ctrl Pts',(205.094327300212,6.2329836034022,30.2750019420417));
#2760=CARTESIAN_POINT('Ctrl Pts',(204.192301542108,6.57828498182108,18.0981534118401));
#2761=CARTESIAN_POINT('Ctrl Pts',(200.465574338731,-53.5078316087791,155.836891782894));
#2762=CARTESIAN_POINT('Ctrl Pts',(202.776642519633,-48.5433663702903,144.188916148316));
#2763=CARTESIAN_POINT('Ctrl Pts',(204.872966300172,-42.1080814651767,133.035509713177));
#2764=CARTESIAN_POINT('Ctrl Pts',(209.418398481,-25.7645550002695,95.4474843406022));
#2765=CARTESIAN_POINT('Ctrl Pts',(207.019562642232,-6.17995766506606,77.4435614649206));
#2766=CARTESIAN_POINT('Ctrl Pts',(205.75748166031,4.26831647394625,42.3898209920348));
#2767=CARTESIAN_POINT('Ctrl Pts',(205.089437862847,6.23683651588487,30.2758244773873));
#2768=CARTESIAN_POINT('Ctrl Pts',(204.187221559032,6.58205405913576,18.0983232874136));
#2769=CARTESIAN_POINT('Ctrl Pts',(200.212342875813,-53.6300396704677,155.860029607801));
#2770=CARTESIAN_POINT('Ctrl Pts',(202.526881834049,-48.6178575826295,144.216914370356));
#2771=CARTESIAN_POINT('Ctrl Pts',(204.626929717446,-42.129129794859,133.07181087165));
#2772=CARTESIAN_POINT('Ctrl Pts',(209.198305002816,-25.6806397561234,95.4913285668745));
#2773=CARTESIAN_POINT('Ctrl Pts',(206.858697474821,-6.08881263528232,77.5077719027807));
#2774=CARTESIAN_POINT('Ctrl Pts',(205.611296555568,4.3813345605969,42.4286249435038));
#2775=CARTESIAN_POINT('Ctrl Pts',(204.942919924055,6.35236230676422,30.3004797470071));
#2776=CARTESIAN_POINT('Ctrl Pts',(204.034991012287,6.6950766754017,18.1034153008343));
#2777=CARTESIAN_POINT('Ctrl Pts',(199.958630306529,-53.7343603679183,155.881878928993));
#2778=CARTESIAN_POINT('Ctrl Pts',(202.279950027933,-48.6787050285841,144.244453012866));
#2779=CARTESIAN_POINT('Ctrl Pts',(204.388171000431,-42.1422503573094,133.108572158197));
#2780=CARTESIAN_POINT('Ctrl Pts',(208.9899305501,-25.5969343186492,95.5366258330253));
#2781=CARTESIAN_POINT('Ctrl Pts',(206.704190430681,-5.9987970693096,77.5704404993241));
#2782=CARTESIAN_POINT('Ctrl Pts',(205.471068596598,4.49167261435202,42.4662543147464));
#2783=CARTESIAN_POINT('Ctrl Pts',(204.802367756853,6.46511521328301,30.3243388972201));
#2784=CARTESIAN_POINT('Ctrl Pts',(203.888882124543,6.80567173365097,18.1083415716163));
#2785=CARTESIAN_POINT('Ctrl Pts',(199.602189458672,-53.8565591058054,155.910818351992));
#2786=CARTESIAN_POINT('Ctrl Pts',(201.936827683586,-48.7456586646533,144.282552151063));
#2787=CARTESIAN_POINT('Ctrl Pts',(204.061607397758,-42.1500855747162,133.16096046772));
#2788=CARTESIAN_POINT('Ctrl Pts',(208.711100204175,-25.4796383012355,95.6024272550158));
#2789=CARTESIAN_POINT('Ctrl Pts',(206.494658336499,-5.87329275172954,77.6568082962818));
#2790=CARTESIAN_POINT('Ctrl Pts',(205.281079264249,4.64379924127246,42.517794428645));
#2791=CARTESIAN_POINT('Ctrl Pts',(204.611931713291,6.62052229318656,30.3569519296604));
#2792=CARTESIAN_POINT('Ctrl Pts',(203.69083414109,6.95848883474252,18.1150735111823));
#2793=CARTESIAN_POINT('Ctrl Pts',(199.505816314088,-53.8872853048523,155.918476429154));
#2794=CARTESIAN_POINT('Ctrl Pts',(201.844420950133,-48.7620125577535,144.292797090141));
#2795=CARTESIAN_POINT('Ctrl Pts',(203.974158632335,-42.1512125943409,133.175190862148));
#2796=CARTESIAN_POINT('Ctrl Pts',(208.637048671809,-25.4479841395589,95.620424026641));
#2797=CARTESIAN_POINT('Ctrl Pts',(206.438722652618,-5.83945530049178,77.6799998353101));
#2798=CARTESIAN_POINT('Ctrl Pts',(205.230377500333,4.68465436783563,42.5316032992944));
#2799=CARTESIAN_POINT('Ctrl Pts',(204.561109424718,6.66225588704474,30.3656835927741));
#2800=CARTESIAN_POINT('Ctrl Pts',(203.637972272874,6.99956433531738,18.1168757286969));
#2801=CARTESIAN_POINT('Ctrl Pts',(198.711158632687,-54.1218048405182,155.980275391281));
#2802=CARTESIAN_POINT('Ctrl Pts',(201.085148974195,-48.8823841066677,144.37685528484));
#2803=CARTESIAN_POINT('Ctrl Pts',(203.259446254884,-42.1521300975286,133.293232447175));
#2804=CARTESIAN_POINT('Ctrl Pts',(208.036315521026,-25.1867216304217,95.7705939118506));
#2805=CARTESIAN_POINT('Ctrl Pts',(205.9828996453,-5.56088097808983,77.8701147834154));
#2806=CARTESIAN_POINT('Ctrl Pts',(204.817338795411,5.01962544094025,42.6445510661841));
#2807=CARTESIAN_POINT('Ctrl Pts',(204.147089664524,7.00436253098392,30.4370473521702));
#2808=CARTESIAN_POINT('Ctrl Pts',(203.207276283905,7.33657594602914,18.1316036771532));
#2809=CARTESIAN_POINT('Ctrl Pts',(197.25801751006,-54.3606923596537,156.101078240125));
#2810=CARTESIAN_POINT('Ctrl Pts',(199.72384006531,-48.9550787489176,144.545059544362));
#2811=CARTESIAN_POINT('Ctrl Pts',(202.002179673555,-42.051881276749,133.522000566326));
#2812=CARTESIAN_POINT('Ctrl Pts',(207.038784225986,-24.7012902429262,96.0738679834744));
#2813=CARTESIAN_POINT('Ctrl Pts',(205.197653536009,-5.04606352339744,78.2117098732365));
#2814=CARTESIAN_POINT('Ctrl Pts',(204.107335370872,5.62215860295835,42.8443682586203));
#2815=CARTESIAN_POINT('Ctrl Pts',(203.435301219149,7.61930472325966,30.5626481110004));
#2816=CARTESIAN_POINT('Ctrl Pts',(202.466056135845,7.94616644562267,18.157507696685));
#2817=CARTESIAN_POINT('Ctrl Pts',(195.777752673086,-54.233837434491,156.244442996651));
#2818=CARTESIAN_POINT('Ctrl Pts',(198.367454739671,-48.7409321238574,144.751710306425));
#2819=CARTESIAN_POINT('Ctrl Pts',(200.779424988793,-41.744737798715,133.788795341037));
#2820=CARTESIAN_POINT('Ctrl Pts',(206.133818806876,-24.1827794926472,96.4523959475467));
#2821=CARTESIAN_POINT('Ctrl Pts',(204.446428364395,-4.48101873067086,78.5677912636068));
#2822=CARTESIAN_POINT('Ctrl Pts',(203.427680722305,6.25271396928123,43.0471324031364));
#2823=CARTESIAN_POINT('Ctrl Pts',(202.753661287856,8.26193232313193,30.6889252019527));
#2824=CARTESIAN_POINT('Ctrl Pts',(201.755839704408,8.59043120591857,18.1835195421815));
#2825=CARTESIAN_POINT('Ctrl Pts',(194.467489822884,-53.9547344161252,156.381588897648));
#2826=CARTESIAN_POINT('Ctrl Pts',(197.170786261964,-48.419806915906,144.95307899413));
#2827=CARTESIAN_POINT('Ctrl Pts',(199.706901833694,-41.3761288115572,134.044860372161));
#2828=CARTESIAN_POINT('Ctrl Pts',(205.345791170884,-23.7039371191878,96.8258222420387));
#2829=CARTESIAN_POINT('Ctrl Pts',(203.783960625934,-3.94803625789368,78.8958686844149));
#2830=CARTESIAN_POINT('Ctrl Pts',(202.826574245799,6.8354298809183,43.2318636725157));
#2831=CARTESIAN_POINT('Ctrl Pts',(202.150622978694,8.8554568326737,30.8035192409468));
#2832=CARTESIAN_POINT('Ctrl Pts',(201.127842684082,9.18844888100902,18.2071125629269));
#2833=CARTESIAN_POINT('Ctrl Pts',(193.891811750769,-53.7704635761347,156.445608445371));
#2834=CARTESIAN_POINT('Ctrl Pts',(196.646461330009,-48.229895966491,145.048364386571));
#2835=CARTESIAN_POINT('Ctrl Pts',(199.239287083662,-41.1781705521755,134.164808170702));
#2836=CARTESIAN_POINT('Ctrl Pts',(205.004325878448,-23.4856004601952,97.0040863197483));
#2837=CARTESIAN_POINT('Ctrl Pts',(203.493809745959,-3.70162227081363,79.0448088062034));
#2838=CARTESIAN_POINT('Ctrl Pts',(202.562648535345,7.10060017283102,43.3149833645861));
#2839=CARTESIAN_POINT('Ctrl Pts',(201.885782675076,9.12539034517293,30.854914452698));
#2840=CARTESIAN_POINT('Ctrl Pts',(200.852159134971,9.46148025323936,18.2176894202831));
#2841=CARTESIAN_POINT('Ctrl Pts',(193.177724932684,-53.4601884130338,156.530030332234));
#2842=CARTESIAN_POINT('Ctrl Pts',(195.994492872881,-47.9285638974467,145.176347452523));
#2843=CARTESIAN_POINT('Ctrl Pts',(198.658138004432,-40.8828248016012,134.325514592005));
#2844=CARTESIAN_POINT('Ctrl Pts',(204.573743828776,-23.1991547495835,97.2469752344988));
#2845=CARTESIAN_POINT('Ctrl Pts',(203.12804603124,-3.37386938583889,79.2395282749498));
#2846=CARTESIAN_POINT('Ctrl Pts',(202.228531782042,7.44837881866712,43.4228397894547));
#2847=CARTESIAN_POINT('Ctrl Pts',(201.550409670514,9.47927981739026,30.9214267854976));
#2848=CARTESIAN_POINT('Ctrl Pts',(200.503392886559,9.82069388405891,18.2313724714943));
#2849=CARTESIAN_POINT('Ctrl Pts',(193.018703347213,-53.3855457086073,156.549168452563));
#2850=CARTESIAN_POINT('Ctrl Pts',(195.849200548371,-47.8569526317214,145.205512798713));
#2851=CARTESIAN_POINT('Ctrl Pts',(198.528646354088,-40.8136184540598,134.362127759228));
#2852=CARTESIAN_POINT('Ctrl Pts',(204.477390958661,-23.1341798319285,97.3025433631782));
#2853=CARTESIAN_POINT('Ctrl Pts',(203.046197797409,-3.2993600827949,79.2835729097209));
#2854=CARTESIAN_POINT('Ctrl Pts',(202.15367045473,7.52711793991538,43.44718350239));
#2855=CARTESIAN_POINT('Ctrl Pts',(201.475259550937,9.55938661484254,30.936426615249));
#2856=CARTESIAN_POINT('Ctrl Pts',(200.425263795874,9.90208655290082,18.2344579192133));
#2857=CARTESIAN_POINT('Ctrl Pts',(192.756663037333,-53.2531294565168,156.581276057713));
#2858=CARTESIAN_POINT('Ctrl Pts',(195.609493289705,-47.7313335523874,145.254722014003));
#2859=CARTESIAN_POINT('Ctrl Pts',(198.314953634534,-40.69377191853,134.423904442721));
#2860=CARTESIAN_POINT('Ctrl Pts',(204.317397620628,-23.0251333949962,97.3967220407494));
#2861=CARTESIAN_POINT('Ctrl Pts',(202.910429955245,-3.17383957644667,79.3574192481155));
#2862=CARTESIAN_POINT('Ctrl Pts',(202.029316341923,7.65926292277567,43.4879161333244));
#2863=CARTESIAN_POINT('Ctrl Pts',(201.350414786122,9.69381701226163,30.9615068318116));
#2864=CARTESIAN_POINT('Ctrl Pts',(200.295513687549,10.0388076624242,18.2396164118418));
#2865=CARTESIAN_POINT('Ctrl Pts',(192.652441843383,-53.1978946346617,156.594201828541));
#2866=CARTESIAN_POINT('Ctrl Pts',(195.514077126331,-47.6792720908349,145.274607915596));
#2867=CARTESIAN_POINT('Ctrl Pts',(198.229876950059,-40.6444934706592,134.44887632727));
#2868=CARTESIAN_POINT('Ctrl Pts',(204.25343604859,-22.981159936981,97.4348914626039));
#2869=CARTESIAN_POINT('Ctrl Pts',(202.856187564237,-3.12315859190185,79.3871381822668));
#2870=CARTESIAN_POINT('Ctrl Pts',(201.979586077231,7.71247925151004,43.5042862632754));
#2871=CARTESIAN_POINT('Ctrl Pts',(201.300484884488,9.7479471031417,30.9715811588136));
#2872=CARTESIAN_POINT('Ctrl Pts',(200.243633570392,10.093895370248,18.2416883502469));
#2873=CARTESIAN_POINT('Ctrl Pts',(192.549287344371,-53.1406277428418,156.607151701411));
#2874=CARTESIAN_POINT('Ctrl Pts',(195.419538651566,-47.6256302793328,145.294611369738));
#2875=CARTESIAN_POINT('Ctrl Pts',(198.145551674385,-40.5940977375282,134.474005910842));
#2876=CARTESIAN_POINT('Ctrl Pts',(204.189720739691,-22.9370399589154,97.4734090133269));
#2877=CARTESIAN_POINT('Ctrl Pts',(202.802213749487,-3.07220201106976,79.4169248277009));
#2878=CARTESIAN_POINT('Ctrl Pts',(201.930051072267,7.76585344582901,43.5206723602146));
#2879=CARTESIAN_POINT('Ctrl Pts',(201.250747947474,9.80223485860293,30.9816606418783));
#2880=CARTESIAN_POINT('Ctrl Pts',(200.191966745387,10.1491784338655,18.2437612236086));
#2881=CARTESIAN_POINT('',(200.295208192855,10.1094615188567,19.5000013649073));
#2882=CARTESIAN_POINT('Ctrl Pts',(193.434479155123,-51.3843363381708,153.112059678037));
#2883=CARTESIAN_POINT('Ctrl Pts',(195.972109368525,-46.194268860186,143.063163090896));
#2884=CARTESIAN_POINT('Ctrl Pts',(198.316565225702,-40.0945094361606,133.427112052002));
#2885=CARTESIAN_POINT('Ctrl Pts',(204.189720739691,-22.9370399589154,97.4734090133269));
#2886=CARTESIAN_POINT('Ctrl Pts',(202.802213749487,-3.07220201106976,79.4169248277009));
#2887=CARTESIAN_POINT('Ctrl Pts',(201.93991260905,7.64330763489264,43.9265510148957));
#2888=CARTESIAN_POINT('Ctrl Pts',(201.295023300077,9.66645007599834,31.8062860102873));
#2889=CARTESIAN_POINT('Ctrl Pts',(200.295208192845,10.1094615188609,19.5000013647923));
#2890=CARTESIAN_POINT('',(249.807019829069,26.3399157991968,19.5000013649073));
#2891=CARTESIAN_POINT('Ctrl Pts',(200.295208192855,10.1094615188567,19.5000013649073));
#2892=CARTESIAN_POINT('Ctrl Pts',(198.80046546463,11.7075022406978,19.5000013649073));
#2893=CARTESIAN_POINT('Ctrl Pts',(197.182128010221,13.7858997068112,19.5000013649072));
#2894=CARTESIAN_POINT('Ctrl Pts',(194.817405052291,18.2398122977199,19.5000013649072));
#2895=CARTESIAN_POINT('Ctrl Pts',(194.041436103313,20.225722153382,19.5000013649073));
#2896=CARTESIAN_POINT('Ctrl Pts',(192.91006548047,24.2402749261787,19.5000013649073));
#2897=CARTESIAN_POINT('Ctrl Pts',(192.571951407097,26.2779214259645,19.5000013649075));
#2898=CARTESIAN_POINT('Ctrl Pts',(192.257376722508,30.9636993374264,19.5000013649075));
#2899=CARTESIAN_POINT('Ctrl Pts',(192.380486246832,34.8830410377153,19.5000013649072));
#2900=CARTESIAN_POINT('Ctrl Pts',(194.969650048399,42.7981617944626,19.5000013649072));
#2901=CARTESIAN_POINT('Ctrl Pts',(196.83578808832,46.0270701273258,19.5000013649073));
#2902=CARTESIAN_POINT('Ctrl Pts',(201.64122961397,51.6610927080077,19.5000013649073));
#2903=CARTESIAN_POINT('Ctrl Pts',(204.598602521019,53.9412128997931,19.5000013649072));
#2904=CARTESIAN_POINT('Ctrl Pts',(211.190863702097,57.33028617962,19.5000013649072));
#2905=CARTESIAN_POINT('Ctrl Pts',(214.795317607293,58.3175813829801,19.5000013649072));
#2906=CARTESIAN_POINT('Ctrl Pts',(222.188690612509,58.9515542317975,19.5000013649072));
#2907=CARTESIAN_POINT('Ctrl Pts',(225.902486155512,58.4964228196856,19.5000013649073));
#2908=CARTESIAN_POINT('Ctrl Pts',(233.168166254879,56.2201146220171,19.5000013649073));
#2909=CARTESIAN_POINT('Ctrl Pts',(236.588974418783,54.2580219830864,19.5000013649073));
#2910=CARTESIAN_POINT('Ctrl Pts',(241.271719065696,50.3079932080705,19.5000013649073));
#2911=CARTESIAN_POINT('Ctrl Pts',(242.838007043141,48.6154740580937,19.5000013649072));
#2912=CARTESIAN_POINT('Ctrl Pts',(245.586523309935,44.9185496581589,19.5000013649072));
#2913=CARTESIAN_POINT('Ctrl Pts',(246.446394219943,43.3019793666926,19.5000013649073));
#2914=CARTESIAN_POINT('Ctrl Pts',(247.964125808319,40.1071109321838,19.5000013649073));
#2915=CARTESIAN_POINT('Ctrl Pts',(248.651621927786,38.1067465895995,19.5000013649073));
#2916=CARTESIAN_POINT('Ctrl Pts',(249.616144904846,34.0423763901808,19.5000013649072));
#2917=CARTESIAN_POINT('Ctrl Pts',(249.871044226674,31.9893609536357,19.500001364887));
#2918=CARTESIAN_POINT('Ctrl Pts',(249.957126442922,28.8951583040593,19.500001364887));
#2919=CARTESIAN_POINT('Ctrl Pts',(249.931354951907,27.6646177722579,19.5000013649073));
#2920=CARTESIAN_POINT('Ctrl Pts',(249.807019829069,26.3399157991968,19.5000013649073));
#2921=CARTESIAN_POINT('',(249.818505591357,26.4297873859536,20.0000013649073));
#2922=CARTESIAN_POINT('Ctrl Pts',(249.807019829069,26.3399157991968,19.5000013649073));
#2923=CARTESIAN_POINT('Ctrl Pts',(249.810895625059,26.369870198053,19.6673458671804));
#2924=CARTESIAN_POINT('Ctrl Pts',(249.814723336604,26.3998205340995,19.8339722044741));
#2925=CARTESIAN_POINT('Ctrl Pts',(249.818505591357,26.4297873859542,20.0000013649072));
#2926=CARTESIAN_POINT('',(207.927149488459,4.19857197389558,20.0000013649073));
#2927=CARTESIAN_POINT('Ctrl Pts',(249.818505591357,26.4297873859536,20.0000013649073));
#2928=CARTESIAN_POINT('Ctrl Pts',(249.627799060911,24.2350405380317,20.0000013649073));
#2929=CARTESIAN_POINT('Ctrl Pts',(249.152776825269,21.7044187721621,20.0000013648896));
#2930=CARTESIAN_POINT('Ctrl Pts',(246.885729236222,15.5181375647067,20.0000013648896));
#2931=CARTESIAN_POINT('Ctrl Pts',(244.949643719349,12.3788657838242,20.0000013649069));
#2932=CARTESIAN_POINT('Ctrl Pts',(240.040642352874,6.98528553103802,20.0000013649069));
#2933=CARTESIAN_POINT('Ctrl Pts',(237.078750613539,4.83118521043277,20.0000013649072));
#2934=CARTESIAN_POINT('Ctrl Pts',(230.473045091976,1.69477946289614,20.0000013649072));
#2935=CARTESIAN_POINT('Ctrl Pts',(226.871218822019,0.826300506928099,20.000001364915));
#2936=CARTESIAN_POINT('Ctrl Pts',(219.448333839544,0.442653867011131,20.000001364915));
#2937=CARTESIAN_POINT('Ctrl Pts',(215.707227393578,1.03198841597568,20.0000013649197));
#2938=CARTESIAN_POINT('Ctrl Pts',(212.255514816501,2.25600148293026,20.0000013649197));
#2939=CARTESIAN_POINT('Ctrl Pts',(210.764319307819,2.78479487092309,20.0000013649197));
#2940=CARTESIAN_POINT('Ctrl Pts',(209.316552776965,3.43761580692736,20.0000013649072));
#2941=CARTESIAN_POINT('Ctrl Pts',(207.927149488459,4.19857197389558,20.0000013649072));
#2942=CARTESIAN_POINT('',(208.127978569668,4.09767177138882,19.5000013649073));
#2943=CARTESIAN_POINT('Ctrl Pts',(207.927149488459,4.19857197389581,20.000001364907));
#2944=CARTESIAN_POINT('Ctrl Pts',(207.994324939393,4.16449514658753,19.8339386310877));
#2945=CARTESIAN_POINT('Ctrl Pts',(208.061268115083,4.13086519286767,19.6672858154262));
#2946=CARTESIAN_POINT('Ctrl Pts',(208.127978569669,4.09767177138824,19.5000013649078));
#2947=CARTESIAN_POINT('Ctrl Pts',(208.127978569668,4.0976717713888,19.5000013649073));
#2948=CARTESIAN_POINT('Ctrl Pts',(206.168418106146,5.1443578460926,19.5000013649073));
#2949=CARTESIAN_POINT('Ctrl Pts',(204.323114070255,6.40882566819595,19.5000013649073));
#2950=CARTESIAN_POINT('Ctrl Pts',(201.946438415945,8.45629470278105,19.5000013649073));
#2951=CARTESIAN_POINT('Ctrl Pts',(201.140368099524,9.20589468971482,19.5000013649073));
#2952=CARTESIAN_POINT('Ctrl Pts',(200.295208192855,10.1094615188567,19.5000013649073));
#2953=CARTESIAN_POINT('Ctrl Pts',(191.877628862976,-52.4821611730097,151.736528944515));
#2954=CARTESIAN_POINT('Ctrl Pts',(194.288795104103,-47.42096715971,142.059892019009));
#2955=CARTESIAN_POINT('Ctrl Pts',(196.497756340104,-41.6229327803822,132.77895169258));
#2956=CARTESIAN_POINT('Ctrl Pts',(202.305573088315,-24.6191066711698,97.0307219065319));
#2957=CARTESIAN_POINT('Ctrl Pts',(200.954656743183,-4.73207570375898,79.0291515057933));
#2958=CARTESIAN_POINT('Ctrl Pts',(200.100844731557,6.05709742924423,43.3928181378003));
#2959=CARTESIAN_POINT('Ctrl Pts',(199.43467899001,8.0786288319191,31.0392945660241));
#2960=CARTESIAN_POINT('Ctrl Pts',(198.394241720367,8.43317805047124,18.5153033611528));
#2961=CARTESIAN_POINT('Ctrl Pts',(191.562752506476,-52.2789517488459,151.788984236593));
#2962=CARTESIAN_POINT('Ctrl Pts',(193.99617318,-47.2308461722418,142.131983640137));
#2963=CARTESIAN_POINT('Ctrl Pts',(196.228927198881,-41.4451145948644,132.866143384182));
#2964=CARTESIAN_POINT('Ctrl Pts',(202.094592802211,-24.4673591626812,97.1623001571323));
#2965=CARTESIAN_POINT('Ctrl Pts',(200.773454732353,-4.55886634233812,79.1300170229429));
#2966=CARTESIAN_POINT('Ctrl Pts',(199.932495221727,6.23722614672203,43.4483370693088));
#2967=CARTESIAN_POINT('Ctrl Pts',(199.265634587684,8.26178291744239,31.0736881150826));
#2968=CARTESIAN_POINT('Ctrl Pts',(198.21941469596,8.62001851441495,18.52294888118));
#2969=CARTESIAN_POINT('Ctrl Pts',(191.257525600063,-52.0606471324697,151.841949339074));
#2970=CARTESIAN_POINT('Ctrl Pts',(193.711774536824,-47.0284349798628,142.205192402045));
#2971=CARTESIAN_POINT('Ctrl Pts',(195.967135409187,-41.2577797128989,132.954835551426));
#2972=CARTESIAN_POINT('Ctrl Pts',(201.886372009196,-24.3129392346317,97.2968308947222));
#2973=CARTESIAN_POINT('Ctrl Pts',(200.595024678689,-4.38287184904643,79.2315587520248));
#2974=CARTESIAN_POINT('Ctrl Pts',(199.766234588167,6.41911878297321,43.5040530021012));
#2975=CARTESIAN_POINT('Ctrl Pts',(199.098655953213,8.44668771445134,31.1081640844915));
#2976=CARTESIAN_POINT('Ctrl Pts',(198.046837589012,8.80892919523905,18.5306114662431));
#2977=CARTESIAN_POINT('Ctrl Pts',(190.562154395116,-51.5112629146802,151.967881161138));
#2978=CARTESIAN_POINT('Ctrl Pts',(193.061359583165,-46.5225816835834,142.380406401257));
#2979=CARTESIAN_POINT('Ctrl Pts',(195.366525188038,-40.7935582380786,133.167699309896));
#2980=CARTESIAN_POINT('Ctrl Pts',(201.400056580065,-23.9409832470637,97.6211518765382));
#2981=CARTESIAN_POINT('Ctrl Pts',(200.179971094393,-3.96035557489048,79.473120455416));
#2982=CARTESIAN_POINT('Ctrl Pts',(199.378144842492,6.85328068508245,43.6362374898802));
#2983=CARTESIAN_POINT('Ctrl Pts',(198.70879824082,8.88793104494364,31.1898755128182));
#2984=CARTESIAN_POINT('Ctrl Pts',(197.644228244102,9.26035644369228,18.5487698332563));
#2985=CARTESIAN_POINT('Ctrl Pts',(190.188073394367,-51.1629442027169,152.039508306262));
#2986=CARTESIAN_POINT('Ctrl Pts',(192.707438509677,-46.2059767295974,142.482186034847));
#2987=CARTESIAN_POINT('Ctrl Pts',(195.034407037657,-40.5089118331289,133.293032349738));
#2988=CARTESIAN_POINT('Ctrl Pts',(201.124135250487,-23.7209680121221,97.8132321592617));
#2989=CARTESIAN_POINT('Ctrl Pts',(199.945819967587,-3.71151485392802,79.6136799873216));
#2990=CARTESIAN_POINT('Ctrl Pts',(199.158131106427,7.10703359863535,43.712869789784));
#2991=CARTESIAN_POINT('Ctrl Pts',(198.48771622968,9.14574532647278,31.2371823746948));
#2992=CARTESIAN_POINT('Ctrl Pts',(197.41617397078,9.52461192194419,18.5592805799946));
#2993=CARTESIAN_POINT('Ctrl Pts',(188.977442793353,-49.8366649814029,152.289753690196));
#2994=CARTESIAN_POINT('Ctrl Pts',(191.543102300174,-45.0104020364763,142.843997152127));
#2995=CARTESIAN_POINT('Ctrl Pts',(193.9173602549,-39.448902662653,133.743412864466));
#2996=CARTESIAN_POINT('Ctrl Pts',(200.16369050078,-22.9219361665723,98.5066466030263));
#2997=CARTESIAN_POINT('Ctrl Pts',(199.137982077681,-2.8149651105119,80.1141850419312));
#2998=CARTESIAN_POINT('Ctrl Pts',(198.394588837553,8.01508497620534,43.9849508665604));
#2999=CARTESIAN_POINT('Ctrl Pts',(197.720191832761,10.0680543177123,31.4049629004045));
#3000=CARTESIAN_POINT('Ctrl Pts',(196.625544897368,10.471506869819,18.5965524117012));
#3001=CARTESIAN_POINT('Ctrl Pts',(188.154958817005,-48.8405391196319,152.478167698386));
#3002=CARTESIAN_POINT('Ctrl Pts',(190.771205316511,-44.0908724909012,143.115814314949));
#3003=CARTESIAN_POINT('Ctrl Pts',(193.196165736129,-38.610103336717,134.082001764584));
#3004=CARTESIAN_POINT('Ctrl Pts',(199.577117350855,-22.2492495622693,99.0234959315974));
#3005=CARTESIAN_POINT('Ctrl Pts',(198.594785418184,-2.14122612460692,80.479745616555));
#3006=CARTESIAN_POINT('Ctrl Pts',(197.8727649704,8.68635904826508,44.1822367668149));
#3007=CARTESIAN_POINT('Ctrl Pts',(197.195154578446,10.7493880578284,31.5262912201531));
#3008=CARTESIAN_POINT('Ctrl Pts',(196.086774364867,11.173803210882,18.6234944127288));
#3009=CARTESIAN_POINT('Ctrl Pts',(187.372748005794,-47.7904423928985,152.67426326792));
#3010=CARTESIAN_POINT('Ctrl Pts',(190.061555779412,-43.1051974032531,143.398454136527));
#3011=CARTESIAN_POINT('Ctrl Pts',(192.558425981621,-37.693541609027,134.434195261127));
#3012=CARTESIAN_POINT('Ctrl Pts',(199.10278412412,-21.4846299541445,99.5593119813981));
#3013=CARTESIAN_POINT('Ctrl Pts',(198.082043070958,-1.42813188784854,80.8565221940576));
#3014=CARTESIAN_POINT('Ctrl Pts',(197.368611682086,9.38894987042608,44.3851090453959));
#3015=CARTESIAN_POINT('Ctrl Pts',(196.687305492539,11.4621059758966,31.6509477929472));
#3016=CARTESIAN_POINT('Ctrl Pts',(195.568592425028,11.9103624081177,18.6511720061162));
#3017=CARTESIAN_POINT('Ctrl Pts',(187.358659072642,-47.7715300115304,152.677794996641));
#3018=CARTESIAN_POINT('Ctrl Pts',(190.048772673216,-43.0874460485045,143.403544462687));
#3019=CARTESIAN_POINT('Ctrl Pts',(192.546937275078,-37.6770356081836,134.440538196082));
#3020=CARTESIAN_POINT('Ctrl Pts',(199.094239045822,-21.4708601081607,99.5689621129558));
#3021=CARTESIAN_POINT('Ctrl Pts',(198.072817690563,-1.41528210560674,80.8633093910483));
#3022=CARTESIAN_POINT('Ctrl Pts',(197.359543075087,9.40161201141967,44.3887637761964));
#3023=CARTESIAN_POINT('Ctrl Pts',(196.678170160053,11.4749504225352,31.6531935093647));
#3024=CARTESIAN_POINT('Ctrl Pts',(195.559270203597,11.9236357560554,18.6516706218857));
#3025=CARTESIAN_POINT('Ctrl Pts',(187.156138491454,-47.499680366267,152.728560728565));
#3026=CARTESIAN_POINT('Ctrl Pts',(189.865031699715,-42.8322792208224,143.476714703762));
#3027=CARTESIAN_POINT('Ctrl Pts',(192.381810339784,-37.439763712292,134.531714646845));
#3028=CARTESIAN_POINT('Ctrl Pts',(198.971469102931,-21.2728902502739,99.7076807212733));
#3029=CARTESIAN_POINT('Ctrl Pts',(197.94034072056,-1.23048846120626,80.9608866956024));
#3030=CARTESIAN_POINT('Ctrl Pts',(197.229345042419,9.58372721401874,44.4413088886692));
#3031=CARTESIAN_POINT('Ctrl Pts',(196.547015337183,11.6596888439932,31.6854814999969));
#3032=CARTESIAN_POINT('Ctrl Pts',(195.425422960322,12.1145363895174,18.6588395732166));
#3033=CARTESIAN_POINT('Ctrl Pts',(186.965149656845,-47.2487592245389,152.776403804767));
#3034=CARTESIAN_POINT('Ctrl Pts',(189.692415157194,-42.5961648263607,143.545174200313));
#3035=CARTESIAN_POINT('Ctrl Pts',(192.228079343507,-37.2190598097789,134.616541627517));
#3036=CARTESIAN_POINT('Ctrl Pts',(198.857474528246,-21.0885271717267,99.8367724175023));
#3037=CARTESIAN_POINT('Ctrl Pts',(197.818731168406,-1.05743410188305,81.0518847364188));
#3038=CARTESIAN_POINT('Ctrl Pts',(197.11019664692,9.75453883805502,44.4903432602619));
#3039=CARTESIAN_POINT('Ctrl Pts',(196.426984946033,11.8329554333443,31.7156195887191));
#3040=CARTESIAN_POINT('Ctrl Pts',(195.302786180366,12.2934791947101,18.6655314215128));
#3041=CARTESIAN_POINT('Ctrl Pts',(186.715401953838,-46.9275936807801,152.8386142299));
#3042=CARTESIAN_POINT('Ctrl Pts',(189.467639556008,-42.2932975604939,143.633741973437));
#3043=CARTESIAN_POINT('Ctrl Pts',(192.02987240232,-36.9346982923646,134.725848435309));
#3044=CARTESIAN_POINT('Ctrl Pts',(198.710936691021,-20.850704650916,100.003159003767));
#3045=CARTESIAN_POINT('Ctrl Pts',(197.664176067594,-0.833015914228471,81.1694012522447));
#3046=CARTESIAN_POINT('Ctrl Pts',(196.959254523945,9.97637554976905,44.5537051879329));
#3047=CARTESIAN_POINT('Ctrl Pts',(196.274914594985,12.0579720380277,31.754572752086));
#3048=CARTESIAN_POINT('Ctrl Pts',(195.147225287395,12.5257386341926,18.674180851387));
#3049=CARTESIAN_POINT('Ctrl Pts',(186.660006885652,-46.8551442050094,152.852515510866));
#3050=CARTESIAN_POINT('Ctrl Pts',(189.417598944794,-42.2251559456884,143.653563921205));
#3051=CARTESIAN_POINT('Ctrl Pts',(191.985568291804,-36.8709063727148,134.750327022115));
#3052=CARTESIAN_POINT('Ctrl Pts',(198.677724767302,-20.797725725452,100.040472378696));
#3053=CARTESIAN_POINT('Ctrl Pts',(197.629687020428,-0.782650652560234,81.1957450694488));
#3054=CARTESIAN_POINT('Ctrl Pts',(196.92560580317,10.0261836947939,44.5679114786797));
#3055=CARTESIAN_POINT('Ctrl Pts',(196.241015254188,12.1084943929687,31.763306842611));
#3056=CARTESIAN_POINT('Ctrl Pts',(195.112535422385,12.5778789274595,18.6761202458262));
#3057=CARTESIAN_POINT('Ctrl Pts',(186.210029169046,-46.2566283162308,152.966300417065));
#3058=CARTESIAN_POINT('Ctrl Pts',(189.009748250285,-41.6635552112067,143.816051867746));
#3059=CARTESIAN_POINT('Ctrl Pts',(191.623088388688,-36.3465508113771,134.95110547518));
#3060=CARTESIAN_POINT('Ctrl Pts',(198.402603589652,-20.3650476416901,100.346951065856));
#3061=CARTESIAN_POINT('Ctrl Pts',(197.347835644712,-0.368549432174238,81.412067000647));
#3062=CARTESIAN_POINT('Ctrl Pts',(196.650860199925,10.4358613388149,44.6845868263566));
#3063=CARTESIAN_POINT('Ctrl Pts',(195.96419957368,12.5240331830749,31.8350452499065));
#3064=CARTESIAN_POINT('Ctrl Pts',(194.82916197771,13.0066578938162,18.6920498447308));
#3065=CARTESIAN_POINT('Ctrl Pts',(185.844573311172,-45.705962795265,153.06428759936));
#3066=CARTESIAN_POINT('Ctrl Pts',(188.668836897888,-41.1556393615801,143.957616916522));
#3067=CARTESIAN_POINT('Ctrl Pts',(191.310695352897,-35.8815047416314,135.12687210298));
#3068=CARTESIAN_POINT('Ctrl Pts',(198.141764633423,-19.9996797699678,100.61788570566));
#3069=CARTESIAN_POINT('Ctrl Pts',(197.107564286243,-0.00026879279220216,
81.6028449428391));
#3070=CARTESIAN_POINT('Ctrl Pts',(196.418355600426,10.8013037857815,44.7876075504849));
#3071=CARTESIAN_POINT('Ctrl Pts',(195.729930832408,12.8946874650978,31.8984151567576));
#3072=CARTESIAN_POINT('Ctrl Pts',(194.588690534951,13.3886977804627,18.7061221305438));
#3073=CARTESIAN_POINT('Ctrl Pts',(184.897149053482,-44.0787073701568,153.337722371466));
#3074=CARTESIAN_POINT('Ctrl Pts',(187.751405239073,-39.6719049735788,144.358338190401));
#3075=CARTESIAN_POINT('Ctrl Pts',(190.437623282068,-34.5421068019967,135.628454665363));
#3076=CARTESIAN_POINT('Ctrl Pts',(197.335105762485,-18.9820856255612,101.396090376743));
#3077=CARTESIAN_POINT('Ctrl Pts',(196.44184469475,1.06565492164979,82.1503631613083));
#3078=CARTESIAN_POINT('Ctrl Pts',(195.779180902068,11.8618131443778,45.0835568137974));
#3079=CARTESIAN_POINT('Ctrl Pts',(195.085761835629,13.9702192233892,32.0805287701028));
#3080=CARTESIAN_POINT('Ctrl Pts',(193.925485377178,14.4961364428057,18.7465655045804));
#3081=CARTESIAN_POINT('Ctrl Pts',(184.400836833532,-42.9567306671082,153.507097193439));
#3082=CARTESIAN_POINT('Ctrl Pts',(187.22486454393,-38.6693559190574,144.613818821199));
#3083=CARTESIAN_POINT('Ctrl Pts',(189.894205935855,-33.6600839052413,135.953383994912));
#3084=CARTESIAN_POINT('Ctrl Pts',(196.734341894118,-18.3542278878651,101.906292061891));
#3085=CARTESIAN_POINT('Ctrl Pts',(196.034719616346,1.77400621004492,82.5087186711231));
#3086=CARTESIAN_POINT('Ctrl Pts',(195.394680332807,12.5699712397184,45.2776003690837));
#3087=CARTESIAN_POINT('Ctrl Pts',(194.698156543972,14.6883222610549,32.2000121615134));
#3088=CARTESIAN_POINT('Ctrl Pts',(193.523932278589,15.2341936947391,18.7731026930362));
#3089=CARTESIAN_POINT('Ctrl Pts',(183.857330486502,-41.2378672341265,153.748041866909));
#3090=CARTESIAN_POINT('Ctrl Pts',(186.549786343696,-37.1394583762528,144.990833523064));
#3091=CARTESIAN_POINT('Ctrl Pts',(189.112222258097,-32.3248415710171,136.445517461085));
#3092=CARTESIAN_POINT('Ctrl Pts',(195.697877746168,-17.4030541030127,102.678419540116));
#3093=CARTESIAN_POINT('Ctrl Pts',(195.459122323163,2.86640525062303,83.0531888429331));
#3094=CARTESIAN_POINT('Ctrl Pts',(194.861833779674,13.6663720713173,45.5727039566356));
#3095=CARTESIAN_POINT('Ctrl Pts',(194.16084617619,15.7999698588939,32.3817877600566));
#3096=CARTESIAN_POINT('Ctrl Pts',(192.963054831603,16.3749577214819,18.8134770172558));
#3097=CARTESIAN_POINT('Ctrl Pts',(183.721898860856,-40.6423803352986,153.828200619439));
#3098=CARTESIAN_POINT('Ctrl Pts',(186.359928299416,-36.6062429904071,145.118542736283));
#3099=CARTESIAN_POINT('Ctrl Pts',(188.876736105731,-31.8567073211113,136.614377491335));
#3100=CARTESIAN_POINT('Ctrl Pts',(195.352108698437,-17.0619468916934,102.942617637448));
#3101=CARTESIAN_POINT('Ctrl Pts',(195.273741943292,3.24268702938175,83.2386084488424));
#3102=CARTESIAN_POINT('Ctrl Pts',(194.688017144846,14.04190510553,45.6730159263794));
#3103=CARTESIAN_POINT('Ctrl Pts',(193.985411973469,16.1806239330873,32.443535359274));
#3104=CARTESIAN_POINT('Ctrl Pts',(192.780442464065,16.7661141777039,18.8271904254963));
#3105=CARTESIAN_POINT('Ctrl Pts',(183.534388007623,-39.3208151952035,154.000223071841));
#3106=CARTESIAN_POINT('Ctrl Pts',(186.030705903085,-35.4126284377258,145.397958194675));
#3107=CARTESIAN_POINT('Ctrl Pts',(188.425595693564,-30.7995908819525,136.989211645389));
#3108=CARTESIAN_POINT('Ctrl Pts',(194.606050659542,-16.2650578175548,103.526274249615));
#3109=CARTESIAN_POINT('Ctrl Pts',(194.887357556157,4.0837078319034,83.6484842562324));
#3110=CARTESIAN_POINT('Ctrl Pts',(194.320195116922,14.8774852164956,45.8946007187583));
#3111=CARTESIAN_POINT('Ctrl Pts',(193.613829797504,17.0274177984302,32.579895366367));
#3112=CARTESIAN_POINT('Ctrl Pts',(192.394987455415,17.637192143028,18.8574732267026));
#3113=CARTESIAN_POINT('Ctrl Pts',(183.505431988094,-38.5933077017765,154.091060665463));
#3114=CARTESIAN_POINT('Ctrl Pts',(185.910119542917,-34.7487548333561,145.549131323848));
#3115=CARTESIAN_POINT('Ctrl Pts',(188.22438119171,-30.2055897413383,137.195592928021));
#3116=CARTESIAN_POINT('Ctrl Pts',(194.209779413501,-15.7999595054072,103.845801336851));
#3117=CARTESIAN_POINT('Ctrl Pts',(194.691124471516,4.55064712941955,83.8730623969762));
#3118=CARTESIAN_POINT('Ctrl Pts',(194.129482990258,15.3389330032125,46.0159086458976));
#3119=CARTESIAN_POINT('Ctrl Pts',(193.420915390493,17.494931273024,32.6545235394946));
#3120=CARTESIAN_POINT('Ctrl Pts',(192.195788951307,18.1187164025997,18.874045807898));
#3121=CARTESIAN_POINT('Ctrl Pts',(183.567473405801,-37.5806442175617,154.213997312646));
#3122=CARTESIAN_POINT('Ctrl Pts',(185.824389488778,-33.8110244312417,145.758689831092));
#3123=CARTESIAN_POINT('Ctrl Pts',(188.005696899225,-29.3540689100737,137.486984314017));
#3124=CARTESIAN_POINT('Ctrl Pts',(193.673355876614,-15.097905518807,104.293124590534));
#3125=CARTESIAN_POINT('Ctrl Pts',(194.435865379163,5.21847756913824,84.1901646160695));
#3126=CARTESIAN_POINT('Ctrl Pts',(193.875067140996,15.9964655551748,46.1873354883508));
#3127=CARTESIAN_POINT('Ctrl Pts',(193.163197997396,18.1609604879191,32.7600160573462));
#3128=CARTESIAN_POINT('Ctrl Pts',(191.931171430825,18.8052584048749,18.8974735967222));
#3129=CARTESIAN_POINT('Ctrl Pts',(183.599915413696,-37.2888782014324,154.250523468778));
#3130=CARTESIAN_POINT('Ctrl Pts',(185.810793570615,-33.5385515536893,145.820196842001));
#3131=CARTESIAN_POINT('Ctrl Pts',(187.949772110993,-29.1039252428263,137.57203662361));
#3132=CARTESIAN_POINT('Ctrl Pts',(193.51968118491,-14.8875007344208,104.423244275195));
#3133=CARTESIAN_POINT('Ctrl Pts',(194.363981128073,5.41447137593738,84.2827381817961));
#3134=CARTESIAN_POINT('Ctrl Pts',(193.802585393848,16.1891458093428,46.237399068307));
#3135=CARTESIAN_POINT('Ctrl Pts',(193.089726012623,18.356112061029,32.7908286214849));
#3136=CARTESIAN_POINT('Ctrl Pts',(191.85592372703,19.0064861121004,18.904316406554));
#3137=CARTESIAN_POINT('Ctrl Pts',(183.710815785013,-36.6013297026186,154.339797927836));
#3138=CARTESIAN_POINT('Ctrl Pts',(185.804816135144,-32.89021466774,145.968494064278));
#3139=CARTESIAN_POINT('Ctrl Pts',(187.834452346396,-28.501337145316,137.775819885821));
#3140=CARTESIAN_POINT('Ctrl Pts',(193.158662950888,-14.3693841828921,104.733773998816));
#3141=CARTESIAN_POINT('Ctrl Pts',(194.197917956488,5.88691163351355,84.5047259666767));
#3142=CARTESIAN_POINT('Ctrl Pts',(193.633045203509,16.6530301787842,46.3575230632463));
#3143=CARTESIAN_POINT('Ctrl Pts',(192.917746348666,18.8259083821935,32.8647775228233));
#3144=CARTESIAN_POINT('Ctrl Pts',(191.680258970483,19.4910302067446,18.9207401669568));
#3145=CARTESIAN_POINT('Ctrl Pts',(183.802484756265,-36.2105324230093,154.393206943498));
#3146=CARTESIAN_POINT('Ctrl Pts',(185.823155364711,-32.5164851005919,146.055567320011));
#3147=CARTESIAN_POINT('Ctrl Pts',(187.782723343105,-28.1478738858431,137.89441573735));
#3148=CARTESIAN_POINT('Ctrl Pts',(192.954639051989,-14.0563023832305,104.913497776449));
#3149=CARTESIAN_POINT('Ctrl Pts',(194.106269871013,6.16425149498777,84.634106509549));
#3150=CARTESIAN_POINT('Ctrl Pts',(193.537693147278,16.9248807494953,46.4275980781309));
#3151=CARTESIAN_POINT('Ctrl Pts',(192.820935117834,19.1011906268338,32.9079307129411));
#3152=CARTESIAN_POINT('Ctrl Pts',(191.581783590182,19.7750534883849,18.9303238843669));
#3153=CARTESIAN_POINT('Ctrl Pts',(184.057323838799,-35.3866445111589,154.513025601506));
#3154=CARTESIAN_POINT('Ctrl Pts',(185.908340454331,-31.7152516906008,146.24682051322));
#3155=CARTESIAN_POINT('Ctrl Pts',(187.703153354059,-27.374602419654,138.152227485987));
#3156=CARTESIAN_POINT('Ctrl Pts',(192.52560679248,-13.3484981294972,105.301724913675));
#3157=CARTESIAN_POINT('Ctrl Pts',(193.917762899901,6.7732922279924,84.9161799621589));
#3158=CARTESIAN_POINT('Ctrl Pts',(193.337368188636,17.5211733007802,46.5805888768573));
#3159=CARTESIAN_POINT('Ctrl Pts',(192.617278810795,19.7049495067626,33.0021939494923));
#3160=CARTESIAN_POINT('Ctrl Pts',(191.375526502647,20.3981019113661,18.9512628079722));
#3161=CARTESIAN_POINT('Ctrl Pts',(184.230545206118,-34.9589654586403,154.580025955109));
#3162=CARTESIAN_POINT('Ctrl Pts',(185.983641523298,-31.2904337195189,146.351191542303));
#3163=CARTESIAN_POINT('Ctrl Pts',(187.681749178379,-26.9544496491403,138.29119872922));
#3164=CARTESIAN_POINT('Ctrl Pts',(192.304122973115,-12.9492170875852,105.509405979909));
#3165=CARTESIAN_POINT('Ctrl Pts',(193.822922977156,7.10563813075612,85.0688391973443));
#3166=CARTESIAN_POINT('Ctrl Pts',(193.233723207967,17.846114064363,46.6635343530447));
#3167=CARTESIAN_POINT('Ctrl Pts',(192.511799163627,20.0339197210572,33.0533330029856));
#3168=CARTESIAN_POINT('Ctrl Pts',(191.269349430926,20.737663393927,18.9626206594581));
#3169=CARTESIAN_POINT('Ctrl Pts',(184.916521021251,-33.6027287459317,154.812343134095));
#3170=CARTESIAN_POINT('Ctrl Pts',(186.325738562057,-29.9080489886437,146.703528344105));
#3171=CARTESIAN_POINT('Ctrl Pts',(187.67997771158,-25.5476053436794,138.753759435545));
#3172=CARTESIAN_POINT('Ctrl Pts',(191.60270490816,-11.5562826574792,106.194720453544));
#3173=CARTESIAN_POINT('Ctrl Pts',(193.529898759203,8.22782370928715,85.5799191760121));
#3174=CARTESIAN_POINT('Ctrl Pts',(192.903000252134,18.9426205976998,46.94188768035));
#3175=CARTESIAN_POINT('Ctrl Pts',(192.174510196982,21.1439076130359,33.2251021268541));
#3176=CARTESIAN_POINT('Ctrl Pts',(190.931909129453,21.883391788478,19.0007880105451));
#3177=CARTESIAN_POINT('Ctrl Pts',(185.455525072137,-32.641583538198,154.969965656441));
#3178=CARTESIAN_POINT('Ctrl Pts',(186.645554677909,-28.9251015508196,146.943299119299));
#3179=CARTESIAN_POINT('Ctrl Pts',(187.779785626446,-24.5441239408342,139.068907693589));
#3180=CARTESIAN_POINT('Ctrl Pts',(191.239044342654,-10.5574099148574,106.664073495301));
#3181=CARTESIAN_POINT('Ctrl Pts',(193.365447159797,9.02631055621216,85.9366932490805));
#3182=CARTESIAN_POINT('Ctrl Pts',(192.698485861737,19.7216965655528,47.1373712504273));
#3183=CARTESIAN_POINT('Ctrl Pts',(191.965188896931,21.9323825657683,33.3459994740598));
#3184=CARTESIAN_POINT('Ctrl Pts',(190.726498054304,22.6973028525703,19.0276460117106));
#3185=CARTESIAN_POINT('Ctrl Pts',(187.394480196013,-29.5249730429689,155.451594896513));
#3186=CARTESIAN_POINT('Ctrl Pts',(187.940977392379,-25.7408142355832,147.680529299479));
#3187=CARTESIAN_POINT('Ctrl Pts',(188.426554331544,-21.2958060732018,140.040279134021));
#3188=CARTESIAN_POINT('Ctrl Pts',(190.465671148449,-7.32284432874068,108.124733405267));
#3189=CARTESIAN_POINT('Ctrl Pts',(192.969112413643,11.6413149364231,87.0826718184384));
#3190=CARTESIAN_POINT('Ctrl Pts',(192.128193235713,22.279875832133,47.7715213929698));
#3191=CARTESIAN_POINT('Ctrl Pts',(191.37729883614,24.5210815474209,33.7396167393793));
#3192=CARTESIAN_POINT('Ctrl Pts',(190.163296010205,25.3664537633569,19.1151960911745));
#3193=CARTESIAN_POINT('Ctrl Pts',(190.672291551209,-25.2361950112979,156.020200115569));
#3194=CARTESIAN_POINT('Ctrl Pts',(190.554184659789,-21.3677915235416,148.565859711218));
#3195=CARTESIAN_POINT('Ctrl Pts',(190.359808271967,-16.8422831337413,141.214437536252));
#3196=CARTESIAN_POINT('Ctrl Pts',(190.715206542466,-2.88374046271555,109.937500497291));
#3197=CARTESIAN_POINT('Ctrl Pts',(192.849178373556,15.3215087059821,88.6281417105992));
#3198=CARTESIAN_POINT('Ctrl Pts',(191.627439081143,25.9014742498921,48.6473413952995));
#3199=CARTESIAN_POINT('Ctrl Pts',(190.849091127135,28.1849463264867,34.287903594531));
#3200=CARTESIAN_POINT('Ctrl Pts',(189.709963792868,29.1348420635501,19.2372237309926));
#3201=CARTESIAN_POINT('Ctrl Pts',(194.95439395745,-21.5012210969441,156.244049148406));
#3202=CARTESIAN_POINT('Ctrl Pts',(194.553717554001,-17.7582102785319,148.975759240628));
#3203=CARTESIAN_POINT('Ctrl Pts',(194.048641201362,-13.3501433700795,141.788770767648));
#3204=CARTESIAN_POINT('Ctrl Pts',(193.219146786109,0.396217155611045,111.011181363485));
#3205=CARTESIAN_POINT('Ctrl Pts',(193.561217164117,18.9056960214017,90.0099024851207));
#3206=CARTESIAN_POINT('Ctrl Pts',(191.742329041033,29.6110870510487,49.5025653847709));
#3207=CARTESIAN_POINT('Ctrl Pts',(190.930652622035,31.9393595634313,34.8390849372871));
#3208=CARTESIAN_POINT('Ctrl Pts',(189.929411686253,32.9359871932472,19.3604889834087));
#3209=CARTESIAN_POINT('Ctrl Pts',(202.801603118078,-15.929631970341,156.262960060629));
#3210=CARTESIAN_POINT('Ctrl Pts',(202.122303988213,-12.7060100148846,149.17491842482));
#3211=CARTESIAN_POINT('Ctrl Pts',(201.286500538082,-8.78824272712294,142.137663143489));
#3212=CARTESIAN_POINT('Ctrl Pts',(198.739062894172,4.28600252998792,112.063911876261));
#3213=CARTESIAN_POINT('Ctrl Pts',(195.402711429329,24.7832384940947,92.1814678135352));
#3214=CARTESIAN_POINT('Ctrl Pts',(192.487141594627,35.9524501850969,50.9305028548587));
#3215=CARTESIAN_POINT('Ctrl Pts',(191.618568721353,38.3610245064259,35.7763236130999));
#3216=CARTESIAN_POINT('Ctrl Pts',(190.877833240343,39.3598726388821,19.5704672063942));
#3217=CARTESIAN_POINT('Ctrl Pts',(211.070818987219,-10.0101576933033,156.291725685531));
#3218=CARTESIAN_POINT('Ctrl Pts',(210.080816027601,-7.33480347993392,149.397454362575));
#3219=CARTESIAN_POINT('Ctrl Pts',(208.897290884386,-3.93713602344812,142.51876278069));
#3220=CARTESIAN_POINT('Ctrl Pts',(204.797856397149,8.38592329463491,113.15066355212));
#3221=CARTESIAN_POINT('Ctrl Pts',(198.680237780467,30.8406968106576,94.1958655850018));
#3222=CARTESIAN_POINT('Ctrl Pts',(194.884946784406,42.4433803702805,52.2448627775414));
#3223=CARTESIAN_POINT('Ctrl Pts',(193.966910267213,44.9264509119254,36.6370784747653));
#3224=CARTESIAN_POINT('Ctrl Pts',(193.42847418953,45.9260364885328,19.7633469699284));
#3225=CARTESIAN_POINT('Ctrl Pts',(222.00421411833,-2.0578924540297,156.357686152698));
#3226=CARTESIAN_POINT('Ctrl Pts',(220.576604900402,-0.09862214698692,149.728674213783));
#3227=CARTESIAN_POINT('Ctrl Pts',(218.936591745787,2.60096475620417,143.059221842273));
#3228=CARTESIAN_POINT('Ctrl Pts',(213.216740505702,13.6318413579273,114.497411153585));
#3229=CARTESIAN_POINT('Ctrl Pts',(205.225701649379,37.5391005707136,95.9458241118583));
#3230=CARTESIAN_POINT('Ctrl Pts',(200.737838333541,49.3634709009062,53.349110866311));
#3231=CARTESIAN_POINT('Ctrl Pts',(199.77971462799,51.9058347185238,37.3530339680005));
#3232=CARTESIAN_POINT('Ctrl Pts',(199.397747991398,52.948032045533,19.923568873866));
#3233=CARTESIAN_POINT('Ctrl Pts',(232.887771485318,5.94580966014449,156.444185144826));
#3234=CARTESIAN_POINT('Ctrl Pts',(231.009513460227,7.20240475383537,150.085809706453));
#3235=CARTESIAN_POINT('Ctrl Pts',(228.916367390335,9.20028034748757,143.624207646973));
#3236=CARTESIAN_POINT('Ctrl Pts',(221.817809130727,18.6897511810167,115.769280550462));
#3237=CARTESIAN_POINT('Ctrl Pts',(212.94292869959,43.0485374677786,97.0027834226499));
#3238=CARTESIAN_POINT('Ctrl Pts',(208.026260557442,54.7951361663489,53.9732386350433));
#3239=CARTESIAN_POINT('Ctrl Pts',(207.043967672193,57.3656879123507,37.7492970359726));
#3240=CARTESIAN_POINT('Ctrl Pts',(206.760267061532,58.4911907407686,20.01189031265));
#3241=CARTESIAN_POINT('Ctrl Pts',(246.422068604051,16.0666346669314,156.594009715721));
#3242=CARTESIAN_POINT('Ctrl Pts',(243.962545721528,16.4747789482276,150.584634435396));
#3243=CARTESIAN_POINT('Ctrl Pts',(241.308121686018,17.5873929261421,144.379855828081));
#3244=CARTESIAN_POINT('Ctrl Pts',(232.826730802978,24.5863226692924,117.206061803432));
#3245=CARTESIAN_POINT('Ctrl Pts',(224.230317829193,47.2386448824449,96.9125312612823));
#3246=CARTESIAN_POINT('Ctrl Pts',(219.159504518892,58.2219203670761,53.775787706865));
#3247=CARTESIAN_POINT('Ctrl Pts',(218.175268734407,60.7640746023707,37.5935082626396));
#3248=CARTESIAN_POINT('Ctrl Pts',(217.9402053336,62.0933264225475,19.976253474438));
#3249=CARTESIAN_POINT('Ctrl Pts',(257.237296705491,24.3079351998934,156.75743430612));
#3250=CARTESIAN_POINT('Ctrl Pts',(254.309472193697,24.074676026671,151.038537446728));
#3251=CARTESIAN_POINT('Ctrl Pts',(251.206701363438,24.4685335904264,145.036103317528));
#3252=CARTESIAN_POINT('Ctrl Pts',(241.67897430042,28.7713088281117,118.195210996338));
#3253=CARTESIAN_POINT('Ctrl Pts',(233.530989351521,47.214825753475,95.3633489224396));
#3254=CARTESIAN_POINT('Ctrl Pts',(228.434118280987,56.7738458024423,52.5946680033685));
#3255=CARTESIAN_POINT('Ctrl Pts',(227.468479385112,59.2219846399272,36.7875662521474));
#3256=CARTESIAN_POINT('Ctrl Pts',(227.279937154104,60.8507270279033,19.7945906453191));
#3257=CARTESIAN_POINT('Ctrl Pts',(264.242607557969,29.6784194097673,156.874404121878));
#3258=CARTESIAN_POINT('Ctrl Pts',(261.016603105374,29.0422950134353,151.346107167241));
#3259=CARTESIAN_POINT('Ctrl Pts',(257.623083884726,28.9688354841286,145.473666903748));
#3260=CARTESIAN_POINT('Ctrl Pts',(247.33695298838,31.3130188291654,118.793667287405));
#3261=CARTESIAN_POINT('Ctrl Pts',(239.131106244873,46.1562373614897,93.9837211735951));
#3262=CARTESIAN_POINT('Ctrl Pts',(233.942906126977,54.5497484679852,51.5692497652475));
#3263=CARTESIAN_POINT('Ctrl Pts',(232.992121808935,56.9186224124054,36.0920938660686));
#3264=CARTESIAN_POINT('Ctrl Pts',(232.864182754086,58.786766670061,19.63813173264));
#3265=CARTESIAN_POINT('Ctrl Pts',(265.90804163008,30.7788714699131,156.848625658467));
#3266=CARTESIAN_POINT('Ctrl Pts',(262.644839979331,30.0081415503729,151.343681827692));
#3267=CARTESIAN_POINT('Ctrl Pts',(259.213784722442,29.7868670570916,145.48171912015));
#3268=CARTESIAN_POINT('Ctrl Pts',(248.779633577972,31.6312028453163,118.815378019901));
#3269=CARTESIAN_POINT('Ctrl Pts',(240.389216766459,45.8232514715138,93.635777686196));
#3270=CARTESIAN_POINT('Ctrl Pts',(235.1488061369,53.9763142483717,51.3265556320561));
#3271=CARTESIAN_POINT('Ctrl Pts',(234.200603097998,56.3269968169634,35.9301848768998));
#3272=CARTESIAN_POINT('Ctrl Pts',(234.095791594772,58.2410843531018,19.6017429382444));
#3273=CARTESIAN_POINT('Ctrl Pts',(268.570306560616,32.2898448117199,156.725984827814));
#3274=CARTESIAN_POINT('Ctrl Pts',(265.270411955252,31.2284045634838,151.226259065999));
#3275=CARTESIAN_POINT('Ctrl Pts',(261.800282600321,30.698816095821,145.350761067242));
#3276=CARTESIAN_POINT('Ctrl Pts',(251.143556734728,31.6618710077261,118.670378722546));
#3277=CARTESIAN_POINT('Ctrl Pts',(242.313256793493,45.1539077471144,93.0387745630336));
#3278=CARTESIAN_POINT('Ctrl Pts',(236.962220591446,52.9792095132918,50.9326865412275));
#3279=CARTESIAN_POINT('Ctrl Pts',(236.017822084234,55.3019163013176,35.6714077619513));
#3280=CARTESIAN_POINT('Ctrl Pts',(235.958365049724,57.2720657099844,19.5437498660718));
#3281=CARTESIAN_POINT('Ctrl Pts',(269.542007048578,32.7923451974695,156.665138291998));
#3282=CARTESIAN_POINT('Ctrl Pts',(266.233101855248,31.6100312185072,151.161047717938));
#3283=CARTESIAN_POINT('Ctrl Pts',(262.752718113951,30.9537884366775,145.274691433297));
#3284=CARTESIAN_POINT('Ctrl Pts',(252.017377168298,31.5790772969678,118.582195173432));
#3285=CARTESIAN_POINT('Ctrl Pts',(242.998476131838,44.8824615364635,92.8129279616045));
#3286=CARTESIAN_POINT('Ctrl Pts',(237.601680928412,52.599236725401,50.7878111859133));
#3287=CARTESIAN_POINT('Ctrl Pts',(236.658511625808,54.911902599104,35.5770138955807));
#3288=CARTESIAN_POINT('Ctrl Pts',(236.617198034619,56.8990892530513,19.5226110451343));
#3289=CARTESIAN_POINT('Ctrl Pts',(270.893296295564,33.4277102989483,156.558675992917));
#3290=CARTESIAN_POINT('Ctrl Pts',(267.573461758403,32.0543950908095,151.040090902042));
#3291=CARTESIAN_POINT('Ctrl Pts',(264.080115907091,31.2000620090231,145.130616686066));
#3292=CARTESIAN_POINT('Ctrl Pts',(253.233537180626,31.328472994367,118.411826654104));
#3293=CARTESIAN_POINT('Ctrl Pts',(243.931349853758,44.464970259788,92.4860144600283));
#3294=CARTESIAN_POINT('Ctrl Pts',(238.466530706337,52.0458516839642,50.5833881404462));
#3295=CARTESIAN_POINT('Ctrl Pts',(237.525101387896,54.3447548776552,35.4448320087585));
#3296=CARTESIAN_POINT('Ctrl Pts',(237.510500663615,56.350869646151,19.4930506715899));
#3297=CARTESIAN_POINT('Ctrl Pts',(271.270309570617,33.5982034312461,156.526638989953));
#3298=CARTESIAN_POINT('Ctrl Pts',(267.947571207784,32.1692070741146,151.003132599005));
#3299=CARTESIAN_POINT('Ctrl Pts',(264.450720822406,31.2573040510643,145.086372306343));
#3300=CARTESIAN_POINT('Ctrl Pts',(253.572868917027,31.2442480681421,118.359265518504));
#3301=CARTESIAN_POINT('Ctrl Pts',(244.189518680093,44.3442087556912,92.3934561212467));
#3302=CARTESIAN_POINT('Ctrl Pts',(238.705247243711,51.8887672738918,50.5260471502343));
#3303=CARTESIAN_POINT('Ctrl Pts',(237.764286557173,54.183849669596,35.4078650650651));
#3304=CARTESIAN_POINT('Ctrl Pts',(237.757283286372,56.1947432241291,19.4847852499787));
#3305=CARTESIAN_POINT('Ctrl Pts',(271.723420625684,33.7951907819501,156.485353198741));
#3306=CARTESIAN_POINT('Ctrl Pts',(268.397175271369,32.2962006675696,150.954862205961));
#3307=CARTESIAN_POINT('Ctrl Pts',(264.896066244852,31.3121604565815,145.028322440749));
#3308=CARTESIAN_POINT('Ctrl Pts',(253.980103849986,31.1253287754522,118.290018647937));
#3309=CARTESIAN_POINT('Ctrl Pts',(244.497386842108,44.1937786038902,92.2804665498569));
#3310=CARTESIAN_POINT('Ctrl Pts',(238.989321721484,51.6965864685611,50.4566769437814));
#3311=CARTESIAN_POINT('Ctrl Pts',(238.048939059752,53.987098522599,35.3632658287777));
#3312=CARTESIAN_POINT('Ctrl Pts',(238.051221453513,56.0031228974846,19.4748189736353));
#3313=CARTESIAN_POINT('Ctrl Pts',(271.800132337269,33.8273377640924,156.478407073987));
#3314=CARTESIAN_POINT('Ctrl Pts',(268.47306697187,32.3167705653619,150.946674570879));
#3315=CARTESIAN_POINT('Ctrl Pts',(264.970982694774,31.3208274971164,145.018422053026));
#3316=CARTESIAN_POINT('Ctrl Pts',(254.048235128237,31.1051202813681,118.278140600095));
#3317=CARTESIAN_POINT('Ctrl Pts',(244.549045593006,44.1683247306336,92.2614225664234));
#3318=CARTESIAN_POINT('Ctrl Pts',(239.036968013877,51.6641770224755,50.4450051857792));
#3319=CARTESIAN_POINT('Ctrl Pts',(238.096681350481,53.9539194959161,35.355766217973));
#3320=CARTESIAN_POINT('Ctrl Pts',(238.100528030628,55.9707858117324,19.4731430225294));
#3321=CARTESIAN_POINT('Ctrl Pts',(272.202087273388,33.989553870085,156.442236700014));
#3322=CARTESIAN_POINT('Ctrl Pts',(268.869643638161,32.4195632136418,150.903667383103));
#3323=CARTESIAN_POINT('Ctrl Pts',(265.361208388414,31.3627531357389,144.966096921574));
#3324=CARTESIAN_POINT('Ctrl Pts',(254.401336201391,30.9982657925593,118.215062766475));
#3325=CARTESIAN_POINT('Ctrl Pts',(244.817402401494,44.0349035781842,92.1620171958568));
#3326=CARTESIAN_POINT('Ctrl Pts',(239.284375729605,51.4949275758499,50.3841908261033));
#3327=CARTESIAN_POINT('Ctrl Pts',(238.344590633247,53.7806897914328,35.316712930205));
#3328=CARTESIAN_POINT('Ctrl Pts',(238.356604072626,55.8018304799017,19.4644171036123));
#3329=CARTESIAN_POINT('Ctrl Pts',(272.53633453931,34.1033457498324,156.412918106219));
#3330=CARTESIAN_POINT('Ctrl Pts',(269.195630306517,32.4886146133359,150.867585735735));
#3331=CARTESIAN_POINT('Ctrl Pts',(265.67765030358,31.3865628201213,144.921214047228));
#3332=CARTESIAN_POINT('Ctrl Pts',(254.681324615704,30.907694583848,118.159764079781));
#3333=CARTESIAN_POINT('Ctrl Pts',(245.032693503328,43.924029622694,92.0807045135015));
#3334=CARTESIAN_POINT('Ctrl Pts',(239.482523283989,51.3562225379757,50.3348083406424));
#3335=CARTESIAN_POINT('Ctrl Pts',(238.543147407745,53.6387571699437,35.2850730393834));
#3336=CARTESIAN_POINT('Ctrl Pts',(238.561836905705,55.6629823524177,19.4573496766198));
#3337=CARTESIAN_POINT('Ctrl Pts',(274.100555604327,34.5406990717698,156.279136371));
#3338=CARTESIAN_POINT('Ctrl Pts',(270.706838855188,32.7369179039648,150.696983926865));
#3339=CARTESIAN_POINT('Ctrl Pts',(267.127919532492,31.447303874072,144.704086789615));
#3340=CARTESIAN_POINT('Ctrl Pts',(255.939979349866,30.4725495376141,117.887325067625));
#3341=CARTESIAN_POINT('Ctrl Pts',(246.010474910957,43.4021654533915,91.7040858862786));
#3342=CARTESIAN_POINT('Ctrl Pts',(240.381212519793,50.7124116954963,50.1076848394738));
#3343=CARTESIAN_POINT('Ctrl Pts',(239.443710406661,52.9803641856441,35.1398904959067));
#3344=CARTESIAN_POINT('Ctrl Pts',(239.493196304877,55.0170499962108,19.4249314105637));
#3345=CARTESIAN_POINT('Ctrl Pts',(275.387379298463,34.6822412229653,156.153783903918));
#3346=CARTESIAN_POINT('Ctrl Pts',(271.921406666733,32.7641040560117,150.53454172752));
#3347=CARTESIAN_POINT('Ctrl Pts',(268.267360609495,31.3616786650819,144.501909143452));
#3348=CARTESIAN_POINT('Ctrl Pts',(256.858380970134,30.081901640077,117.619377925382));
#3349=CARTESIAN_POINT('Ctrl Pts',(246.754055541381,42.954551108792,91.3971306919554));
#3350=CARTESIAN_POINT('Ctrl Pts',(241.061280445134,50.1841725044039,49.9270044045517));
#3351=CARTESIAN_POINT('Ctrl Pts',(240.125295297116,52.4408369799226,35.025305527324));
#3352=CARTESIAN_POINT('Ctrl Pts',(240.199525830688,54.4825569403094,19.3993735090848));
#3353=CARTESIAN_POINT('Ctrl Pts',(277.871805815963,34.5431553808497,155.876622721622));
#3354=CARTESIAN_POINT('Ctrl Pts',(274.241270886296,32.4807465046573,150.170751437323));
#3355=CARTESIAN_POINT('Ctrl Pts',(270.419042119476,30.9349812863599,144.056500607404));
#3356=CARTESIAN_POINT('Ctrl Pts',(258.533990414088,29.256521259044,117.002066173946));
#3357=CARTESIAN_POINT('Ctrl Pts',(248.146517051511,42.0125398211535,90.780271791849));
#3358=CARTESIAN_POINT('Ctrl Pts',(242.335151039726,49.1139028276806,49.5710530033971));
#3359=CARTESIAN_POINT('Ctrl Pts',(241.402408346868,51.3491195433928,34.8010821574029));
#3360=CARTESIAN_POINT('Ctrl Pts',(241.523661931618,53.3917920098358,19.349409381269));
#3361=CARTESIAN_POINT('Ctrl Pts',(279.069536247978,34.2877613750561,155.726940433376));
#3362=CARTESIAN_POINT('Ctrl Pts',(275.348394958712,32.1907182229259,149.972404424788));
#3363=CARTESIAN_POINT('Ctrl Pts',(271.434594444396,30.6098079329438,143.81651565786));
#3364=CARTESIAN_POINT('Ctrl Pts',(259.298080613822,28.8259542806006,116.658639609208));
#3365=CARTESIAN_POINT('Ctrl Pts',(248.798403229494,41.5226247204346,90.4716708565414));
#3366=CARTESIAN_POINT('Ctrl Pts',(242.931688112696,48.5746323580103,49.3961130959432));
#3367=CARTESIAN_POINT('Ctrl Pts',(242.000649956549,50.799652531867,34.6915608680616));
#3368=CARTESIAN_POINT('Ctrl Pts',(242.144236946663,52.8387775642945,19.3250261668308));
#3369=CARTESIAN_POINT('Ctrl Pts',(280.885576112628,33.5926224236875,155.470742120733));
#3370=CARTESIAN_POINT('Ctrl Pts',(277.027180041896,31.495464434186,149.627906954789));
#3371=CARTESIAN_POINT('Ctrl Pts',(272.972363761164,29.9117403907389,143.40091326248));
#3372=CARTESIAN_POINT('Ctrl Pts',(260.464881186702,28.0957496251169,116.047998815078));
#3373=CARTESIAN_POINT('Ctrl Pts',(249.800573963706,40.6873125262704,89.9637799658979));
#3374=CARTESIAN_POINT('Ctrl Pts',(243.853612649546,47.679064331973,49.1121087612504));
#3375=CARTESIAN_POINT('Ctrl Pts',(242.925657659187,49.8879552324353,34.5146136667987));
#3376=CARTESIAN_POINT('Ctrl Pts',(243.10284808597,51.9154698431998,19.2856587817353));
#3377=CARTESIAN_POINT('Ctrl Pts',(281.54519569071,33.2668690770934,155.370746161064));
#3378=CARTESIAN_POINT('Ctrl Pts',(277.636993866077,31.1818323067963,149.492337971272));
#3379=CARTESIAN_POINT('Ctrl Pts',(273.53045238408,29.6089232828981,143.237517437896));
#3380=CARTESIAN_POINT('Ctrl Pts',(260.890727234152,27.8110002197587,115.804760332143));
#3381=CARTESIAN_POINT('Ctrl Pts',(250.167874003771,40.3616398691014,89.7697077422055));
#3382=CARTESIAN_POINT('Ctrl Pts',(244.192641140627,47.3350421781143,49.0044479608673));
#3383=CARTESIAN_POINT('Ctrl Pts',(243.265928021143,49.5379609080111,34.4477303072042));
#3384=CARTESIAN_POINT('Ctrl Pts',(243.455265281323,51.5597752577436,19.2707848811528));
#3385=CARTESIAN_POINT('Ctrl Pts',(282.557720148895,32.6428862036756,155.204988632479));
#3386=CARTESIAN_POINT('Ctrl Pts',(278.576990674796,30.595564315747,149.265096475291));
#3387=CARTESIAN_POINT('Ctrl Pts',(274.393355806174,29.0578899173163,142.962883167874));
#3388=CARTESIAN_POINT('Ctrl Pts',(261.564291655724,27.3333073606438,115.391238985844));
#3389=CARTESIAN_POINT('Ctrl Pts',(250.746843306041,39.8157916521301,89.450510803937));
#3390=CARTESIAN_POINT('Ctrl Pts',(244.72987775545,46.7657887080627,48.8285085272038));
#3391=CARTESIAN_POINT('Ctrl Pts',(243.805330963526,48.9590665574632,34.3386807472534));
#3392=CARTESIAN_POINT('Ctrl Pts',(244.013270683667,50.969621283796,19.24654176479));
#3393=CARTESIAN_POINT('Ctrl Pts',(282.932496044376,32.3807114627609,155.140549149177));
#3394=CARTESIAN_POINT('Ctrl Pts',(278.925904597582,30.352039901225,149.176156408012));
#3395=CARTESIAN_POINT('Ctrl Pts',(274.714317476788,28.8320330052796,142.855193243203));
#3396=CARTESIAN_POINT('Ctrl Pts',(261.818587657183,27.1458482424525,115.228072807034));
#3397=CARTESIAN_POINT('Ctrl Pts',(250.964958568369,39.6021031756154,89.3269819132231));
#3398=CARTESIAN_POINT('Ctrl Pts',(244.932967311197,46.5446664642181,48.7606876352751));
#3399=CARTESIAN_POINT('Ctrl Pts',(244.009289984932,48.7342791245311,34.2967056912648));
#3400=CARTESIAN_POINT('Ctrl Pts',(244.224105112793,50.7400357560807,19.2372121930129));
#3401=CARTESIAN_POINT('Ctrl Pts',(283.692023391058,31.7806335610566,155.002997919664));
#3402=CARTESIAN_POINT('Ctrl Pts',(279.636331288754,29.7995297439905,148.984776193802));
#3403=CARTESIAN_POINT('Ctrl Pts',(275.370345588646,28.3250076675346,142.622692526006));
#3404=CARTESIAN_POINT('Ctrl Pts',(262.349783279617,26.7396371011767,114.873823172082));
#3405=CARTESIAN_POINT('Ctrl Pts',(251.418309236395,39.1406133926115,89.0631335672781));
#3406=CARTESIAN_POINT('Ctrl Pts',(245.356865381123,46.0704512334433,48.616307714754));
#3407=CARTESIAN_POINT('Ctrl Pts',(244.435117827602,48.2523245184627,34.207455267194));
#3408=CARTESIAN_POINT('Ctrl Pts',(244.663860645431,50.2469568656818,19.217378430552));
#3409=CARTESIAN_POINT('Ctrl Pts',(284.06610414518,31.4323159406051,154.931370897923));
#3410=CARTESIAN_POINT('Ctrl Pts',(279.990250339262,29.4829154505307,148.882996568062));
#3411=CARTESIAN_POINT('Ctrl Pts',(275.702460996255,28.0403459368871,142.497357951749));
#3412=CARTESIAN_POINT('Ctrl Pts',(262.625698026672,26.5195884386045,114.681745464553));
#3413=CARTESIAN_POINT('Ctrl Pts',(251.652458213418,38.8917667823056,88.9225734328052));
#3414=CARTESIAN_POINT('Ctrl Pts',(245.576877623922,45.8166952422849,48.5396750816896));
#3415=CARTESIAN_POINT('Ctrl Pts',(244.656199092645,47.9945095486574,34.1601483259812));
#3416=CARTESIAN_POINT('Ctrl Pts',(244.891914417558,49.9827010807295,19.2068676779297));
#3417=CARTESIAN_POINT('Ctrl Pts',(285.276731284543,30.106034264432,154.681125519617));
#3418=CARTESIAN_POINT('Ctrl Pts',(281.154583994284,28.2873436439158,148.521185515299));
#3419=CARTESIAN_POINT('Ctrl Pts',(276.819505531578,26.9803427322158,142.046978289472));
#3420=CARTESIAN_POINT('Ctrl Pts',(263.586142556029,25.7205719011128,113.98832973596));
#3421=CARTESIAN_POINT('Ctrl Pts',(252.460294317269,37.99521840778,88.422068653833));
#3422=CARTESIAN_POINT('Ctrl Pts',(246.340418202052,44.9086438544775,48.2675941335778));
#3423=CARTESIAN_POINT('Ctrl Pts',(245.423721576131,47.0721993494521,33.9923678143005));
#3424=CARTESIAN_POINT('Ctrl Pts',(245.682541451692,49.0358047290797,19.1695958225834));
#3425=CARTESIAN_POINT('Ctrl Pts',(286.099207705992,29.1099044357182,154.49271165888));
#3426=CARTESIAN_POINT('Ctrl Pts',(281.926472647061,27.367805561107,148.249368449582));
#3427=CARTESIAN_POINT('Ctrl Pts',(277.540691304082,26.141532329511,141.708388809389));
#3428=CARTESIAN_POINT('Ctrl Pts',(264.172705495191,25.0478666129802,113.471481568706));
#3429=CARTESIAN_POINT('Ctrl Pts',(253.003484188435,37.3214733886001,88.0565077312059));
#3430=CARTESIAN_POINT('Ctrl Pts',(246.862236459718,44.2373651800988,48.0703079972108));
#3431=CARTESIAN_POINT('Ctrl Pts',(245.948753887638,46.3908621542257,33.8710394061469));
#3432=CARTESIAN_POINT('Ctrl Pts',(246.221307149098,48.333505100488,19.1426537653881));
#3433=CARTESIAN_POINT('Ctrl Pts',(286.881416938337,28.059806790847,154.296616111424));
#3434=CARTESIAN_POINT('Ctrl Pts',(282.636120926174,26.3821314458249,147.966728670872));
#3435=CARTESIAN_POINT('Ctrl Pts',(278.178429896906,25.2249726508942,141.356195633774));
#3436=CARTESIAN_POINT('Ctrl Pts',(264.647038267625,24.2832523225661,112.935665078288));
#3437=CARTESIAN_POINT('Ctrl Pts',(253.516225582909,36.6083794834713,87.6797312520448));
#3438=CARTESIAN_POINT('Ctrl Pts',(247.366388872129,43.5347741880081,47.8674357607403));
#3439=CARTESIAN_POINT('Ctrl Pts',(246.456602033019,45.6781436329225,33.746382835245));
#3440=CARTESIAN_POINT('Ctrl Pts',(246.739488103843,47.5969452306773,19.1149761605535));
#3441=CARTESIAN_POINT('Ctrl Pts',(286.895505893486,28.0408944222131,154.293084382401));
#3442=CARTESIAN_POINT('Ctrl Pts',(282.648904035771,26.3643799927032,147.96163834333));
#3443=CARTESIAN_POINT('Ctrl Pts',(278.189918600061,25.2084664888975,141.349852681245));
#3444=CARTESIAN_POINT('Ctrl Pts',(264.655583304221,24.269482126724,112.926014973346));
#3445=CARTESIAN_POINT('Ctrl Pts',(253.525450963491,36.5955296487859,87.6729440485264));
#3446=CARTESIAN_POINT('Ctrl Pts',(247.375457483272,43.5221120258756,47.8637810265983));
#3447=CARTESIAN_POINT('Ctrl Pts',(246.465737376684,45.6652991915954,33.7441371181888));
#3448=CARTESIAN_POINT('Ctrl Pts',(246.748810339103,47.5836718921874,19.1144775449448));
#3449=CARTESIAN_POINT('Ctrl Pts',(287.098026349943,27.7690447069866,154.242318652238));
#3450=CARTESIAN_POINT('Ctrl Pts',(282.832644890534,26.1092131286713,147.888468102599));
#3451=CARTESIAN_POINT('Ctrl Pts',(278.355045419529,24.971194578565,141.258676233431));
#3452=CARTESIAN_POINT('Ctrl Pts',(264.77835313736,24.0715123075802,112.787296353976));
#3453=CARTESIAN_POINT('Ctrl Pts',(253.657927839516,36.410735967136,87.5753667442153));
#3454=CARTESIAN_POINT('Ctrl Pts',(247.505655434215,43.3399967781623,47.811235913737));
#3455=CARTESIAN_POINT('Ctrl Pts',(246.596892120253,45.4805607169826,33.7118491270035));
#3456=CARTESIAN_POINT('Ctrl Pts',(246.88265750201,47.3927712037662,19.1073085926765));
#3457=CARTESIAN_POINT('Ctrl Pts',(287.289014810688,27.5181233498929,154.19447558345));
#3458=CARTESIAN_POINT('Ctrl Pts',(283.00526104695,25.8730985162483,147.820008618981));
#3459=CARTESIAN_POINT('Ctrl Pts',(278.508776014348,24.7504904549041,141.173849272746));
#3460=CARTESIAN_POINT('Ctrl Pts',(264.892347324249,23.8871490414269,112.658204672522));
#3461=CARTESIAN_POINT('Ctrl Pts',(253.779537104007,36.2376814383611,87.4843687021516));
#3462=CARTESIAN_POINT('Ctrl Pts',(247.624803590954,43.1691849972936,47.7622015383829));
#3463=CARTESIAN_POINT('Ctrl Pts',(246.716922293746,45.3072939790793,33.6817110354571));
#3464=CARTESIAN_POINT('Ctrl Pts',(247.0052940649,47.213828251285,19.1006167418797));
#3465=CARTESIAN_POINT('Ctrl Pts',(287.541329875483,27.1936561349885,154.131625624015));
#3466=CARTESIAN_POINT('Ctrl Pts',(283.232347336708,25.5671176764331,147.730530343491));
#3467=CARTESIAN_POINT('Ctrl Pts',(278.70902053782,24.4632056067408,141.063418745137));
#3468=CARTESIAN_POINT('Ctrl Pts',(265.040391627277,23.6468815588588,112.490107590486));
#3469=CARTESIAN_POINT('Ctrl Pts',(253.935680978814,36.0109561374749,87.3656440894003));
#3470=CARTESIAN_POINT('Ctrl Pts',(247.777297344595,42.9450677100859,47.6981882359721));
#3471=CARTESIAN_POINT('Ctrl Pts',(246.870555868651,45.0799641085545,33.6423574263557));
#3472=CARTESIAN_POINT('Ctrl Pts',(247.16245406511,46.9791810881199,19.0918783934396));
#3473=CARTESIAN_POINT('Ctrl Pts',(287.599240178866,27.117858211409,154.11708816676));
#3474=CARTESIAN_POINT('Ctrl Pts',(283.284668103417,25.4958349703125,147.709799881136));
#3475=CARTESIAN_POINT('Ctrl Pts',(278.755351455118,24.3964816939041,141.037817592802));
#3476=CARTESIAN_POINT('Ctrl Pts',(265.075142891136,23.5914851056904,112.451080409653));
#3477=CARTESIAN_POINT('Ctrl Pts',(253.971745743665,35.9582753493775,87.3380906948534));
#3478=CARTESIAN_POINT('Ctrl Pts',(247.812481960275,42.8929686832666,47.6833295396342));
#3479=CARTESIAN_POINT('Ctrl Pts',(246.906002652134,45.0271180723182,33.6332221994913));
#3480=CARTESIAN_POINT('Ctrl Pts',(247.198728056183,46.9246430949103,19.089849926321));
#3481=CARTESIAN_POINT('Ctrl Pts',(288.073337577795,26.4862791944335,153.997119362547));
#3482=CARTESIAN_POINT('Ctrl Pts',(283.714528488917,24.9033438873817,147.538456128604));
#3483=CARTESIAN_POINT('Ctrl Pts',(279.137536514438,23.8434242075594,140.826083433687));
#3484=CARTESIAN_POINT('Ctrl Pts',(265.365582518939,23.1354016901427,112.127838778101));
#3485=CARTESIAN_POINT('Ctrl Pts',(254.268877206546,35.5214910487204,87.1099439009517));
#3486=CARTESIAN_POINT('Ctrl Pts',(248.102096026848,42.4608334732383,47.5602744784339));
#3487=CARTESIAN_POINT('Ctrl Pts',(247.197798819993,44.5888006559439,33.557560804876));
#3488=CARTESIAN_POINT('Ctrl Pts',(247.497446867243,46.4723662095717,19.0730492067994));
#3489=CARTESIAN_POINT('Ctrl Pts',(288.45699939029,25.9031025342768,153.893806633021));
#3490=CARTESIAN_POINT('Ctrl Pts',(284.073177541967,24.366027478558,147.389075242411));
#3491=CARTESIAN_POINT('Ctrl Pts',(279.466902388215,23.3520857370552,140.640548695505));
#3492=CARTESIAN_POINT('Ctrl Pts',(265.642343347164,22.7506489515309,111.841659120394));
#3493=CARTESIAN_POINT('Ctrl Pts',(254.522026478308,35.1323175866878,86.9084608168567));
#3494=CARTESIAN_POINT('Ctrl Pts',(248.346938346926,42.074583389258,47.4514640977321));
#3495=CARTESIAN_POINT('Ctrl Pts',(247.44450263306,44.1970444478827,33.4906274506125));
#3496=CARTESIAN_POINT('Ctrl Pts',(247.750731775191,46.0686062925869,19.0581855272108));
#3497=CARTESIAN_POINT('Ctrl Pts',(289.390111710534,24.2730771030839,153.621836454893));
#3498=CARTESIAN_POINT('Ctrl Pts',(284.981432029934,22.8818274797835,146.989765648809));
#3499=CARTESIAN_POINT('Ctrl Pts',(280.335563948195,22.0145838785252,140.140210744325));
#3500=CARTESIAN_POINT('Ctrl Pts',(266.454946760734,21.7387304989342,111.064777427824));
#3501=CARTESIAN_POINT('Ctrl Pts',(255.183613245804,34.0672234958053,86.3619311860157));
#3502=CARTESIAN_POINT('Ctrl Pts',(248.98148808059,41.0145502667362,47.1560144151096));
#3503=CARTESIAN_POINT('Ctrl Pts',(248.084019870755,43.1220039426198,33.3088134014688));
#3504=CARTESIAN_POINT('Ctrl Pts',(248.409403585717,44.9618115662672,19.0178084092852));
#3505=CARTESIAN_POINT('Ctrl Pts',(289.86530833046,23.188140513849,153.458464483778));
#3506=CARTESIAN_POINT('Ctrl Pts',(285.487707768693,21.9125108367602,146.743041123214));
#3507=CARTESIAN_POINT('Ctrl Pts',(280.85991216223,21.1620368219898,139.826140935378));
#3508=CARTESIAN_POINT('Ctrl Pts',(267.038384446736,21.1318557342004,110.571637676661));
#3509=CARTESIAN_POINT('Ctrl Pts',(255.576252709109,33.3821228188787,86.0155143637911));
#3510=CARTESIAN_POINT('Ctrl Pts',(249.352079530087,40.3295454720448,46.9684293778007));
#3511=CARTESIAN_POINT('Ctrl Pts',(248.457608154592,42.4273831164512,33.1933054563759));
#3512=CARTESIAN_POINT('Ctrl Pts',(248.79652570764,44.2479269317563,18.9921541038195));
#3513=CARTESIAN_POINT('Ctrl Pts',(290.396828061668,21.5072284443153,153.222837427213));
#3514=CARTESIAN_POINT('Ctrl Pts',(286.14787990383,20.4163877185369,146.374349656589));
#3515=CARTESIAN_POINT('Ctrl Pts',(281.624620623809,19.8562665247317,139.344874401245));
#3516=CARTESIAN_POINT('Ctrl Pts',(268.05192336561,20.2016687339283,109.816558417279));
#3517=CARTESIAN_POINT('Ctrl Pts',(256.13913792173,32.3138379949593,85.4830647497262));
#3518=CARTESIAN_POINT('Ctrl Pts',(249.873160277995,39.2573481267857,46.6798408352139));
#3519=CARTESIAN_POINT('Ctrl Pts',(248.983055788037,41.3402761570673,33.0155428104578));
#3520=CARTESIAN_POINT('Ctrl Pts',(249.345020136133,43.132346327168,18.9526710904676));
#3521=CARTESIAN_POINT('Ctrl Pts',(290.53225576277,20.9117397918773,153.142679084803));
#3522=CARTESIAN_POINT('Ctrl Pts',(286.337740029999,19.8831726575624,146.246640175616));
#3523=CARTESIAN_POINT('Ctrl Pts',(281.860112322007,19.3881345488197,139.176013201603));
#3524=CARTESIAN_POINT('Ctrl Pts',(268.397710288143,19.8605661028722,109.552359206077));
#3525=CARTESIAN_POINT('Ctrl Pts',(256.324519802067,31.9375566942351,85.2976448408683));
#3526=CARTESIAN_POINT('Ctrl Pts',(250.04697732732,38.8818151321483,46.5795287496994));
#3527=CARTESIAN_POINT('Ctrl Pts',(249.158489657847,40.9596218507183,32.9537952054502));
#3528=CARTESIAN_POINT('Ctrl Pts',(249.527632174722,42.741189639342,18.9389576782708));
#3529=CARTESIAN_POINT('Ctrl Pts',(290.719766779358,19.5901745852366,152.97065653515));
#3530=CARTESIAN_POINT('Ctrl Pts',(286.666959100209,18.6895569193734,145.967225007288));
#3531=CARTESIAN_POINT('Ctrl Pts',(282.311247456571,18.3310159129471,138.801179845025));
#3532=CARTESIAN_POINT('Ctrl Pts',(269.143756315581,19.0636737778241,108.968703303999));
#3533=CARTESIAN_POINT('Ctrl Pts',(256.71090229048,31.0965350577517,84.8877692137795));
#3534=CARTESIAN_POINT('Ctrl Pts',(250.414798317712,38.0462344934217,46.3579440152162));
#3535=CARTESIAN_POINT('Ctrl Pts',(249.530071345575,40.1128276460709,32.8174351910687));
#3536=CARTESIAN_POINT('Ctrl Pts',(249.913086689689,41.8701113349774,18.9086748712491));
#3537=CARTESIAN_POINT('Ctrl Pts',(290.748721474031,18.862666549574,152.87981898155));
#3538=CARTESIAN_POINT('Ctrl Pts',(286.787546798527,18.0256834739056,145.816051634297));
#3539=CARTESIAN_POINT('Ctrl Pts',(282.512464792034,17.7370155785847,138.594797943049));
#3540=CARTESIAN_POINT('Ctrl Pts',(269.540035343115,18.5985768617446,108.649175686943));
#3541=CARTESIAN_POINT('Ctrl Pts',(256.907135692932,30.6295957000904,84.6631909253687));
#3542=CARTESIAN_POINT('Ctrl Pts',(250.605510254703,37.5847864599078,46.2366360320576));
#3543=CARTESIAN_POINT('Ctrl Pts',(249.722985202479,39.6453138042801,32.7428070175951));
#3544=CARTESIAN_POINT('Ctrl Pts',(250.11228465452,41.3885867072214,18.8921022837745));
#3545=CARTESIAN_POINT('Ctrl Pts',(290.686408538759,17.8455715675918,152.756344409673));
#3546=CARTESIAN_POINT('Ctrl Pts',(286.873650233849,17.0838491875346,145.605576335557));
#3547=CARTESIAN_POINT('Ctrl Pts',(282.732103197078,16.8817678325237,138.302131915013));
#3548=CARTESIAN_POINT('Ctrl Pts',(270.078800351438,17.8934499095583,108.19989537934));
#3549=CARTESIAN_POINT('Ctrl Pts',(257.163510833116,29.9588426556969,84.3447012151545));
#3550=CARTESIAN_POINT('Ctrl Pts',(250.861038886558,36.9243764725358,46.0644590825654));
#3551=CARTESIAN_POINT('Ctrl Pts',(249.981830076692,38.9763700436428,32.6368528782595));
#3552=CARTESIAN_POINT('Ctrl Pts',(250.378059831962,40.699040401749,18.8685719779855));
#3553=CARTESIAN_POINT('Ctrl Pts',(290.65326143021,17.5494926464944,152.71926121187));
#3554=CARTESIAN_POINT('Ctrl Pts',(286.887276811428,16.8073132052172,145.543142454101));
#3555=CARTESIAN_POINT('Ctrl Pts',(282.788747725814,16.6278525143535,138.21580491702));
#3556=CARTESIAN_POINT('Ctrl Pts',(270.234738382959,17.6798092902428,108.067832709441));
#3557=CARTESIAN_POINT('Ctrl Pts',(257.236432387449,29.7598962654386,84.2507404569521));
#3558=CARTESIAN_POINT('Ctrl Pts',(250.934579445088,36.7287979169837,46.0136450723831));
#3559=CARTESIAN_POINT('Ctrl Pts',(250.056376046166,38.7782832457347,32.6055784002457));
#3560=CARTESIAN_POINT('Ctrl Pts',(250.45440459214,40.4947850881801,18.8616265768592));
#3561=CARTESIAN_POINT('Ctrl Pts',(290.534572967299,16.8205579139236,152.62450945956));
#3562=CARTESIAN_POINT('Ctrl Pts',(286.892768581241,16.1197477266132,145.385810623631));
#3563=CARTESIAN_POINT('Ctrl Pts',(282.910470512386,15.9885668227735,137.999647748217));
#3564=CARTESIAN_POINT('Ctrl Pts',(270.617439104384,17.1297834511749,107.738485896348));
#3565=CARTESIAN_POINT('Ctrl Pts',(257.412383739891,29.2586756293269,84.0152660298766));
#3566=CARTESIAN_POINT('Ctrl Pts',(251.114284572106,36.2366724676105,45.8862206046419));
#3567=CARTESIAN_POINT('Ctrl Pts',(250.238670626516,38.2798871934016,32.5271347212779));
#3568=CARTESIAN_POINT('Ctrl Pts',(250.640589456478,39.9807396251017,18.8442045482377));
#3569=CARTESIAN_POINT('Ctrl Pts',(290.430957390091,16.3945515293442,152.565935785072));
#3570=CARTESIAN_POINT('Ctrl Pts',(286.869985404796,15.7116643499133,145.290522407066));
#3571=CARTESIAN_POINT('Ctrl Pts',(282.965093976943,15.6018244410832,137.869996965621));
#3572=CARTESIAN_POINT('Ctrl Pts',(270.839723516215,16.7860601498254,107.542137188492));
#3573=CARTESIAN_POINT('Ctrl Pts',(257.511941367673,28.9551819652776,83.8738022509574));
#3574=CARTESIAN_POINT('Ctrl Pts',(251.218103776452,35.9392415383246,45.8095929380031));
#3575=CARTESIAN_POINT('Ctrl Pts',(250.34409259276,37.9787054397583,32.4799444566868));
#3576=CARTESIAN_POINT('Ctrl Pts',(250.747771899654,39.6699827462292,18.8337241269769));
#3577=CARTESIAN_POINT('Ctrl Pts',(290.166089530414,15.5808615998214,152.446038165686));
#3578=CARTESIAN_POINT('Ctrl Pts',(286.775872796732,14.9174623719223,145.099976738863));
#3579=CARTESIAN_POINT('Ctrl Pts',(283.037321251493,14.8320420243195,137.613696947211));
#3580=CARTESIAN_POINT('Ctrl Pts',(271.263144074652,16.0766796828616,107.156702059381));
#3581=CARTESIAN_POINT('Ctrl Pts',(257.69713495866,28.3484047702716,83.5931943061462));
#3582=CARTESIAN_POINT('Ctrl Pts',(251.415831355198,35.3453065647617,45.657350334548));
#3583=CARTESIAN_POINT('Ctrl Pts',(250.545155651005,37.3773468138196,32.3861314819255));
#3584=CARTESIAN_POINT('Ctrl Pts',(250.951201633625,39.049387092565,18.8128849556522));
#3585=CARTESIAN_POINT('Ctrl Pts',(290.005614191517,15.1927537049231,152.384760495343));
#3586=CARTESIAN_POINT('Ctrl Pts',(286.705047249629,14.5311049221361,145.004750765055));
#3587=CARTESIAN_POINT('Ctrl Pts',(283.055136097195,14.448975523708,137.487060982477));
#3588=CARTESIAN_POINT('Ctrl Pts',(271.464077501181,15.7112981232626,106.967597808952));
#3589=CARTESIAN_POINT('Ctrl Pts',(257.78302232504,28.0451717333717,83.4540092384073));
#3590=CARTESIAN_POINT('Ctrl Pts',(251.509944498397,35.0488461131444,45.5817093957258));
#3591=CARTESIAN_POINT('Ctrl Pts',(250.640947565384,37.0772125451192,32.3394921882074));
#3592=CARTESIAN_POINT('Ctrl Pts',(251.047573661156,38.7395894507544,18.8025263831856));
#3593=CARTESIAN_POINT('Ctrl Pts',(289.337632537977,13.8720847003833,152.158536825808));
#3594=CARTESIAN_POINT('Ctrl Pts',(286.371928379943,13.1849752387809,144.661654782869));
#3595=CARTESIAN_POINT('Ctrl Pts',(283.056869527676,13.0790294069823,137.036631501723));
#3596=CARTESIAN_POINT('Ctrl Pts',(272.147110723177,14.3548994300301,106.300256235584));
#3597=CARTESIAN_POINT('Ctrl Pts',(258.068358230476,26.952418018005,82.9563347754087));
#3598=CARTESIAN_POINT('Ctrl Pts',(251.831990190031,33.981097955561,45.3106574114173));
#3599=CARTESIAN_POINT('Ctrl Pts',(250.96938862474,35.9963367134798,32.1722286767435));
#3600=CARTESIAN_POINT('Ctrl Pts',(251.376163332195,37.623910639076,18.7653600703614));
#3601=CARTESIAN_POINT('Ctrl Pts',(288.798626452121,12.9109408580284,152.000914106262));
#3602=CARTESIAN_POINT('Ctrl Pts',(286.052108113869,12.2020282212813,144.421884143849));
#3603=CARTESIAN_POINT('Ctrl Pts',(282.957055621435,12.0755474557957,136.721483700247));
#3604=CARTESIAN_POINT('Ctrl Pts',(272.510763008356,13.3560247546996,105.83090404165));
#3605=CARTESIAN_POINT('Ctrl Pts',(258.232811266783,26.1539310959812,82.5995599823305));
#3606=CARTESIAN_POINT('Ctrl Pts',(252.036506198142,33.2020219378598,45.1151733157538));
#3607=CARTESIAN_POINT('Ctrl Pts',(251.178710524881,35.2078616647003,32.0513309880667));
#3608=CARTESIAN_POINT('Ctrl Pts',(251.581574190047,36.8099993914159,18.7385020653544));
#3609=CARTESIAN_POINT('Ctrl Pts',(286.859669738835,9.79432848239754,151.51928495593));
#3610=CARTESIAN_POINT('Ctrl Pts',(284.75668462585,9.0177393769721,143.684653929656));
#3611=CARTESIAN_POINT('Ctrl Pts',(282.310286811608,8.82722843509906,135.75011210728));
#3612=CARTESIAN_POINT('Ctrl Pts',(273.284137015499,10.1214586044008,104.37024381671));
#3613=CARTESIAN_POINT('Ctrl Pts',(258.629143537236,23.5389255881782,81.4535816564641));
#3614=CARTESIAN_POINT('Ctrl Pts',(252.606796549727,30.6438415815806,44.4810233418096));
#3615=CARTESIAN_POINT('Ctrl Pts',(251.766598797466,32.6191616342619,31.6577138351582));
#3616=CARTESIAN_POINT('Ctrl Pts',(252.144774756914,34.1408474657937,18.6509519686985));
#3617=CARTESIAN_POINT('Ctrl Pts',(283.58185341106,5.50554814084316,150.950679721954));
#3618=CARTESIAN_POINT('Ctrl Pts',(282.143471757333,4.6447140790179,142.799323595827));
#3619=CARTESIAN_POINT('Ctrl Pts',(280.377026631875,4.3737026681688,134.575953872107));
#3620=CARTESIAN_POINT('Ctrl Pts',(273.034594741501,5.68235166515329,102.557476964572));
#3621=CARTESIAN_POINT('Ctrl Pts',(258.749074332178,19.8587295908246,79.9081114862227));
#3622=CARTESIAN_POINT('Ctrl Pts',(253.107548020166,27.0222410406317,43.6052031213225));
#3623=CARTESIAN_POINT('Ctrl Pts',(252.294803709888,28.9552947648134,31.1094268423927));
#3624=CARTESIAN_POINT('Ctrl Pts',(252.598103938943,30.3724570481209,18.5289242923212));
#3625=CARTESIAN_POINT('Ctrl Pts',(279.299750755959,1.77057391517139,150.726830704877));
#3626=CARTESIAN_POINT('Ctrl Pts',(278.143938993449,1.0351326961015,142.389424028301));
#3627=CARTESIAN_POINT('Ctrl Pts',(276.688194172636,0.881562927266086,134.001620552782));
#3628=CARTESIAN_POINT('Ctrl Pts',(270.530655433993,2.40239428549137,101.483795950734));
#3629=CARTESIAN_POINT('Ctrl Pts',(258.037034907839,16.2745421082294,78.5263508348058));
#3630=CARTESIAN_POINT('Ctrl Pts',(252.992657464252,23.312628054243,42.7499792198408));
#3631=CARTESIAN_POINT('Ctrl Pts',(252.213241828377,25.200881342786,30.5582455590625));
#3632=CARTESIAN_POINT('Ctrl Pts',(252.378655802517,26.5713117506483,18.4056590370461));
#3633=CARTESIAN_POINT('Ctrl Pts',(271.452537621574,-3.80101730867761,150.707919801105));
#3634=CARTESIAN_POINT('Ctrl Pts',(270.575348438076,-4.01706974896256,142.190264868429));
#3635=CARTESIAN_POINT('Ctrl Pts',(269.450330520425,-3.68033995656544,133.652728218112));
#3636=CARTESIAN_POINT('Ctrl Pts',(265.010734912896,-1.48739334390358,100.431065469709));
#3637=CARTESIAN_POINT('Ctrl Pts',(256.19553759916,10.396997767533,76.35478539158));
#3638=CARTESIAN_POINT('Ctrl Pts',(252.247842323749,16.9712631265549,41.3220416552842));
#3639=CARTESIAN_POINT('Ctrl Pts',(251.525323238335,18.7792146344997,29.6210068252684));
#3640=CARTESIAN_POINT('Ctrl Pts',(251.430231702928,20.1474245306814,18.1956807834805));
#3641=CARTESIAN_POINT('Ctrl Pts',(263.183319073322,-9.72049298700009,150.67915418729));
#3642=CARTESIAN_POINT('Ctrl Pts',(262.616833809534,-9.38827760010124,141.967728942264));
#3643=CARTESIAN_POINT('Ctrl Pts',(261.839537627941,-8.53144789850681,133.271628594295));
#3644=CARTESIAN_POINT('Ctrl Pts',(258.951939037578,-5.58731521017867,99.3443137962355));
#3645=CARTESIAN_POINT('Ctrl Pts',(252.918009006843,4.33953819340605,74.3403876301958));
#3646=CARTESIAN_POINT('Ctrl Pts',(249.850035199823,10.4803316978956,40.0076817254638));
#3647=CARTESIAN_POINT('Ctrl Pts',(249.176979917255,12.213786996715,28.7602519654493));
#3648=CARTESIAN_POINT('Ctrl Pts',(248.879589009873,13.5812594589112,18.0028009986577));
#3649=CARTESIAN_POINT('Ctrl Pts',(252.24992294907,-17.6727587352502,150.613193713928));
#3650=CARTESIAN_POINT('Ctrl Pts',(252.121043910101,-16.6244595240106,141.636509069481));
#3651=CARTESIAN_POINT('Ctrl Pts',(251.800235696756,-15.0695493381693,132.731169498294));
#3652=CARTESIAN_POINT('Ctrl Pts',(250.53305383522,-10.8332340198295,97.9975661323224));
#3653=CARTESIAN_POINT('Ctrl Pts',(246.372544351131,-2.35886604766387,72.590429044859));
#3654=CARTESIAN_POINT('Ctrl Pts',(243.997142976991,3.56024071269318,38.9034335997313));
#3655=CARTESIAN_POINT('Ctrl Pts',(243.364174912713,5.23440273913266,28.0442964461331));
#3656=CARTESIAN_POINT('Ctrl Pts',(242.910314555664,6.55926344020934,17.8425790868161));
#3657=CARTESIAN_POINT('Ctrl Pts',(241.366366901185,-25.6764599039757,150.52669472887));
#3658=CARTESIAN_POINT('Ctrl Pts',(241.688136656939,-23.9254853616648,141.279373622921));
#3659=CARTESIAN_POINT('Ctrl Pts',(241.82046136186,-21.6688637938635,132.166183774451));
#3660=CARTESIAN_POINT('Ctrl Pts',(241.931986464881,-15.8911426684183,96.7256968767128));
#3661=CARTESIAN_POINT('Ctrl Pts',(238.655318344714,-7.86830232959633,71.5334698041297));
#3662=CARTESIAN_POINT('Ctrl Pts',(236.708721618899,-1.87142403695519,38.279305868051));
#3663=CARTESIAN_POINT('Ctrl Pts',(236.099922650914,-0.225449974401384,27.6480334069304));
#3664=CARTESIAN_POINT('Ctrl Pts',(235.547796255631,1.01610524170734,17.7542576553835));
#3665=CARTESIAN_POINT('Ctrl Pts',(227.83207070833,-35.7972844725779,150.376870071994));
#3666=CARTESIAN_POINT('Ctrl Pts',(228.735105396563,-33.1978593853059,140.780548706199));
#3667=CARTESIAN_POINT('Ctrl Pts',(229.428708162225,-30.0559764456374,131.410535314287));
#3668=CARTESIAN_POINT('Ctrl Pts',(230.923065944893,-21.7877146086019,95.2889152218903));
#3669=CARTESIAN_POINT('Ctrl Pts',(227.36792977105,-12.0584094279813,71.6237218373352));
#3670=CARTESIAN_POINT('Ctrl Pts',(225.575478100708,-5.29820786646904,38.4767567547864));
#3671=CARTESIAN_POINT('Ctrl Pts',(224.968622050652,-3.6238363035513,27.8038221422354));
#3672=CARTESIAN_POINT('Ctrl Pts',(224.36785849249,-2.58603011736886,17.789894500595));
#3673=CARTESIAN_POINT('Ctrl Pts',(217.016859293654,-44.0385742293546,150.213445511471));
#3674=CARTESIAN_POINT('Ctrl Pts',(218.388195462084,-40.7977452499359,140.326645898687));
#3675=CARTESIAN_POINT('Ctrl Pts',(219.530145107754,-36.9371057486485,130.754288181118));
#3676=CARTESIAN_POINT('Ctrl Pts',(222.070838421421,-25.9726897873262,94.2997667129628));
#3677=CARTESIAN_POINT('Ctrl Pts',(218.067271493112,-12.0345825040971,73.1729045992217));
#3678=CARTESIAN_POINT('Ctrl Pts',(216.300875476153,-3.85012628652819,39.6578767313125));
#3679=CARTESIAN_POINT('Ctrl Pts',(215.675421623841,-2.08173964866998,28.6097643315485));
#3680=CARTESIAN_POINT('Ctrl Pts',(215.028136808347,-1.34342396735115,17.9715574369368));
#3681=CARTESIAN_POINT('Ctrl Pts',(210.011552724315,-49.4090566528156,150.096475368747));
#3682=CARTESIAN_POINT('Ctrl Pts',(211.681069051557,-45.7653630388673,140.019075612313));
#3683=CARTESIAN_POINT('Ctrl Pts',(213.113767380055,-41.4374069959763,130.316723811079));
#3684=CARTESIAN_POINT('Ctrl Pts',(216.412864663344,-28.5143999932192,93.7013093757277));
#3685=CARTESIAN_POINT('Ctrl Pts',(212.467157549176,-10.9759925263466,74.5525320539085));
#3686=CARTESIAN_POINT('Ctrl Pts',(210.792090065151,-1.6260271735717,40.6832949051888));
#3687=CARTESIAN_POINT('Ctrl Pts',(210.151781604904,0.221624358317318,29.3052366590549));
#3688=CARTESIAN_POINT('Ctrl Pts',(209.443893737924,0.720538084800938,18.1280163854854));
#3689=CARTESIAN_POINT('Ctrl Pts',(208.346119275374,-50.509506807919,150.122254346197));
#3690=CARTESIAN_POINT('Ctrl Pts',(210.05283214106,-46.7312059216974,140.021502180147));
#3691=CARTESIAN_POINT('Ctrl Pts',(211.523065822771,-42.2554334655853,130.308673464339));
#3692=CARTESIAN_POINT('Ctrl Pts',(214.970182546568,-28.8325769729129,93.6796014162194));
#3693=CARTESIAN_POINT('Ctrl Pts',(211.209048601042,-10.6430057384419,74.9004763989583));
#3694=CARTESIAN_POINT('Ctrl Pts',(209.586191468159,-1.0525927918607,40.9259893313856));
#3695=CARTESIAN_POINT('Ctrl Pts',(208.943301176539,0.813250008887272,29.4671459081433));
#3696=CARTESIAN_POINT('Ctrl Pts',(208.212285386524,1.26622071473775,18.1644051710856));
#3697=CARTESIAN_POINT('Ctrl Pts',(205.643795655135,-52.04321873494,150.246739477052));
#3698=CARTESIAN_POINT('Ctrl Pts',(207.387754811494,-47.9698363216669,140.14068939964));
#3699=CARTESIAN_POINT('Ctrl Pts',(208.897651835473,-43.1811132999689,130.441598453576));
#3700=CARTESIAN_POINT('Ctrl Pts',(212.570693850843,-28.8637185965956,93.8267772990923));
#3701=CARTESIAN_POINT('Ctrl Pts',(209.256055957873,-9.96359063941689,75.5064613479653));
#3702=CARTESIAN_POINT('Ctrl Pts',(207.745488961876,-0.0404833250784151,
41.3257846677848));
#3703=CARTESIAN_POINT('Ctrl Pts',(207.098737745752,1.85375638674607,29.7298165331419));
#3704=CARTESIAN_POINT('Ctrl Pts',(206.321685684771,2.24982113762289,18.223270929853));
#3705=CARTESIAN_POINT('Ctrl Pts',(204.631054242582,-52.5648229180413,150.310852010064));
#3706=CARTESIAN_POINT('Ctrl Pts',(206.384212604881,-48.3648178368705,140.209624315966));
#3707=CARTESIAN_POINT('Ctrl Pts',(207.904621070412,-43.4434765855831,130.522108040925));
#3708=CARTESIAN_POINT('Ctrl Pts',(211.659481685852,-28.7733482192715,93.9202173640788));
#3709=CARTESIAN_POINT('Ctrl Pts',(208.54263492145,-9.67950739697809,75.7421936080793));
#3710=CARTESIAN_POINT('Ctrl Pts',(207.079991059974,0.356227503653139,41.4768286463953));
#3711=CARTESIAN_POINT('Ctrl Pts',(206.431962942993,2.26092365947474,29.8281960254568));
#3712=CARTESIAN_POINT('Ctrl Pts',(205.635930783503,2.63938009398553,18.2453012093214));
#3713=CARTESIAN_POINT('Ctrl Pts',(203.279440629905,-53.195090879835,150.419149971137));
#3714=CARTESIAN_POINT('Ctrl Pts',(205.043412543648,-48.8021458074099,140.333113478614));
#3715=CARTESIAN_POINT('Ctrl Pts',(206.576693072913,-43.6808498727149,130.669380904494));
#3716=CARTESIAN_POINT('Ctrl Pts',(210.442995311956,-28.5114742721873,94.0945670266618));
#3717=CARTESIAN_POINT('Ctrl Pts',(207.611184299427,-9.25858981855352,76.0702481498619));
#3718=CARTESIAN_POINT('Ctrl Pts',(206.216940721069,0.911830724546569,41.6815460535049));
#3719=CARTESIAN_POINT('Ctrl Pts',(205.567174480947,2.83027802878962,29.9604849440415));
#3720=CARTESIAN_POINT('Ctrl Pts',(204.744304933581,3.19019571582694,18.2748829421085));
#3721=CARTESIAN_POINT('Ctrl Pts',(202.943145808616,-53.3465358499241,150.447949787173));
#3722=CARTESIAN_POINT('Ctrl Pts',(204.709711268642,-48.9036826669274,140.366386874523));
#3723=CARTESIAN_POINT('Ctrl Pts',(206.246123505734,-43.7308027206031,130.709233538952));
#3724=CARTESIAN_POINT('Ctrl Pts',(210.14036603136,-28.4349453397531,94.1419323821499));
#3725=CARTESIAN_POINT('Ctrl Pts',(207.381088901228,-9.15044706208027,76.1529483585269));
#3726=CARTESIAN_POINT('Ctrl Pts',(206.004230161251,1.05222192569854,41.7327299312636));
#3727=CARTESIAN_POINT('Ctrl Pts',(205.354046062687,2.97407565384871,29.9934723612906));
#3728=CARTESIAN_POINT('Ctrl Pts',(204.52438818433,3.32977908905231,18.2822582878287));
#3729=CARTESIAN_POINT('Ctrl Pts',(202.526565707311,-53.5276415899315,150.485907012304));
#3730=CARTESIAN_POINT('Ctrl Pts',(204.296355101331,-49.0204364464943,140.410765840748));
#3731=CARTESIAN_POINT('Ctrl Pts',(205.836682413374,-43.7812343047569,130.762603870251));
#3732=CARTESIAN_POINT('Ctrl Pts',(209.765962333491,-28.3256095720822,94.2055969751385));
#3733=CARTESIAN_POINT('Ctrl Pts',(207.09804198603,-9.01214467715189,76.2568285699966));
#3734=CARTESIAN_POINT('Ctrl Pts',(205.743058633408,1.22890866263717,41.7965073672185));
#3735=CARTESIAN_POINT('Ctrl Pts',(205.092343023602,3.15496418799575,30.0344759313357));
#3736=CARTESIAN_POINT('Ctrl Pts',(204.254148035413,3.50595055086227,18.2914210599414));
#3737=CARTESIAN_POINT('Ctrl Pts',(202.445613323753,-53.5614966255702,150.49323462431));
#3738=CARTESIAN_POINT('Ctrl Pts',(204.21628077927,-49.0420894120745,140.419407090176));
#3739=CARTESIAN_POINT('Ctrl Pts',(205.757651667747,-43.7903437735009,130.773055996349));
#3740=CARTESIAN_POINT('Ctrl Pts',(209.694110488265,-28.304277532287,94.2181407298874));
#3741=CARTESIAN_POINT('Ctrl Pts',(207.043554228453,-8.98528420684425,76.2769205945457));
#3742=CARTESIAN_POINT('Ctrl Pts',(205.692804258764,1.26310256575776,41.8088202571108));
#3743=CARTESIAN_POINT('Ctrl Pts',(205.041987385512,3.18996985625332,30.0423872542182));
#3744=CARTESIAN_POINT('Ctrl Pts',(204.202142018535,3.54006927534589,18.2931890076102));
#3745=CARTESIAN_POINT('Ctrl Pts',(202.043351085507,-53.7231568545622,150.5294080692));
#3746=CARTESIAN_POINT('Ctrl Pts',(203.819522120423,-49.1444269426804,140.462457693239));
#3747=CARTESIAN_POINT('Ctrl Pts',(205.367385881662,-43.831938407669,130.825466682121));
#3748=CARTESIAN_POINT('Ctrl Pts',(209.341175571597,-28.1972713651105,94.2813581533476));
#3749=CARTESIAN_POINT('Ctrl Pts',(206.775245535447,-8.85176092147734,76.3763590246424));
#3750=CARTESIAN_POINT('Ctrl Pts',(205.445451922527,1.43241713193458,41.8696430677684));
#3751=CARTESIAN_POINT('Ctrl Pts',(204.794133391784,3.36326416951619,30.0814435689283));
#3752=CARTESIAN_POINT('Ctrl Pts',(203.946118668147,3.70910100357771,18.3019155263968));
#3753=CARTESIAN_POINT('Ctrl Pts',(201.713367473475,-53.8352274854534,150.558343125986));
#3754=CARTESIAN_POINT('Ctrl Pts',(203.497734777249,-49.212388806737,140.498083879329));
#3755=CARTESIAN_POINT('Ctrl Pts',(205.055067716786,-43.8553059711573,130.86979607806));
#3756=CARTESIAN_POINT('Ctrl Pts',(209.064906431332,-28.1078349214435,94.33599047863));
#3757=CARTESIAN_POINT('Ctrl Pts',(206.562784750749,-8.74229451700636,76.4566231235739));
#3758=CARTESIAN_POINT('Ctrl Pts',(205.249912685095,1.56933704060073,41.9183842494305));
#3759=CARTESIAN_POINT('Ctrl Pts',(204.598190256704,3.50336971154676,30.1126716734494));
#3760=CARTESIAN_POINT('Ctrl Pts',(203.743585935466,3.84616705387737,18.3088909473455));
#3761=CARTESIAN_POINT('Ctrl Pts',(200.153609228985,-54.2713341239552,150.691743139821));
#3762=CARTESIAN_POINT('Ctrl Pts',(201.990837480136,-49.4599792894046,140.668199229677));
#3763=CARTESIAN_POINT('Ctrl Pts',(203.608935698055,-43.9158661697109,131.086305283083));
#3764=CARTESIAN_POINT('Ctrl Pts',(207.809841759274,-27.6739136181113,94.6076514556097));
#3765=CARTESIAN_POINT('Ctrl Pts',(205.587793281095,-8.22191577328361,76.8321679424193));
#3766=CARTESIAN_POINT('Ctrl Pts',(204.353787709924,2.21131331753384,42.1448601406838));
#3767=CARTESIAN_POINT('Ctrl Pts',(203.700196783965,4.15988545528223,30.2574401607742));
#3768=CARTESIAN_POINT('Ctrl Pts',(202.814883854091,4.49025756531381,18.3412167572155));
#3769=CARTESIAN_POINT('Ctrl Pts',(198.866790627464,-54.4128647772174,150.817096538299));
#3770=CARTESIAN_POINT('Ctrl Pts',(200.776275269705,-49.4871640866314,140.830641822232));
#3771=CARTESIAN_POINT('Ctrl Pts',(202.469500571553,-43.8302459409959,131.288481160397));
#3772=CARTESIAN_POINT('Ctrl Pts',(206.891446390697,-27.2832914400883,94.8756009766939));
#3773=CARTESIAN_POINT('Ctrl Pts',(204.844215779076,-7.77430315895202,77.1391226366697));
#3774=CARTESIAN_POINT('Ctrl Pts',(203.673722188256,2.73955229766001,42.3255403116641));
#3775=CARTESIAN_POINT('Ctrl Pts',(203.018614094673,4.69941394215282,30.3720250806714));
#3776=CARTESIAN_POINT('Ctrl Pts',(202.108556620627,5.02475218158468,18.3667746779586));
#3777=CARTESIAN_POINT('Ctrl Pts',(196.341537580342,-54.271515649987,151.098809638269));
#3778=CARTESIAN_POINT('Ctrl Pts',(198.418288175868,-49.1991573173919,141.200408382118));
#3779=CARTESIAN_POINT('Ctrl Pts',(200.282459713822,-43.3965336064908,131.741210481368));
#3780=CARTESIAN_POINT('Ctrl Pts',(205.188301032431,-26.4443110424274,95.5030524060799));
#3781=CARTESIAN_POINT('Ctrl Pts',(203.428874345458,-6.81680735461134,77.7661187311741));
#3782=CARTESIAN_POINT('Ctrl Pts',(202.37892069749,3.82741292483034,42.6873413742122));
#3783=CARTESIAN_POINT('Ctrl Pts',(201.720516884439,5.80907321306251,30.5999331994003));
#3784=CARTESIAN_POINT('Ctrl Pts',(200.762663503935,6.13344287537418,18.4175598973627));
#3785=CARTESIAN_POINT('Ctrl Pts',(195.103403893135,-54.0007370082456,151.254123547017));
#3786=CARTESIAN_POINT('Ctrl Pts',(197.274217238633,-48.8938374492563,141.406271008095));
#3787=CARTESIAN_POINT('Ctrl Pts',(199.233421002334,-43.056107220512,131.990189616395));
#3788=CARTESIAN_POINT('Ctrl Pts',(204.399982687164,-25.998083971493,95.8597001579725));
#3789=CARTESIAN_POINT('Ctrl Pts',(202.755678537498,-6.30908569381892,78.0855318766323));
#3790=CARTESIAN_POINT('Ctrl Pts',(201.762874646015,4.38570890407424,42.8683031923312));
#3791=CARTESIAN_POINT('Ctrl Pts',(201.102702626916,6.37790233358256,30.7132007568073));
#3792=CARTESIAN_POINT('Ctrl Pts',(200.12177422315,6.70608122890391,18.4427764143696));
#3793=CARTESIAN_POINT('Ctrl Pts',(193.290596712229,-53.2848833505675,151.511948713978));
#3794=CARTESIAN_POINT('Ctrl Pts',(195.598386556571,-48.1815785292212,141.753287951336));
#3795=CARTESIAN_POINT('Ctrl Pts',(197.698492145,-42.3446185071358,132.408775542333));
#3796=CARTESIAN_POINT('Ctrl Pts',(203.234566136606,-25.263532133366,96.475708737515));
#3797=CARTESIAN_POINT('Ctrl Pts',(201.754258142758,-5.46858640367468,78.5954119768511));
#3798=CARTESIAN_POINT('Ctrl Pts',(200.841295279505,5.28532278498844,43.1531634088592));
#3799=CARTESIAN_POINT('Ctrl Pts',(200.178010801452,7.29366814375827,30.890624500056));
#3800=CARTESIAN_POINT('Ctrl Pts',(199.163557003628,7.63388315935633,18.4822480379038));
#3801=CARTESIAN_POINT('Ctrl Pts',(192.666331979874,-52.9720803386694,151.60702968597));
#3802=CARTESIAN_POINT('Ctrl Pts',(195.021130011497,-47.8809110315396,141.882283245742));
#3803=CARTESIAN_POINT('Ctrl Pts',(197.170115056266,-42.054849155265,132.564278131127));
#3804=CARTESIAN_POINT('Ctrl Pts',(202.830882100796,-24.9924751576349,96.7073499034961));
#3805=CARTESIAN_POINT('Ctrl Pts',(201.406126408819,-5.15870553905032,78.7798429861836));
#3806=CARTESIAN_POINT('Ctrl Pts',(200.519858728417,5.612382512821,43.2554336577991));
#3807=CARTESIAN_POINT('Ctrl Pts',(199.855388024482,7.6263877266688,30.9541491300607));
#3808=CARTESIAN_POINT('Ctrl Pts',(198.829439567771,7.97208747171084,18.4963746636802));
#3809=CARTESIAN_POINT('Ctrl Pts',(192.00834326483,-52.5656056826003,151.714843972883));
#3810=CARTESIAN_POINT('Ctrl Pts',(194.410239473029,-47.4991231083036,142.030106643567));
#3811=CARTESIAN_POINT('Ctrl Pts',(196.609304592902,-41.6961203362905,132.74293230541));
#3812=CARTESIAN_POINT('Ctrl Pts',(202.392998802384,-24.6818130400437,96.9763999125604));
#3813=CARTESIAN_POINT('Ctrl Pts',(201.029760285791,-4.80363690370288,78.9874399441277));
#3814=CARTESIAN_POINT('Ctrl Pts',(200.17060027601,5.98263104077789,43.369851608979));
#3815=CARTESIAN_POINT('Ctrl Pts',(199.504720961568,8.00291136822172,31.025065415044));
#3816=CARTESIAN_POINT('Ctrl Pts',(198.466684485268,8.35594889695342,18.5121402438458));
#3817=CARTESIAN_POINT('Ctrl Pts',(191.942779480337,-52.5242069448329,151.725675494924));
#3818=CARTESIAN_POINT('Ctrl Pts',(194.34934193502,-47.4602971343337,142.044975830397));
#3819=CARTESIAN_POINT('Ctrl Pts',(196.553380494323,-41.659712948167,132.760912445189));
#3820=CARTESIAN_POINT('Ctrl Pts',(202.349229697394,-24.6504793244815,97.0034955949293));
#3821=CARTESIAN_POINT('Ctrl Pts',(200.992149855176,-4.76790998932455,79.0082820856576));
#3822=CARTESIAN_POINT('Ctrl Pts',(200.135678239697,6.01982930303388,43.3813310579162));
#3823=CARTESIAN_POINT('Ctrl Pts',(199.469655870211,8.04073293963141,31.0321782984896));
#3824=CARTESIAN_POINT('Ctrl Pts',(198.430414930379,8.39451915683653,18.5137214375198));
#3825=CARTESIAN_POINT('Ctrl Pts',(191.877628862976,-52.4821611730097,151.736528944515));
#3826=CARTESIAN_POINT('Ctrl Pts',(194.288795104103,-47.42096715971,142.059892019009));
#3827=CARTESIAN_POINT('Ctrl Pts',(196.497756340104,-41.6229327803822,132.77895169258));
#3828=CARTESIAN_POINT('Ctrl Pts',(202.305573088315,-24.6191066711698,97.0307219065319));
#3829=CARTESIAN_POINT('Ctrl Pts',(200.954656743183,-4.73207570375898,79.0291515057933));
#3830=CARTESIAN_POINT('Ctrl Pts',(200.100844731557,6.05709742924422,43.3928181378003));
#3831=CARTESIAN_POINT('Ctrl Pts',(199.43467899001,8.07862883191909,31.0392945660241));
#3832=CARTESIAN_POINT('Ctrl Pts',(198.394241720367,8.43317805047123,18.5153033611528));
#3833=CARTESIAN_POINT('',(198.515895025393,8.3833067059042,20.0000013649072));
#3834=CARTESIAN_POINT('Ctrl Pts',(192.277087190163,-51.6331387806554,150.129179514877));
#3835=CARTESIAN_POINT('Ctrl Pts',(194.531539314685,-46.7824926564374,141.031461215078));
#3836=CARTESIAN_POINT('Ctrl Pts',(196.576542726874,-41.3922660636998,132.294006319756));
#3837=CARTESIAN_POINT('Ctrl Pts',(202.305573088315,-24.6191066711698,97.0307219065319));
#3838=CARTESIAN_POINT('Ctrl Pts',(200.954656743183,-4.73207570375898,79.0291515057933));
#3839=CARTESIAN_POINT('Ctrl Pts',(200.11238546425,5.91126326269431,43.8745042606894));
#3840=CARTESIAN_POINT('Ctrl Pts',(199.486770824379,7.91617088384649,32.0158800235072));
#3841=CARTESIAN_POINT('Ctrl Pts',(198.515895025395,8.38330670590316,20.0000013649345));
#3842=CARTESIAN_POINT('',(207.450113326221,1.64675132783,20.0000013649072));
#3843=CARTESIAN_POINT('Ctrl Pts',(198.515895025393,8.38330670590418,20.0000013649072));
#3844=CARTESIAN_POINT('Ctrl Pts',(201.082248473996,5.64410803190985,20.0000013649072));
#3845=CARTESIAN_POINT('Ctrl Pts',(204.105310554402,3.36509269550318,20.0000013649072));
#3846=CARTESIAN_POINT('Ctrl Pts',(207.450113326221,1.64675132782996,20.0000013649072));
#3847=CARTESIAN_POINT('',(207.696445186765,1.5301854262923,19.5000013649073));
#3848=CARTESIAN_POINT('Ctrl Pts',(207.450113326221,1.64675132783002,20.0000013649072));
#3849=CARTESIAN_POINT('Ctrl Pts',(207.532421233294,1.60736600563816,19.8340885488241));
#3850=CARTESIAN_POINT('Ctrl Pts',(207.614534325732,1.56851341708934,19.667436060551));
#3851=CARTESIAN_POINT('Ctrl Pts',(207.696445186765,1.53018542629206,19.5000013649076));
#3852=CARTESIAN_POINT('',(252.219502940764,25.5323325887393,19.5000013649073));
#3853=CARTESIAN_POINT('Ctrl Pts',(207.696445186765,1.5301854262923,19.5000013649073));
#3854=CARTESIAN_POINT('Ctrl Pts',(209.155623822703,0.800847083042712,19.5000013649073));
#3855=CARTESIAN_POINT('Ctrl Pts',(210.608885329755,0.210293210922181,19.5000013649343));
#3856=CARTESIAN_POINT('Ctrl Pts',(212.010551378613,-0.253043535717801,19.5000013649343));
#3857=CARTESIAN_POINT('Ctrl Pts',(214.030418343256,-0.920733666905171,19.5000013649343));
#3858=CARTESIAN_POINT('Ctrl Pts',(216.11298471379,-1.38169633146386,19.5000013649072));
#3859=CARTESIAN_POINT('Ctrl Pts',(220.251188074542,-1.86098734004542,19.5000013649072));
#3860=CARTESIAN_POINT('Ctrl Pts',(222.373523128323,-1.90593403772507,19.5000013649073));
#3861=CARTESIAN_POINT('Ctrl Pts',(228.367208477743,-1.3635711770225,19.5000013649073));
#3862=CARTESIAN_POINT('Ctrl Pts',(232.217835644331,-0.305693468836452,19.5000013649073));
#3863=CARTESIAN_POINT('Ctrl Pts',(239.276239976689,3.35516277495991,19.5000013649073));
#3864=CARTESIAN_POINT('Ctrl Pts',(242.444944435966,5.81054780688614,19.5000013649193));
#3865=CARTESIAN_POINT('Ctrl Pts',(247.624645634549,11.9409837931232,19.5000013649193));
#3866=CARTESIAN_POINT('Ctrl Pts',(249.645852194196,15.4776822881433,19.5000013649099));
#3867=CARTESIAN_POINT('Ctrl Pts',(251.477828670942,21.2038351225875,19.5000013649099));
#3868=CARTESIAN_POINT('Ctrl Pts',(251.895726165478,23.0103149854566,19.5000013649073));
#3869=CARTESIAN_POINT('Ctrl Pts',(252.17658861978,25.1668336902891,19.5000013649073));
#3870=CARTESIAN_POINT('Ctrl Pts',(252.198796608108,25.3492965180536,19.5000013649073));
#3871=CARTESIAN_POINT('Ctrl Pts',(252.219502940764,25.5323325887393,19.5000013649073));
#3872=CARTESIAN_POINT('',(252.235728555378,25.6454573130885,20.0000013649072));
#3873=CARTESIAN_POINT('Ctrl Pts',(252.219502940764,25.5323325887371,19.5000013649078));
#3874=CARTESIAN_POINT('Ctrl Pts',(252.224957740098,25.5698786131231,19.6673664150251));
#3875=CARTESIAN_POINT('Ctrl Pts',(252.230367004242,25.6075879962081,19.8340281281913));
#3876=CARTESIAN_POINT('Ctrl Pts',(252.235728555377,25.6454573130865,20.0000013649077));
#3877=CARTESIAN_POINT('Ctrl Pts',(252.235728555378,25.6454573130885,20.0000013649073));
#3878=CARTESIAN_POINT('Ctrl Pts',(252.28973749269,26.1538676532408,20.0000013649073));
#3879=CARTESIAN_POINT('Ctrl Pts',(252.331676942097,26.6619032914141,20.0000013649066));
#3880=CARTESIAN_POINT('Ctrl Pts',(252.612939386793,31.4044995608866,20.0000013649066));
#3881=CARTESIAN_POINT('Ctrl Pts',(252.039319238442,35.6497638299815,20.000001364907));
#3882=CARTESIAN_POINT('Ctrl Pts',(249.297599039916,43.6710671891785,20.000001364907));
#3883=CARTESIAN_POINT('Ctrl Pts',(247.183027686454,47.3003831698469,20.0000013649072));
#3884=CARTESIAN_POINT('Ctrl Pts',(241.603783711016,53.5710552009144,20.0000013649073));
#3885=CARTESIAN_POINT('Ctrl Pts',(238.267205838248,56.115086172852,20.0000013649072));
#3886=CARTESIAN_POINT('Ctrl Pts',(230.91725421127,59.7333929587126,20.0000013649072));
#3887=CARTESIAN_POINT('Ctrl Pts',(227.002334802342,60.8111214893505,20.0000013649072));
#3888=CARTESIAN_POINT('Ctrl Pts',(218.949998966756,61.3847703264737,20.0000013649072));
#3889=CARTESIAN_POINT('Ctrl Pts',(214.916628562207,60.8839810347396,20.0000013649072));
#3890=CARTESIAN_POINT('Ctrl Pts',(207.280347582557,58.3665618407804,20.0000013649072));
#3891=CARTESIAN_POINT('Ctrl Pts',(203.748970620615,56.3782224910953,20.0000013649072));
#3892=CARTESIAN_POINT('Ctrl Pts',(197.65762440049,51.1684251206481,20.0000013649072));
#3893=CARTESIAN_POINT('Ctrl Pts',(195.152402911759,48.0005028175593,20.0000013649072));
#3894=CARTESIAN_POINT('Ctrl Pts',(191.649071161179,41.1802505838758,20.0000013649072));
#3895=CARTESIAN_POINT('Ctrl Pts',(190.370454844995,37.2598971130384,20.0000013649073));
#3896=CARTESIAN_POINT('Ctrl Pts',(189.68256850039,28.5206108510401,20.0000013649073));
#3897=CARTESIAN_POINT('Ctrl Pts',(190.188137189446,24.2875078848532,20.0000013649072));
#3898=CARTESIAN_POINT('Ctrl Pts',(192.429846250142,17.3865904227591,20.0000013649072));
#3899=CARTESIAN_POINT('Ctrl Pts',(194.121842343504,13.448021255138,20.0000013649064));
#3900=CARTESIAN_POINT('Ctrl Pts',(197.889839231663,9.06594119292038,20.0000013649064));
#3901=CARTESIAN_POINT('Ctrl Pts',(198.199393922967,8.72112432044811,20.0000013649072));
#3902=CARTESIAN_POINT('Ctrl Pts',(198.515895025393,8.38330670590418,20.0000013649072));
#3903=CARTESIAN_POINT('Origin',(221.046768866769,30.0612011397071,10.0000013649073));
#3904=CARTESIAN_POINT('',(200.162672557115,9.94020411348788,19.5000013649073));
#3905=CARTESIAN_POINT('Origin',(221.046768866769,30.0612011397071,19.5000013649073));
#3906=CARTESIAN_POINT('',(200.162672557115,9.94020411348785,1.36490728053218E-6));
#3907=CARTESIAN_POINT('',(200.162672557115,9.9402041134879,10.0000013649073));
#3908=CARTESIAN_POINT('Origin',(221.046768866769,30.0612011397071,1.36490728053218E-6));
#3909=CARTESIAN_POINT('Origin',(221.046768866769,30.0612011397071,19.5000013649073));
#3910=CARTESIAN_POINT('Origin',(221.046768866769,30.0612011397071,20.0000013649073));
#3911=CARTESIAN_POINT('Origin',(221.046768866769,30.0612011397071,20.0000013649072));
#3912=CARTESIAN_POINT('',(198.362319426973,8.20563540433108,20.0000013649077));
#3913=CARTESIAN_POINT('Origin',(221.046768866769,30.0612011397071,20.0000013649072));
#3914=CARTESIAN_POINT('Origin',(221.046768866769,30.0612011397071,20.0000013649072));
#3915=CARTESIAN_POINT('Origin',(221.046768866769,30.0612011397071,10.0000013649073));
#3916=CARTESIAN_POINT('',(198.362319426973,8.20563540433107,1.36490726387883E-6));
#3917=CARTESIAN_POINT('Origin',(221.046768866769,30.0612011397071,1.36490726276861E-6));
#3918=CARTESIAN_POINT('',(198.362319426973,8.20563540433108,10.0000013649073));
#3919=CARTESIAN_POINT('Origin',(221.046768866769,30.0612011397071,19.5000013649073));
#3920=CARTESIAN_POINT('Origin',(221.046768866769,30.0612011397071,20.0000013649072));
#3921=CARTESIAN_POINT('Origin',(221.046768866769,30.0612011397071,1.36490726276861E-6));
#3922=CARTESIAN_POINT('Origin',(221.046768866769,30.0612011397071,19.5000013649073));
#3923=CARTESIAN_POINT('Origin',(221.046768866769,30.0612011397071,19.5000013649073));
#3924=CARTESIAN_POINT('Origin',(238.366052985522,-12.3343772485672,165.268465981672));
#3925=CARTESIAN_POINT('Ctrl Pts',(187.848070173803,-59.6055695119064,162.507215291551));
#3926=CARTESIAN_POINT('Ctrl Pts',(188.716355794106,-60.1161182398895,162.358811047037));
#3927=CARTESIAN_POINT('Ctrl Pts',(189.713456715726,-60.578471583794,162.206738203679));
#3928=CARTESIAN_POINT('Ctrl Pts',(190.799910495021,-60.9177498907299,162.065391729681));
#3929=CARTESIAN_POINT('Ctrl Pts',(192.577351248635,-61.4728099411966,161.834148589797));
#3930=CARTESIAN_POINT('Ctrl Pts',(194.521541000546,-61.6516806775296,161.644612220035));
#3931=CARTESIAN_POINT('Ctrl Pts',(196.188565200491,-61.5123700292272,161.525425413159));
#3932=CARTESIAN_POINT('Ctrl Pts',(197.637395694428,-61.3912934933273,161.421838746401));
#3933=CARTESIAN_POINT('Ctrl Pts',(198.932549728894,-61.0569583602313,161.362711856966));
#3934=CARTESIAN_POINT('Ctrl Pts',(200.042806213948,-60.6267717783198,161.33328204318));
#3935=CARTESIAN_POINT('Ctrl Pts',(200.514095573742,-60.444163199572,161.320789472062));
#3936=CARTESIAN_POINT('Ctrl Pts',(200.913940669868,-60.2639494443857,161.313934280988));
#3937=CARTESIAN_POINT('Ctrl Pts',(201.41617599716,-59.9890871342393,161.312503728911));
#3938=CARTESIAN_POINT('Ctrl Pts',(201.485293888049,-59.9512604380078,161.312306855578));
#3939=CARTESIAN_POINT('Ctrl Pts',(201.55545080431,-59.9119214183657,161.312246727936));
#3940=CARTESIAN_POINT('Ctrl Pts',(201.626136507838,-59.8712474061966,161.312339886441));
#3941=CARTESIAN_POINT('Ctrl Pts',(202.157011567275,-59.5657709441916,161.313039540326));
#3942=CARTESIAN_POINT('Ctrl Pts',(202.738308495348,-59.2208177943607,161.315354593502));
#3943=CARTESIAN_POINT('Ctrl Pts',(203.181938956463,-58.9515105633551,161.318016752248));
#3944=CARTESIAN_POINT('Ctrl Pts',(203.549364642102,-58.7284636748446,161.320221617757));
#3945=CARTESIAN_POINT('Ctrl Pts',(203.815581515147,-58.5635698455717,161.322305618889));
#3946=CARTESIAN_POINT('Ctrl Pts',(204.103572754501,-58.38322559717,161.324850746996));
#3947=CARTESIAN_POINT('Ctrl Pts',(207.077063944826,-56.521182727213,161.35112903248));
#3948=CARTESIAN_POINT('Ctrl Pts',(209.059995130784,-55.0589047558705,161.401302063175));
#3949=CARTESIAN_POINT('Ctrl Pts',(211.010807213094,-53.5316773839675,161.463784095849));
#3950=CARTESIAN_POINT('Ctrl Pts',(211.801030707443,-52.913037094914,161.489093950469));
#3951=CARTESIAN_POINT('Ctrl Pts',(212.612735148744,-52.2777520543638,161.51506635176));
#3952=CARTESIAN_POINT('Ctrl Pts',(213.434902809576,-51.6344866893768,161.541342641338));
#3953=CARTESIAN_POINT('Ctrl Pts',(216.851106894695,-48.9616428493981,161.65052373915));
#3954=CARTESIAN_POINT('Ctrl Pts',(219.833149886643,-46.6318724992847,161.745328009244));
#3955=CARTESIAN_POINT('Ctrl Pts',(222.732506621141,-44.3696098853267,161.837073075386));
#3956=CARTESIAN_POINT('Ctrl Pts',(228.41200305701,-39.938105372584,162.016790793444));
#3957=CARTESIAN_POINT('Ctrl Pts',(233.62025925279,-35.8863003358138,162.179819275125));
#3958=CARTESIAN_POINT('Ctrl Pts',(238.79208952285,-31.8718566814018,162.340371694178));
#3959=CARTESIAN_POINT('Ctrl Pts',(242.151238853374,-29.2644401557266,162.444651905015));
#3960=CARTESIAN_POINT('Ctrl Pts',(245.545859866471,-26.6335885664312,162.549426532237));
#3961=CARTESIAN_POINT('Ctrl Pts',(248.766583237385,-24.1399229334807,162.648476417763));
#3962=CARTESIAN_POINT('Ctrl Pts',(254.594280856031,-19.6277908447433,162.827700994212));
#3963=CARTESIAN_POINT('Ctrl Pts',(259.989095170055,-15.4583079722343,162.992504387124));
#3964=CARTESIAN_POINT('Ctrl Pts',(265.094997527451,-11.5096462273378,163.148847601604));
#3965=CARTESIAN_POINT('Ctrl Pts',(268.092025589421,-9.19188743989535,163.240616885131));
#3966=CARTESIAN_POINT('Ctrl Pts',(270.989556826683,-6.95026671156202,163.329459191192));
#3967=CARTESIAN_POINT('Ctrl Pts',(273.816984714385,-4.76050303289867,163.416503940855));
#3968=CARTESIAN_POINT('Ctrl Pts',(275.66397760603,-3.33005878833862,163.473365173136));
#3969=CARTESIAN_POINT('Ctrl Pts',(277.464599017452,-1.93452135445601,163.528947839411));
#3970=CARTESIAN_POINT('Ctrl Pts',(279.280937486459,-0.525346648444035,163.585231227759));
#3971=CARTESIAN_POINT('Ctrl Pts',(279.421113100621,-0.416593828830476,163.589574888736));
#3972=CARTESIAN_POINT('Ctrl Pts',(279.561654108267,-0.3075487637804,163.593931169292));
#3973=CARTESIAN_POINT('Ctrl Pts',(279.702655469449,-0.198137392623552,163.598303069357));
#3974=CARTESIAN_POINT('Ctrl Pts',(281.935400266155,1.5343825462135,163.667531742323));
#3975=CARTESIAN_POINT('Ctrl Pts',(284.22679401834,3.42923230370143,163.755873218788));
#3976=CARTESIAN_POINT('Ctrl Pts',(286.894421848889,5.84369819930259,163.889585455809));
#3977=CARTESIAN_POINT('Ctrl Pts',(288.228235764164,7.05093114710318,163.95644157432));
#3978=CARTESIAN_POINT('Ctrl Pts',(289.654764650744,8.39009473742396,164.035053086837));
#3979=CARTESIAN_POINT('Ctrl Pts',(291.207294280644,9.91356422422954,164.130382095892));
#3980=CARTESIAN_POINT('Ctrl Pts',(292.117263504349,10.8065007064377,164.186256368882));
#3981=CARTESIAN_POINT('Ctrl Pts',(293.070392750461,11.7628551746974,164.247899392861));
#3982=CARTESIAN_POINT('Ctrl Pts',(294.073862810148,12.7926089127733,164.316186573621));
#3983=CARTESIAN_POINT('Ctrl Pts',(294.730671711486,13.4666214703229,164.36088310217));
#3984=CARTESIAN_POINT('Ctrl Pts',(295.409051240886,14.1720724022466,164.408424730294));
#3985=CARTESIAN_POINT('Ctrl Pts',(296.111547386465,14.9112797648937,164.458941099315));
#3986=CARTESIAN_POINT('Ctrl Pts',(296.166924514671,14.9695508047412,164.46292325845));
#3987=CARTESIAN_POINT('Ctrl Pts',(296.222499283378,15.0280816904787,164.466927309848));
#3988=CARTESIAN_POINT('Ctrl Pts',(296.277457329721,15.0860122356519,164.470894209257));
#3989=CARTESIAN_POINT('Ctrl Pts',(296.627287621131,15.4547636896802,164.496145135533));
#3990=CARTESIAN_POINT('Ctrl Pts',(296.945785237817,15.8267466744448,164.524502283764));
#3991=CARTESIAN_POINT('Ctrl Pts',(297.325535519262,16.3570136372883,164.571154913184));
#3992=CARTESIAN_POINT('Ctrl Pts',(297.609021902593,16.7528618323823,164.605981444812));
#3993=CARTESIAN_POINT('Ctrl Pts',(297.931708939517,17.2663913016754,164.654942027187));
#3994=CARTESIAN_POINT('Ctrl Pts',(298.185564174444,17.7386245162412,164.703561849458));
#3995=CARTESIAN_POINT('Ctrl Pts',(298.532368186328,18.3837653320391,164.769983758881));
#3996=CARTESIAN_POINT('Ctrl Pts',(298.801177590651,19.0129213449957,164.840580530249));
#3997=CARTESIAN_POINT('Ctrl Pts',(299.012715946201,19.6096815605834,164.911184599555));
#3998=CARTESIAN_POINT('Ctrl Pts',(299.373312043285,20.6269410740015,165.031538904872));
#3999=CARTESIAN_POINT('Ctrl Pts',(299.576697811749,21.5219272692854,165.146976624248));
#4000=CARTESIAN_POINT('Ctrl Pts',(299.704838409079,22.3051846744181,165.25218450419));
#4001=CARTESIAN_POINT('Ctrl Pts',(299.883252952267,23.3957407904978,165.398669039388));
#4002=CARTESIAN_POINT('Ctrl Pts',(299.928746042675,24.3870987778089,165.541616012385));
#4003=CARTESIAN_POINT('Ctrl Pts',(299.902027951899,25.2729561730464,165.675000723705));
#4004=CARTESIAN_POINT('Ctrl Pts',(299.870627473193,26.3140614865917,165.831761317958));
#4005=CARTESIAN_POINT('Ctrl Pts',(299.743674817018,27.2112839152441,165.975235038788));
#4006=CARTESIAN_POINT('Ctrl Pts',(299.592198729378,27.9529057288177,166.097730107315));
#4007=CARTESIAN_POINT('Ctrl Pts',(299.450287164899,28.6476999597415,166.212490576023));
#4008=CARTESIAN_POINT('Ctrl Pts',(299.268742837082,29.2973423147479,166.323890615789));
#4009=CARTESIAN_POINT('Ctrl Pts',(299.047523050323,29.9254384404104,166.435428429439));
#4010=CARTESIAN_POINT('Ctrl Pts',(298.862379726944,30.4511048186781,166.528776686412));
#4011=CARTESIAN_POINT('Ctrl Pts',(298.650625323159,30.9556519578417,166.621230241523));
#4012=CARTESIAN_POINT('Ctrl Pts',(298.415106565514,31.4373859821139,166.712299580062));
#4013=CARTESIAN_POINT('Ctrl Pts',(298.269306949052,31.7356069674749,166.768676722857));
#4014=CARTESIAN_POINT('Ctrl Pts',(298.11439759634,32.0250833518481,166.824523318064));
#4015=CARTESIAN_POINT('Ctrl Pts',(297.951058601045,32.3054093138756,166.879722248818));
#4016=CARTESIAN_POINT('Ctrl Pts',(297.850546441035,32.477910484828,166.913689420897));
#4017=CARTESIAN_POINT('Ctrl Pts',(297.746112169275,32.6480785443569,166.947640136123));
#4018=CARTESIAN_POINT('Ctrl Pts',(297.640118182568,32.8124117409385,166.980857858584));
#4019=CARTESIAN_POINT('Ctrl Pts',(297.50278458363,33.0253339076846,167.023897181057));
#4020=CARTESIAN_POINT('Ctrl Pts',(297.412269483088,33.168403587394,167.052668825596));
#4021=CARTESIAN_POINT('Ctrl Pts',(297.305908842919,33.3382073725761,167.086727174378));
#4022=CARTESIAN_POINT('Ctrl Pts',(297.231255726362,33.4573903875218,167.110632275713));
#4023=CARTESIAN_POINT('Ctrl Pts',(297.157243254321,33.5767322171009,167.134507158438));
#4024=CARTESIAN_POINT('Ctrl Pts',(297.083859717533,33.696222946069,167.158351336719));
#4025=CARTESIAN_POINT('Ctrl Pts',(297.069728344513,33.7192331216125,167.162942979374));
#4026=CARTESIAN_POINT('Ctrl Pts',(297.055602550754,33.742237711683,167.167533327221));
#4027=CARTESIAN_POINT('Ctrl Pts',(297.041482321619,33.765236736643,167.172122384504));
#4028=CARTESIAN_POINT('Ctrl Pts',(296.646225877707,34.4090303133652,167.300580247694));
#4029=CARTESIAN_POINT('Ctrl Pts',(296.252358437264,35.0466833252953,167.428012557263));
#4030=CARTESIAN_POINT('Ctrl Pts',(295.860756793494,35.6790539561115,167.554472825036));
#4031=CARTESIAN_POINT('Ctrl Pts',(295.664955971609,35.9952392715196,167.617702958923));
#4032=CARTESIAN_POINT('Ctrl Pts',(295.469727217504,36.3100927516697,167.680687947151));
#4033=CARTESIAN_POINT('Ctrl Pts',(295.27519111543,36.6236889472526,167.743428713131));
#4034=CARTESIAN_POINT('Ctrl Pts',(295.149486388353,36.8263275513885,167.78397034412));
#4035=CARTESIAN_POINT('Ctrl Pts',(295.024070880908,37.0284409590331,167.824409967703));
#4036=CARTESIAN_POINT('Ctrl Pts',(294.898974149552,37.2300513653759,167.864748390846));
#4037=CARTESIAN_POINT('Ctrl Pts',(294.830475691085,37.3404459527936,167.886836256551));
#4038=CARTESIAN_POINT('Ctrl Pts',(294.773236109102,37.432694772161,167.905293526766));
#4039=CARTESIAN_POINT('Ctrl Pts',(294.688619391721,37.5690887443273,167.932582199869));
#4040=CARTESIAN_POINT('Ctrl Pts',(294.492472819665,37.8852580654448,167.995838963436));
#4041=CARTESIAN_POINT('Ctrl Pts',(294.079041712941,38.5252015192182,168.125251126918));
#4042=CARTESIAN_POINT('Ctrl Pts',(293.419523586602,39.2355150835323,168.285719924462));
#4043=CARTESIAN_POINT('Ctrl Pts',(292.930753354808,39.7619299182602,168.404643678395));
#4044=CARTESIAN_POINT('Ctrl Pts',(292.298421826704,40.3406418168613,168.543349834955));
#4045=CARTESIAN_POINT('Ctrl Pts',(291.568837202117,40.8500524734047,168.679952970808));
#4046=CARTESIAN_POINT('Ctrl Pts',(289.50496921642,42.2910866045825,169.066379478894));
#4047=CARTESIAN_POINT('Ctrl Pts',(287.203743206475,42.8450679998262,169.341391948819));
#4048=CARTESIAN_POINT('Ctrl Pts',(285.103736889317,42.7859714489443,169.508767298472));
#4049=CARTESIAN_POINT('Ctrl Pts',(283.932106423093,42.7530004436209,169.602148950396));
#4050=CARTESIAN_POINT('Ctrl Pts',(282.807094675903,42.5247647681884,169.662713436321));
#4051=CARTESIAN_POINT('Ctrl Pts',(281.882737272889,42.2321806576422,169.696923112222));
#4052=CARTESIAN_POINT('Ctrl Pts',(280.929861336383,41.9305696601706,169.732188234625));
#4053=CARTESIAN_POINT('Ctrl Pts',(280.149405415921,41.5611806010466,169.742958786075));
#4054=CARTESIAN_POINT('Ctrl Pts',(279.548889752904,41.2354102021864,169.74509542555));
#4055=CARTESIAN_POINT('Ctrl Pts',(278.827511765511,40.8440738738363,169.747662094129));
#4056=CARTESIAN_POINT('Ctrl Pts',(278.346927448113,40.5169075970083,169.739533638778));
#4057=CARTESIAN_POINT('Ctrl Pts',(277.809269038135,40.1060181857682,169.72379737246));
#4058=CARTESIAN_POINT('Ctrl Pts',(277.402239444029,39.794957952773,169.711884369755));
#4059=CARTESIAN_POINT('Ctrl Pts',(276.944450967689,39.4452569945077,169.698507989927));
#4060=CARTESIAN_POINT('Ctrl Pts',(276.376058199414,39.010795833741,169.68185976033));
#4061=CARTESIAN_POINT('Ctrl Pts',(275.489566003438,38.3331896959234,169.655894395465));
#4062=CARTESIAN_POINT('Ctrl Pts',(274.416334028389,37.5118095939584,169.624306037578));
#4063=CARTESIAN_POINT('Ctrl Pts',(273.502608574016,36.8090101355401,169.596895017616));
#4064=CARTESIAN_POINT('Ctrl Pts',(272.856697980661,36.3122026831219,169.577518225513));
#4065=CARTESIAN_POINT('Ctrl Pts',(272.273926668657,35.8623438826494,169.559796406911));
#4066=CARTESIAN_POINT('Ctrl Pts',(271.684791531153,35.4055274494463,169.541578291628));
#4067=CARTESIAN_POINT('Ctrl Pts',(270.343484223846,34.3654753782875,169.500100386817));
#4068=CARTESIAN_POINT('Ctrl Pts',(269.070503679386,33.3670194936704,169.459050001362));
#4069=CARTESIAN_POINT('Ctrl Pts',(267.850363447722,32.3948940192917,169.417465985849));
#4070=CARTESIAN_POINT('Ctrl Pts',(255.511541637249,22.5641526876813,168.996942390065));
#4071=CARTESIAN_POINT('Ctrl Pts',(248.560472154519,17.0944995343474,168.770180055641));
#4072=CARTESIAN_POINT('Ctrl Pts',(238.723921597636,9.42789286426994,168.460177401268));
#4073=CARTESIAN_POINT('Ctrl Pts',(237.158241913776,8.20760225141004,168.410834406985));
#4074=CARTESIAN_POINT('Ctrl Pts',(235.518854581361,6.93240552555903,168.359544754216));
#4075=CARTESIAN_POINT('Ctrl Pts',(233.771587762061,5.5768892489969,168.305412128728));
#4076=CARTESIAN_POINT('Ctrl Pts',(232.398130911045,4.51137189575473,168.262860627996));
#4077=CARTESIAN_POINT('Ctrl Pts',(230.972296754206,3.40743643600768,168.219014441569));
#4078=CARTESIAN_POINT('Ctrl Pts',(229.583559156103,2.33452403154885,168.17664973563));
#4079=CARTESIAN_POINT('Ctrl Pts',(223.809018756449,-2.1267766729937,168.000492118595));
#4080=CARTESIAN_POINT('Ctrl Pts',(218.238877223051,-6.39094662546324,167.836375489748));
#4081=CARTESIAN_POINT('Ctrl Pts',(212.776812972803,-10.5344044952653,167.681065027234));
#4082=CARTESIAN_POINT('Ctrl Pts',(210.045780847679,-12.6061334301664,167.603409795977));
#4083=CARTESIAN_POINT('Ctrl Pts',(207.341771672633,-14.6476889422756,167.527955121243));
#4084=CARTESIAN_POINT('Ctrl Pts',(204.652759299549,-16.6686416966774,167.454292758155));
#4085=CARTESIAN_POINT('Ctrl Pts',(203.308253113007,-17.6791180738783,167.41746157661));
#4086=CARTESIAN_POINT('Ctrl Pts',(201.967496205271,-18.6844438696176,167.381078450426));
#4087=CARTESIAN_POINT('Ctrl Pts',(200.628985846884,-19.6858161707543,167.345092192199));
#4088=CARTESIAN_POINT('Ctrl Pts',(199.675346846324,-20.3992568060557,167.319453317524));
#4089=CARTESIAN_POINT('Ctrl Pts',(198.722848207395,-21.1106906418312,167.294015892758));
#4090=CARTESIAN_POINT('Ctrl Pts',(197.770946635633,-21.8205508348052,167.268761357828));
#4091=CARTESIAN_POINT('Ctrl Pts',(197.386776472473,-22.1070374992308,167.258569086807));
#4092=CARTESIAN_POINT('Ctrl Pts',(197.004487506754,-22.39195388244,167.248451510054));
#4093=CARTESIAN_POINT('Ctrl Pts',(196.574947847539,-22.7118493480717,167.23711840624));
#4094=CARTESIAN_POINT('Ctrl Pts',(194.804966501314,-24.0300256672169,167.190418685004));
#4095=CARTESIAN_POINT('Ctrl Pts',(192.474593086094,-25.8455630162337,167.117087919762));
#4096=CARTESIAN_POINT('Ctrl Pts',(189.737566273521,-28.2977907094086,166.983605738441));
#4097=CARTESIAN_POINT('Ctrl Pts',(188.369052867235,-29.5239045559961,166.91686464778));
#4098=CARTESIAN_POINT('Ctrl Pts',(186.899910257566,-30.9105236705912,166.834801678348));
#4099=CARTESIAN_POINT('Ctrl Pts',(185.351249478068,-32.4772259340591,166.732747937758));
#4100=CARTESIAN_POINT('Ctrl Pts',(184.305428573302,-33.5352303727134,166.663830369281));
#4101=CARTESIAN_POINT('Ctrl Pts',(183.22339905955,-34.6753688982572,166.585790281151));
#4102=CARTESIAN_POINT('Ctrl Pts',(182.110228733315,-35.9024382382807,166.497492529426));
#4103=CARTESIAN_POINT('Ctrl Pts',(181.575006665322,-36.4924239522909,166.455038195023));
#4104=CARTESIAN_POINT('Ctrl Pts',(181.01557013276,-37.1224582083094,166.408685830734));
#4105=CARTESIAN_POINT('Ctrl Pts',(180.516667942693,-37.6946099005164,166.365825587734));
#4106=CARTESIAN_POINT('Ctrl Pts',(179.967529217073,-38.3243739251582,166.318649568689));
#4107=CARTESIAN_POINT('Ctrl Pts',(179.52406761685,-38.9613280382412,166.261546147793));
#4108=CARTESIAN_POINT('Ctrl Pts',(179.114495882895,-39.7612639667616,166.177472320418));
#4109=CARTESIAN_POINT('Ctrl Pts',(178.817456421994,-40.3414127350098,166.116498277805));
#4110=CARTESIAN_POINT('Ctrl Pts',(178.586167218561,-40.9389967388173,166.047428724855));
#4111=CARTESIAN_POINT('Ctrl Pts',(178.423406218541,-41.4945493201279,165.978834229876));
#4112=CARTESIAN_POINT('Ctrl Pts',(178.365426023971,-41.6924532820985,165.954398878871));
#4113=CARTESIAN_POINT('Ctrl Pts',(178.315139479876,-41.8871059338839,165.929799603694));
#4114=CARTESIAN_POINT('Ctrl Pts',(178.271669397512,-42.0781687359479,165.905160090732));
#4115=CARTESIAN_POINT('Ctrl Pts',(177.88002111028,-43.799569182236,165.683167802586));
#4116=CARTESIAN_POINT('Ctrl Pts',(177.939561213833,-45.1745527676129,165.474619249062));
#4117=CARTESIAN_POINT('Ctrl Pts',(178.117926830492,-46.3530033284476,165.285200092786));
#4118=CARTESIAN_POINT('Ctrl Pts',(178.164619108229,-46.6614963099758,165.235614236391));
#4119=CARTESIAN_POINT('Ctrl Pts',(178.22157146459,-46.9547024698477,165.187430972257));
#4120=CARTESIAN_POINT('Ctrl Pts',(178.285601079113,-47.2328459975671,165.140884048938));
#4121=CARTESIAN_POINT('Ctrl Pts',(178.539748868791,-48.3368595592686,164.956128951375));
#4122=CARTESIAN_POINT('Ctrl Pts',(178.858521977581,-49.1727066997848,164.805653668813));
#4123=CARTESIAN_POINT('Ctrl Pts',(179.249721369145,-50.0006390860405,164.650275826248));
#4124=CARTESIAN_POINT('Ctrl Pts',(179.60697764781,-50.7567344422164,164.508379619304));
#4125=CARTESIAN_POINT('Ctrl Pts',(180.022940043727,-51.4643062656914,164.368743336266));
#4126=CARTESIAN_POINT('Ctrl Pts',(180.482665175582,-52.1218600917174,164.232841497407));
#4127=CARTESIAN_POINT('Ctrl Pts',(180.788446448889,-52.5592250131848,164.142447837256));
#4128=CARTESIAN_POINT('Ctrl Pts',(181.113654477594,-52.974422993186,164.053706520328));
#4129=CARTESIAN_POINT('Ctrl Pts',(181.454068314199,-53.3667555910631,163.967074949011));
#4130=CARTESIAN_POINT('Ctrl Pts',(181.518015697295,-53.4404560116675,163.950801044476));
#4131=CARTESIAN_POINT('Ctrl Pts',(181.582641926701,-53.5135073464029,163.934566298037));
#4132=CARTESIAN_POINT('Ctrl Pts',(181.647485074287,-53.5854243796343,163.918481283041));
#4133=CARTESIAN_POINT('Ctrl Pts',(181.879136067515,-53.8423467037069,163.861017852615));
#4134=CARTESIAN_POINT('Ctrl Pts',(182.073140168406,-54.0627598638864,163.812116687445));
#4135=CARTESIAN_POINT('Ctrl Pts',(182.291881641547,-54.3168187760449,163.756159862042));
#4136=CARTESIAN_POINT('Ctrl Pts',(182.308303965613,-54.3358926065681,163.751958824593));
#4137=CARTESIAN_POINT('Ctrl Pts',(182.324795721519,-54.3550490085556,163.747739739981));
#4138=CARTESIAN_POINT('Ctrl Pts',(182.341358964776,-54.3742904190164,163.743502075036));
#4139=CARTESIAN_POINT('Ctrl Pts',(182.690298544298,-54.779651227372,163.654226744038));
#4140=CARTESIAN_POINT('Ctrl Pts',(183.074697999853,-55.2195735815968,163.556860898123));
#4141=CARTESIAN_POINT('Ctrl Pts',(183.51717355343,-55.71348893648,163.446631084381));
#4142=CARTESIAN_POINT('Ctrl Pts',(183.738411330218,-55.9604466139216,163.391516177511));
#4143=CARTESIAN_POINT('Ctrl Pts',(183.974205256426,-56.2208657286626,163.333187614919));
#4144=CARTESIAN_POINT('Ctrl Pts',(184.227699774077,-56.4969193619023,163.271059970561));
#4145=CARTESIAN_POINT('Ctrl Pts',(184.354447032902,-56.6349461785222,163.239996148382));
#4146=CARTESIAN_POINT('Ctrl Pts',(184.485623474172,-56.7768786063247,163.207982664243));
#4147=CARTESIAN_POINT('Ctrl Pts',(184.621648606097,-56.9229667455058,163.174947309395));
#4148=CARTESIAN_POINT('Ctrl Pts',(184.700193470577,-57.0073222828374,163.155871735397));
#4149=CARTESIAN_POINT('Ctrl Pts',(184.780355350847,-57.0930631426989,163.136455459302));
#4150=CARTESIAN_POINT('Ctrl Pts',(184.862217986984,-57.1802347949854,163.116684726521));
#4151=CARTESIAN_POINT('Ctrl Pts',(184.909073371919,-57.2301288799564,163.105368632407));
#4152=CARTESIAN_POINT('Ctrl Pts',(184.937321671082,-57.2604216520839,163.098514897571));
#4153=CARTESIAN_POINT('Ctrl Pts',(185.067342259049,-57.3978661707005,163.067262751045));
#4154=CARTESIAN_POINT('Ctrl Pts',(185.103563124281,-57.4361551791071,163.058556593003));
#4155=CARTESIAN_POINT('Ctrl Pts',(185.143037230747,-57.477801232846,163.049080607941));
#4156=CARTESIAN_POINT('Ctrl Pts',(185.180279691467,-57.5170115718445,163.040152374926));
#4157=CARTESIAN_POINT('Ctrl Pts',(185.332419709636,-57.6771906140569,163.00367944841));
#4158=CARTESIAN_POINT('Ctrl Pts',(185.4282095691,-57.7714565211908,162.98169041596));
#4159=CARTESIAN_POINT('Ctrl Pts',(185.544781403646,-57.8832672672566,162.955361063874));
#4160=CARTESIAN_POINT('Ctrl Pts',(185.909092923357,-58.2326993833239,162.873076296643));
#4161=CARTESIAN_POINT('Ctrl Pts',(186.257202897377,-58.5254881598199,162.800535907657));
#4162=CARTESIAN_POINT('Ctrl Pts',(186.666756712053,-58.8274164009632,162.721489301217));
#4163=CARTESIAN_POINT('Ctrl Pts',(186.850982477566,-58.9632299604058,162.685932504867));
#4164=CARTESIAN_POINT('Ctrl Pts',(187.044588394036,-59.0983204318506,162.649696057775));
#4165=CARTESIAN_POINT('Ctrl Pts',(187.246946039465,-59.2314953898741,162.613009193458));
#4166=CARTESIAN_POINT('',(189.045508837806,-57.8309162507312,162.669510895503));
#4167=CARTESIAN_POINT('Ctrl Pts',(189.045508837873,-57.8309162505638,162.669510895314));
#4168=CARTESIAN_POINT('Ctrl Pts',(188.89331983437,-57.7408233141889,162.695612258055));
#4169=CARTESIAN_POINT('Ctrl Pts',(188.74226182495,-57.6468830732578,162.722188327992));
#4170=CARTESIAN_POINT('Ctrl Pts',(188.592371432818,-57.5489273666373,162.749260928472));
#4171=CARTESIAN_POINT('Ctrl Pts',(188.400034156767,-57.4232319600332,162.784000114604));
#4172=CARTESIAN_POINT('Ctrl Pts',(188.211459711057,-57.2920652462138,162.819233700364));
#4173=CARTESIAN_POINT('Ctrl Pts',(188.028803790756,-57.1571575981023,162.854524723625));
#4174=CARTESIAN_POINT('Ctrl Pts',(187.709972637261,-56.9216724247133,162.916126218039));
#4175=CARTESIAN_POINT('Ctrl Pts',(187.435827609673,-56.7005897927231,162.971847781964));
#4176=CARTESIAN_POINT('Ctrl Pts',(187.065852141651,-56.3427334410843,163.05585471417));
#4177=CARTESIAN_POINT('Ctrl Pts',(186.975699749768,-56.2555341296736,163.076324789965));
#4178=CARTESIAN_POINT('Ctrl Pts',(186.882536005359,-56.1618850651917,163.098002255938));
#4179=CARTESIAN_POINT('Ctrl Pts',(186.788104533762,-56.0624372112272,163.120644507261));
#4180=CARTESIAN_POINT('Ctrl Pts',(186.298515188718,-55.5468399334822,163.238035508461));
#4181=CARTESIAN_POINT('Ctrl Pts',(185.723904350322,-54.9237727526546,163.378467159897));
#4182=CARTESIAN_POINT('Ctrl Pts',(185.217135874139,-54.3569703869884,163.504879439369));
#4183=CARTESIAN_POINT('Ctrl Pts',(184.95949530385,-54.0688086492432,163.56914731179));
#4184=CARTESIAN_POINT('Ctrl Pts',(184.7191123078,-53.7955883381262,163.629755864133));
#4185=CARTESIAN_POINT('Ctrl Pts',(184.514460718017,-53.5605813297987,163.681710516155));
#4186=CARTESIAN_POINT('Ctrl Pts',(184.36520909195,-53.3891916124395,163.719600846273));
#4187=CARTESIAN_POINT('Ctrl Pts',(184.234931960548,-53.2381527638632,163.752887037529));
#4188=CARTESIAN_POINT('Ctrl Pts',(184.130612152204,-53.1166438697676,163.779624563268));
#4189=CARTESIAN_POINT('Ctrl Pts',(184.096616426641,-53.0770465671766,163.788337784675));
#4190=CARTESIAN_POINT('Ctrl Pts',(184.069017403046,-53.0448571736399,163.795417845043));
#4191=CARTESIAN_POINT('Ctrl Pts',(184.026590374187,-52.9952496539966,163.806320116505));
#4192=CARTESIAN_POINT('Ctrl Pts',(184.011538332447,-52.9776501548943,163.810187967956));
#4193=CARTESIAN_POINT('Ctrl Pts',(183.995111846871,-52.9584451872168,163.814408768203));
#4194=CARTESIAN_POINT('Ctrl Pts',(183.977442569985,-52.9377895747515,163.818948555373));
#4195=CARTESIAN_POINT('Ctrl Pts',(183.82358089428,-52.7579232923278,163.858480408652));
#4196=CARTESIAN_POINT('Ctrl Pts',(183.573708149149,-52.4697499151936,163.922098529349));
#4197=CARTESIAN_POINT('Ctrl Pts',(183.3119467777,-52.1775885345997,163.98730412091));
#4198=CARTESIAN_POINT('Ctrl Pts',(183.070060163565,-51.9076100930074,164.047558847107));
#4199=CARTESIAN_POINT('Ctrl Pts',(182.842418219701,-51.6296023896725,164.107807562242));
#4200=CARTESIAN_POINT('Ctrl Pts',(182.665654323059,-51.4000429284425,164.156616854288));
#4201=CARTESIAN_POINT('Ctrl Pts',(181.595858983629,-50.0107227877798,164.452016277722));
#4202=CARTESIAN_POINT('Ctrl Pts',(181.07022699085,-48.8200258404054,164.672373076091));
#4203=CARTESIAN_POINT('Ctrl Pts',(180.741820765479,-47.9011639141159,164.835945929376));
#4204=CARTESIAN_POINT('Ctrl Pts',(180.560222939546,-47.3930635333804,164.926396329653));
#4205=CARTESIAN_POINT('Ctrl Pts',(180.447076115159,-46.9714918473203,164.998295993683));
#4206=CARTESIAN_POINT('Ctrl Pts',(180.371609151499,-46.6523247658449,165.051875348898));
#4207=CARTESIAN_POINT('Ctrl Pts',(180.293901765411,-46.3236824245641,165.107045339051));
#4208=CARTESIAN_POINT('Ctrl Pts',(180.255904239407,-46.1096782443087,165.141913690137));
#4209=CARTESIAN_POINT('Ctrl Pts',(180.218386241764,-45.8637098389659,165.181473864847));
#4210=CARTESIAN_POINT('Ctrl Pts',(180.102648420414,-45.1049314087656,165.303511519327));
#4211=CARTESIAN_POINT('Ctrl Pts',(180.082115596446,-44.3801985986492,165.412524311476));
#4212=CARTESIAN_POINT('Ctrl Pts',(180.133204735856,-43.6949757734318,165.50968115762));
#4213=CARTESIAN_POINT('Ctrl Pts',(180.163302012761,-43.291302089536,165.566917520093));
#4214=CARTESIAN_POINT('Ctrl Pts',(180.212799186311,-42.9272695024097,165.616658306182));
#4215=CARTESIAN_POINT('Ctrl Pts',(180.296210797234,-42.5182156897269,165.670219766182));
#4216=CARTESIAN_POINT('Ctrl Pts',(180.305468546512,-42.4728153240362,165.676164484934));
#4217=CARTESIAN_POINT('Ctrl Pts',(180.315303196768,-42.4263151030289,165.682223644484));
#4218=CARTESIAN_POINT('Ctrl Pts',(180.32575326591,-42.3787923095381,165.688382573308));
#4219=CARTESIAN_POINT('Ctrl Pts',(180.438242563042,-41.8672353461248,165.754680084372));
#4220=CARTESIAN_POINT('Ctrl Pts',(180.634879037273,-41.2397034993365,165.831089437346));
#4221=CARTESIAN_POINT('Ctrl Pts',(180.953151434384,-40.599699676564,165.899143757206));
#4222=CARTESIAN_POINT('Ctrl Pts',(181.171069150935,-40.1614958834954,165.945739824348));
#4223=CARTESIAN_POINT('Ctrl Pts',(181.428680957974,-39.7296807789139,165.988061019956));
#4224=CARTESIAN_POINT('Ctrl Pts',(181.816453996408,-39.2368568377945,166.028497662109));
#4225=CARTESIAN_POINT('Ctrl Pts',(181.893763458346,-39.1386036073176,166.036559426949));
#4226=CARTESIAN_POINT('Ctrl Pts',(181.975198801201,-39.0398721758357,166.044345954609));
#4227=CARTESIAN_POINT('Ctrl Pts',(182.059834691141,-38.9422010099072,166.051707093996));
#4228=CARTESIAN_POINT('Ctrl Pts',(182.511316088618,-38.4211842814526,166.090974330386));
#4229=CARTESIAN_POINT('Ctrl Pts',(182.992169680451,-37.8782083957699,166.131029041486));
#4230=CARTESIAN_POINT('Ctrl Pts',(183.328903976397,-37.5030535394241,166.158326278663));
#4231=CARTESIAN_POINT('Ctrl Pts',(183.56835641426,-37.2362801634725,166.177737399146));
#4232=CARTESIAN_POINT('Ctrl Pts',(183.765921363296,-37.0184807260083,166.193411365881));
#4233=CARTESIAN_POINT('Ctrl Pts',(183.973955459916,-36.7908835171474,166.209657781815));
#4234=CARTESIAN_POINT('Ctrl Pts',(184.992637944841,-35.6764061595826,166.289211756976));
#4235=CARTESIAN_POINT('Ctrl Pts',(185.867826479989,-34.7620036473889,166.351180899009));
#4236=CARTESIAN_POINT('Ctrl Pts',(186.763307420902,-33.8573841170397,166.409999859954));
#4237=CARTESIAN_POINT('Ctrl Pts',(188.747580098908,-31.8528614789238,166.540335249373));
#4238=CARTESIAN_POINT('Ctrl Pts',(190.673884090951,-30.0769678808628,166.641685727226));
#4239=CARTESIAN_POINT('Ctrl Pts',(192.562383626576,-28.4594575752692,166.722759458178));
#4240=CARTESIAN_POINT('Ctrl Pts',(193.357667902233,-27.7782921910652,166.756901199905));
#4241=CARTESIAN_POINT('Ctrl Pts',(194.17881766011,-27.1000550205491,166.788440147802));
#4242=CARTESIAN_POINT('Ctrl Pts',(194.881172165274,-26.5355162411893,166.813110147409));
#4243=CARTESIAN_POINT('Ctrl Pts',(195.846644118453,-25.7594888163683,166.847022071561));
#4244=CARTESIAN_POINT('Ctrl Pts',(196.646189693513,-25.1381984838022,166.871942415627));
#4245=CARTESIAN_POINT('Ctrl Pts',(197.73707320088,-24.324554709028,166.900905068582));
#4246=CARTESIAN_POINT('Ctrl Pts',(198.866066129613,-23.4824867319943,166.930879516048));
#4247=CARTESIAN_POINT('Ctrl Pts',(200.293901791472,-22.4169532741691,166.968872738661));
#4248=CARTESIAN_POINT('Ctrl Pts',(202.526825207396,-20.7429459876742,167.029424113724));
#4249=CARTESIAN_POINT('Ctrl Pts',(203.290766828262,-20.1702242227151,167.050140326058));
#4250=CARTESIAN_POINT('Ctrl Pts',(204.148889212239,-19.5262117825779,167.073511749921));
#4251=CARTESIAN_POINT('Ctrl Pts',(205.121239811058,-18.7951839395335,167.100184954933));
#4252=CARTESIAN_POINT('Ctrl Pts',(205.906092602174,-18.2051197757501,167.121714781137));
#4253=CARTESIAN_POINT('Ctrl Pts',(206.758109207867,-17.5637329361582,167.14520958809));
#4254=CARTESIAN_POINT('Ctrl Pts',(207.574516600409,-16.9482919092348,167.167849817357));
#4255=CARTESIAN_POINT('Ctrl Pts',(215.292021074971,-11.1305238163734,167.381868054168));
#4256=CARTESIAN_POINT('Ctrl Pts',(222.280500221702,-5.78958148330276,167.586438321655));
#4257=CARTESIAN_POINT('Ctrl Pts',(228.850432010572,-0.723006752390057,167.785493605022));
#4258=CARTESIAN_POINT('Ctrl Pts',(233.262549007047,2.679512665246,167.919171583304));
#4259=CARTESIAN_POINT('Ctrl Pts',(237.512175926426,5.97902605055905,168.051228142898));
#4260=CARTESIAN_POINT('Ctrl Pts',(241.654114825728,9.21154449213461,168.182398270343));
#4261=CARTESIAN_POINT('Ctrl Pts',(246.464131087157,12.9654545925383,168.334725588867));
#4262=CARTESIAN_POINT('Ctrl Pts',(251.101297781996,16.6076057476548,168.485004525365));
#4263=CARTESIAN_POINT('Ctrl Pts',(255.538622686754,20.1083837052725,168.631114726936));
#4264=CARTESIAN_POINT('Ctrl Pts',(257.757285139134,21.8587726840813,168.704169827721));
#4265=CARTESIAN_POINT('Ctrl Pts',(259.925972637727,23.5738369112758,168.776186707235));
#4266=CARTESIAN_POINT('Ctrl Pts',(262.041203955249,25.2500083356488,168.846929109674));
#4267=CARTESIAN_POINT('Ctrl Pts',(263.09881961401,26.0880940478353,168.882300310894));
#4268=CARTESIAN_POINT('Ctrl Pts',(264.143069963931,26.9164581127983,168.917353228799));
#4269=CARTESIAN_POINT('Ctrl Pts',(265.173512379707,27.7346636605898,168.952060310646));
#4270=CARTESIAN_POINT('Ctrl Pts',(265.756241509561,28.1973699696537,168.971687635079));
#4271=CARTESIAN_POINT('Ctrl Pts',(266.334554695793,28.6568276375979,168.991204382885));
#4272=CARTESIAN_POINT('Ctrl Pts',(266.908371213763,29.1129584739998,169.010605748858));
#4273=CARTESIAN_POINT('Ctrl Pts',(267.140230441458,29.2972650252123,169.018445163705));
#4274=CARTESIAN_POINT('Ctrl Pts',(267.355862069091,29.4686881427656,169.025738274437));
#4275=CARTESIAN_POINT('Ctrl Pts',(267.725575481619,29.7627272232231,169.038261082718));
#4276=CARTESIAN_POINT('Ctrl Pts',(268.058848789153,30.0277848964576,169.049549604026));
#4277=CARTESIAN_POINT('Ctrl Pts',(268.486537902502,30.3680102985955,169.064047590162));
#4278=CARTESIAN_POINT('Ctrl Pts',(269.006260446591,30.7816861332749,169.081700615426));
#4279=CARTESIAN_POINT('Ctrl Pts',(270.054951790015,31.6163974071007,169.117320726561));
#4280=CARTESIAN_POINT('Ctrl Pts',(271.485252398097,32.7415687117496,169.163936111349));
#4281=CARTESIAN_POINT('Ctrl Pts',(273.287916335864,34.1298035630456,169.218266386917));
#4282=CARTESIAN_POINT('Ctrl Pts',(274.221985641804,34.84913207285,169.246418191438));
#4283=CARTESIAN_POINT('Ctrl Pts',(275.255955361764,35.6391734339013,169.276659967599));
#4284=CARTESIAN_POINT('Ctrl Pts',(276.387030758839,36.4980981304356,169.308955260654));
#4285=CARTESIAN_POINT('Ctrl Pts',(276.861213041782,36.8581863036302,169.322494460454));
#4286=CARTESIAN_POINT('Ctrl Pts',(277.367111462846,37.2414384367306,169.336802913355));
#4287=CARTESIAN_POINT('Ctrl Pts',(277.749523734289,37.5308442786778,169.347574776137));
#4288=CARTESIAN_POINT('Ctrl Pts',(278.215346275585,37.8833741916248,169.360696155522));
#4289=CARTESIAN_POINT('Ctrl Pts',(278.555105011346,38.1401182205774,169.370209987806));
#4290=CARTESIAN_POINT('Ctrl Pts',(278.815008788284,38.3365114612912,169.377486687068));
#4291=CARTESIAN_POINT('Ctrl Pts',(279.344993470849,38.7369881706488,169.392325021446));
#4292=CARTESIAN_POINT('Ctrl Pts',(279.562678338759,38.8581812253438,169.392009782178));
#4293=CARTESIAN_POINT('Ctrl Pts',(279.845302576435,39.022397963282,169.392617486562));
#4294=CARTESIAN_POINT('Ctrl Pts',(279.941899600016,39.078524954504,169.392825191446));
#4295=CARTESIAN_POINT('Ctrl Pts',(280.052462014491,39.140584855905,169.392739960353));
#4296=CARTESIAN_POINT('Ctrl Pts',(280.175048115342,39.205664887527,169.392093427736));
#4297=CARTESIAN_POINT('Ctrl Pts',(280.816499383331,39.5462065028893,169.388710342999));
#4298=CARTESIAN_POINT('Ctrl Pts',(281.717713756471,39.9343484127003,169.370588182324));
#4299=CARTESIAN_POINT('Ctrl Pts',(282.731896891987,40.1687537488884,169.320232079076));
#4300=CARTESIAN_POINT('Ctrl Pts',(283.518827700224,40.3506348847523,169.281159481987));
#4301=CARTESIAN_POINT('Ctrl Pts',(284.365929705501,40.433936119262,169.222446480237));
#4302=CARTESIAN_POINT('Ctrl Pts',(285.129488291434,40.4135276133533,169.155386754035));
#4303=CARTESIAN_POINT('Ctrl Pts',(287.087645710978,40.3611896945571,168.983411082704));
#4304=CARTESIAN_POINT('Ctrl Pts',(288.705722547541,39.7103869136962,168.751359610354));
#4305=CARTESIAN_POINT('Ctrl Pts',(289.966618172132,38.8745620633973,168.521873347205));
#4306=CARTESIAN_POINT('Ctrl Pts',(290.543848699589,38.4919264115713,168.416815899041));
#4307=CARTESIAN_POINT('Ctrl Pts',(291.039675455581,38.0699993597106,168.312768883633));
#4308=CARTESIAN_POINT('Ctrl Pts',(291.428953471419,37.6881728200416,168.223594488807));
#4309=CARTESIAN_POINT('Ctrl Pts',(291.51863993569,37.6002031148063,168.203049439125));
#4310=CARTESIAN_POINT('Ctrl Pts',(291.604032996231,37.5132253946891,168.183011325465));
#4311=CARTESIAN_POINT('Ctrl Pts',(291.685914737673,37.4269975205391,168.163378708952));
#4312=CARTESIAN_POINT('Ctrl Pts',(292.122149693371,36.967608013213,168.05878355203));
#4313=CARTESIAN_POINT('Ctrl Pts',(292.456908534554,36.5250255104422,167.965187170433));
#4314=CARTESIAN_POINT('Ctrl Pts',(292.76274445336,36.0409111439339,167.86786805604));
#4315=CARTESIAN_POINT('Ctrl Pts',(293.220150961626,35.3168723755285,167.722318126928));
#4316=CARTESIAN_POINT('Ctrl Pts',(293.731897945397,34.5051674764381,167.559232500343));
#4317=CARTESIAN_POINT('Ctrl Pts',(294.187649120079,33.7772707709892,167.413250265482));
#4318=CARTESIAN_POINT('Ctrl Pts',(294.50745731731,33.2664935178053,167.310812097569));
#4319=CARTESIAN_POINT('Ctrl Pts',(294.811619250088,32.7782297403037,167.213019091453));
#4320=CARTESIAN_POINT('Ctrl Pts',(295.10193155369,32.309298241283,167.119249616155));
#4321=CARTESIAN_POINT('Ctrl Pts',(295.11603379201,32.2865193797843,167.114694661124));
#4322=CARTESIAN_POINT('Ctrl Pts',(295.130108143475,32.2637891016485,167.110149237286));
#4323=CARTESIAN_POINT('Ctrl Pts',(295.144154808598,32.2411070352094,167.105613272802));
#4324=CARTESIAN_POINT('Ctrl Pts',(295.376886270785,31.8653003621117,167.030459374164));
#4325=CARTESIAN_POINT('Ctrl Pts',(295.560813538291,31.5796296667456,166.972742494707));
#4326=CARTESIAN_POINT('Ctrl Pts',(295.716973178818,31.3405464672365,166.924251336853));
#4327=CARTESIAN_POINT('Ctrl Pts',(295.959318389515,30.969511620053,166.848997578409));
#4328=CARTESIAN_POINT('Ctrl Pts',(296.117585262195,30.6935790755718,166.794874447683));
#4329=CARTESIAN_POINT('Ctrl Pts',(296.301398494188,30.3401862954993,166.727141434008));
#4330=CARTESIAN_POINT('Ctrl Pts',(296.485816189118,29.9856313964894,166.659185682851));
#4331=CARTESIAN_POINT('Ctrl Pts',(296.661859932941,29.5990359754187,166.587188905305));
#4332=CARTESIAN_POINT('Ctrl Pts',(296.803803871047,29.2448985618431,166.522857164221));
#4333=CARTESIAN_POINT('Ctrl Pts',(297.125305298394,28.4427812931502,166.377146492403));
#4334=CARTESIAN_POINT('Ctrl Pts',(297.335825401439,27.7001542680825,166.249550685197));
#4335=CARTESIAN_POINT('Ctrl Pts',(297.489609215101,26.9166599384309,166.120663189495));
#4336=CARTESIAN_POINT('Ctrl Pts',(297.623379333848,26.2351309334038,166.008549338275));
#4337=CARTESIAN_POINT('Ctrl Pts',(297.703320194933,25.5461629583672,165.899848780808));
#4338=CARTESIAN_POINT('Ctrl Pts',(297.7319113646,24.8626205443909,165.796258048036));
#4339=CARTESIAN_POINT('Ctrl Pts',(297.77895366639,23.7379583182797,165.625815685218));
#4340=CARTESIAN_POINT('Ctrl Pts',(297.665247880936,22.6229399524461,165.470282696856));
#4341=CARTESIAN_POINT('Ctrl Pts',(297.475383313482,21.7033057715637,165.350062044637));
#4342=CARTESIAN_POINT('Ctrl Pts',(297.350883813647,21.10027595359,165.27123000519));
#4343=CARTESIAN_POINT('Ctrl Pts',(297.195280613802,20.5620471444135,165.204599839292));
#4344=CARTESIAN_POINT('Ctrl Pts',(297.030059589474,20.086124932272,165.148000284403));
#4345=CARTESIAN_POINT('Ctrl Pts',(296.769344118322,19.3351292023106,165.05868731906));
#4346=CARTESIAN_POINT('Ctrl Pts',(296.480768666462,18.7369148021751,164.994328945436));
#4347=CARTESIAN_POINT('Ctrl Pts',(296.143501776348,18.167589774467,164.938331077624));
#4348=CARTESIAN_POINT('Ctrl Pts',(295.952323835675,17.8448709142364,164.90658898445));
#4349=CARTESIAN_POINT('Ctrl Pts',(295.748317655105,17.5417061940745,164.878817604623));
#4350=CARTESIAN_POINT('Ctrl Pts',(295.533901337453,17.257953942827,164.85479316255));
#4351=CARTESIAN_POINT('Ctrl Pts',(295.426693178627,17.1160778172032,164.842780941514));
#4352=CARTESIAN_POINT('Ctrl Pts',(295.316880158101,16.9790569161459,164.831705962087));
#4353=CARTESIAN_POINT('Ctrl Pts',(295.204759296111,16.8468831982755,164.821542123208));
#4354=CARTESIAN_POINT('Ctrl Pts',(295.133655376412,16.7630623173525,164.815096500416));
#4355=CARTESIAN_POINT('Ctrl Pts',(295.061623299264,16.6811909647097,164.80901733232));
#4356=CARTESIAN_POINT('Ctrl Pts',(294.988739522604,16.6012676588569,164.803297987195));
#4357=CARTESIAN_POINT('Ctrl Pts',(294.94669585365,16.5551631735111,164.799998730981));
#4358=CARTESIAN_POINT('Ctrl Pts',(294.91662990536,16.5225443202369,164.797691359871));
#4359=CARTESIAN_POINT('Ctrl Pts',(294.858627489111,16.4615912983857,164.793532333967));
#4360=CARTESIAN_POINT('Ctrl Pts',(294.716804468167,16.3125536848916,164.783363005586));
#4361=CARTESIAN_POINT('Ctrl Pts',(294.259109553469,15.832804944373,164.750726273291));
#4362=CARTESIAN_POINT('Ctrl Pts',(293.858537725956,15.4172194905538,164.722797568128));
#4363=CARTESIAN_POINT('Ctrl Pts',(291.27809084314,12.7400562074807,164.542883417337));
#4364=CARTESIAN_POINT('Ctrl Pts',(288.84375682196,10.3584692385603,164.394472663552));
#4365=CARTESIAN_POINT('Ctrl Pts',(286.459038541348,8.17320617252833,164.270964859137));
#4366=CARTESIAN_POINT('Ctrl Pts',(285.266679401042,7.08057463951233,164.20921095693));
#4367=CARTESIAN_POINT('Ctrl Pts',(284.086995506648,6.03672222713869,164.153615350508));
#4368=CARTESIAN_POINT('Ctrl Pts',(282.90767618693,5.02944610719207,164.103403987361));
#4369=CARTESIAN_POINT('Ctrl Pts',(282.408410258662,4.6030148271832,164.082146960183));
#4370=CARTESIAN_POINT('Ctrl Pts',(281.909197320941,4.18315304213586,164.061858048524));
#4371=CARTESIAN_POINT('Ctrl Pts',(281.409043652608,3.76901255629034,164.042495025745));
#4372=CARTESIAN_POINT('Ctrl Pts',(281.028347168853,3.45378578355122,164.027756686004));
#4373=CARTESIAN_POINT('Ctrl Pts',(280.693717245371,3.17854516489577,164.015074440465));
#4374=CARTESIAN_POINT('Ctrl Pts',(280.145521036006,2.7365927844526,163.995623344856));
#4375=CARTESIAN_POINT('Ctrl Pts',(279.712711157149,2.38766414727375,163.980266386544));
#4376=CARTESIAN_POINT('Ctrl Pts',(279.171662635338,1.95601853917671,163.961741658984));
#4377=CARTESIAN_POINT('Ctrl Pts',(278.521820175957,1.45018547869634,163.941358458965));
#4378=CARTESIAN_POINT('Ctrl Pts',(273.689701595562,-2.31110357658286,163.789792432284));
#4379=CARTESIAN_POINT('Ctrl Pts',(263.10730174196,-10.5099519723876,163.463548929025));
#4380=CARTESIAN_POINT('Ctrl Pts',(248.3504024081,-21.9466751673238,163.008073136472));
#4381=CARTESIAN_POINT('Ctrl Pts',(246.518294886083,-23.3665741663358,162.951524629449));
#4382=CARTESIAN_POINT('Ctrl Pts',(244.592826418119,-24.8594458305135,162.892003149369));
#4383=CARTESIAN_POINT('Ctrl Pts',(242.777080060392,-26.2680925020879,162.835748272773));
#4384=CARTESIAN_POINT('Ctrl Pts',(236.372394916447,-31.2368142467872,162.637320353104));
#4385=CARTESIAN_POINT('Ctrl Pts',(230.834305508707,-35.543866560454,162.464167183472));
#4386=CARTESIAN_POINT('Ctrl Pts',(225.508384161521,-39.6958574699861,162.296175391067));
#4387=CARTESIAN_POINT('Ctrl Pts',(222.845423487928,-41.7718529247521,162.212179494865));
#4388=CARTESIAN_POINT('Ctrl Pts',(220.235499063055,-43.8090760672592,162.129475457141));
#4389=CARTESIAN_POINT('Ctrl Pts',(217.59693321481,-45.8710133191197,162.04551480811));
#4390=CARTESIAN_POINT('Ctrl Pts',(216.056441315371,-47.0748482113805,161.996495489608));
#4391=CARTESIAN_POINT('Ctrl Pts',(214.506189600967,-48.2871111528995,161.947047007443));
#4392=CARTESIAN_POINT('Ctrl Pts',(212.929939841921,-49.5204572006709,161.896657758279));
#4393=CARTESIAN_POINT('Ctrl Pts',(212.14472283834,-50.1348549396407,161.871556092115));
#4394=CARTESIAN_POINT('Ctrl Pts',(211.35358111335,-50.7540852052329,161.846235906824));
#4395=CARTESIAN_POINT('Ctrl Pts',(210.646689856013,-51.3075044412519,161.823592554256));
#4396=CARTESIAN_POINT('Ctrl Pts',(210.342094551192,-51.5459695504733,161.813835666183));
#4397=CARTESIAN_POINT('Ctrl Pts',(210.047771080054,-51.7764181100496,161.804404080459));
#4398=CARTESIAN_POINT('Ctrl Pts',(209.761448066079,-52.0006232695851,161.795225793505));
#4399=CARTESIAN_POINT('Ctrl Pts',(208.334323681074,-53.1181326376748,161.749478310814));
#4400=CARTESIAN_POINT('Ctrl Pts',(207.073512614468,-54.0381929694339,161.719013108529));
#4401=CARTESIAN_POINT('Ctrl Pts',(205.699745717841,-54.9797989130144,161.69483167688));
#4402=CARTESIAN_POINT('Ctrl Pts',(205.012862269528,-55.4506018848047,161.682740961055));
#4403=CARTESIAN_POINT('Ctrl Pts',(204.296757358104,-55.9258598399398,161.672441478054));
#4404=CARTESIAN_POINT('Ctrl Pts',(203.510991062529,-56.4256479413687,161.664352895245));
#4405=CARTESIAN_POINT('Ctrl Pts',(203.108049119283,-56.6819399074858,161.660205059821));
#4406=CARTESIAN_POINT('Ctrl Pts',(202.69705664528,-56.9389442240192,161.65662695167));
#4407=CARTESIAN_POINT('Ctrl Pts',(202.181183678484,-57.2520174309198,161.653544461056));
#4408=CARTESIAN_POINT('Ctrl Pts',(201.69106658418,-57.549459902898,161.650615869251));
#4409=CARTESIAN_POINT('Ctrl Pts',(201.145560459696,-57.8713710956005,161.648710272113));
#4410=CARTESIAN_POINT('Ctrl Pts',(200.665944758117,-58.1467886079196,161.648161559915));
#4411=CARTESIAN_POINT('Ctrl Pts',(200.273962581672,-58.3718828981078,161.647713106286));
#4412=CARTESIAN_POINT('Ctrl Pts',(199.937453396414,-58.527702516014,161.65286776929));
#4413=CARTESIAN_POINT('Ctrl Pts',(199.649624749435,-58.648277233328,161.659157392797));
#4414=CARTESIAN_POINT('Ctrl Pts',(199.563348284186,-58.684419432923,161.661042703691));
#4415=CARTESIAN_POINT('Ctrl Pts',(199.478968992862,-58.7182475127775,161.663111488113));
#4416=CARTESIAN_POINT('Ctrl Pts',(199.396864754864,-58.7498877487378,161.665313359831));
#4417=CARTESIAN_POINT('Ctrl Pts',(198.848582748096,-58.9611773543635,161.680017188445));
#4418=CARTESIAN_POINT('Ctrl Pts',(198.402173926037,-59.0913975683709,161.698178736341));
#4419=CARTESIAN_POINT('Ctrl Pts',(197.942974464896,-59.2011412336231,161.720444399093));
#4420=CARTESIAN_POINT('Ctrl Pts',(196.616772000483,-59.5180891650288,161.784749302108));
#4421=CARTESIAN_POINT('Ctrl Pts',(195.437282086553,-59.5726259857888,161.87559747133));
#4422=CARTESIAN_POINT('Ctrl Pts',(194.309955129907,-59.4878361557791,161.982696984156));
#4423=CARTESIAN_POINT('Ctrl Pts',(193.544903202776,-59.4302941778573,162.05537925987));
#4424=CARTESIAN_POINT('Ctrl Pts',(192.817340880895,-59.3021501760888,162.135369392989));
#4425=CARTESIAN_POINT('Ctrl Pts',(192.133907464189,-59.1219899405735,162.219359082733));
#4426=CARTESIAN_POINT('Ctrl Pts',(191.0542643202,-58.8373846544712,162.352040468339));
#4427=CARTESIAN_POINT('Ctrl Pts',(190.027545221036,-58.4122627299395,162.501085534273));
#4428=CARTESIAN_POINT('Ctrl Pts',(189.045508837873,-57.8309162505638,162.669510895314));
#4429=CARTESIAN_POINT('Ctrl Pts',(185.708170478922,-62.3278043426126,176.546594601976));
#4430=CARTESIAN_POINT('Ctrl Pts',(187.551789128465,-60.5963736450002,168.481799379765));
#4431=CARTESIAN_POINT('Ctrl Pts',(189.569644227544,-57.1852205476661,160.594525163041));
#4432=CARTESIAN_POINT('Ctrl Pts',(191.476845448608,-53.255417665369,152.952969732929));
#4433=CARTESIAN_POINT('Ctrl Pts',(185.342837674761,-62.0901618417321,176.540087268336));
#4434=CARTESIAN_POINT('Ctrl Pts',(187.196285267061,-60.3675245484424,168.497158872501));
#4435=CARTESIAN_POINT('Ctrl Pts',(189.230651155118,-56.9672917870687,160.628659695883));
#4436=CARTESIAN_POINT('Ctrl Pts',(191.155562458418,-53.0480015678069,153.002996850604));
#4437=CARTESIAN_POINT('Ctrl Pts',(184.991489622719,-61.8308386122381,176.532098321248));
#4438=CARTESIAN_POINT('Ctrl Pts',(186.853270678286,-60.1187290581265,168.511916334825));
#4439=CARTESIAN_POINT('Ctrl Pts',(188.902830702338,-56.7316351079118,160.66281002619));
#4440=CARTESIAN_POINT('Ctrl Pts',(190.844283751059,-52.8250673919252,153.053526192595));
#4441=CARTESIAN_POINT('Ctrl Pts',(184.199431875433,-61.1704650253759,176.509761268156));
#4442=CARTESIAN_POINT('Ctrl Pts',(186.07645270654,-59.4865528624791,168.54505648385));
#4443=CARTESIAN_POINT('Ctrl Pts',(188.158068209863,-56.1352168200592,160.743188744073));
#4444=CARTESIAN_POINT('Ctrl Pts',(190.135217433856,-52.2635080446953,153.173753086166));
#4445=CARTESIAN_POINT('Ctrl Pts',(183.777032303402,-60.7459887263689,176.492665214886));
#4446=CARTESIAN_POINT('Ctrl Pts',(185.66210754296,-59.0777221481119,168.560725449635));
#4447=CARTESIAN_POINT('Ctrl Pts',(187.758717475761,-55.7514521859547,160.787575030262));
#4448=CARTESIAN_POINT('Ctrl Pts',(189.752384319933,-51.9053932883372,153.242447801729));
#4449=CARTESIAN_POINT('Ctrl Pts',(182.441455156474,-59.1273286920464,176.42048349313));
#4450=CARTESIAN_POINT('Ctrl Pts',(184.355823943011,-57.5143191533517,168.605514376219));
#4451=CARTESIAN_POINT('Ctrl Pts',(186.488724239113,-54.2873263064397,160.937035261273));
#4452=CARTESIAN_POINT('Ctrl Pts',(188.520103649937,-50.5454662323124,153.481647388142));
#4453=CARTESIAN_POINT('Ctrl Pts',(181.512502750923,-57.985083674851,176.369717527258));
#4454=CARTESIAN_POINT('Ctrl Pts',(183.455991979011,-56.4013671372188,168.637207694369));
#4455=CARTESIAN_POINT('Ctrl Pts',(185.625901441439,-53.2274884897919,161.045481751521));
#4456=CARTESIAN_POINT('Ctrl Pts',(187.694343129182,-49.5423705408288,153.657565697372));
#4457=CARTESIAN_POINT('Ctrl Pts',(180.564913338959,-56.8034268155965,176.318576429083));
#4458=CARTESIAN_POINT('Ctrl Pts',(182.548937795971,-55.2437704263096,168.67226761927));
#4459=CARTESIAN_POINT('Ctrl Pts',(184.774820839868,-52.1155075026927,161.160390600494));
#4460=CARTESIAN_POINT('Ctrl Pts',(186.899670688078,-48.4797483084072,153.842209919324));
#4461=CARTESIAN_POINT('Ctrl Pts',(180.547888793249,-56.7821928984802,176.317655542077));
#4462=CARTESIAN_POINT('Ctrl Pts',(182.532655730359,-55.2229839016973,168.672894076783));
#4463=CARTESIAN_POINT('Ctrl Pts',(184.759567406101,-52.0955654867483,161.162445748655));
#4464=CARTESIAN_POINT('Ctrl Pts',(186.885453501423,-48.4607244912689,153.845505764678));
#4465=CARTESIAN_POINT('Ctrl Pts',(180.302912009007,-56.4766798310719,176.304415754958));
#4466=CARTESIAN_POINT('Ctrl Pts',(182.298303363409,-54.9238532164877,168.68192554498));
#4467=CARTESIAN_POINT('Ctrl Pts',(184.539856681684,-51.8084171793977,161.192064883811));
#4468=CARTESIAN_POINT('Ctrl Pts',(186.680485626361,-48.1865625983225,153.893064129474));
#4469=CARTESIAN_POINT('Ctrl Pts',(180.07379518693,-56.1954199516002,176.292680277374));
#4470=CARTESIAN_POINT('Ctrl Pts',(182.078154155054,-54.6500399998013,168.691058951939));
#4471=CARTESIAN_POINT('Ctrl Pts',(184.33343564449,-51.5454816538392,161.220089823398));
#4472=CARTESIAN_POINT('Ctrl Pts',(186.488211513231,-47.9349422398658,153.937591761936));
#4473=CARTESIAN_POINT('Ctrl Pts',(179.774170891995,-55.8333600898528,176.278070776345));
#4474=CARTESIAN_POINT('Ctrl Pts',(181.788001963357,-54.2984689716592,168.703795052108));
#4475=CARTESIAN_POINT('Ctrl Pts',(184.061413176481,-51.2079400437249,161.257271973447));
#4476=CARTESIAN_POINT('Ctrl Pts',(186.235613218748,-47.6116787506299,153.995882308124));
#4477=CARTESIAN_POINT('Ctrl Pts',(179.706702915338,-55.7495050184557,176.274681673243));
#4478=CARTESIAN_POINT('Ctrl Pts',(181.722540684693,-54.2171846235151,168.706760636274));
#4479=CARTESIAN_POINT('Ctrl Pts',(184.000048420992,-51.130219170397,161.26583528701));
#4480=CARTESIAN_POINT('Ctrl Pts',(186.178684841546,-47.5376026422262,154.009187891945));
#4481=CARTESIAN_POINT('Ctrl Pts',(179.168303052009,-55.0606608470396,176.246345345944));
#4482=CARTESIAN_POINT('Ctrl Pts',(181.198985508552,-53.549892952706,168.729942570805));
#4483=CARTESIAN_POINT('Ctrl Pts',(183.507575114501,-50.4924485405628,161.334652316695));
#4484=CARTESIAN_POINT('Ctrl Pts',(185.720021016939,-46.9299133992271,154.117010679927));
#4485=CARTESIAN_POINT('Ctrl Pts',(178.755523887467,-54.4062180537295,176.217255135345));
#4486=CARTESIAN_POINT('Ctrl Pts',(180.790192203501,-52.9200470521347,168.747284633396));
#4487=CARTESIAN_POINT('Ctrl Pts',(183.115748422503,-49.896866590275,161.392845438972));
#4488=CARTESIAN_POINT('Ctrl Pts',(185.34817030255,-46.3690835782713,154.210052508953));
#4489=CARTESIAN_POINT('Ctrl Pts',(177.775308630689,-52.4375205672115,176.123927460201));
#4490=CARTESIAN_POINT('Ctrl Pts',(179.792333531759,-51.030905259226,168.786913779243));
#4491=CARTESIAN_POINT('Ctrl Pts',(182.132070620903,-48.1219862196988,161.550788355296));
#4492=CARTESIAN_POINT('Ctrl Pts',(184.388998883438,-44.7103783647523,154.469571173759));
#4493=CARTESIAN_POINT('Ctrl Pts',(177.382006583884,-51.0375918845776,176.050708978166));
#4494=CARTESIAN_POINT('Ctrl Pts',(179.351723105581,-49.6940474494901,168.800407663355));
#4495=CARTESIAN_POINT('Ctrl Pts',(181.658878668752,-46.8796449083309,161.643068449133));
#4496=CARTESIAN_POINT('Ctrl Pts',(183.892170444797,-43.5644169937858,154.630242281349));
#4497=CARTESIAN_POINT('Ctrl Pts',(177.201294627377,-48.8931494013238,175.92969318989));
#4498=CARTESIAN_POINT('Ctrl Pts',(179.044253232328,-47.6366024829336,168.802145626702));
#4499=CARTESIAN_POINT('Ctrl Pts',(181.230987116354,-44.9686860674625,161.765082591157));
#4500=CARTESIAN_POINT('Ctrl Pts',(183.35985754587,-41.8059328772589,154.859557168071));
#4501=CARTESIAN_POINT('Ctrl Pts',(177.213593807418,-48.1592463255183,175.8870558393));
#4502=CARTESIAN_POINT('Ctrl Pts',(179.006555977382,-46.9285756042819,168.800008525621));
#4503=CARTESIAN_POINT('Ctrl Pts',(181.143882884814,-44.3073600059039,161.804674828334));
#4504=CARTESIAN_POINT('Ctrl Pts',(183.228796392655,-41.1939172523259,154.936985181841));
#4505=CARTESIAN_POINT('Ctrl Pts',(177.403926850326,-46.5610867082467,175.791275008446));
#4506=CARTESIAN_POINT('Ctrl Pts',(179.073660943468,-45.3771027812213,168.788873814419));
#4507=CARTESIAN_POINT('Ctrl Pts',(181.084999742694,-42.8507416107294,161.885528466325));
#4508=CARTESIAN_POINT('Ctrl Pts',(183.056304763814,-39.8396541159676,155.102495575797));
#4509=CARTESIAN_POINT('Ctrl Pts',(177.615717300841,-45.7013535419695,175.737795860206));
#4510=CARTESIAN_POINT('Ctrl Pts',(179.209454535558,-44.535613793676,168.778584931585));
#4511=CARTESIAN_POINT('Ctrl Pts',(181.140434352839,-42.0548782496375,161.92576273879));
#4512=CARTESIAN_POINT('Ctrl Pts',(183.038156970547,-39.0945972705842,155.190173095247));
#4513=CARTESIAN_POINT('Ctrl Pts',(178.058852297521,-44.5431357021664,175.663346927329));
#4514=CARTESIAN_POINT('Ctrl Pts',(179.537123877142,-43.3887064132791,168.759352030503));
#4515=CARTESIAN_POINT('Ctrl Pts',(181.340557872375,-40.9587363618033,161.97733203862));
#4516=CARTESIAN_POINT('Ctrl Pts',(183.119565626059,-38.0584973328868,155.309484789732));
#4517=CARTESIAN_POINT('Ctrl Pts',(178.207630733691,-44.2126159323918,175.643077981196));
#4518=CARTESIAN_POINT('Ctrl Pts',(179.652431783572,-43.0602405852625,168.755503371293));
#4519=CARTESIAN_POINT('Ctrl Pts',(181.416463920142,-40.6432707885269,161.994159923016));
#4520=CARTESIAN_POINT('Ctrl Pts',(183.158324801672,-37.7589167863371,155.345688756988));
#4521=CARTESIAN_POINT('Ctrl Pts',(178.607441024218,-43.4463449192911,175.597513708753));
#4522=CARTESIAN_POINT('Ctrl Pts',(179.972275784337,-42.2982279727108,168.748894976884));
#4523=CARTESIAN_POINT('Ctrl Pts',(181.638181583077,-39.9072924347882,162.0364739961));
#4524=CARTESIAN_POINT('Ctrl Pts',(183.28592219724,-37.0550425022787,155.433953910413));
#4525=CARTESIAN_POINT('Ctrl Pts',(178.876010869562,-43.0201679338215,175.573721819376));
#4526=CARTESIAN_POINT('Ctrl Pts',(180.194598406331,-41.8732938776728,168.747786762593));
#4527=CARTESIAN_POINT('Ctrl Pts',(181.80000955975,-39.4933744987611,162.063514153243));
#4528=CARTESIAN_POINT('Ctrl Pts',(183.388617597107,-36.6553316882821,155.487189869767));
#4529=CARTESIAN_POINT('Ctrl Pts',(179.531515598688,-42.146212066615,175.528611925404));
#4530=CARTESIAN_POINT('Ctrl Pts',(180.750229739467,-40.9996445703649,168.751756326715));
#4531=CARTESIAN_POINT('Ctrl Pts',(182.218113108904,-38.6333814684056,162.127696954779));
#4532=CARTESIAN_POINT('Ctrl Pts',(183.670017919896,-35.8145951209918,155.607103446859));
#4533=CARTESIAN_POINT('Ctrl Pts',(179.931920775233,-41.7081185219803,175.508805061207));
#4534=CARTESIAN_POINT('Ctrl Pts',(181.097216207123,-40.5600771857758,168.758387836633));
#4535=CARTESIAN_POINT('Ctrl Pts',(182.486876355114,-38.1945327750168,162.166230444234));
#4536=CARTESIAN_POINT('Ctrl Pts',(183.859595396263,-35.3787915156121,155.674816536895));
#4537=CARTESIAN_POINT('Ctrl Pts',(181.397291243878,-40.3862127926231,175.45787926388));
#4538=CARTESIAN_POINT('Ctrl Pts',(182.386230423487,-39.2281223915808,168.794235583119));
#4539=CARTESIAN_POINT('Ctrl Pts',(183.50658565003,-36.8401795433518,162.305331160371));
#4540=CARTESIAN_POINT('Ctrl Pts',(184.602951257322,-34.0050376287387,155.908589464812));
#4541=CARTESIAN_POINT('Ctrl Pts',(182.409405811961,-39.4800148265131,175.412752836832));
#4542=CARTESIAN_POINT('Ctrl Pts',(183.2859818019,-38.3147265491613,168.80518846589));
#4543=CARTESIAN_POINT('Ctrl Pts',(184.241340219217,-35.9091613160869,162.384961710909));
#4544=CARTESIAN_POINT('Ctrl Pts',(185.169093548479,-33.05332896263,156.055530582651));
#4545=CARTESIAN_POINT('Ctrl Pts',(188.09493622151,-34.4349741755832,175.177609368422));
#4546=CARTESIAN_POINT('Ctrl Pts',(188.410255483456,-33.2277773282845,168.878639773715));
#4547=CARTESIAN_POINT('Ctrl Pts',(188.53348024087,-30.7263269879823,162.826035073902));
#4548=CARTESIAN_POINT('Ctrl Pts',(188.605827360366,-27.7715300540062,156.845541333629));
#4549=CARTESIAN_POINT('Ctrl Pts',(192.934438300048,-30.3301741747543,174.944216999811));
#4550=CARTESIAN_POINT('Ctrl Pts',(193.025857963505,-29.1046799200698,168.853874531503));
#4551=CARTESIAN_POINT('Ctrl Pts',(192.845553904658,-26.5511965861093,163.033716230552));
#4552=CARTESIAN_POINT('Ctrl Pts',(192.595610617248,-23.5404123615813,157.273966467389));
#4553=CARTESIAN_POINT('Ctrl Pts',(200.879829274288,-23.9840597015975,174.449997134182));
#4554=CARTESIAN_POINT('Ctrl Pts',(200.816202374359,-23.0235444333334,168.556487586803));
#4555=CARTESIAN_POINT('Ctrl Pts',(200.473013820375,-20.8602164850257,162.892009388766));
#4556=CARTESIAN_POINT('Ctrl Pts',(200.032414594294,-18.2310486409717,157.269359276395));
#4557=CARTESIAN_POINT('Ctrl Pts',(206.85539442601,-19.2074943915885,174.07771652004));
#4558=CARTESIAN_POINT('Ctrl Pts',(206.664935533942,-18.4486879171453,168.332547101849));
#4559=CARTESIAN_POINT('Ctrl Pts',(206.180493010558,-16.5818494615946,162.784799726659));
#4560=CARTESIAN_POINT('Ctrl Pts',(205.5798679166,-14.2426991996833,157.264666729653));
#4561=CARTESIAN_POINT('Ctrl Pts',(215.8160020552,-12.0375342244647,173.521302293419));
#4562=CARTESIAN_POINT('Ctrl Pts',(215.427895150261,-11.5760200039259,168.001497300066));
#4563=CARTESIAN_POINT('Ctrl Pts',(214.716092154413,-10.1443059240074,162.634325740927));
#4564=CARTESIAN_POINT('Ctrl Pts',(213.869871096598,-8.23433503097144,157.271066396485));
#4565=CARTESIAN_POINT('Ctrl Pts',(224.769832227841,-4.8643315911742,172.966706147427));
#4566=CARTESIAN_POINT('Ctrl Pts',(224.173625788054,-4.69447029120866,167.675155724965));
#4567=CARTESIAN_POINT('Ctrl Pts',(223.213966889852,-3.68645799360661,162.493838503069));
#4568=CARTESIAN_POINT('Ctrl Pts',(222.109719328454,-2.19947498124254,157.290174348589));
#4569=CARTESIAN_POINT('Ctrl Pts',(236.702820842785,4.70728621504584,172.230248880244));
#4570=CARTESIAN_POINT('Ctrl Pts',(235.819531995364,4.49907064739681,167.247669050601));
#4571=CARTESIAN_POINT('Ctrl Pts',(234.51018130289,4.96328641204285,162.322796560207));
#4572=CARTESIAN_POINT('Ctrl Pts',(233.051814701252,5.89807016382339,157.33651880591));
#4573=CARTESIAN_POINT('Ctrl Pts',(251.610035108407,16.6862729769899,171.315282568474));
#4574=CARTESIAN_POINT('Ctrl Pts',(250.353416646669,16.0292868443733,166.727836556093));
#4575=CARTESIAN_POINT('Ctrl Pts',(248.578286404092,15.8608896838377,162.14018862442));
#4576=CARTESIAN_POINT('Ctrl Pts',(246.661141365296,16.1317747664857,157.434371619289));
#4577=CARTESIAN_POINT('Ctrl Pts',(263.533876693574,26.2886567351931,170.589518691709));
#4578=CARTESIAN_POINT('Ctrl Pts',(261.976003805976,25.3021789358114,166.328116062223));
#4579=CARTESIAN_POINT('Ctrl Pts',(259.8233078723,24.6859514168999,162.02855809474));
#4580=CARTESIAN_POINT('Ctrl Pts',(257.536284819409,24.4576028263713,157.556702562499));
#4581=CARTESIAN_POINT('Ctrl Pts',(271.24168750134,32.4993588045353,170.121739016627));
#4582=CARTESIAN_POINT('Ctrl Pts',(269.493240248721,31.3097934558356,166.073021070978));
#4583=CARTESIAN_POINT('Ctrl Pts',(267.104352131572,30.4235666338207,161.963339241616));
#4584=CARTESIAN_POINT('Ctrl Pts',(264.583147708702,29.8841128848311,157.644455769231));
#4585=CARTESIAN_POINT('Ctrl Pts',(272.999213180754,33.8870482880956,170.005846269439));
#4586=CARTESIAN_POINT('Ctrl Pts',(271.224287434293,32.6312438695021,165.993893469292));
#4587=CARTESIAN_POINT('Ctrl Pts',(268.808868546603,31.6521294265078,161.909078209846));
#4588=CARTESIAN_POINT('Ctrl Pts',(266.261742741864,31.0106751589633,157.607407565283));
#4589=CARTESIAN_POINT('Ctrl Pts',(275.756354263257,36.0232055419253,169.810499335198));
#4590=CARTESIAN_POINT('Ctrl Pts',(273.949675631386,34.6230487429742,165.840566191766));
#4591=CARTESIAN_POINT('Ctrl Pts',(271.508687715251,33.4330181270813,161.770703529605));
#4592=CARTESIAN_POINT('Ctrl Pts',(268.936107472387,32.5660812558102,157.472196245555));
#4593=CARTESIAN_POINT('Ctrl Pts',(276.752510019174,36.7868342523029,169.737150880671));
#4594=CARTESIAN_POINT('Ctrl Pts',(274.936599671518,35.3266289980327,165.779065128853));
#4595=CARTESIAN_POINT('Ctrl Pts',(272.490054847641,34.0478042884978,161.709360430933));
#4596=CARTESIAN_POINT('Ctrl Pts',(269.911902428661,33.0868240616688,157.406881592772));
#4597=CARTESIAN_POINT('Ctrl Pts',(278.134458593978,37.8358052157096,169.631362495312));
#4598=CARTESIAN_POINT('Ctrl Pts',(276.306483144803,36.2806629608364,165.685380196804));
#4599=CARTESIAN_POINT('Ctrl Pts',(273.853493798852,34.8599482596038,161.609198328962));
#4600=CARTESIAN_POINT('Ctrl Pts',(271.268675434808,33.7498304348402,157.294720056163));
#4601=CARTESIAN_POINT('Ctrl Pts',(278.519132674949,38.126706856403,169.601851661236));
#4602=CARTESIAN_POINT('Ctrl Pts',(276.687872040644,36.5438679870104,165.658818421928));
#4603=CARTESIAN_POINT('Ctrl Pts',(274.233267128663,35.0817051252048,161.580052635744));
#4604=CARTESIAN_POINT('Ctrl Pts',(271.646813984433,33.9281295707938,157.261429366898));
#4605=CARTESIAN_POINT('Ctrl Pts',(278.982788707412,38.4760108524728,169.564918547238));
#4606=CARTESIAN_POINT('Ctrl Pts',(277.147583341074,36.8583509152818,165.624787303456));
#4607=CARTESIAN_POINT('Ctrl Pts',(274.690943453097,35.3437186784788,161.542191964708));
#4608=CARTESIAN_POINT('Ctrl Pts',(272.102266553951,34.1352565886251,157.217996057366));
#4609=CARTESIAN_POINT('Ctrl Pts',(279.063568920229,38.5348295158567,169.55740906644));
#4610=CARTESIAN_POINT('Ctrl Pts',(277.227700481953,36.9112789958077,165.617591782337));
#4611=CARTESIAN_POINT('Ctrl Pts',(274.770439014509,35.3876062527599,161.534485648237));
#4612=CARTESIAN_POINT('Ctrl Pts',(272.180871139827,34.169716023468,157.209641372344));
#4613=CARTESIAN_POINT('Ctrl Pts',(279.484101002713,38.831041818561,169.522549424138));
#4614=CARTESIAN_POINT('Ctrl Pts',(277.644554516024,37.176804992925,165.584637371424));
#4615=CARTESIAN_POINT('Ctrl Pts',(275.183560287587,35.607447013552,161.498180112387));
#4616=CARTESIAN_POINT('Ctrl Pts',(272.589266845634,34.3420845519208,157.168845191948));
#4617=CARTESIAN_POINT('Ctrl Pts',(279.841167933273,39.048538467951,169.496157690923));
#4618=CARTESIAN_POINT('Ctrl Pts',(277.998183537767,37.369240292671,165.559319341753));
#4619=CARTESIAN_POINT('Ctrl Pts',(275.531403180977,35.7647530583497,161.469371631401));
#4620=CARTESIAN_POINT('Ctrl Pts',(272.930019528746,34.4634497350466,157.135613428456));
#4621=CARTESIAN_POINT('Ctrl Pts',(281.535490838447,39.9328222461184,169.388951023409));
#4622=CARTESIAN_POINT('Ctrl Pts',(279.674029783311,38.1375569603741,165.456001365896));
#4623=CARTESIAN_POINT('Ctrl Pts',(277.170039128064,36.3828177883384,161.345909358038));
#4624=CARTESIAN_POINT('Ctrl Pts',(274.524441292523,34.9305509646603,156.986880391707));
#4625=CARTESIAN_POINT('Ctrl Pts',(283.001516494148,40.3429594174036,169.323803744035));
#4626=CARTESIAN_POINT('Ctrl Pts',(281.097658934941,38.4737931928572,165.379377694464));
#4627=CARTESIAN_POINT('Ctrl Pts',(278.537537626586,36.6283800687396,161.243558583553));
#4628=CARTESIAN_POINT('Ctrl Pts',(275.83386897236,35.0857941995242,156.85647729681));
#4629=CARTESIAN_POINT('Ctrl Pts',(285.8945228161,40.5348765942562,169.234829194029));
#4630=CARTESIAN_POINT('Ctrl Pts',(283.893321453712,38.573961802947,165.232506428575));
#4631=CARTESIAN_POINT('Ctrl Pts',(281.204322376277,36.6153710178034,161.02678028865));
#4632=CARTESIAN_POINT('Ctrl Pts',(278.368022495666,34.9593770111142,156.572939726735));
#4633=CARTESIAN_POINT('Ctrl Pts',(287.315118219594,40.3531864793606,169.209827894913));
#4634=CARTESIAN_POINT('Ctrl Pts',(285.258967567345,38.3708032775111,165.16430459757));
#4635=CARTESIAN_POINT('Ctrl Pts',(282.498683970591,36.3860618920219,160.915719923038));
#4636=CARTESIAN_POINT('Ctrl Pts',(279.589845575244,34.7034307084522,156.423404165397));
#4637=CARTESIAN_POINT('Ctrl Pts',(289.459152422333,39.6428077490433,169.199778550871));
#4638=CARTESIAN_POINT('Ctrl Pts',(287.326744058132,37.6624790304408,165.064142814708));
#4639=CARTESIAN_POINT('Ctrl Pts',(284.46057509767,35.6800701085983,160.734011357746));
#4640=CARTESIAN_POINT('Ctrl Pts',(281.442232891911,33.9983656366117,156.171089998003));
#4641=CARTESIAN_POINT('Ctrl Pts',(290.235435641638,39.2816201308413,169.202802306065));
#4642=CARTESIAN_POINT('Ctrl Pts',(288.076974407334,37.3101064228656,165.028673985976));
#4643=CARTESIAN_POINT('Ctrl Pts',(285.172869339394,35.33845062752,160.66498329804));
#4644=CARTESIAN_POINT('Ctrl Pts',(282.114899612049,33.666846889669,156.07345121327));
#4645=CARTESIAN_POINT('Ctrl Pts',(291.412407764095,38.5579827391247,169.218648062314));
#4646=CARTESIAN_POINT('Ctrl Pts',(289.220636549095,36.611757350415,164.97620440938));
#4647=CARTESIAN_POINT('Ctrl Pts',(286.262618696191,34.6716413544388,160.553898309711));
#4648=CARTESIAN_POINT('Ctrl Pts',(283.147063669146,33.0305341532579,155.912749156181));
#4649=CARTESIAN_POINT('Ctrl Pts',(291.844331815571,38.2476068210157,169.22734672765));
#4650=CARTESIAN_POINT('Ctrl Pts',(289.641863185963,36.3137167521594,164.957312169517));
#4651=CARTESIAN_POINT('Ctrl Pts',(286.664975132704,34.3890472971075,160.511531866443));
#4652=CARTESIAN_POINT('Ctrl Pts',(283.52893699937,32.7629774427111,155.850574143578));
#4653=CARTESIAN_POINT('Ctrl Pts',(292.708672097869,37.5269611364745,169.251181668047));
#4654=CARTESIAN_POINT('Ctrl Pts',(290.489421199751,35.6235639715311,164.920335201602));
#4655=CARTESIAN_POINT('Ctrl Pts',(287.477676323704,33.7377993785915,160.422848589364));
#4656=CARTESIAN_POINT('Ctrl Pts',(284.302774380656,32.1499341528568,155.71832702777));
#4657=CARTESIAN_POINT('Ctrl Pts',(293.130689696236,37.1028512208366,169.268273911058));
#4658=CARTESIAN_POINT('Ctrl Pts',(290.903265061727,35.2147958295001,164.904649865169));
#4659=CARTESIAN_POINT('Ctrl Pts',(287.876661262921,33.3538363665252,160.378305483595));
#4660=CARTESIAN_POINT('Ctrl Pts',(284.685369350349,31.7917419841135,155.649408772015));
#4661=CARTESIAN_POINT('Ctrl Pts',(294.46553296397,35.4859340271284,169.342289473821));
#4662=CARTESIAN_POINT('Ctrl Pts',(292.208383477776,33.6527259200407,164.862532310076));
#4663=CARTESIAN_POINT('Ctrl Pts',(289.145597140923,31.890372248003,160.231262312362));
#4664=CARTESIAN_POINT('Ctrl Pts',(285.916927022266,30.4325504579345,155.412160245267));
#4665=CARTESIAN_POINT('Ctrl Pts',(295.396049500542,34.3433714803353,169.393165817445));
#4666=CARTESIAN_POINT('Ctrl Pts',(293.109982005491,32.5401309099249,164.830702431179));
#4667=CARTESIAN_POINT('Ctrl Pts',(290.009580128574,30.8315882663264,160.123122760427));
#4668=CARTESIAN_POINT('Ctrl Pts',(286.74328870531,29.4306068889147,155.236924467785));
#4669=CARTESIAN_POINT('Ctrl Pts',(296.34405515019,33.1621914938709,169.444291225693));
#4670=CARTESIAN_POINT('Ctrl Pts',(294.017449887994,31.3831533769617,164.795597754342));
#4671=CARTESIAN_POINT('Ctrl Pts',(290.860899213572,29.7203097654888,160.00820406084));
#4672=CARTESIAN_POINT('Ctrl Pts',(287.538101701505,28.3687672908489,155.052350643699));
#4673=CARTESIAN_POINT('Ctrl Pts',(296.361091499328,33.1409646965004,169.445211555661));
#4674=CARTESIAN_POINT('Ctrl Pts',(294.033748016079,31.3623747044901,164.794969344861));
#4675=CARTESIAN_POINT('Ctrl Pts',(290.876172379037,29.7003748048437,160.006145520991));
#4676=CARTESIAN_POINT('Ctrl Pts',(287.552338750472,28.3497487441594,155.049049154829));
#4677=CARTESIAN_POINT('Ctrl Pts',(296.606206181856,32.8355665424182,169.458442360798));
#4678=CARTESIAN_POINT('Ctrl Pts',(294.268268369024,31.0633906886579,164.785913199364));
#4679=CARTESIAN_POINT('Ctrl Pts',(291.0960551805,29.4133854828649,159.976495160388));
#4680=CARTESIAN_POINT('Ctrl Pts',(287.7574665087,28.0757390958099,155.001454301109));
#4681=CARTESIAN_POINT('Ctrl Pts',(296.835486483035,32.5544689318059,169.470256686519));
#4682=CARTESIAN_POINT('Ctrl Pts',(294.488614007134,30.7898624284546,164.776774096298));
#4683=CARTESIAN_POINT('Ctrl Pts',(291.302642865181,29.1508325467834,159.948419528659));
#4684=CARTESIAN_POINT('Ctrl Pts',(287.949858728064,27.8244526379312,154.956856049922));
#4685=CARTESIAN_POINT('Ctrl Pts',(297.138362908254,32.188884533576,169.485176958535));
#4686=CARTESIAN_POINT('Ctrl Pts',(294.781956215708,30.4349076080885,164.763932889473));
#4687=CARTESIAN_POINT('Ctrl Pts',(291.577674118305,28.81008469669,159.910810373977));
#4688=CARTESIAN_POINT('Ctrl Pts',(288.205237877962,27.4981022114881,154.897869826242));
#4689=CARTESIAN_POINT('Ctrl Pts',(297.208787774249,32.1012192208437,169.488714559673));
#4690=CARTESIAN_POINT('Ctrl Pts',(294.850268655037,30.3498750924399,164.760825171982));
#4691=CARTESIAN_POINT('Ctrl Pts',(291.641763784158,28.7287438058269,159.901851637373));
#4692=CARTESIAN_POINT('Ctrl Pts',(288.264745542525,27.4205822018509,154.883946508081));
#4693=CARTESIAN_POINT('Ctrl Pts',(297.775503620459,31.3745830544431,169.518982627226));
#4694=CARTESIAN_POINT('Ctrl Pts',(295.401391887348,29.6458079896419,164.736611969488));
#4695=CARTESIAN_POINT('Ctrl Pts',(292.160486372438,28.0557657197614,159.829412180472));
#4696=CARTESIAN_POINT('Ctrl Pts',(288.748143627939,26.779428886589,154.77027037449));
#4697=CARTESIAN_POINT('Ctrl Pts',(298.206810242677,30.68080025809,169.551218267884));
#4698=CARTESIAN_POINT('Ctrl Pts',(295.829025187852,28.9780862945363,164.7195717852));
#4699=CARTESIAN_POINT('Ctrl Pts',(292.571156198438,27.4245620443117,159.768937598369));
#4700=CARTESIAN_POINT('Ctrl Pts',(289.138623033615,26.1854634937037,154.672759354924));
#4701=CARTESIAN_POINT('Ctrl Pts',(299.160500602981,28.7062792477935,169.651736142247));
#4702=CARTESIAN_POINT('Ctrl Pts',(296.803512279995,27.083281663092,164.686721065786));
#4703=CARTESIAN_POINT('Ctrl Pts',(293.536054459975,25.6450533697691,159.616625838197));
#4704=CARTESIAN_POINT('Ctrl Pts',(290.083485543558,24.5238324328541,154.41793049994));
#4705=CARTESIAN_POINT('Ctrl Pts',(299.532449822215,27.3536920659346,169.729515734537));
#4706=CARTESIAN_POINT('Ctrl Pts',(297.222035188307,25.7909999080616,164.680157841276));
#4707=CARTESIAN_POINT('Ctrl Pts',(293.987659289936,24.4436403136407,159.532502220622));
#4708=CARTESIAN_POINT('Ctrl Pts',(290.559620605853,23.4156400191105,154.266654022092));
#4709=CARTESIAN_POINT('Ctrl Pts',(299.710749779371,25.2584142847136,169.863260638961));
#4710=CARTESIAN_POINT('Ctrl Pts',(297.524018167482,23.7801937742154,164.693086491605));
#4711=CARTESIAN_POINT('Ctrl Pts',(294.407185371585,22.5750861460357,159.42485167339));
#4712=CARTESIAN_POINT('Ctrl Pts',(291.08149490667,21.6959657169474,154.051718071431));
#4713=CARTESIAN_POINT('Ctrl Pts',(299.699038602986,24.5251760555467,169.912220407058));
#4714=CARTESIAN_POINT('Ctrl Pts',(297.562280890789,23.0727257447455,164.701534362122));
#4715=CARTESIAN_POINT('Ctrl Pts',(294.494641053179,21.9140830246998,159.390866438721));
#4716=CARTESIAN_POINT('Ctrl Pts',(291.212920220003,21.0841469491825,153.979094393364));
#4717=CARTESIAN_POINT('Ctrl Pts',(299.51007624885,22.9283540481946,170.023517879492));
#4718=CARTESIAN_POINT('Ctrl Pts',(297.496752336701,21.5222335878732,164.72825821133));
#4719=CARTESIAN_POINT('Ctrl Pts',(294.554771826206,20.4577930877142,159.323532778141));
#4720=CARTESIAN_POINT('Ctrl Pts',(291.386723163509,19.7298817460718,153.824907402806));
#4721=CARTESIAN_POINT('Ctrl Pts',(299.299067990914,22.0692567837922,170.086536194843));
#4722=CARTESIAN_POINT('Ctrl Pts',(297.362009472315,20.6811521686707,164.748285151835));
#4723=CARTESIAN_POINT('Ctrl Pts',(294.50020755294,19.6619661263119,159.291903235589));
#4724=CARTESIAN_POINT('Ctrl Pts',(291.405756739174,18.9846355298239,153.744500535762));
#4725=CARTESIAN_POINT('Ctrl Pts',(298.855089801541,20.9069101570148,170.176282209047));
#4726=CARTESIAN_POINT('Ctrl Pts',(297.034687314926,19.5297514846221,164.783477251516));
#4727=CARTESIAN_POINT('Ctrl Pts',(294.300855733226,18.561069789062,159.254502451833));
#4728=CARTESIAN_POINT('Ctrl Pts',(291.325573255789,17.943655448156,153.636832092363));
#4729=CARTESIAN_POINT('Ctrl Pts',(298.704198990281,20.5720072352831,170.201929283963));
#4730=CARTESIAN_POINT('Ctrl Pts',(296.918128609442,19.1969647468177,164.793285662417));
#4731=CARTESIAN_POINT('Ctrl Pts',(294.224272565975,18.2415430498973,159.242842379765));
#4732=CARTESIAN_POINT('Ctrl Pts',(291.286590456495,17.6400825675486,153.604562128124));
#4733=CARTESIAN_POINT('Ctrl Pts',(298.279599082622,19.7607196836953,170.262383892153));
#4734=CARTESIAN_POINT('Ctrl Pts',(296.579206977216,18.3898367919415,164.81438494531));
#4735=CARTESIAN_POINT('Ctrl Pts',(293.989732553763,17.461747404921,159.21116281668));
#4736=CARTESIAN_POINT('Ctrl Pts',(291.151784933619,16.8939395948051,153.522000273062));
#4737=CARTESIAN_POINT('Ctrl Pts',(297.982012365635,19.2977554508107,170.295625773518));
#4738=CARTESIAN_POINT('Ctrl Pts',(296.332748152451,17.9277690248053,164.824424698767));
#4739=CARTESIAN_POINT('Ctrl Pts',(293.81011427437,17.0110744659489,159.190109016112));
#4740=CARTESIAN_POINT('Ctrl Pts',(291.037145459836,16.4581528256881,153.470958610361));
#4741=CARTESIAN_POINT('Ctrl Pts',(297.316226274286,18.4403523414593,170.353710938461));
#4742=CARTESIAN_POINT('Ctrl Pts',(295.767177698443,17.0692217787328,164.837403798231));
#4743=CARTESIAN_POINT('Ctrl Pts',(293.383470409855,16.1632599112632,159.143372749385));
#4744=CARTESIAN_POINT('Ctrl Pts',(290.747840019787,15.6270881898421,153.366339115832));
#4745=CARTESIAN_POINT('Ctrl Pts',(296.948359070362,18.0444821344614,170.378988934142));
#4746=CARTESIAN_POINT('Ctrl Pts',(295.448434711479,16.6712377250493,164.840815728995));
#4747=CARTESIAN_POINT('Ctrl Pts',(293.136942216144,15.7647282285034,159.118038154223));
#4748=CARTESIAN_POINT('Ctrl Pts',(290.573742967201,15.2307781081335,153.312963530433));
#4749=CARTESIAN_POINT('Ctrl Pts',(295.52195668613,16.7576022593175,170.451433774699));
#4750=CARTESIAN_POINT('Ctrl Pts',(294.194734860611,15.372434760473,164.836370891159));
#4751=CARTESIAN_POINT('Ctrl Pts',(292.147698270308,14.4410935440675,159.015753795464));
#4752=CARTESIAN_POINT('Ctrl Pts',(289.854085960969,13.8883803252063,153.114635130977));
#4753=CARTESIAN_POINT('Ctrl Pts',(294.509759120153,15.8513394487449,170.49186069139));
#4754=CARTESIAN_POINT('Ctrl Pts',(293.294712919568,14.4595475680432,164.820638194672));
#4755=CARTESIAN_POINT('Ctrl Pts',(291.412137344408,13.5102756342985,158.934718507461));
#4756=CARTESIAN_POINT('Ctrl Pts',(289.287674475071,12.934958751856,152.971031945571));
#4757=CARTESIAN_POINT('Ctrl Pts',(288.824966907431,10.8067001383933,170.752934695622));
#4758=CARTESIAN_POINT('Ctrl Pts',(288.172313313839,9.37096515021032,164.785575519725));
#4759=CARTESIAN_POINT('Ctrl Pts',(287.123947546927,8.32063519423076,158.544705510416));
#4760=CARTESIAN_POINT('Ctrl Pts',(285.8565078424,7.6415564994129,152.239413092622));
#4761=CARTESIAN_POINT('Ctrl Pts',(283.986156077791,6.70170497818138,170.989854327004));
#4762=CARTESIAN_POINT('Ctrl Pts',(283.557984845128,5.24766450718982,164.817337027416));
#4763=CARTESIAN_POINT('Ctrl Pts',(282.813738656904,4.14453060019245,158.349109785727));
#4764=CARTESIAN_POINT('Ctrl Pts',(281.868857468113,3.4072907784115,151.830800975752));
#4765=CARTESIAN_POINT('Ctrl Pts',(276.04111490177,0.35549162997545,171.480204348596));
#4766=CARTESIAN_POINT('Ctrl Pts',(275.768244807375,-0.832909314659239,165.110328588202));
#4767=CARTESIAN_POINT('Ctrl Pts',(275.187829000781,-1.54564073010692,158.489335797194));
#4768=CARTESIAN_POINT('Ctrl Pts',(274.434445356395,-1.90221435419346,151.838079454948));
#4769=CARTESIAN_POINT('Ctrl Pts',(270.065391947779,-4.42148210063046,171.847517414182));
#4770=CARTESIAN_POINT('Ctrl Pts',(269.918892559996,-5.40787445514808,165.327012506742));
#4771=CARTESIAN_POINT('Ctrl Pts',(269.478957968487,-5.82330268547764,158.587727831545));
#4772=CARTESIAN_POINT('Ctrl Pts',(268.885391735127,-5.88942840222113,151.833701990942));
#4773=CARTESIAN_POINT('Ctrl Pts',(261.104663786612,-11.5916359462501,172.39871599017));
#4774=CARTESIAN_POINT('Ctrl Pts',(261.155525243564,-12.2802844772438,165.650895501071));
#4775=CARTESIAN_POINT('Ctrl Pts',(260.942656643544,-12.2598407625961,158.730596274577));
#4776=CARTESIAN_POINT('Ctrl Pts',(260.594785396815,-11.896688011125,151.820641562459));
#4777=CARTESIAN_POINT('Ctrl Pts',(252.150641005863,-18.7650488396231,172.948286211586));
#4778=CARTESIAN_POINT('Ctrl Pts',(252.409240526012,-19.1616618018324,165.970266080864));
#4779=CARTESIAN_POINT('Ctrl Pts',(252.443718955757,-18.7167483384304,158.863044485085));
#4780=CARTESIAN_POINT('Ctrl Pts',(252.353790682484,-17.9302754770464,151.793587803286));
#4781=CARTESIAN_POINT('Ctrl Pts',(240.217378719342,-28.3367015162339,173.679307337406));
#4782=CARTESIAN_POINT('Ctrl Pts',(240.762732681842,-28.354794557977,166.390577478133));
#4783=CARTESIAN_POINT('Ctrl Pts',(241.146506122758,-27.3653435173977,159.026083406785));
#4784=CARTESIAN_POINT('Ctrl Pts',(241.410655589014,-26.0263592815276,151.739389093131));
#4785=CARTESIAN_POINT('Ctrl Pts',(225.309871606413,-40.315763715725,174.588497066701));
#4786=CARTESIAN_POINT('Ctrl Pts',(226.228218076129,-39.8846293566829,166.903153562408));
#4787=CARTESIAN_POINT('Ctrl Pts',(227.077281698453,-38.2618170524425,159.20006684164));
#4788=CARTESIAN_POINT('Ctrl Pts',(227.799954395911,-36.2583039192552,151.631946074829));
#4789=CARTESIAN_POINT('Ctrl Pts',(213.385474102171,-49.9173485966438,175.311268419814));
#4790=CARTESIAN_POINT('Ctrl Pts',(214.605000358229,-49.1565136594587,167.300222878194));
#4791=CARTESIAN_POINT('Ctrl Pts',(215.831537280861,-47.0858391271642,159.308941835547));
#4792=CARTESIAN_POINT('Ctrl Pts',(216.923986213388,-44.5829039816703,151.505999414864));
#4793=CARTESIAN_POINT('Ctrl Pts',(205.677465377685,-56.127870690038,175.776844713859));
#4794=CARTESIAN_POINT('Ctrl Pts',(207.087491647697,-55.1637915658037,167.552837812725));
#4795=CARTESIAN_POINT('Ctrl Pts',(208.549979497456,-52.8228256771854,159.370196084412));
#4796=CARTESIAN_POINT('Ctrl Pts',(209.876284095706,-50.0081508918894,151.4123041448));
#4797=CARTESIAN_POINT('Ctrl Pts',(203.919787208517,-57.5155362491364,175.889686056857));
#4798=CARTESIAN_POINT('Ctrl Pts',(205.356098871613,-56.4850067322351,167.626669257116));
#4799=CARTESIAN_POINT('Ctrl Pts',(206.844428292369,-54.0502060865546,159.415071889555));
#4800=CARTESIAN_POINT('Ctrl Pts',(208.196051849689,-51.132294230699,151.436313985811));
#4801=CARTESIAN_POINT('Ctrl Pts',(201.120835771459,-59.6839610377868,176.081638665996));
#4802=CARTESIAN_POINT('Ctrl Pts',(202.588952774868,-58.5065736800133,167.772482640163));
#4803=CARTESIAN_POINT('Ctrl Pts',(204.102231266971,-55.8566360007153,159.540880917357));
#4804=CARTESIAN_POINT('Ctrl Pts',(205.478923008677,-52.708718400363,151.555146313141));
#4805=CARTESIAN_POINT('Ctrl Pts',(200.082898865316,-60.4792092113501,176.15542860054));
#4806=CARTESIAN_POINT('Ctrl Pts',(201.560352281609,-59.238794404312,167.832517752083));
#4807=CARTESIAN_POINT('Ctrl Pts',(203.078810408883,-56.4953833671733,159.598828597127));
#4808=CARTESIAN_POINT('Ctrl Pts',(204.460795713823,-53.2484860806047,151.615837174839));
#4809=CARTESIAN_POINT('Ctrl Pts',(198.700701868673,-61.5275557643708,176.2570024176));
#4810=CARTESIAN_POINT('Ctrl Pts',(200.189864573327,-60.1910766685819,167.920013572439));
#4811=CARTESIAN_POINT('Ctrl Pts',(201.713985418085,-57.3037330950149,159.690470263836));
#4812=CARTESIAN_POINT('Ctrl Pts',(203.101980246094,-53.9056231557915,151.718150831311));
#4813=CARTESIAN_POINT('Ctrl Pts',(198.357533962038,-61.7869723170085,176.282677332128));
#4814=CARTESIAN_POINT('Ctrl Pts',(199.849574293375,-60.425661518305,167.942584764714));
#4815=CARTESIAN_POINT('Ctrl Pts',(201.374957436052,-57.5010741372989,159.714605403164));
#4816=CARTESIAN_POINT('Ctrl Pts',(202.764241468521,-54.063873190911,151.745452173223));
#4817=CARTESIAN_POINT('Ctrl Pts',(197.931176799607,-62.1082264611219,176.314457411167));
#4818=CARTESIAN_POINT('Ctrl Pts',(199.42671600154,-60.7148153015245,167.970813262601));
#4819=CARTESIAN_POINT('Ctrl Pts',(200.953746223119,-57.7417977751273,159.745520404354));
#4820=CARTESIAN_POINT('Ctrl Pts',(202.344903965422,-54.2539820378193,151.781116759845));
#4821=CARTESIAN_POINT('Ctrl Pts',(197.845835152743,-62.1703293557833,176.319814217585));
#4822=CARTESIAN_POINT('Ctrl Pts',(199.341958361825,-60.7705442014707,167.975301868877));
#4823=CARTESIAN_POINT('Ctrl Pts',(200.869627920677,-57.7877866782816,159.750704861612));
#4824=CARTESIAN_POINT('Ctrl Pts',(202.261791402986,-54.2900185082208,151.787505525966));
#4825=CARTESIAN_POINT('Ctrl Pts',(197.424591093458,-62.4662397468701,176.34696526518));
#4826=CARTESIAN_POINT('Ctrl Pts',(198.924086150228,-61.0353013851288,167.998830743471));
#4827=CARTESIAN_POINT('Ctrl Pts',(200.455428675547,-58.0063130800487,159.777714184226));
#4828=CARTESIAN_POINT('Ctrl Pts',(201.85245574213,-54.4610497949934,151.820218095931));
#4829=CARTESIAN_POINT('Ctrl Pts',(197.071961697212,-62.6810391269222,176.366069776896));
#4830=CARTESIAN_POINT('Ctrl Pts',(198.574656955681,-61.2249388452856,168.015458761006));
#4831=CARTESIAN_POINT('Ctrl Pts',(200.111677856274,-58.1608007837018,159.79815033773));
#4832=CARTESIAN_POINT('Ctrl Pts',(201.515735370704,-54.5800271958778,151.846221736373));
#4833=CARTESIAN_POINT('Ctrl Pts',(195.382660227808,-63.5652961704481,176.44353169145));
#4834=CARTESIAN_POINT('Ctrl Pts',(196.90324096857,-61.991848082618,168.084008992633));
#4835=CARTESIAN_POINT('Ctrl Pts',(198.477065457511,-58.7759367457481,159.888659317088));
#4836=CARTESIAN_POINT('Ctrl Pts',(199.924885251695,-55.0441066604295,151.966602775933));
#4837=CARTESIAN_POINT('Ctrl Pts',(193.916545704662,-63.9784643620563,176.491670258956));
#4838=CARTESIAN_POINT('Ctrl Pts',(195.478987526309,-62.3302359726775,168.143435667363));
#4839=CARTESIAN_POINT('Ctrl Pts',(197.108149380286,-59.0226424980329,159.975475071004));
#4840=CARTESIAN_POINT('Ctrl Pts',(198.613635271533,-55.1996571705405,152.083099355137));
#4841=CARTESIAN_POINT('Ctrl Pts',(190.974233109249,-64.1792439818627,176.553823845148));
#4842=CARTESIAN_POINT('Ctrl Pts',(192.635179064814,-62.4362733958252,168.26251012054));
#4843=CARTESIAN_POINT('Ctrl Pts',(194.395029260032,-59.0114337638977,160.168196639421));
#4844=CARTESIAN_POINT('Ctrl Pts',(196.035049854549,-55.0716743382431,152.347058731307));
#4845=CARTESIAN_POINT('Ctrl Pts',(189.503022802004,-63.9836246554718,176.569252829124));
#4846=CARTESIAN_POINT('Ctrl Pts',(191.220986464082,-62.218866012731,168.323003903629));
#4847=CARTESIAN_POINT('Ctrl Pts',(193.05497188451,-58.7672886641405,160.274221605137));
#4848=CARTESIAN_POINT('Ctrl Pts',(194.770333693271,-54.8003587250583,152.493996152341));
#4849=CARTESIAN_POINT('Ctrl Pts',(187.360788301573,-63.2449528232056,176.567209150376));
#4850=CARTESIAN_POINT('Ctrl Pts',(189.154320580913,-61.4844744451615,168.412334440986));
#4851=CARTESIAN_POINT('Ctrl Pts',(191.094215468667,-58.0376230035033,160.446919425079));
#4852=CARTESIAN_POINT('Ctrl Pts',(192.919042745918,-54.0738500864105,152.738953209939));
#4853=CARTESIAN_POINT('Ctrl Pts',(186.625615951531,-62.8970303644856,176.561392234961));
#4854=CARTESIAN_POINT('Ctrl Pts',(188.443555225024,-61.1453661636759,168.443223629854));
#4855=CARTESIAN_POINT('Ctrl Pts',(190.419362279996,-57.7091649628586,160.509993406337));
#4856=CARTESIAN_POINT('Ctrl Pts',(192.281681515743,-53.7553214048134,152.829494074439));
#4857=CARTESIAN_POINT('Ctrl Pts',(185.859947726157,-62.4252116919541,176.549224048551));
#4858=CARTESIAN_POINT('Ctrl Pts',(187.699434064212,-60.6902161470158,168.475418164544));
#4859=CARTESIAN_POINT('Ctrl Pts',(189.710400667399,-57.2746397634328,160.580401289888));
#4860=CARTESIAN_POINT('Ctrl Pts',(191.610223794659,-53.3405821156492,152.932289929443));
#4861=CARTESIAN_POINT('Ctrl Pts',(185.78376096783,-62.3769746131777,176.547941025089));
#4862=CARTESIAN_POINT('Ctrl Pts',(187.625345924861,-60.6437244848317,168.478621369053));
#4863=CARTESIAN_POINT('Ctrl Pts',(189.639784800166,-57.2303118763754,160.587462435586));
#4864=CARTESIAN_POINT('Ctrl Pts',(191.5433216534,-53.298333833979,152.942618693436));
#4865=CARTESIAN_POINT('Ctrl Pts',(185.708170478922,-62.3278043426126,176.546594601976));
#4866=CARTESIAN_POINT('Ctrl Pts',(187.551789128465,-60.5963736450002,168.481799379765));
#4867=CARTESIAN_POINT('Ctrl Pts',(189.569644227544,-57.1852205476661,160.594525163041));
#4868=CARTESIAN_POINT('Ctrl Pts',(191.476845448608,-53.255417665369,152.952969732929));
#4869=CARTESIAN_POINT('Ctrl Pts',(189.04548043701,-57.8310194491278,162.669504025771));
#4870=CARTESIAN_POINT('Ctrl Pts',(189.857664978159,-56.4596346636492,159.405956068866));
#4871=CARTESIAN_POINT('Ctrl Pts',(190.67133354792,-54.913982280278,156.180087098333));
#4872=CARTESIAN_POINT('Ctrl Pts',(191.465899326271,-53.2779640346682,152.996825240229));
#4873=CARTESIAN_POINT('Ctrl Pts',(183.527757477772,-63.9453576771922,178.229483023954));
#4874=CARTESIAN_POINT('Ctrl Pts',(184.546305834224,-63.1486551163981,173.676935932788));
#4875=CARTESIAN_POINT('Ctrl Pts',(187.051064138462,-60.0103598182383,163.247478850552));
#4876=CARTESIAN_POINT('Ctrl Pts',(189.588895331989,-55.004515415986,153.294396683227));
#4877=CARTESIAN_POINT('Ctrl Pts',(190.941836838355,-51.9976958269089,147.775017656752));
#4878=CARTESIAN_POINT('Ctrl Pts',(183.321186041311,-63.7914918197708,178.219210111556));
#4879=CARTESIAN_POINT('Ctrl Pts',(184.34300007368,-62.998672378557,173.674467511135));
#4880=CARTESIAN_POINT('Ctrl Pts',(186.858058400139,-59.8704124097169,163.261207870182));
#4881=CARTESIAN_POINT('Ctrl Pts',(189.409327847839,-54.8748176758363,153.320471059191));
#4882=CARTESIAN_POINT('Ctrl Pts',(190.769889783059,-51.8734129578334,147.807125411821));
#4883=CARTESIAN_POINT('Ctrl Pts',(183.119187071557,-63.6315070093765,178.208825621465));
#4884=CARTESIAN_POINT('Ctrl Pts',(184.143965306654,-62.8428780455174,173.672037243218));
#4885=CARTESIAN_POINT('Ctrl Pts',(186.668678243784,-59.7254376099894,163.275211369066));
#4886=CARTESIAN_POINT('Ctrl Pts',(189.232864698229,-54.7408986897,153.346938039811));
#4887=CARTESIAN_POINT('Ctrl Pts',(190.600780255584,-51.7453438979444,147.839679587902));
#4888=CARTESIAN_POINT('Ctrl Pts',(182.374642058492,-63.0049078888769,178.168961754282));
#4889=CARTESIAN_POINT('Ctrl Pts',(183.404594782327,-62.2291381647778,173.662486819443));
#4890=CARTESIAN_POINT('Ctrl Pts',(185.958188858608,-59.1516794735114,163.329818796768));
#4891=CARTESIAN_POINT('Ctrl Pts',(188.572186321991,-54.2143275019355,153.44930230215));
#4892=CARTESIAN_POINT('Ctrl Pts',(189.96939657499,-51.2444494433149,147.964802494774));
#4893=CARTESIAN_POINT('Ctrl Pts',(181.869688716647,-62.4947777808455,178.1370069233));
#4894=CARTESIAN_POINT('Ctrl Pts',(182.902229328149,-61.7268299768044,173.654029289613));
#4895=CARTESIAN_POINT('Ctrl Pts',(185.472313384067,-58.6809522489554,163.371345585885));
#4896=CARTESIAN_POINT('Ctrl Pts',(188.116907657208,-53.7874415261107,153.527342370287));
#4897=CARTESIAN_POINT('Ctrl Pts',(189.532459280271,-50.8419059398036,148.06004923158));
#4898=CARTESIAN_POINT('Ctrl Pts',(180.460740465901,-60.7812922386786,178.024510599754));
#4899=CARTESIAN_POINT('Ctrl Pts',(181.503508070394,-60.0343444376997,173.61293568229));
#4900=CARTESIAN_POINT('Ctrl Pts',(184.102456421795,-57.0738339631853,163.487957584583));
#4901=CARTESIAN_POINT('Ctrl Pts',(186.782940703265,-52.3083507401596,153.776524764188));
#4902=CARTESIAN_POINT('Ctrl Pts',(188.219323694316,-49.4340523148682,148.375878098501));
#4903=CARTESIAN_POINT('Ctrl Pts',(179.51224053206,-59.6141149557321,177.943712630102));
#4904=CARTESIAN_POINT('Ctrl Pts',(180.567023540044,-58.8766419419884,173.578937776876));
#4905=CARTESIAN_POINT('Ctrl Pts',(183.197077865055,-55.9536401233123,163.560855958607));
#4906=CARTESIAN_POINT('Ctrl Pts',(185.911196829482,-51.2458553115178,153.948405866679));
#4907=CARTESIAN_POINT('Ctrl Pts',(187.365989837092,-48.4034478096396,148.599544431701));
#4908=CARTESIAN_POINT('Ctrl Pts',(178.553521834993,-58.4212772408236,177.85879775406));
#4909=CARTESIAN_POINT('Ctrl Pts',(179.626099543073,-57.6900302732924,173.541344359973));
#4910=CARTESIAN_POINT('Ctrl Pts',(182.305800321007,-54.7941419706267,163.632213670628));
#4911=CARTESIAN_POINT('Ctrl Pts',(185.078085767701,-50.1299093082791,154.122344427939));
#4912=CARTESIAN_POINT('Ctrl Pts',(186.565027615204,-47.3115314445014,148.827747802968));
#4913=CARTESIAN_POINT('Ctrl Pts',(178.536330611575,-58.3998865711568,177.857272192293));
#4914=CARTESIAN_POINT('Ctrl Pts',(179.609292908784,-57.6688302489908,173.540668055786));
#4915=CARTESIAN_POINT('Ctrl Pts',(182.29010273483,-54.7736877682821,163.633458152836));
#4916=CARTESIAN_POINT('Ctrl Pts',(185.063739349136,-50.1106171242395,154.125279523617));
#4917=CARTESIAN_POINT('Ctrl Pts',(186.551423989504,-47.2929111911075,148.831547255211));
#4918=CARTESIAN_POINT('Ctrl Pts',(178.294288826518,-58.09863073433,177.83560404014));
#4919=CARTESIAN_POINT('Ctrl Pts',(179.375210020938,-57.3732770106127,173.530910194493));
#4920=CARTESIAN_POINT('Ctrl Pts',(182.074327988517,-54.4915716161748,163.649432651519));
#4921=CARTESIAN_POINT('Ctrl Pts',(184.865228444945,-49.8428900704097,154.164938691248));
#4922=CARTESIAN_POINT('Ctrl Pts',(186.361966048486,-47.0330048760912,148.883864920978));
#4923=CARTESIAN_POINT('Ctrl Pts',(178.067603602626,-57.8202975104973,177.816411610904));
#4924=CARTESIAN_POINT('Ctrl Pts',(179.155319059641,-57.1011761693332,173.522825603967));
#4925=CARTESIAN_POINT('Ctrl Pts',(181.870943209129,-54.2328988150045,163.665109237781));
#4926=CARTESIAN_POINT('Ctrl Pts',(184.678537818673,-49.5968268756076,154.202231965266));
#4927=CARTESIAN_POINT('Ctrl Pts',(186.184128978821,-46.793593128175,148.932747990538));
#4928=CARTESIAN_POINT('Ctrl Pts',(177.758915251235,-57.4465200087289,177.791891404098));
#4929=CARTESIAN_POINT('Ctrl Pts',(178.854259746519,-56.7364184355428,173.513690427555));
#4930=CARTESIAN_POINT('Ctrl Pts',(181.59149452043,-53.8881421774151,163.688571272639));
#4931=CARTESIAN_POINT('Ctrl Pts',(184.424988822074,-49.2710206428689,154.253592281092));
#4932=CARTESIAN_POINT('Ctrl Pts',(185.944720565109,-46.4779184043086,148.998619746285));
#4933=CARTESIAN_POINT('Ctrl Pts',(177.680347031882,-57.3486888304063,177.785735058994));
#4934=CARTESIAN_POINT('Ctrl Pts',(178.777307293938,-56.6408886428557,173.5118483837));
#4935=CARTESIAN_POINT('Ctrl Pts',(181.520186536957,-53.7988638117245,163.695670844287));
#4936=CARTESIAN_POINT('Ctrl Pts',(184.361692139224,-49.1888115952767,154.267280513942));
#4937=CARTESIAN_POINT('Ctrl Pts',(185.885932932796,-46.3997130059343,149.015398116511));
#4938=CARTESIAN_POINT('Ctrl Pts',(177.473327252409,-57.0833211187589,177.769240965047));
#4939=CARTESIAN_POINT('Ctrl Pts',(178.574296434371,-56.3819052060025,173.506972380014));
#4940=CARTESIAN_POINT('Ctrl Pts',(181.331515615523,-53.5572395082317,163.714812590167));
#4941=CARTESIAN_POINT('Ctrl Pts',(184.19371590988,-48.9667945707451,154.304074420967));
#4942=CARTESIAN_POINT('Ctrl Pts',(185.729643726897,-46.1887710551697,149.060475631796));
#4943=CARTESIAN_POINT('Ctrl Pts',(176.998201431093,-56.4434187698465,177.730272955538));
#4944=CARTESIAN_POINT('Ctrl Pts',(178.107345845593,-55.7579652509472,173.495682925991));
#4945=CARTESIAN_POINT('Ctrl Pts',(180.895304000173,-52.9767495367045,163.760499780367));
#4946=CARTESIAN_POINT('Ctrl Pts',(183.803335458351,-48.4352773346435,154.391466625672));
#4947=CARTESIAN_POINT('Ctrl Pts',(185.365297633288,-45.6848099524736,149.167456963721));
#4948=CARTESIAN_POINT('Ctrl Pts',(176.524831917892,-55.6699435456253,177.686634262006));
#4949=CARTESIAN_POINT('Ctrl Pts',(177.637420721962,-55.0058533969677,173.484083350109));
#4950=CARTESIAN_POINT('Ctrl Pts',(180.446056423541,-52.2832367761846,163.81395128515));
#4951=CARTESIAN_POINT('Ctrl Pts',(183.392217925766,-47.8077492340922,154.491912559033));
#4952=CARTESIAN_POINT('Ctrl Pts',(184.976541630248,-45.094025713943,149.290062955058));
#4953=CARTESIAN_POINT('Ctrl Pts',(176.209792626529,-55.0515518444268,177.654082339218));
#4954=CARTESIAN_POINT('Ctrl Pts',(177.320778246071,-54.4052517283112,173.476253505074));
#4955=CARTESIAN_POINT('Ctrl Pts',(180.134894789139,-51.7322087385428,163.855958464247));
#4956=CARTESIAN_POINT('Ctrl Pts',(183.100277404295,-47.3132022229363,154.569695601508));
#4957=CARTESIAN_POINT('Ctrl Pts',(184.696569229546,-44.6307721667131,149.384789142164));
#4958=CARTESIAN_POINT('Ctrl Pts',(175.415814015226,-53.4450967863774,177.570431182468));
#4959=CARTESIAN_POINT('Ctrl Pts',(176.521118665371,-52.8452067934559,173.456514906717));
#4960=CARTESIAN_POINT('Ctrl Pts',(179.345243169589,-50.3018426638685,163.964933029831));
#4961=CARTESIAN_POINT('Ctrl Pts',(182.355894617975,-46.031083549065,154.770869111868));
#4962=CARTESIAN_POINT('Ctrl Pts',(183.981018506678,-43.4306497109996,149.629665658669));
#4963=CARTESIAN_POINT('Ctrl Pts',(174.957412118043,-51.7905120573013,177.497701765381));
#4964=CARTESIAN_POINT('Ctrl Pts',(176.03132208023,-51.2418130542503,173.444407768038));
#4965=CARTESIAN_POINT('Ctrl Pts',(178.802040224521,-48.8466926309885,164.072958526495));
#4966=CARTESIAN_POINT('Ctrl Pts',(181.795771085723,-44.7490061221756,154.964173672371));
#4967=CARTESIAN_POINT('Ctrl Pts',(183.417017059572,-42.2435397291445,149.863895606525));
#4968=CARTESIAN_POINT('Ctrl Pts',(174.760073853681,-49.2389278210996,177.411313468787));
#4969=CARTESIAN_POINT('Ctrl Pts',(175.747381739964,-48.7546003871382,173.446467464036));
#4970=CARTESIAN_POINT('Ctrl Pts',(178.328989731545,-46.5674231856108,164.255276862118));
#4971=CARTESIAN_POINT('Ctrl Pts',(181.181730730098,-42.7419898884805,155.276368895152));
#4972=CARTESIAN_POINT('Ctrl Pts',(182.737796392946,-40.3860974704724,150.239435606194));
#4973=CARTESIAN_POINT('Ctrl Pts',(174.781351778991,-48.3625823470387,177.385871095771));
#4974=CARTESIAN_POINT('Ctrl Pts',(175.734250104412,-47.8958024579566,173.450768525139));
#4975=CARTESIAN_POINT('Ctrl Pts',(178.237651100019,-45.7689531716544,164.322358210044));
#4976=CARTESIAN_POINT('Ctrl Pts',(181.02521771071,-42.0270695127202,155.391546015465));
#4977=CARTESIAN_POINT('Ctrl Pts',(182.549473147215,-39.7173103703622,150.378252422257));
#4978=CARTESIAN_POINT('Ctrl Pts',(174.938300932863,-47.1395969919033,177.356446572084));
#4979=CARTESIAN_POINT('Ctrl Pts',(175.837436095057,-46.6918743933926,173.461878255265));
#4980=CARTESIAN_POINT('Ctrl Pts',(178.214824724732,-44.6383998789173,164.421465865903));
#4981=CARTESIAN_POINT('Ctrl Pts',(180.89110330086,-41.0086059927513,155.558923818726));
#4982=CARTESIAN_POINT('Ctrl Pts',(182.360480628516,-38.7616396875669,150.579044139982));
#4983=CARTESIAN_POINT('Ctrl Pts',(175.036576875867,-46.5683672847943,177.343905441787));
#4984=CARTESIAN_POINT('Ctrl Pts',(175.909485222089,-46.1284801460969,173.468081539396));
#4985=CARTESIAN_POINT('Ctrl Pts',(178.224705676465,-44.1071433372684,164.468852988901));
#4986=CARTESIAN_POINT('Ctrl Pts',(180.844978602602,-40.5288218647382,155.638414988827));
#4987=CARTESIAN_POINT('Ctrl Pts',(182.286668218087,-38.3108751338436,150.674222584625));
#4988=CARTESIAN_POINT('Ctrl Pts',(175.286679328551,-45.5425131852185,177.324878781162));
#4989=CARTESIAN_POINT('Ctrl Pts',(176.109416533475,-45.113320685497,173.48222380162));
#4990=CARTESIAN_POINT('Ctrl Pts',(178.303578094016,-43.1426678245267,164.557560538359));
#4991=CARTESIAN_POINT('Ctrl Pts',(180.810881763129,-39.653450001449,155.785865312032));
#4992=CARTESIAN_POINT('Ctrl Pts',(182.196398146931,-37.48644356128,150.850220761477));
#4993=CARTESIAN_POINT('Ctrl Pts',(175.507123382511,-44.8813535945233,177.315406220612));
#4994=CARTESIAN_POINT('Ctrl Pts',(176.295170556797,-44.4562395584631,173.49375961349));
#4995=CARTESIAN_POINT('Ctrl Pts',(178.40391408833,-42.512258443972,164.617806294228));
#4996=CARTESIAN_POINT('Ctrl Pts',(180.828150185952,-39.0774045385308,155.885067100447));
#4997=CARTESIAN_POINT('Ctrl Pts',(182.172091206115,-36.9421469907008,150.968194559544));
#4998=CARTESIAN_POINT('Ctrl Pts',(175.847926412848,-44.0260572149107,177.307416141494));
#4999=CARTESIAN_POINT('Ctrl Pts',(176.590495821299,-43.5994710307616,173.513744495322));
#5000=CARTESIAN_POINT('Ctrl Pts',(178.582222104165,-41.6786881227373,164.704708303227));
#5001=CARTESIAN_POINT('Ctrl Pts',(180.887049681997,-38.313744177452,156.022428748382));
#5002=CARTESIAN_POINT('Ctrl Pts',(182.171735312694,-36.2207949959042,151.12888276852));
#5003=CARTESIAN_POINT('Ctrl Pts',(176.035894573617,-43.623692796998,177.306131991781));
#5004=CARTESIAN_POINT('Ctrl Pts',(176.758015728127,-43.1939077520379,173.526854341775));
#5005=CARTESIAN_POINT('Ctrl Pts',(178.692963128637,-41.2791955350689,164.752484639738));
#5006=CARTESIAN_POINT('Ctrl Pts',(180.934484287775,-37.9464916736529,156.093664586011));
#5007=CARTESIAN_POINT('Ctrl Pts',(182.187870765468,-35.8738226824238,151.210215770124));
#5008=CARTESIAN_POINT('Ctrl Pts',(176.540783905676,-42.689242899621,177.306883200891));
#5009=CARTESIAN_POINT('Ctrl Pts',(177.215864086042,-42.251139192955,173.562731453116));
#5010=CARTESIAN_POINT('Ctrl Pts',(179.014958422761,-40.3452297349918,164.873110390183));
#5011=CARTESIAN_POINT('Ctrl Pts',(181.093943654125,-37.0800449523602,156.270750912508));
#5012=CARTESIAN_POINT('Ctrl Pts',(182.265956020112,-35.0515348965806,151.410692181184));
#5013=CARTESIAN_POINT('Ctrl Pts',(176.879279681326,-42.1695322763484,177.310447117695));
#5014=CARTESIAN_POINT('Ctrl Pts',(177.528590746191,-41.7260604827223,173.587265847312));
#5015=CARTESIAN_POINT('Ctrl Pts',(179.248820341383,-39.8205806999692,164.94837342754));
#5016=CARTESIAN_POINT('Ctrl Pts',(181.224262666466,-36.5867063821731,156.379094843924));
#5017=CARTESIAN_POINT('Ctrl Pts',(182.343663034867,-34.5802748917327,151.531988132635));
#5018=CARTESIAN_POINT('Ctrl Pts',(177.704293245699,-41.1047367889778,177.324261096988));
#5019=CARTESIAN_POINT('Ctrl Pts',(178.300871479111,-40.6496081718028,173.647223105357));
#5020=CARTESIAN_POINT('Ctrl Pts',(179.851875129137,-38.7365426066504,165.119897846479));
#5021=CARTESIAN_POINT('Ctrl Pts',(181.586592163739,-35.5484252373991,156.62463084409));
#5022=CARTESIAN_POINT('Ctrl Pts',(182.581028419863,-33.5794678008938,151.804934343584));
#5023=CARTESIAN_POINT('Ctrl Pts',(178.206580723483,-40.5725582874522,177.335604621585));
#5024=CARTESIAN_POINT('Ctrl Pts',(178.776844417576,-40.111183028774,173.683794908954));
#5025=CARTESIAN_POINT('Ctrl Pts',(180.238080999118,-38.1886350610266,165.217411068706));
#5026=CARTESIAN_POINT('Ctrl Pts',(181.832959425303,-35.0106970502515,156.763466676576));
#5027=CARTESIAN_POINT('Ctrl Pts',(182.753161187606,-33.0551254073865,151.958079726098));
#5028=CARTESIAN_POINT('Ctrl Pts',(179.803728504732,-39.1783199173417,177.317363039897));
#5029=CARTESIAN_POINT('Ctrl Pts',(180.290864885298,-38.7076348803728,173.72935878528));
#5030=CARTESIAN_POINT('Ctrl Pts',(181.484119351406,-36.7553484433748,165.422924996557));
#5031=CARTESIAN_POINT('Ctrl Pts',(182.695966507895,-33.5242152598662,157.12694388735));
#5032=CARTESIAN_POINT('Ctrl Pts',(183.395222540367,-31.5437180355118,152.393529581309));
#5033=CARTESIAN_POINT('Ctrl Pts',(180.860287805037,-38.2612058886264,177.282812332102));
#5034=CARTESIAN_POINT('Ctrl Pts',(181.294640272249,-37.7858554970325,173.732876633844));
#5035=CARTESIAN_POINT('Ctrl Pts',(182.326365329153,-35.8141720962814,165.524288590902));
#5036=CARTESIAN_POINT('Ctrl Pts',(183.325396566513,-32.5343089515165,157.339788417075));
#5037=CARTESIAN_POINT('Ctrl Pts',(183.897693408885,-30.5227300333908,152.663515088793));
#5038=CARTESIAN_POINT('Ctrl Pts',(183.975507459121,-35.575283908563,177.173443929872));
#5039=CARTESIAN_POINT('Ctrl Pts',(184.27173821165,-35.0865784283467,173.730792201174));
#5040=CARTESIAN_POINT('Ctrl Pts',(184.884374577105,-33.0586942361838,165.796391812993));
#5041=CARTESIAN_POINT('Ctrl Pts',(185.334179460258,-29.6439658000246,157.921865206425));
#5042=CARTESIAN_POINT('Ctrl Pts',(185.577978861735,-27.5453397512585,153.407255633587));
#5043=CARTESIAN_POINT('Ctrl Pts',(186.225427212071,-33.6604755604895,177.084149249138));
#5044=CARTESIAN_POINT('Ctrl Pts',(186.44624361192,-33.162675279888,173.712072135078));
#5045=CARTESIAN_POINT('Ctrl Pts',(186.83481233016,-31.0954757768883,165.955943423642));
#5046=CARTESIAN_POINT('Ctrl Pts',(186.994812792949,-27.595519471908,158.279243321714));
#5047=CARTESIAN_POINT('Ctrl Pts',(187.065443267386,-25.4406887622413,153.871414772443));
#5048=CARTESIAN_POINT('Ctrl Pts',(191.12683597493,-29.5584963551647,176.848205330488));
#5049=CARTESIAN_POINT('Ctrl Pts',(191.230160228963,-29.0596205937264,173.605717647325));
#5050=CARTESIAN_POINT('Ctrl Pts',(191.284253322624,-26.9696743599788,166.170988811249));
#5051=CARTESIAN_POINT('Ctrl Pts',(191.022683989616,-23.3903735311935,158.84061364443));
#5052=CARTESIAN_POINT('Ctrl Pts',(190.839603667742,-21.1753154493315,154.621697149344));
#5053=CARTESIAN_POINT('Ctrl Pts',(193.964462070946,-27.2320562633351,176.682213722547));
#5054=CARTESIAN_POINT('Ctrl Pts',(194.031401413367,-26.7464588643258,173.497682601364));
#5055=CARTESIAN_POINT('Ctrl Pts',(193.995726549385,-24.6898001484928,166.201841485306));
#5056=CARTESIAN_POINT('Ctrl Pts',(193.632375346481,-21.141759710538,159.012750140214));
#5057=CARTESIAN_POINT('Ctrl Pts',(193.386206882491,-18.9370828731744,154.872376625668));
#5058=CARTESIAN_POINT('Ctrl Pts',(200.331857001643,-22.114238711103,176.227449596808));
#5059=CARTESIAN_POINT('Ctrl Pts',(200.338585600247,-21.7256233558812,173.127324738722));
#5060=CARTESIAN_POINT('Ctrl Pts',(200.167656824427,-19.9623875060898,166.014267590397));
#5061=CARTESIAN_POINT('Ctrl Pts',(199.66959774333,-16.7906468613923,158.986864287151));
#5062=CARTESIAN_POINT('Ctrl Pts',(199.336534566966,-14.7892892556497,154.93476952255));
#5063=CARTESIAN_POINT('Ctrl Pts',(210.634140313569,-13.8308444129847,175.488438845063));
#5064=CARTESIAN_POINT('Ctrl Pts',(210.521970904985,-13.6120521273139,172.523525183287));
#5065=CARTESIAN_POINT('Ctrl Pts',(210.053690327981,-12.3668894438193,165.694190063967));
#5066=CARTESIAN_POINT('Ctrl Pts',(209.218632648342,-9.85441130246082,158.904107078174));
#5067=CARTESIAN_POINT('Ctrl Pts',(208.679730473282,-8.2097477976511,154.982245424694));
#5068=CARTESIAN_POINT('Ctrl Pts',(231.886582990454,3.27314075481642,173.969980914411));
#5069=CARTESIAN_POINT('Ctrl Pts',(231.511350596185,3.14761772238787,171.292381729187));
#5070=CARTESIAN_POINT('Ctrl Pts',(230.355786466178,3.34969888269328,165.070051273239));
#5071=CARTESIAN_POINT('Ctrl Pts',(228.738213257142,4.53626700824894,158.783400856956));
#5072=CARTESIAN_POINT('Ctrl Pts',(227.750465694089,5.45552600379782,155.130254605543));
#5073=CARTESIAN_POINT('Ctrl Pts',(252.208631925994,19.6617376107772,172.538406199912));
#5074=CARTESIAN_POINT('Ctrl Pts',(251.56279720565,19.231830812956,170.1571791189));
#5075=CARTESIAN_POINT('Ctrl Pts',(249.668589407791,18.5408322005364,164.574929493581));
#5076=CARTESIAN_POINT('Ctrl Pts',(247.203589925756,18.5835938580374,158.806474311299));
#5077=CARTESIAN_POINT('Ctrl Pts',(245.758708000993,18.8434906865284,155.406944715005));
#5078=CARTESIAN_POINT('Ctrl Pts',(265.928767421312,30.7376463725062,171.57930497391));
#5079=CARTESIAN_POINT('Ctrl Pts',(265.103743775444,30.1202509355743,169.409373447247));
#5080=CARTESIAN_POINT('Ctrl Pts',(262.725682347281,28.8959418663002,164.287096067447));
#5081=CARTESIAN_POINT('Ctrl Pts',(259.703416594986,28.2441814863372,158.880932453357));
#5082=CARTESIAN_POINT('Ctrl Pts',(257.952768703782,28.0813375505624,155.648821626775));
#5083=CARTESIAN_POINT('Ctrl Pts',(270.460359212678,34.3966125012996,171.258849676798));
#5084=CARTESIAN_POINT('Ctrl Pts',(269.583043837328,33.7240818169378,169.154994405176));
#5085=CARTESIAN_POINT('Ctrl Pts',(267.068813404133,32.3492072946205,164.169509579756));
#5086=CARTESIAN_POINT('Ctrl Pts',(263.896865905198,31.5095924981263,158.861701980761));
#5087=CARTESIAN_POINT('Ctrl Pts',(262.066529012668,31.2286474666059,155.67589079171));
#5088=CARTESIAN_POINT('Ctrl Pts',(272.230823850746,35.8067000976139,171.113303653061));
#5089=CARTESIAN_POINT('Ctrl Pts',(271.343883330954,35.1060015915266,169.023628179194));
#5090=CARTESIAN_POINT('Ctrl Pts',(268.812532422637,33.65265038795,164.057599738037));
#5091=CARTESIAN_POINT('Ctrl Pts',(265.636879548298,32.7144425861491,158.748708903819));
#5092=CARTESIAN_POINT('Ctrl Pts',(263.808885294648,32.3714741244541,155.561992736347));
#5093=CARTESIAN_POINT('Ctrl Pts',(275.005302411249,37.9866432565311,170.857984727382));
#5094=CARTESIAN_POINT('Ctrl Pts',(274.107600749567,37.2218319192874,168.7773414073));
#5095=CARTESIAN_POINT('Ctrl Pts',(271.564465567771,35.5803082396606,163.806265036751));
#5096=CARTESIAN_POINT('Ctrl Pts',(268.410809127291,34.3934564078052,158.455400443034));
#5097=CARTESIAN_POINT('Ctrl Pts',(266.601704649401,33.8985276957757,155.248078149333));
#5098=CARTESIAN_POINT('Ctrl Pts',(276.007051339323,38.7676842747861,170.760322300868));
#5099=CARTESIAN_POINT('Ctrl Pts',(275.106339267372,37.9756817010128,168.68029861249));
#5100=CARTESIAN_POINT('Ctrl Pts',(272.562011196967,36.2529969020338,163.700206721704));
#5101=CARTESIAN_POINT('Ctrl Pts',(269.421860031352,34.9572295951783,158.326085645347));
#5102=CARTESIAN_POINT('Ctrl Pts',(267.622542629779,34.3963783826599,155.107551612089));
#5103=CARTESIAN_POINT('Ctrl Pts',(277.396155745546,39.8425997271121,170.618003845769));
#5104=CARTESIAN_POINT('Ctrl Pts',(276.491461617826,39.0067446802224,168.535575529735));
#5105=CARTESIAN_POINT('Ctrl Pts',(273.946295437456,37.1513772624271,163.534035894179));
#5106=CARTESIAN_POINT('Ctrl Pts',(270.827191233913,35.6757534571188,158.118100504355));
#5107=CARTESIAN_POINT('Ctrl Pts',(269.042192994878,35.0073852550746,154.879794083275));
#5108=CARTESIAN_POINT('Ctrl Pts',(277.783300412961,40.1413051683128,170.577601360683));
#5109=CARTESIAN_POINT('Ctrl Pts',(276.877517118987,39.2925690351932,168.494154736328));
#5110=CARTESIAN_POINT('Ctrl Pts',(274.332206079715,37.3980568366005,163.485679973085));
#5111=CARTESIAN_POINT('Ctrl Pts',(271.219210543089,35.8692097521429,158.057069480499));
#5112=CARTESIAN_POINT('Ctrl Pts',(269.43827956438,35.1691570736046,154.812801715689));
#5113=CARTESIAN_POINT('Ctrl Pts',(278.26587139768,40.511745310316,170.515471837045));
#5114=CARTESIAN_POINT('Ctrl Pts',(277.359065218284,39.6467701743984,168.429418397847));
#5115=CARTESIAN_POINT('Ctrl Pts',(274.81324413694,37.701018188398,163.411109361549));
#5116=CARTESIAN_POINT('Ctrl Pts',(271.704475805051,36.0998957296055,157.969928254049));
#5117=CARTESIAN_POINT('Ctrl Pts',(269.925711431869,35.3576134206442,154.720432810628));
#5118=CARTESIAN_POINT('Ctrl Pts',(278.362563098811,40.5827744912513,170.494521116199));
#5119=CARTESIAN_POINT('Ctrl Pts',(277.455870051004,39.7150608775198,168.407204447025));
#5120=CARTESIAN_POINT('Ctrl Pts',(274.909638181445,37.759412333754,163.386873814382));
#5121=CARTESIAN_POINT('Ctrl Pts',(271.798611209163,36.1426327392526,157.946720754555));
#5122=CARTESIAN_POINT('Ctrl Pts',(270.017821376413,35.3917001357706,154.698338336282));
#5123=CARTESIAN_POINT('Ctrl Pts',(278.871949565558,40.9439571023128,170.386037604781));
#5124=CARTESIAN_POINT('Ctrl Pts',(277.965952999823,40.0616897137269,168.292173634235));
#5125=CARTESIAN_POINT('Ctrl Pts',(275.41702209327,38.0544561872549,163.261285476982));
#5126=CARTESIAN_POINT('Ctrl Pts',(272.292335096533,36.3576009597053,157.826449906518));
#5127=CARTESIAN_POINT('Ctrl Pts',(270.500047667163,35.5625949436376,154.58370197698));
#5128=CARTESIAN_POINT('Ctrl Pts',(279.304792036529,41.2071242552353,170.300196138386));
#5129=CARTESIAN_POINT('Ctrl Pts',(278.399736738099,40.3120321417484,168.201139700415));
#5130=CARTESIAN_POINT('Ctrl Pts',(275.846714437399,38.2627506398854,163.161626593236));
#5131=CARTESIAN_POINT('Ctrl Pts',(272.704466296273,36.5060276846151,157.730972966011));
#5132=CARTESIAN_POINT('Ctrl Pts',(270.899623898512,35.6786415180822,154.492231574079));
#5133=CARTESIAN_POINT('Ctrl Pts',(281.332201205436,42.2544804029335,169.942683830793));
#5134=CARTESIAN_POINT('Ctrl Pts',(280.415811781674,41.2896131537045,167.833064521779));
#5135=CARTESIAN_POINT('Ctrl Pts',(277.814712745406,39.0458545704851,162.772519920163));
#5136=CARTESIAN_POINT('Ctrl Pts',(274.581159219939,37.0535679322237,157.344295322888));
#5137=CARTESIAN_POINT('Ctrl Pts',(272.718595286595,36.0985622595309,154.110831263193));
#5138=CARTESIAN_POINT('Ctrl Pts',(283.091854444829,42.7088211835886,169.71423331804));
#5139=CARTESIAN_POINT('Ctrl Pts',(282.146148276753,41.6957556378667,167.589722677623));
#5140=CARTESIAN_POINT('Ctrl Pts',(279.458476443876,39.3297018750828,162.500945991182));
#5141=CARTESIAN_POINT('Ctrl Pts',(276.112503111151,37.2088424058318,157.059495776551));
#5142=CARTESIAN_POINT('Ctrl Pts',(274.18666393049,36.1848108697701,153.820558842618));
#5143=CARTESIAN_POINT('Ctrl Pts',(286.521913363637,42.8647565648985,169.407922056106));
#5144=CARTESIAN_POINT('Ctrl Pts',(285.504450044209,41.7905803273561,167.236288095734));
#5145=CARTESIAN_POINT('Ctrl Pts',(282.620391407683,39.2778135927981,162.052741977066));
#5146=CARTESIAN_POINT('Ctrl Pts',(279.041924520906,37.0099498668639,156.546368329518));
#5147=CARTESIAN_POINT('Ctrl Pts',(276.986035335444,35.9065352062635,153.277827866718));
#5148=CARTESIAN_POINT('Ctrl Pts',(288.191163476722,42.6140414247301,169.319309665161));
#5149=CARTESIAN_POINT('Ctrl Pts',(287.132806284367,41.5250487506008,167.11612799815));
#5150=CARTESIAN_POINT('Ctrl Pts',(284.141768805769,38.981293847145,161.86821727863));
#5151=CARTESIAN_POINT('Ctrl Pts',(280.443381515956,36.6873923151463,156.313880276198));
#5152=CARTESIAN_POINT('Ctrl Pts',(278.320811297216,35.5697936560795,153.022964650007));
#5153=CARTESIAN_POINT('Ctrl Pts',(290.695805092847,41.7435488810529,169.262560738245));
#5154=CARTESIAN_POINT('Ctrl Pts',(289.579028849296,40.6556342252216,166.994903684508));
#5155=CARTESIAN_POINT('Ctrl Pts',(286.434019547038,38.1216085525628,161.615923743312));
#5156=CARTESIAN_POINT('Ctrl Pts',(282.560182749235,35.8461512103601,155.96398723015));
#5157=CARTESIAN_POINT('Ctrl Pts',(280.339354608522,34.7389413764672,152.626985318023));
#5158=CARTESIAN_POINT('Ctrl Pts',(291.599762080185,41.3101972541039,169.260322930969));
#5159=CARTESIAN_POINT('Ctrl Pts',(290.462613336712,40.2281233308175,166.965327810504));
#5160=CARTESIAN_POINT('Ctrl Pts',(287.26350744544,37.7110097126384,161.530844122479));
#5161=CARTESIAN_POINT('Ctrl Pts',(283.327343175593,35.4562628812738,155.837497796113));
#5162=CARTESIAN_POINT('Ctrl Pts',(281.07142042146,34.3604773020568,152.480851430271));
#5163=CARTESIAN_POINT('Ctrl Pts',(292.642422476626,40.6583411824565,169.278845110209));
#5164=CARTESIAN_POINT('Ctrl Pts',(291.484639172413,39.5892609591552,166.946810692922));
#5165=CARTESIAN_POINT('Ctrl Pts',(288.228412789339,37.1070294260554,161.437159898396));
#5166=CARTESIAN_POINT('Ctrl Pts',(284.223609417638,34.8926015428648,155.687721389787));
#5167=CARTESIAN_POINT('Ctrl Pts',(281.928716109576,33.8190653205112,152.304303602511));
#5168=CARTESIAN_POINT('Ctrl Pts',(293.15954267523,40.3157894892554,169.290711255211));
#5169=CARTESIAN_POINT('Ctrl Pts',(291.991883259841,39.253936290035,166.93961479616));
#5170=CARTESIAN_POINT('Ctrl Pts',(288.707991293012,36.7909480608822,161.39127578909));
#5171=CARTESIAN_POINT('Ctrl Pts',(284.669564096384,34.598609840435,155.612955048619));
#5172=CARTESIAN_POINT('Ctrl Pts',(282.355532258565,33.5372558022104,152.215735173691));
#5173=CARTESIAN_POINT('Ctrl Pts',(293.651763804791,39.9379272897405,169.309130662625));
#5174=CARTESIAN_POINT('Ctrl Pts',(292.475806871337,38.8849914691708,166.938012383231));
#5175=CARTESIAN_POINT('Ctrl Pts',(289.167602431517,36.4453921785122,161.349007253039));
#5176=CARTESIAN_POINT('Ctrl Pts',(285.098430245468,34.2795816459554,155.540279786736));
#5177=CARTESIAN_POINT('Ctrl Pts',(282.766770601378,33.2328630601074,152.128479259464));
#5178=CARTESIAN_POINT('Ctrl Pts',(294.489093916882,39.234284268742,169.347497769854));
#5179=CARTESIAN_POINT('Ctrl Pts',(293.305381422957,38.1939934327624,166.939648067063));
#5180=CARTESIAN_POINT('Ctrl Pts',(289.963940680502,35.7941029209867,161.274454925338));
#5181=CARTESIAN_POINT('Ctrl Pts',(285.84157995873,33.6826209086201,155.41030155393));
#5182=CARTESIAN_POINT('Ctrl Pts',(283.478112829473,32.6669533200549,151.97292110338));
#5183=CARTESIAN_POINT('Ctrl Pts',(294.989141989729,38.7313274291214,169.380329037802));
#5184=CARTESIAN_POINT('Ctrl Pts',(293.801797714601,37.6974768670405,166.949315855309));
#5185=CARTESIAN_POINT('Ctrl Pts',(290.443220760135,35.3244110707844,161.233964059817));
#5186=CARTESIAN_POINT('Ctrl Pts',(286.292651184537,33.2566207766603,155.331361943756));
#5187=CARTESIAN_POINT('Ctrl Pts',(283.91189305104,32.2664646825905,151.876169132349));
#5188=CARTESIAN_POINT('Ctrl Pts',(296.402386041125,37.0358128163042,169.512066033396));
#5189=CARTESIAN_POINT('Ctrl Pts',(295.204170595653,36.0240836474285,167.014174191947));
#5190=CARTESIAN_POINT('Ctrl Pts',(291.813262563971,33.7359714854885,161.147381270754));
#5191=CARTESIAN_POINT('Ctrl Pts',(287.62401158638,31.7957400451027,155.111255805109));
#5192=CARTESIAN_POINT('Ctrl Pts',(285.221910872675,30.8773446511915,151.586771437586));
#5193=CARTESIAN_POINT('Ctrl Pts',(297.357878352584,35.8764123703302,169.599186642333));
#5194=CARTESIAN_POINT('Ctrl Pts',(296.148074975761,34.8757943322748,167.055424767429));
#5195=CARTESIAN_POINT('Ctrl Pts',(292.724424490515,32.6285440358589,161.083759097181));
#5196=CARTESIAN_POINT('Ctrl Pts',(288.497324781078,30.7471681167826,154.950686802207));
#5197=CARTESIAN_POINT('Ctrl Pts',(286.075586310675,29.8610517903933,151.374440579708));
#5198=CARTESIAN_POINT('Ctrl Pts',(298.323154184276,34.6901716473248,169.683859910553));
#5199=CARTESIAN_POINT('Ctrl Pts',(297.095985579341,33.6972235206862,167.092319039806));
#5200=CARTESIAN_POINT('Ctrl Pts',(293.621371989533,31.480179323921,161.011598547403));
#5201=CARTESIAN_POINT('Ctrl Pts',(289.332310674006,29.6439908483187,154.778112795482));
#5202=CARTESIAN_POINT('Ctrl Pts',(286.877536961798,28.7825742724105,151.148781282531));
#5203=CARTESIAN_POINT('Ctrl Pts',(298.340477071118,34.6688866905248,169.685382821261));
#5204=CARTESIAN_POINT('Ctrl Pts',(297.112945156274,33.6761441623917,167.092984013516));
#5205=CARTESIAN_POINT('Ctrl Pts',(293.637255238077,31.459867156511,161.010327131339));
#5206=CARTESIAN_POINT('Ctrl Pts',(289.346839397908,29.6248360457692,154.775140069981));
#5207=CARTESIAN_POINT('Ctrl Pts',(286.891309791624,28.7640832410978,151.144937179818));
#5208=CARTESIAN_POINT('Ctrl Pts',(298.584260105571,34.3696400621903,169.707106965469));
#5209=CARTESIAN_POINT('Ctrl Pts',(297.34901560152,33.3832443970473,167.102645315984));
#5210=CARTESIAN_POINT('Ctrl Pts',(293.855373251499,31.1820588495184,160.99378989846));
#5211=CARTESIAN_POINT('Ctrl Pts',(289.547245447231,29.3612901135665,154.734859187351));
#5212=CARTESIAN_POINT('Ctrl Pts',(287.082425999329,28.5078356768115,151.091938744775));
#5213=CARTESIAN_POINT('Ctrl Pts',(298.812818637116,34.0933063277358,169.727574992338));
#5214=CARTESIAN_POINT('Ctrl Pts',(297.571022643568,33.1135819645378,167.111460845695));
#5215=CARTESIAN_POINT('Ctrl Pts',(294.061224768643,30.9271356344481,160.977787515943));
#5216=CARTESIAN_POINT('Ctrl Pts',(289.735883793852,29.1188365475841,154.696768751739));
#5217=CARTESIAN_POINT('Ctrl Pts',(287.26191195076,28.2716008771253,151.042059973075));
#5218=CARTESIAN_POINT('Ctrl Pts',(299.126841620615,33.7182288483553,169.754883316482));
#5219=CARTESIAN_POINT('Ctrl Pts',(297.877496715277,32.7476516834465,167.122122810342));
#5220=CARTESIAN_POINT('Ctrl Pts',(294.346353714977,30.5819181887363,160.953674297049));
#5221=CARTESIAN_POINT('Ctrl Pts',(289.9947602315,28.7926127401144,154.643482621627));
#5222=CARTESIAN_POINT('Ctrl Pts',(287.506282899853,27.9553481265007,150.973721301325));
#5223=CARTESIAN_POINT('Ctrl Pts',(299.208562234481,33.6169669842963,169.761631142077));
#5224=CARTESIAN_POINT('Ctrl Pts',(297.957415479952,32.6485648885024,167.124231646866));
#5225=CARTESIAN_POINT('Ctrl Pts',(294.42049053155,30.4887942826062,160.946274707607));
#5226=CARTESIAN_POINT('Ctrl Pts',(290.061126270696,28.7067601852623,154.629045466264));
#5227=CARTESIAN_POINT('Ctrl Pts',(287.568159934932,27.8736954420248,150.955970130369));
#5228=CARTESIAN_POINT('Ctrl Pts',(299.491867013197,33.255389523903,169.786396518934));
#5229=CARTESIAN_POINT('Ctrl Pts',(298.234809186507,32.2949478222635,167.132538211168));
#5230=CARTESIAN_POINT('Ctrl Pts',(294.678566230085,30.1569959273237,160.920810461843));
#5231=CARTESIAN_POINT('Ctrl Pts',(290.292881922645,28.4015191336564,154.578564745445));
#5232=CARTESIAN_POINT('Ctrl Pts',(287.784645945047,27.5837542802803,150.893710894606));
#5233=CARTESIAN_POINT('Ctrl Pts',(299.842077428094,32.7731500966845,169.821596363054));
#5234=CARTESIAN_POINT('Ctrl Pts',(298.578850885619,31.8239707851199,167.146122142801));
#5235=CARTESIAN_POINT('Ctrl Pts',(295.001162084432,29.7168395259134,160.889939865953));
#5236=CARTESIAN_POINT('Ctrl Pts',(290.584995161196,27.9986933210165,154.514708576515));
#5237=CARTESIAN_POINT('Ctrl Pts',(288.058864997196,27.2023233737561,150.814328806048));
#5238=CARTESIAN_POINT('Ctrl Pts',(300.346984924969,31.971613118294,169.886171945547));
#5239=CARTESIAN_POINT('Ctrl Pts',(299.078534642567,31.0426103052238,167.175717127739));
#5240=CARTESIAN_POINT('Ctrl Pts',(295.477713870867,28.9908673186484,160.847124899763));
#5241=CARTESIAN_POINT('Ctrl Pts',(291.024055788323,27.3397262585583,154.41785275824));
#5242=CARTESIAN_POINT('Ctrl Pts',(288.475207236179,26.581510782355,150.692040289145));
#5243=CARTESIAN_POINT('Ctrl Pts',(300.63982462641,31.4272393444078,169.933971896802));
#5244=CARTESIAN_POINT('Ctrl Pts',(299.371218421637,30.5126934741603,167.200381499584));
#5245=CARTESIAN_POINT('Ctrl Pts',(295.76305293468,28.5009140287641,160.823484683353));
#5246=CARTESIAN_POINT('Ctrl Pts',(291.292630671887,26.898292900409,154.357867908438));
#5247=CARTESIAN_POINT('Ctrl Pts',(288.732975773739,26.1675796865363,150.614948332178));
#5248=CARTESIAN_POINT('Ctrl Pts',(301.501608704013,29.6620121707736,170.095896232801));
#5249=CARTESIAN_POINT('Ctrl Pts',(300.238609897656,28.7951382281107,167.288440230647));
#5250=CARTESIAN_POINT('Ctrl Pts',(296.621862675901,26.9161548921126,160.756280047304));
#5251=CARTESIAN_POINT('Ctrl Pts',(292.112886169947,25.4758291986237,154.172993623833));
#5252=CARTESIAN_POINT('Ctrl Pts',(289.526418539261,24.836837401572,150.374701578861));
#5253=CARTESIAN_POINT('Ctrl Pts',(301.945950715027,28.0823370993008,170.266617240219));
#5254=CARTESIAN_POINT('Ctrl Pts',(300.711606540782,27.2614991097135,167.397055841262));
#5255=CARTESIAN_POINT('Ctrl Pts',(297.14403176092,25.5140055941703,160.730684176977));
#5256=CARTESIAN_POINT('Ctrl Pts',(292.658221733166,24.2366659879926,154.043277559423));
#5257=CARTESIAN_POINT('Ctrl Pts',(290.078443665591,23.6892217513102,150.195890461472));
#5258=CARTESIAN_POINT('Ctrl Pts',(302.161013120997,25.6167746168659,170.575250632552));
#5259=CARTESIAN_POINT('Ctrl Pts',(301.010608619229,24.855181691675,167.617671979976));
#5260=CARTESIAN_POINT('Ctrl Pts',(297.620699956334,23.2957496239885,160.745910479752));
#5261=CARTESIAN_POINT('Ctrl Pts',(293.275647132033,22.2750008365415,153.882440914389));
#5262=CARTESIAN_POINT('Ctrl Pts',(290.761533377322,21.8724334139651,149.950170048294));
#5263=CARTESIAN_POINT('Ctrl Pts',(302.148014829845,24.750507998889,170.690671706316));
#5264=CARTESIAN_POINT('Ctrl Pts',(301.032431341924,24.0054820526815,167.704026957641));
#5265=CARTESIAN_POINT('Ctrl Pts',(297.71856251855,22.5023349962142,160.761675882292));
#5266=CARTESIAN_POINT('Ctrl Pts',(293.438401353663,21.5615406488583,153.833023561254));
#5267=CARTESIAN_POINT('Ctrl Pts',(290.956609900825,21.2043066091379,149.867962882317));
#5268=CARTESIAN_POINT('Ctrl Pts',(302.02262538357,23.7075061267251,170.838398372466));
#5269=CARTESIAN_POINT('Ctrl Pts',(300.955022474383,22.9774600557848,167.81906741211));
#5270=CARTESIAN_POINT('Ctrl Pts',(297.748979713081,21.5326250370921,160.793049973133));
#5271=CARTESIAN_POINT('Ctrl Pts',(293.564012476516,20.6834932935085,153.782149396811));
#5272=CARTESIAN_POINT('Ctrl Pts',(291.129984447678,20.37909965154,149.7753883374));
#5273=CARTESIAN_POINT('Ctrl Pts',(301.95564896136,23.2408292966477,170.905367738731));
#5274=CARTESIAN_POINT('Ctrl Pts',(300.910100906308,22.5169977777233,167.871639944553));
#5275=CARTESIAN_POINT('Ctrl Pts',(297.753913588302,21.0973162069903,160.808319443953));
#5276=CARTESIAN_POINT('Ctrl Pts',(293.61326244064,20.288737211236,153.76023951028));
#5277=CARTESIAN_POINT('Ctrl Pts',(291.201477439379,20.0078115124944,149.734601454104));
#5278=CARTESIAN_POINT('Ctrl Pts',(301.748519406451,22.21879195961,171.056852342638));
#5279=CARTESIAN_POINT('Ctrl Pts',(300.754505877281,21.5056629470328,167.992923451879));
#5280=CARTESIAN_POINT('Ctrl Pts',(297.716448732808,20.1354028878072,160.848719780888));
#5281=CARTESIAN_POINT('Ctrl Pts',(293.682515723656,19.4128114461992,153.716991277595));
#5282=CARTESIAN_POINT('Ctrl Pts',(291.324465649854,19.1822232822218,149.64869036568));
#5283=CARTESIAN_POINT('Ctrl Pts',(301.491815931808,21.4010904399055,171.185252041138));
#5284=CARTESIAN_POINT('Ctrl Pts',(300.543646616234,20.691835723516,168.099251246155));
#5285=CARTESIAN_POINT('Ctrl Pts',(297.613402178159,19.3516626558967,160.891744313088));
#5286=CARTESIAN_POINT('Ctrl Pts',(293.679990976878,18.6928755257762,153.689467021192));
#5287=CARTESIAN_POINT('Ctrl Pts',(291.372820258766,18.5007134279642,149.584840125651));
#5288=CARTESIAN_POINT('Ctrl Pts',(301.119843000641,20.4564086068352,171.340914623372));
#5289=CARTESIAN_POINT('Ctrl Pts',(300.227143992373,19.7442859559883,168.23238866822));
#5290=CARTESIAN_POINT('Ctrl Pts',(297.43298360435,18.4274309206719,160.952939659585));
#5291=CARTESIAN_POINT('Ctrl Pts',(293.629767663669,17.8411992194835,153.664265711874));
#5292=CARTESIAN_POINT('Ctrl Pts',(291.388158573832,17.6933614325244,149.515406008286));
#5293=CARTESIAN_POINT('Ctrl Pts',(300.932786678001,20.053489131523,171.409028507695));
#5294=CARTESIAN_POINT('Ctrl Pts',(300.063341285039,19.3376322097512,168.292126027062));
#5295=CARTESIAN_POINT('Ctrl Pts',(297.330878612437,18.0264959106233,160.982423126777));
#5296=CARTESIAN_POINT('Ctrl Pts',(293.589718481755,17.4714732035913,153.654808822388));
#5297=CARTESIAN_POINT('Ctrl Pts',(291.379083507763,17.3427187594347,149.486406401711));
#5298=CARTESIAN_POINT('Ctrl Pts',(300.47156069372,19.1989240834964,171.555084026919));
#5299=CARTESIAN_POINT('Ctrl Pts',(299.65142412292,18.4734031102218,168.4218182289));
#5300=CARTESIAN_POINT('Ctrl Pts',(297.056359987919,17.166659401815,161.05002734885));
#5301=CARTESIAN_POINT('Ctrl Pts',(293.461895335357,16.6716223292024,153.636737882595));
#5302=CARTESIAN_POINT('Ctrl Pts',(291.324551828199,16.5810333145739,149.425252382781));
#5303=CARTESIAN_POINT('Ctrl Pts',(300.111986382424,18.6340185651863,171.652977360703));
#5304=CARTESIAN_POINT('Ctrl Pts',(299.324410965818,17.9006192715782,168.510100680125));
#5305=CARTESIAN_POINT('Ctrl Pts',(296.825730011142,16.5901160863241,161.099079454341));
#5306=CARTESIAN_POINT('Ctrl Pts',(293.341086112124,16.1295339911219,153.626478969536));
#5307=CARTESIAN_POINT('Ctrl Pts',(291.258631999546,16.0622380478707,149.385120865913));
#5308=CARTESIAN_POINT('Ctrl Pts',(299.703552817956,18.1054356994001,171.745645909925));
#5309=CARTESIAN_POINT('Ctrl Pts',(298.946250598802,17.3632641713783,168.595132474816));
#5310=CARTESIAN_POINT('Ctrl Pts',(296.543433525503,16.0403834880461,161.150513231355));
#5311=CARTESIAN_POINT('Ctrl Pts',(293.179281422854,15.6024040090747,153.61922809793));
#5312=CARTESIAN_POINT('Ctrl Pts',(291.157305178902,15.5536449737273,149.347803838957));
#5313=CARTESIAN_POINT('Ctrl Pts',(299.202697497046,17.4823520405603,171.855123351369));
#5314=CARTESIAN_POINT('Ctrl Pts',(298.48103745136,16.7295055124921,168.695946344203));
#5315=CARTESIAN_POINT('Ctrl Pts',(296.192670209304,15.3896946815584,161.212568689474));
#5316=CARTESIAN_POINT('Ctrl Pts',(292.975348131052,14.9755258483836,153.611316016684));
#5317=CARTESIAN_POINT('Ctrl Pts',(291.027155116645,14.9476804959006,149.303868082491));
#5318=CARTESIAN_POINT('Ctrl Pts',(298.743379949429,17.0058632586652,171.939780190381));
#5319=CARTESIAN_POINT('Ctrl Pts',(298.048728062841,16.2435464569226,168.775338001841));
#5320=CARTESIAN_POINT('Ctrl Pts',(295.85335239376,14.8814026097966,161.265846746301));
#5321=CARTESIAN_POINT('Ctrl Pts',(292.767412438208,14.4743818061511,153.607807333328));
#5322=CARTESIAN_POINT('Ctrl Pts',(290.885495980652,14.4588913667529,149.270485546747));
#5323=CARTESIAN_POINT('Ctrl Pts',(297.196422705173,15.6602147955649,172.104881716581));
#5324=CARTESIAN_POINT('Ctrl Pts',(296.586194444568,14.8828135280238,168.917018955349));
#5325=CARTESIAN_POINT('Ctrl Pts',(294.664437694069,13.4642223272093,161.333518727438));
#5326=CARTESIAN_POINT('Ctrl Pts',(291.966188328787,12.9766174272869,153.549282673578));
#5327=CARTESIAN_POINT('Ctrl Pts',(290.302333987348,12.9294393004276,149.130458272387));
#5328=CARTESIAN_POINT('Ctrl Pts',(296.140628259172,14.7455978917776,172.190680996024));
#5329=CARTESIAN_POINT('Ctrl Pts',(295.584403207437,13.9616829347216,168.982737485355));
#5330=CARTESIAN_POINT('Ctrl Pts',(293.828504530956,12.5135173721513,161.344373570632));
#5331=CARTESIAN_POINT('Ctrl Pts',(291.350633016829,11.9549092787369,153.49084339344));
#5332=CARTESIAN_POINT('Ctrl Pts',(289.817810601685,11.8674519449723,149.024286792192));
#5333=CARTESIAN_POINT('Ctrl Pts',(293.027740047201,12.0663590545769,172.435778797798));
#5334=CARTESIAN_POINT('Ctrl Pts',(292.613021219524,11.2643988530484,169.168321770304));
#5335=CARTESIAN_POINT('Ctrl Pts',(291.288365608006,9.73412237695032,161.369158367692));
#5336=CARTESIAN_POINT('Ctrl Pts',(289.377625817054,8.98423366515639,153.321112914823));
#5337=CARTESIAN_POINT('Ctrl Pts',(288.182648152302,8.78323917998921,148.726128733965));
#5338=CARTESIAN_POINT('Ctrl Pts',(290.286793019326,9.73632704970561,172.638327160609));
#5339=CARTESIAN_POINT('Ctrl Pts',(289.966862726245,8.9202957108566,169.317783115431));
#5340=CARTESIAN_POINT('Ctrl Pts',(288.925309898856,7.32518883766174,161.379005325335));
#5341=CARTESIAN_POINT('Ctrl Pts',(287.377500423033,6.43714874406614,153.174958765076));
#5342=CARTESIAN_POINT('Ctrl Pts',(286.397282545187,6.14778989372736,148.486216154344));
#5343=CARTESIAN_POINT('Ctrl Pts',(285.378008063849,5.64417460809164,172.979681813169));
#5344=CARTESIAN_POINT('Ctrl Pts',(285.170190026316,4.82856083438785,169.57034848822));
#5345=CARTESIAN_POINT('Ctrl Pts',(284.446849882077,3.20787092787218,161.414073235833));
#5346=CARTESIAN_POINT('Ctrl Pts',(283.291867184085,2.22527896137455,152.988784640953));
#5347=CARTESIAN_POINT('Ctrl Pts',(282.544087158416,1.86618523221597,148.17441473796));
#5348=CARTESIAN_POINT('Ctrl Pts',(282.539155515056,3.32434054045021,173.166504803162));
#5349=CARTESIAN_POINT('Ctrl Pts',(282.366576932972,2.52693093081866,169.71032616797));
#5350=CARTESIAN_POINT('Ctrl Pts',(281.730331464341,0.953530530800448,161.449777795395));
#5351=CARTESIAN_POINT('Ctrl Pts',(280.669899164972,0.014289276789096,152.933506219697));
#5352=CARTESIAN_POINT('Ctrl Pts',(279.978584187914,-0.328144108830729,148.071709179481));
#5353=CARTESIAN_POINT('Ctrl Pts',(270.064006113275,-6.70892869621396,173.963004327266));
#5354=CARTESIAN_POINT('Ctrl Pts',(270.019905619575,-7.30332258340663,170.316743775118));
#5355=CARTESIAN_POINT('Ctrl Pts',(269.687019447372,-8.25318604585308,161.673055104639));
#5356=CARTESIAN_POINT('Ctrl Pts',(268.96518603986,-8.41203708293982,152.883931925972));
#5357=CARTESIAN_POINT('Ctrl Pts',(268.491073708755,-8.33907857299866,147.889206119418));
#5358=CARTESIAN_POINT('Ctrl Pts',(256.331792057203,-17.7589826260334,174.850156914213));
#5359=CARTESIAN_POINT('Ctrl Pts',(256.451471565698,-18.1242789164433,170.99476339543));
#5360=CARTESIAN_POINT('Ctrl Pts',(256.539299051923,-18.3705836920784,161.920185946747));
#5361=CARTESIAN_POINT('Ctrl Pts',(256.304653046559,-17.6435991297479,152.810316821199));
#5362=CARTESIAN_POINT('Ctrl Pts',(256.118608630132,-17.0967521272005,147.65694531792));
#5363=CARTESIAN_POINT('Ctrl Pts',(232.3150531545,-37.111870600577,176.42235173333));
#5364=CARTESIAN_POINT('Ctrl Pts',(232.740461839688,-37.0991679372786,172.202858790963));
#5365=CARTESIAN_POINT('Ctrl Pts',(233.646992274146,-36.2141848783828,162.354811819825));
#5366=CARTESIAN_POINT('Ctrl Pts',(234.356958921776,-34.0484252309359,152.637790414701));
#5367=CARTESIAN_POINT('Ctrl Pts',(234.696609599627,-32.6985682862123,147.184511369931));
#5368=CARTESIAN_POINT('Ctrl Pts',(218.596099658064,-48.182290531066,177.329806153904));
#5369=CARTESIAN_POINT('Ctrl Pts',(219.202964269021,-47.9694947918863,172.902337769788));
#5370=CARTESIAN_POINT('Ctrl Pts',(220.605587929473,-46.506986614261,162.598800984177));
#5371=CARTESIAN_POINT('Ctrl Pts',(221.885382975212,-43.5960232407109,152.50739694175));
#5372=CARTESIAN_POINT('Ctrl Pts',(222.532382676557,-41.8050699435621,146.870597434134));
#5373=CARTESIAN_POINT('Ctrl Pts',(206.541068934478,-57.9163460084757,178.126927873062));
#5374=CARTESIAN_POINT('Ctrl Pts',(207.296519762212,-57.5452112301313,173.513567148813));
#5375=CARTESIAN_POINT('Ctrl Pts',(209.093592495218,-55.64216334571,162.791844524136));
#5376=CARTESIAN_POINT('Ctrl Pts',(210.814169452175,-52.1532609993625,152.339911465027));
#5377=CARTESIAN_POINT('Ctrl Pts',(211.701913477386,-50.0015894805706,146.527544824974));
#5378=CARTESIAN_POINT('Ctrl Pts',(204.769516032926,-59.3274579965619,178.24114982264));
#5379=CARTESIAN_POINT('Ctrl Pts',(205.533427461183,-58.9269477346056,173.60187909498));
#5380=CARTESIAN_POINT('Ctrl Pts',(207.342471837711,-56.9391196852125,162.823295724355));
#5381=CARTESIAN_POINT('Ctrl Pts',(209.057669814165,-53.3359604286514,152.323094995254));
#5382=CARTESIAN_POINT('Ctrl Pts',(209.939845572781,-51.1141617521668,146.489031178179));
#5383=CARTESIAN_POINT('Ctrl Pts',(201.950728153237,-61.5440701825425,178.42294815586));
#5384=CARTESIAN_POINT('Ctrl Pts',(202.722639218072,-61.0764842261243,173.747340393101));
#5385=CARTESIAN_POINT('Ctrl Pts',(204.531590434945,-58.8866330576906,162.897526262359));
#5386=CARTESIAN_POINT('Ctrl Pts',(206.205893056197,-55.0070990356515,152.352569168028));
#5387=CARTESIAN_POINT('Ctrl Pts',(207.062125289751,-52.6192079467352,146.504647074556));
#5388=CARTESIAN_POINT('Ctrl Pts',(200.906026406032,-62.3594035297181,178.490332082205));
#5389=CARTESIAN_POINT('Ctrl Pts',(201.679732260828,-61.8625746789723,173.802303371898));
#5390=CARTESIAN_POINT('Ctrl Pts',(203.484527522096,-59.5833453138419,162.930221351723));
#5391=CARTESIAN_POINT('Ctrl Pts',(205.136688556917,-55.5808882849158,152.375615206851));
#5392=CARTESIAN_POINT('Ctrl Pts',(205.979668742519,-53.1196674817481,146.527044704728));
#5393=CARTESIAN_POINT('Ctrl Pts',(199.515387808177,-63.4371888409419,178.580257745089));
#5394=CARTESIAN_POINT('Ctrl Pts',(200.291123609198,-62.8952502152815,173.877028193006));
#5395=CARTESIAN_POINT('Ctrl Pts',(202.08883164853,-60.4767197074023,162.980450125021));
#5396=CARTESIAN_POINT('Ctrl Pts',(203.707117130594,-56.2816835822503,152.422158814061));
#5397=CARTESIAN_POINT('Ctrl Pts',(204.530779594324,-53.7062329293086,146.578996588893));
#5398=CARTESIAN_POINT('Ctrl Pts',(199.169675114499,-63.7045084917972,178.602631847001));
#5399=CARTESIAN_POINT('Ctrl Pts',(199.945886377214,-63.1508493132872,173.895732338955));
#5400=CARTESIAN_POINT('Ctrl Pts',(201.741704832752,-60.696020711094,162.993485684078));
#5401=CARTESIAN_POINT('Ctrl Pts',(203.35120816797,-56.4507308104456,152.435031833019));
#5402=CARTESIAN_POINT('Ctrl Pts',(204.169934314902,-53.8455233347045,146.593729379798));
#5403=CARTESIAN_POINT('Ctrl Pts',(198.722822987256,-64.0493109085369,178.625178621143));
#5404=CARTESIAN_POINT('Ctrl Pts',(199.498853950065,-63.4799609454533,173.912674486618));
#5405=CARTESIAN_POINT('Ctrl Pts',(201.291676545326,-60.9743784072612,163.002584479674));
#5406=CARTESIAN_POINT('Ctrl Pts',(202.894440787714,-56.658502735225,152.447672656476));
#5407=CARTESIAN_POINT('Ctrl Pts',(203.710274072451,-54.0128313897825,146.610772125237));
#5408=CARTESIAN_POINT('Ctrl Pts',(198.620363621931,-64.1257162494012,178.625140359196));
#5409=CARTESIAN_POINT('Ctrl Pts',(199.395745735883,-63.5528375346389,173.910649960055));
#5410=CARTESIAN_POINT('Ctrl Pts',(201.187697158276,-61.0344544266872,162.998161761362));
#5411=CARTESIAN_POINT('Ctrl Pts',(202.793106445523,-56.7009783770933,152.446310037054));
#5412=CARTESIAN_POINT('Ctrl Pts',(203.611193726583,-54.0461616114816,146.611456152028));
#5413=CARTESIAN_POINT('Ctrl Pts',(198.108788575906,-64.4941049764412,178.624034139757));
#5414=CARTESIAN_POINT('Ctrl Pts',(198.881045103768,-63.903478109652,173.900025293334));
#5415=CARTESIAN_POINT('Ctrl Pts',(200.669785630591,-61.3218991654749,162.976614948055));
#5416=CARTESIAN_POINT('Ctrl Pts',(202.290021110797,-56.9032585400545,152.440353035118));
#5417=CARTESIAN_POINT('Ctrl Pts',(203.12001309421,-54.2042674147875,146.615728015941));
#5418=CARTESIAN_POINT('Ctrl Pts',(197.681542821335,-64.7611301271519,178.620271877582));
#5419=CARTESIAN_POINT('Ctrl Pts',(198.451550810706,-64.1552658549264,173.889557889495));
#5420=CARTESIAN_POINT('Ctrl Pts',(200.241190017288,-61.5231254761816,162.960314303382));
#5421=CARTESIAN_POINT('Ctrl Pts',(201.878799429514,-57.0418086921292,152.438008017269));
#5422=CARTESIAN_POINT('Ctrl Pts',(202.720740419126,-54.3105476122163,146.621951159281));
#5423=CARTESIAN_POINT('Ctrl Pts',(195.662566705232,-65.8469152755291,178.597503102274));
#5424=CARTESIAN_POINT('Ctrl Pts',(196.43854591007,-65.160412014342,173.844741819371));
#5425=CARTESIAN_POINT('Ctrl Pts',(198.262728917835,-62.3015962011799,162.907272649389));
#5426=CARTESIAN_POINT('Ctrl Pts',(199.984054641491,-57.5684695615718,152.447216499257));
#5427=CARTESIAN_POINT('Ctrl Pts',(200.879921528617,-54.7051815321461,146.669250316115));
#5428=CARTESIAN_POINT('Ctrl Pts',(193.906705417334,-66.3521218537744,178.567278526923));
#5429=CARTESIAN_POINT('Ctrl Pts',(194.709134236471,-65.610858806861,173.81346363172));
#5430=CARTESIAN_POINT('Ctrl Pts',(196.610859121148,-62.6077944569053,162.900198568751));
#5431=CARTESIAN_POINT('Ctrl Pts',(198.43606687953,-57.7280235065666,152.497618375148));
#5432=CARTESIAN_POINT('Ctrl Pts',(199.391572425368,-54.7880840857812,146.751471039049));
#5433=CARTESIAN_POINT('Ctrl Pts',(190.397975241989,-66.5988751237903,178.485950370544));
#5434=CARTESIAN_POINT('Ctrl Pts',(191.269238347898,-65.7861054297319,173.760295629211));
#5435=CARTESIAN_POINT('Ctrl Pts',(193.362350348846,-62.5996898225216,162.944406896871));
#5436=CARTESIAN_POINT('Ctrl Pts',(195.418177910584,-57.5379346896511,152.668105611149));
#5437=CARTESIAN_POINT('Ctrl Pts',(196.503132885908,-54.502334879028,146.988494127883));
#5438=CARTESIAN_POINT('Ctrl Pts',(188.648192544349,-66.3627970382208,178.435362512879));
#5439=CARTESIAN_POINT('Ctrl Pts',(189.560940725722,-65.5324193715678,173.737893714409));
#5440=CARTESIAN_POINT('Ctrl Pts',(191.765783955595,-62.3038392992162,162.993420728447));
#5441=CARTESIAN_POINT('Ctrl Pts',(193.947543883343,-57.2031920106212,152.785799478361));
#5442=CARTESIAN_POINT('Ctrl Pts',(195.10192612657,-54.14682923885,147.140894557623));
#5443=CARTESIAN_POINT('Ctrl Pts',(186.111280749922,-65.4806809955685,178.344172919226));
#5444=CARTESIAN_POINT('Ctrl Pts',(187.080620559304,-64.6521876572218,173.707334832534));
#5445=CARTESIAN_POINT('Ctrl Pts',(189.441379836715,-61.4309332767135,163.099469792101));
#5446=CARTESIAN_POINT('Ctrl Pts',(191.80312804673,-56.3400091914353,153.007259110394));
#5447=CARTESIAN_POINT('Ctrl Pts',(193.057313159562,-53.2885242305738,147.419663296552));
#5448=CARTESIAN_POINT('Ctrl Pts',(185.242693703777,-65.065533029087,178.309189154461));
#5449=CARTESIAN_POINT('Ctrl Pts',(186.230627815753,-64.243265328649,173.697211106156));
#5450=CARTESIAN_POINT('Ctrl Pts',(188.643507766673,-61.038655676609,163.143069544419));
#5451=CARTESIAN_POINT('Ctrl Pts',(191.066384672694,-55.965037083739,153.093762314784));
#5452=CARTESIAN_POINT('Ctrl Pts',(192.354599312652,-52.9225271385948,147.52727372625));
#5453=CARTESIAN_POINT('Ctrl Pts',(184.339702654699,-64.5041471148065,178.268227405586));
#5454=CARTESIAN_POINT('Ctrl Pts',(185.344361076495,-63.6941191684059,173.686569118462));
#5455=CARTESIAN_POINT('Ctrl Pts',(187.806718924149,-60.5213156835002,163.196312263475));
#5456=CARTESIAN_POINT('Ctrl Pts',(190.290710757054,-55.4802203856887,153.196557402282));
#5457=CARTESIAN_POINT('Ctrl Pts',(191.613255579972,-52.4548180720308,147.654346468787));
#5458=CARTESIAN_POINT('Ctrl Pts',(184.249873729902,-64.4467566300006,178.26409809351));
#5459=CARTESIAN_POINT('Ctrl Pts',(185.256165723229,-63.6380131579077,173.685509063975));
#5460=CARTESIAN_POINT('Ctrl Pts',(187.723390324959,-60.4685453827963,163.201703232409));
#5461=CARTESIAN_POINT('Ctrl Pts',(190.213431686513,-55.4308605806907,153.206936864088));
#5462=CARTESIAN_POINT('Ctrl Pts',(191.539379601473,-52.4072521677136,147.66716877718));
#5463=CARTESIAN_POINT('Ctrl Pts',(183.945434952208,-64.2469419161265,178.249915376676));
#5464=CARTESIAN_POINT('Ctrl Pts',(184.957151075015,-63.4427811992231,173.681910476897));
#5465=CARTESIAN_POINT('Ctrl Pts',(187.440665798154,-60.2852013202577,163.220297826509));
#5466=CARTESIAN_POINT('Ctrl Pts',(189.951101692203,-55.2596656402585,153.242645347642));
#5467=CARTESIAN_POINT('Ctrl Pts',(191.288536927955,-52.2424523755238,147.711254491337));
#5468=CARTESIAN_POINT('Ctrl Pts',(183.734315244346,-64.0992130338513,178.2397552452));
#5469=CARTESIAN_POINT('Ctrl Pts',(184.74959813332,-63.2986276236019,173.679404190542));
#5470=CARTESIAN_POINT('Ctrl Pts',(187.244057082977,-60.1502976938806,163.233750758792));
#5471=CARTESIAN_POINT('Ctrl Pts',(189.768450904121,-55.1342043360915,153.268324065184));
#5472=CARTESIAN_POINT('Ctrl Pts',(191.113772482632,-52.1219702528359,147.742912065131));
#5473=CARTESIAN_POINT('Ctrl Pts',(183.527757477772,-63.9453576771922,178.229483023954));
#5474=CARTESIAN_POINT('Ctrl Pts',(184.546305834224,-63.1486551163981,173.676935932788));
#5475=CARTESIAN_POINT('Ctrl Pts',(187.051064138462,-60.0103598182383,163.247478850552));
#5476=CARTESIAN_POINT('Ctrl Pts',(189.588895331989,-55.004515415986,153.294396683227));
#5477=CARTESIAN_POINT('Ctrl Pts',(190.941836838355,-51.9976958269089,147.775017656752));
#5478=UNCERTAINTY_MEASURE_WITH_UNIT(LENGTH_MEASURE(0.01),#5482,
'DISTANCE_ACCURACY_VALUE',
'Maximum model space distance between geometric entities at asserted c
onnectivities');
#5479=UNCERTAINTY_MEASURE_WITH_UNIT(LENGTH_MEASURE(0.01),#5482,
'DISTANCE_ACCURACY_VALUE',
'Maximum model space distance between geometric entities at asserted c
onnectivities');
#5480=(
GEOMETRIC_REPRESENTATION_CONTEXT(3)
GLOBAL_UNCERTAINTY_ASSIGNED_CONTEXT((#5478))
GLOBAL_UNIT_ASSIGNED_CONTEXT((#5482,#5484,#5485))
REPRESENTATION_CONTEXT('','3D')
);
#5481=(
GEOMETRIC_REPRESENTATION_CONTEXT(3)
GLOBAL_UNCERTAINTY_ASSIGNED_CONTEXT((#5479))
GLOBAL_UNIT_ASSIGNED_CONTEXT((#5482,#5484,#5485))
REPRESENTATION_CONTEXT('','3D')
);
#5482=(
LENGTH_UNIT()
NAMED_UNIT(*)
SI_UNIT(.MILLI.,.METRE.)
);
#5483=(
LENGTH_UNIT()
NAMED_UNIT(*)
SI_UNIT($,.METRE.)
);
#5484=(
NAMED_UNIT(*)
PLANE_ANGLE_UNIT()
SI_UNIT($,.RADIAN.)
);
#5485=(
NAMED_UNIT(*)
SI_UNIT($,.STERADIAN.)
SOLID_ANGLE_UNIT()
);
#5486=SHAPE_DEFINITION_REPRESENTATION(#5487,#5488);
#5487=PRODUCT_DEFINITION_SHAPE('',$,#5490);
#5488=SHAPE_REPRESENTATION('',(#257),#5480);
#5489=PRODUCT_DEFINITION_CONTEXT('part definition',#5494,'design');
#5490=PRODUCT_DEFINITION('2026-09-26-09-49-19-155','(Unsaved)',#5491,#5489);
#5491=PRODUCT_DEFINITION_FORMATION('',$,#5496);
#5492=PRODUCT_RELATED_PRODUCT_CATEGORY('(Unsaved)','(Unsaved)',(#5496));
#5493=APPLICATION_PROTOCOL_DEFINITION('international standard',
'automotive_design',2009,#5494);
#5494=APPLICATION_CONTEXT(
'Core Data for Automotive Mechanical Design Process');
#5495=PRODUCT_CONTEXT('part definition',#5494,'mechanical');
#5496=PRODUCT('2026-09-26-09-49-19-155','(Unsaved)',$,(#5495));
#5497=PRESENTATION_STYLE_ASSIGNMENT((#5498));
#5498=SURFACE_STYLE_USAGE(.BOTH.,#5499);
#5499=SURFACE_SIDE_STYLE('',(#5500));
#5500=SURFACE_STYLE_FILL_AREA(#5501);
#5501=FILL_AREA_STYLE('Steel - Satin',(#5502));
#5502=FILL_AREA_STYLE_COLOUR('Steel - Satin',#5503);
#5503=COLOUR_RGB('Steel - Satin',0.627450980392157,0.627450980392157,0.627450980392157);
ENDSEC;
END-ISO-10303-21;
