ISO-10303-21;
HEADER;
/* Generated by software containing ST-Developer
 * from STEP Tools, Inc. (www.steptools.com) 
 */

FILE_DESCRIPTION(
/* description */ (''),
/* implementation_level */ '2;1');

FILE_NAME(
/* name */ 'Part1_mouth_clips.step',
/* time_stamp */ '2026-09-28T21:07:35+04:00',
/* author */ (''),
/* organization */ (''),
/* preprocessor_version */ 'ST-DEVELOPER v20.2',
/* originating_system */ 'Autodesk Translation Framework v15.15.0.0',
/* authorisation */ '');

FILE_SCHEMA (('AUTOMOTIVE_DESIGN { 1 0 10303 214 3 1 1 }'));
ENDSEC;

DATA;
#10=MECHANICAL_DESIGN_GEOMETRIC_PRESENTATION_REPRESENTATION('',(#13),#10606);
#11=SHAPE_REPRESENTATION_RELATIONSHIP('SRR','None',#10613,#12);
#12=ADVANCED_BREP_SHAPE_REPRESENTATION('',(#14),#10605);
#13=STYLED_ITEM('',(#10622),#14);
#14=MANIFOLD_SOLID_BREP('Part1_mouth_clips',#2080);
#15=CIRCLE('',#2189,3.00000000000001);
#16=LINE('',#6327,#263);
#17=LINE('',#6329,#264);
#18=LINE('',#6330,#265);
#19=LINE('',#6333,#266);
#20=LINE('',#6335,#267);
#21=LINE('',#6337,#268);
#22=LINE('',#6339,#269);
#23=LINE('',#6341,#270);
#24=LINE('',#6343,#271);
#25=LINE('',#6345,#272);
#26=LINE('',#6347,#273);
#27=LINE('',#6349,#274);
#28=LINE('',#6351,#275);
#29=LINE('',#6353,#276);
#30=LINE('',#6355,#277);
#31=LINE('',#6357,#278);
#32=LINE('',#6358,#279);
#33=LINE('',#6361,#280);
#34=LINE('',#6362,#281);
#35=LINE('',#6365,#282);
#36=LINE('',#6366,#283);
#37=LINE('',#6369,#284);
#38=LINE('',#6370,#285);
#39=LINE('',#6373,#286);
#40=LINE('',#6374,#287);
#41=LINE('',#6377,#288);
#42=LINE('',#6378,#289);
#43=LINE('',#6381,#290);
#44=LINE('',#6382,#291);
#45=LINE('',#6385,#292);
#46=LINE('',#6386,#293);
#47=LINE('',#6389,#294);
#48=LINE('',#6390,#295);
#49=LINE('',#6393,#296);
#50=LINE('',#6394,#297);
#51=LINE('',#6397,#298);
#52=LINE('',#6398,#299);
#53=LINE('',#6401,#300);
#54=LINE('',#6402,#301);
#55=LINE('',#6405,#302);
#56=LINE('',#6406,#303);
#57=LINE('',#6409,#304);
#58=LINE('',#6410,#305);
#59=LINE('',#6412,#306);
#60=LINE('',#6416,#307);
#61=LINE('',#6418,#308);
#62=LINE('',#6419,#309);
#63=LINE('',#6422,#310);
#64=LINE('',#6424,#311);
#65=LINE('',#6426,#312);
#66=LINE('',#6428,#313);
#67=LINE('',#6430,#314);
#68=LINE('',#6432,#315);
#69=LINE('',#6434,#316);
#70=LINE('',#6436,#317);
#71=LINE('',#6438,#318);
#72=LINE('',#6440,#319);
#73=LINE('',#6442,#320);
#74=LINE('',#6444,#321);
#75=LINE('',#6445,#322);
#76=LINE('',#6448,#323);
#77=LINE('',#6449,#324);
#78=LINE('',#6452,#325);
#79=LINE('',#6453,#326);
#80=LINE('',#6456,#327);
#81=LINE('',#6457,#328);
#82=LINE('',#6460,#329);
#83=LINE('',#6461,#330);
#84=LINE('',#6464,#331);
#85=LINE('',#6465,#332);
#86=LINE('',#6468,#333);
#87=LINE('',#6469,#334);
#88=LINE('',#6472,#335);
#89=LINE('',#6473,#336);
#90=LINE('',#6476,#337);
#91=LINE('',#6477,#338);
#92=LINE('',#6480,#339);
#93=LINE('',#6481,#340);
#94=LINE('',#6484,#341);
#95=LINE('',#6485,#342);
#96=LINE('',#6488,#343);
#97=LINE('',#6489,#344);
#98=LINE('',#6492,#345);
#99=LINE('',#6493,#346);
#100=LINE('',#6495,#347);
#101=LINE('',#6499,#348);
#102=LINE('',#6501,#349);
#103=LINE('',#6502,#350);
#104=LINE('',#6505,#351);
#105=LINE('',#6507,#352);
#106=LINE('',#6509,#353);
#107=LINE('',#6511,#354);
#108=LINE('',#6513,#355);
#109=LINE('',#6515,#356);
#110=LINE('',#6517,#357);
#111=LINE('',#6519,#358);
#112=LINE('',#6521,#359);
#113=LINE('',#6523,#360);
#114=LINE('',#6525,#361);
#115=LINE('',#6527,#362);
#116=LINE('',#6528,#363);
#117=LINE('',#6531,#364);
#118=LINE('',#6532,#365);
#119=LINE('',#6535,#366);
#120=LINE('',#6536,#367);
#121=LINE('',#6539,#368);
#122=LINE('',#6540,#369);
#123=LINE('',#6543,#370);
#124=LINE('',#6544,#371);
#125=LINE('',#6547,#372);
#126=LINE('',#6548,#373);
#127=LINE('',#6551,#374);
#128=LINE('',#6552,#375);
#129=LINE('',#6555,#376);
#130=LINE('',#6556,#377);
#131=LINE('',#6559,#378);
#132=LINE('',#6560,#379);
#133=LINE('',#6563,#380);
#134=LINE('',#6564,#381);
#135=LINE('',#6567,#382);
#136=LINE('',#6568,#383);
#137=LINE('',#6571,#384);
#138=LINE('',#6572,#385);
#139=LINE('',#6575,#386);
#140=LINE('',#6576,#387);
#141=LINE('',#6578,#388);
#142=LINE('',#6582,#389);
#143=LINE('',#6584,#390);
#144=LINE('',#6585,#391);
#145=LINE('',#6588,#392);
#146=LINE('',#6590,#393);
#147=LINE('',#6592,#394);
#148=LINE('',#6594,#395);
#149=LINE('',#6596,#396);
#150=LINE('',#6598,#397);
#151=LINE('',#6600,#398);
#152=LINE('',#6602,#399);
#153=LINE('',#6604,#400);
#154=LINE('',#6606,#401);
#155=LINE('',#6608,#402);
#156=LINE('',#6610,#403);
#157=LINE('',#6612,#404);
#158=LINE('',#6614,#405);
#159=LINE('',#6616,#406);
#160=LINE('',#6618,#407);
#161=LINE('',#6620,#408);
#162=LINE('',#6622,#409);
#163=LINE('',#6624,#410);
#164=LINE('',#6625,#411);
#165=LINE('',#6628,#412);
#166=LINE('',#6629,#413);
#167=LINE('',#6632,#414);
#168=LINE('',#6633,#415);
#169=LINE('',#6636,#416);
#170=LINE('',#6637,#417);
#171=LINE('',#6640,#418);
#172=LINE('',#6641,#419);
#173=LINE('',#6644,#420);
#174=LINE('',#6645,#421);
#175=LINE('',#6648,#422);
#176=LINE('',#6649,#423);
#177=LINE('',#6652,#424);
#178=LINE('',#6653,#425);
#179=LINE('',#6656,#426);
#180=LINE('',#6657,#427);
#181=LINE('',#6660,#428);
#182=LINE('',#6661,#429);
#183=LINE('',#6664,#430);
#184=LINE('',#6665,#431);
#185=LINE('',#6668,#432);
#186=LINE('',#6669,#433);
#187=LINE('',#6672,#434);
#188=LINE('',#6673,#435);
#189=LINE('',#6676,#436);
#190=LINE('',#6677,#437);
#191=LINE('',#6680,#438);
#192=LINE('',#6681,#439);
#193=LINE('',#6684,#440);
#194=LINE('',#6685,#441);
#195=LINE('',#6688,#442);
#196=LINE('',#6689,#443);
#197=LINE('',#6692,#444);
#198=LINE('',#6693,#445);
#199=LINE('',#6696,#446);
#200=LINE('',#6697,#447);
#201=LINE('',#6700,#448);
#202=LINE('',#6701,#449);
#203=LINE('',#6703,#450);
#204=LINE('',#6707,#451);
#205=LINE('',#6709,#452);
#206=LINE('',#6710,#453);
#207=LINE('',#6713,#454);
#208=LINE('',#6715,#455);
#209=LINE('',#6717,#456);
#210=LINE('',#6719,#457);
#211=LINE('',#6721,#458);
#212=LINE('',#6723,#459);
#213=LINE('',#6725,#460);
#214=LINE('',#6727,#461);
#215=LINE('',#6729,#462);
#216=LINE('',#6731,#463);
#217=LINE('',#6733,#464);
#218=LINE('',#6735,#465);
#219=LINE('',#6737,#466);
#220=LINE('',#6739,#467);
#221=LINE('',#6741,#468);
#222=LINE('',#6743,#469);
#223=LINE('',#6745,#470);
#224=LINE('',#6747,#471);
#225=LINE('',#6748,#472);
#226=LINE('',#6751,#473);
#227=LINE('',#6752,#474);
#228=LINE('',#6755,#475);
#229=LINE('',#6756,#476);
#230=LINE('',#6759,#477);
#231=LINE('',#6760,#478);
#232=LINE('',#6763,#479);
#233=LINE('',#6764,#480);
#234=LINE('',#6767,#481);
#235=LINE('',#6768,#482);
#236=LINE('',#6771,#483);
#237=LINE('',#6772,#484);
#238=LINE('',#6775,#485);
#239=LINE('',#6776,#486);
#240=LINE('',#6779,#487);
#241=LINE('',#6780,#488);
#242=LINE('',#6783,#489);
#243=LINE('',#6784,#490);
#244=LINE('',#6787,#491);
#245=LINE('',#6788,#492);
#246=LINE('',#6791,#493);
#247=LINE('',#6792,#494);
#248=LINE('',#6795,#495);
#249=LINE('',#6796,#496);
#250=LINE('',#6799,#497);
#251=LINE('',#6800,#498);
#252=LINE('',#6803,#499);
#253=LINE('',#6804,#500);
#254=LINE('',#6807,#501);
#255=LINE('',#6808,#502);
#256=LINE('',#6811,#503);
#257=LINE('',#6812,#504);
#258=LINE('',#6815,#505);
#259=LINE('',#6816,#506);
#260=LINE('',#6819,#507);
#261=LINE('',#6820,#508);
#262=LINE('',#6822,#509);
#263=VECTOR('',#2197,10.);
#264=VECTOR('',#2198,10.);
#265=VECTOR('',#2199,10.);
#266=VECTOR('',#2202,10.);
#267=VECTOR('',#2203,10.);
#268=VECTOR('',#2204,10.);
#269=VECTOR('',#2205,10.);
#270=VECTOR('',#2206,10.);
#271=VECTOR('',#2207,10.);
#272=VECTOR('',#2208,10.);
#273=VECTOR('',#2209,10.);
#274=VECTOR('',#2210,10.);
#275=VECTOR('',#2211,10.);
#276=VECTOR('',#2212,10.);
#277=VECTOR('',#2213,10.);
#278=VECTOR('',#2214,10.);
#279=VECTOR('',#2215,10.);
#280=VECTOR('',#2218,10.);
#281=VECTOR('',#2219,10.);
#282=VECTOR('',#2222,10.);
#283=VECTOR('',#2223,10.);
#284=VECTOR('',#2226,10.);
#285=VECTOR('',#2227,10.);
#286=VECTOR('',#2230,10.);
#287=VECTOR('',#2231,10.);
#288=VECTOR('',#2234,10.);
#289=VECTOR('',#2235,10.);
#290=VECTOR('',#2238,10.);
#291=VECTOR('',#2239,10.);
#292=VECTOR('',#2242,10.);
#293=VECTOR('',#2243,10.);
#294=VECTOR('',#2246,10.);
#295=VECTOR('',#2247,10.);
#296=VECTOR('',#2250,10.);
#297=VECTOR('',#2251,10.);
#298=VECTOR('',#2254,10.);
#299=VECTOR('',#2255,10.);
#300=VECTOR('',#2258,10.);
#301=VECTOR('',#2259,10.);
#302=VECTOR('',#2262,10.);
#303=VECTOR('',#2263,10.);
#304=VECTOR('',#2266,10.);
#305=VECTOR('',#2267,10.);
#306=VECTOR('',#2270,10.);
#307=VECTOR('',#2275,10.);
#308=VECTOR('',#2276,10.);
#309=VECTOR('',#2277,10.);
#310=VECTOR('',#2280,10.);
#311=VECTOR('',#2281,10.);
#312=VECTOR('',#2282,10.);
#313=VECTOR('',#2283,10.);
#314=VECTOR('',#2284,10.);
#315=VECTOR('',#2285,10.);
#316=VECTOR('',#2286,10.);
#317=VECTOR('',#2287,10.);
#318=VECTOR('',#2288,10.);
#319=VECTOR('',#2289,10.);
#320=VECTOR('',#2290,10.);
#321=VECTOR('',#2291,10.);
#322=VECTOR('',#2292,10.);
#323=VECTOR('',#2295,10.);
#324=VECTOR('',#2296,10.);
#325=VECTOR('',#2299,10.);
#326=VECTOR('',#2300,10.);
#327=VECTOR('',#2303,10.);
#328=VECTOR('',#2304,10.);
#329=VECTOR('',#2307,10.);
#330=VECTOR('',#2308,10.);
#331=VECTOR('',#2311,10.);
#332=VECTOR('',#2312,10.);
#333=VECTOR('',#2315,10.);
#334=VECTOR('',#2316,10.);
#335=VECTOR('',#2319,10.);
#336=VECTOR('',#2320,10.);
#337=VECTOR('',#2323,10.);
#338=VECTOR('',#2324,10.);
#339=VECTOR('',#2327,10.);
#340=VECTOR('',#2328,10.);
#341=VECTOR('',#2331,10.);
#342=VECTOR('',#2332,10.);
#343=VECTOR('',#2335,10.);
#344=VECTOR('',#2336,10.);
#345=VECTOR('',#2339,10.);
#346=VECTOR('',#2340,10.);
#347=VECTOR('',#2343,10.);
#348=VECTOR('',#2348,10.);
#349=VECTOR('',#2349,10.);
#350=VECTOR('',#2350,10.);
#351=VECTOR('',#2353,10.);
#352=VECTOR('',#2354,10.);
#353=VECTOR('',#2355,10.);
#354=VECTOR('',#2356,10.);
#355=VECTOR('',#2357,10.);
#356=VECTOR('',#2358,10.);
#357=VECTOR('',#2359,10.);
#358=VECTOR('',#2360,10.);
#359=VECTOR('',#2361,10.);
#360=VECTOR('',#2362,10.);
#361=VECTOR('',#2363,10.);
#362=VECTOR('',#2364,10.);
#363=VECTOR('',#2365,10.);
#364=VECTOR('',#2368,10.);
#365=VECTOR('',#2369,10.);
#366=VECTOR('',#2372,10.);
#367=VECTOR('',#2373,10.);
#368=VECTOR('',#2376,10.);
#369=VECTOR('',#2377,10.);
#370=VECTOR('',#2380,10.);
#371=VECTOR('',#2381,10.);
#372=VECTOR('',#2384,10.);
#373=VECTOR('',#2385,10.);
#374=VECTOR('',#2388,10.);
#375=VECTOR('',#2389,10.);
#376=VECTOR('',#2392,10.);
#377=VECTOR('',#2393,10.);
#378=VECTOR('',#2396,10.);
#379=VECTOR('',#2397,10.);
#380=VECTOR('',#2400,10.);
#381=VECTOR('',#2401,10.);
#382=VECTOR('',#2404,10.);
#383=VECTOR('',#2405,10.);
#384=VECTOR('',#2408,10.);
#385=VECTOR('',#2409,10.);
#386=VECTOR('',#2412,10.);
#387=VECTOR('',#2413,10.);
#388=VECTOR('',#2416,10.);
#389=VECTOR('',#2421,10.);
#390=VECTOR('',#2422,10.);
#391=VECTOR('',#2423,10.);
#392=VECTOR('',#2426,10.);
#393=VECTOR('',#2427,10.);
#394=VECTOR('',#2428,10.);
#395=VECTOR('',#2429,10.);
#396=VECTOR('',#2430,10.);
#397=VECTOR('',#2431,10.);
#398=VECTOR('',#2432,10.);
#399=VECTOR('',#2433,10.);
#400=VECTOR('',#2434,10.);
#401=VECTOR('',#2435,10.);
#402=VECTOR('',#2436,10.);
#403=VECTOR('',#2437,10.);
#404=VECTOR('',#2438,10.);
#405=VECTOR('',#2439,10.);
#406=VECTOR('',#2440,10.);
#407=VECTOR('',#2441,10.);
#408=VECTOR('',#2442,10.);
#409=VECTOR('',#2443,10.);
#410=VECTOR('',#2444,10.);
#411=VECTOR('',#2445,10.);
#412=VECTOR('',#2448,10.);
#413=VECTOR('',#2449,10.);
#414=VECTOR('',#2452,10.);
#415=VECTOR('',#2453,10.);
#416=VECTOR('',#2456,10.);
#417=VECTOR('',#2457,10.);
#418=VECTOR('',#2460,10.);
#419=VECTOR('',#2461,10.);
#420=VECTOR('',#2464,10.);
#421=VECTOR('',#2465,10.);
#422=VECTOR('',#2468,10.);
#423=VECTOR('',#2469,10.);
#424=VECTOR('',#2472,10.);
#425=VECTOR('',#2473,10.);
#426=VECTOR('',#2476,10.);
#427=VECTOR('',#2477,10.);
#428=VECTOR('',#2480,10.);
#429=VECTOR('',#2481,10.);
#430=VECTOR('',#2484,10.);
#431=VECTOR('',#2485,10.);
#432=VECTOR('',#2488,10.);
#433=VECTOR('',#2489,10.);
#434=VECTOR('',#2492,10.);
#435=VECTOR('',#2493,10.);
#436=VECTOR('',#2496,10.);
#437=VECTOR('',#2497,10.);
#438=VECTOR('',#2500,10.);
#439=VECTOR('',#2501,10.);
#440=VECTOR('',#2504,10.);
#441=VECTOR('',#2505,10.);
#442=VECTOR('',#2508,10.);
#443=VECTOR('',#2509,10.);
#444=VECTOR('',#2512,10.);
#445=VECTOR('',#2513,10.);
#446=VECTOR('',#2516,10.);
#447=VECTOR('',#2517,10.);
#448=VECTOR('',#2520,10.);
#449=VECTOR('',#2521,10.);
#450=VECTOR('',#2524,10.);
#451=VECTOR('',#2529,10.);
#452=VECTOR('',#2530,10.);
#453=VECTOR('',#2531,10.);
#454=VECTOR('',#2534,10.);
#455=VECTOR('',#2535,10.);
#456=VECTOR('',#2536,10.);
#457=VECTOR('',#2537,10.);
#458=VECTOR('',#2538,10.);
#459=VECTOR('',#2539,10.);
#460=VECTOR('',#2540,10.);
#461=VECTOR('',#2541,10.);
#462=VECTOR('',#2542,10.);
#463=VECTOR('',#2543,10.);
#464=VECTOR('',#2544,10.);
#465=VECTOR('',#2545,10.);
#466=VECTOR('',#2546,10.);
#467=VECTOR('',#2547,10.);
#468=VECTOR('',#2548,10.);
#469=VECTOR('',#2549,10.);
#470=VECTOR('',#2550,10.);
#471=VECTOR('',#2551,10.);
#472=VECTOR('',#2552,10.);
#473=VECTOR('',#2555,10.);
#474=VECTOR('',#2556,10.);
#475=VECTOR('',#2559,10.);
#476=VECTOR('',#2560,10.);
#477=VECTOR('',#2563,10.);
#478=VECTOR('',#2564,10.);
#479=VECTOR('',#2567,10.);
#480=VECTOR('',#2568,10.);
#481=VECTOR('',#2571,10.);
#482=VECTOR('',#2572,10.);
#483=VECTOR('',#2575,10.);
#484=VECTOR('',#2576,10.);
#485=VECTOR('',#2579,10.);
#486=VECTOR('',#2580,10.);
#487=VECTOR('',#2583,10.);
#488=VECTOR('',#2584,10.);
#489=VECTOR('',#2587,10.);
#490=VECTOR('',#2588,10.);
#491=VECTOR('',#2591,10.);
#492=VECTOR('',#2592,10.);
#493=VECTOR('',#2595,10.);
#494=VECTOR('',#2596,10.);
#495=VECTOR('',#2599,10.);
#496=VECTOR('',#2600,10.);
#497=VECTOR('',#2603,10.);
#498=VECTOR('',#2604,10.);
#499=VECTOR('',#2607,10.);
#500=VECTOR('',#2608,10.);
#501=VECTOR('',#2611,10.);
#502=VECTOR('',#2612,10.);
#503=VECTOR('',#2615,10.);
#504=VECTOR('',#2616,10.);
#505=VECTOR('',#2619,10.);
#506=VECTOR('',#2620,10.);
#507=VECTOR('',#2623,10.);
#508=VECTOR('',#2624,10.);
#509=VECTOR('',#2627,10.);
#510=B_SPLINE_SURFACE_WITH_KNOTS('',3,3,((#3132,#3133,#3134,#3135,#3136,
#3137,#3138,#3139,#3140,#3141,#3142,#3143),(#3144,#3145,#3146,#3147,#3148,
#3149,#3150,#3151,#3152,#3153,#3154,#3155),(#3156,#3157,#3158,#3159,#3160,
#3161,#3162,#3163,#3164,#3165,#3166,#3167),(#3168,#3169,#3170,#3171,#3172,
#3173,#3174,#3175,#3176,#3177,#3178,#3179),(#3180,#3181,#3182,#3183,#3184,
#3185,#3186,#3187,#3188,#3189,#3190,#3191),(#3192,#3193,#3194,#3195,#3196,
#3197,#3198,#3199,#3200,#3201,#3202,#3203),(#3204,#3205,#3206,#3207,#3208,
#3209,#3210,#3211,#3212,#3213,#3214,#3215),(#3216,#3217,#3218,#3219,#3220,
#3221,#3222,#3223,#3224,#3225,#3226,#3227),(#3228,#3229,#3230,#3231,#3232,
#3233,#3234,#3235,#3236,#3237,#3238,#3239),(#3240,#3241,#3242,#3243,#3244,
#3245,#3246,#3247,#3248,#3249,#3250,#3251),(#3252,#3253,#3254,#3255,#3256,
#3257,#3258,#3259,#3260,#3261,#3262,#3263),(#3264,#3265,#3266,#3267,#3268,
#3269,#3270,#3271,#3272,#3273,#3274,#3275),(#3276,#3277,#3278,#3279,#3280,
#3281,#3282,#3283,#3284,#3285,#3286,#3287),(#3288,#3289,#3290,#3291,#3292,
#3293,#3294,#3295,#3296,#3297,#3298,#3299),(#3300,#3301,#3302,#3303,#3304,
#3305,#3306,#3307,#3308,#3309,#3310,#3311),(#3312,#3313,#3314,#3315,#3316,
#3317,#3318,#3319,#3320,#3321,#3322,#3323),(#3324,#3325,#3326,#3327,#3328,
#3329,#3330,#3331,#3332,#3333,#3334,#3335),(#3336,#3337,#3338,#3339,#3340,
#3341,#3342,#3343,#3344,#3345,#3346,#3347),(#3348,#3349,#3350,#3351,#3352,
#3353,#3354,#3355,#3356,#3357,#3358,#3359),(#3360,#3361,#3362,#3363,#3364,
#3365,#3366,#3367,#3368,#3369,#3370,#3371),(#3372,#3373,#3374,#3375,#3376,
#3377,#3378,#3379,#3380,#3381,#3382,#3383),(#3384,#3385,#3386,#3387,#3388,
#3389,#3390,#3391,#3392,#3393,#3394,#3395),(#3396,#3397,#3398,#3399,#3400,
#3401,#3402,#3403,#3404,#3405,#3406,#3407),(#3408,#3409,#3410,#3411,#3412,
#3413,#3414,#3415,#3416,#3417,#3418,#3419),(#3420,#3421,#3422,#3423,#3424,
#3425,#3426,#3427,#3428,#3429,#3430,#3431),(#3432,#3433,#3434,#3435,#3436,
#3437,#3438,#3439,#3440,#3441,#3442,#3443),(#3444,#3445,#3446,#3447,#3448,
#3449,#3450,#3451,#3452,#3453,#3454,#3455),(#3456,#3457,#3458,#3459,#3460,
#3461,#3462,#3463,#3464,#3465,#3466,#3467),(#3468,#3469,#3470,#3471,#3472,
#3473,#3474,#3475,#3476,#3477,#3478,#3479),(#3480,#3481,#3482,#3483,#3484,
#3485,#3486,#3487,#3488,#3489,#3490,#3491),(#3492,#3493,#3494,#3495,#3496,
#3497,#3498,#3499,#3500,#3501,#3502,#3503),(#3504,#3505,#3506,#3507,#3508,
#3509,#3510,#3511,#3512,#3513,#3514,#3515),(#3516,#3517,#3518,#3519,#3520,
#3521,#3522,#3523,#3524,#3525,#3526,#3527),(#3528,#3529,#3530,#3531,#3532,
#3533,#3534,#3535,#3536,#3537,#3538,#3539),(#3540,#3541,#3542,#3543,#3544,
#3545,#3546,#3547,#3548,#3549,#3550,#3551),(#3552,#3553,#3554,#3555,#3556,
#3557,#3558,#3559,#3560,#3561,#3562,#3563),(#3564,#3565,#3566,#3567,#3568,
#3569,#3570,#3571,#3572,#3573,#3574,#3575),(#3576,#3577,#3578,#3579,#3580,
#3581,#3582,#3583,#3584,#3585,#3586,#3587),(#3588,#3589,#3590,#3591,#3592,
#3593,#3594,#3595,#3596,#3597,#3598,#3599),(#3600,#3601,#3602,#3603,#3604,
#3605,#3606,#3607,#3608,#3609,#3610,#3611),(#3612,#3613,#3614,#3615,#3616,
#3617,#3618,#3619,#3620,#3621,#3622,#3623),(#3624,#3625,#3626,#3627,#3628,
#3629,#3630,#3631,#3632,#3633,#3634,#3635),(#3636,#3637,#3638,#3639,#3640,
#3641,#3642,#3643,#3644,#3645,#3646,#3647),(#3648,#3649,#3650,#3651,#3652,
#3653,#3654,#3655,#3656,#3657,#3658,#3659),(#3660,#3661,#3662,#3663,#3664,
#3665,#3666,#3667,#3668,#3669,#3670,#3671),(#3672,#3673,#3674,#3675,#3676,
#3677,#3678,#3679,#3680,#3681,#3682,#3683),(#3684,#3685,#3686,#3687,#3688,
#3689,#3690,#3691,#3692,#3693,#3694,#3695),(#3696,#3697,#3698,#3699,#3700,
#3701,#3702,#3703,#3704,#3705,#3706,#3707),(#3708,#3709,#3710,#3711,#3712,
#3713,#3714,#3715,#3716,#3717,#3718,#3719),(#3720,#3721,#3722,#3723,#3724,
#3725,#3726,#3727,#3728,#3729,#3730,#3731),(#3732,#3733,#3734,#3735,#3736,
#3737,#3738,#3739,#3740,#3741,#3742,#3743),(#3744,#3745,#3746,#3747,#3748,
#3749,#3750,#3751,#3752,#3753,#3754,#3755),(#3756,#3757,#3758,#3759,#3760,
#3761,#3762,#3763,#3764,#3765,#3766,#3767),(#3768,#3769,#3770,#3771,#3772,
#3773,#3774,#3775,#3776,#3777,#3778,#3779),(#3780,#3781,#3782,#3783,#3784,
#3785,#3786,#3787,#3788,#3789,#3790,#3791),(#3792,#3793,#3794,#3795,#3796,
#3797,#3798,#3799,#3800,#3801,#3802,#3803),(#3804,#3805,#3806,#3807,#3808,
#3809,#3810,#3811,#3812,#3813,#3814,#3815),(#3816,#3817,#3818,#3819,#3820,
#3821,#3822,#3823,#3824,#3825,#3826,#3827),(#3828,#3829,#3830,#3831,#3832,
#3833,#3834,#3835,#3836,#3837,#3838,#3839),(#3840,#3841,#3842,#3843,#3844,
#3845,#3846,#3847,#3848,#3849,#3850,#3851),(#3852,#3853,#3854,#3855,#3856,
#3857,#3858,#3859,#3860,#3861,#3862,#3863),(#3864,#3865,#3866,#3867,#3868,
#3869,#3870,#3871,#3872,#3873,#3874,#3875),(#3876,#3877,#3878,#3879,#3880,
#3881,#3882,#3883,#3884,#3885,#3886,#3887),(#3888,#3889,#3890,#3891,#3892,
#3893,#3894,#3895,#3896,#3897,#3898,#3899),(#3900,#3901,#3902,#3903,#3904,
#3905,#3906,#3907,#3908,#3909,#3910,#3911),(#3912,#3913,#3914,#3915,#3916,
#3917,#3918,#3919,#3920,#3921,#3922,#3923),(#3924,#3925,#3926,#3927,#3928,
#3929,#3930,#3931,#3932,#3933,#3934,#3935),(#3936,#3937,#3938,#3939,#3940,
#3941,#3942,#3943,#3944,#3945,#3946,#3947),(#3948,#3949,#3950,#3951,#3952,
#3953,#3954,#3955,#3956,#3957,#3958,#3959),(#3960,#3961,#3962,#3963,#3964,
#3965,#3966,#3967,#3968,#3969,#3970,#3971),(#3972,#3973,#3974,#3975,#3976,
#3977,#3978,#3979,#3980,#3981,#3982,#3983),(#3984,#3985,#3986,#3987,#3988,
#3989,#3990,#3991,#3992,#3993,#3994,#3995),(#3996,#3997,#3998,#3999,#4000,
#4001,#4002,#4003,#4004,#4005,#4006,#4007),(#4008,#4009,#4010,#4011,#4012,
#4013,#4014,#4015,#4016,#4017,#4018,#4019),(#4020,#4021,#4022,#4023,#4024,
#4025,#4026,#4027,#4028,#4029,#4030,#4031),(#4032,#4033,#4034,#4035,#4036,
#4037,#4038,#4039,#4040,#4041,#4042,#4043),(#4044,#4045,#4046,#4047,#4048,
#4049,#4050,#4051,#4052,#4053,#4054,#4055),(#4056,#4057,#4058,#4059,#4060,
#4061,#4062,#4063,#4064,#4065,#4066,#4067),(#4068,#4069,#4070,#4071,#4072,
#4073,#4074,#4075,#4076,#4077,#4078,#4079),(#4080,#4081,#4082,#4083,#4084,
#4085,#4086,#4087,#4088,#4089,#4090,#4091),(#4092,#4093,#4094,#4095,#4096,
#4097,#4098,#4099,#4100,#4101,#4102,#4103),(#4104,#4105,#4106,#4107,#4108,
#4109,#4110,#4111,#4112,#4113,#4114,#4115),(#4116,#4117,#4118,#4119,#4120,
#4121,#4122,#4123,#4124,#4125,#4126,#4127),(#4128,#4129,#4130,#4131,#4132,
#4133,#4134,#4135,#4136,#4137,#4138,#4139),(#4140,#4141,#4142,#4143,#4144,
#4145,#4146,#4147,#4148,#4149,#4150,#4151),(#4152,#4153,#4154,#4155,#4156,
#4157,#4158,#4159,#4160,#4161,#4162,#4163),(#4164,#4165,#4166,#4167,#4168,
#4169,#4170,#4171,#4172,#4173,#4174,#4175),(#4176,#4177,#4178,#4179,#4180,
#4181,#4182,#4183,#4184,#4185,#4186,#4187),(#4188,#4189,#4190,#4191,#4192,
#4193,#4194,#4195,#4196,#4197,#4198,#4199),(#4200,#4201,#4202,#4203,#4204,
#4205,#4206,#4207,#4208,#4209,#4210,#4211),(#4212,#4213,#4214,#4215,#4216,
#4217,#4218,#4219,#4220,#4221,#4222,#4223),(#4224,#4225,#4226,#4227,#4228,
#4229,#4230,#4231,#4232,#4233,#4234,#4235),(#4236,#4237,#4238,#4239,#4240,
#4241,#4242,#4243,#4244,#4245,#4246,#4247),(#4248,#4249,#4250,#4251,#4252,
#4253,#4254,#4255,#4256,#4257,#4258,#4259),(#4260,#4261,#4262,#4263,#4264,
#4265,#4266,#4267,#4268,#4269,#4270,#4271),(#4272,#4273,#4274,#4275,#4276,
#4277,#4278,#4279,#4280,#4281,#4282,#4283),(#4284,#4285,#4286,#4287,#4288,
#4289,#4290,#4291,#4292,#4293,#4294,#4295),(#4296,#4297,#4298,#4299,#4300,
#4301,#4302,#4303,#4304,#4305,#4306,#4307),(#4308,#4309,#4310,#4311,#4312,
#4313,#4314,#4315,#4316,#4317,#4318,#4319),(#4320,#4321,#4322,#4323,#4324,
#4325,#4326,#4327,#4328,#4329,#4330,#4331),(#4332,#4333,#4334,#4335,#4336,
#4337,#4338,#4339,#4340,#4341,#4342,#4343),(#4344,#4345,#4346,#4347,#4348,
#4349,#4350,#4351,#4352,#4353,#4354,#4355),(#4356,#4357,#4358,#4359,#4360,
#4361,#4362,#4363,#4364,#4365,#4366,#4367),(#4368,#4369,#4370,#4371,#4372,
#4373,#4374,#4375,#4376,#4377,#4378,#4379),(#4380,#4381,#4382,#4383,#4384,
#4385,#4386,#4387,#4388,#4389,#4390,#4391),(#4392,#4393,#4394,#4395,#4396,
#4397,#4398,#4399,#4400,#4401,#4402,#4403),(#4404,#4405,#4406,#4407,#4408,
#4409,#4410,#4411,#4412,#4413,#4414,#4415),(#4416,#4417,#4418,#4419,#4420,
#4421,#4422,#4423,#4424,#4425,#4426,#4427),(#4428,#4429,#4430,#4431,#4432,
#4433,#4434,#4435,#4436,#4437,#4438,#4439),(#4440,#4441,#4442,#4443,#4444,
#4445,#4446,#4447,#4448,#4449,#4450,#4451)),.UNSPECIFIED.,.T.,.F.,.F.,(4,
2,2,2,2,2,2,2,2,2,2,2,2,2,2,1,1,2,1,2,1,2,2,2,2,2,1,2,2,2,2,2,2,2,2,2,2,
2,2,2,2,2,2,2,1,1,2,1,2,1,2,2,2,2,2,1,2,2,2,4),(4,2,2,2,2,4),(0.,0.00253894882227551,
0.00762957710191597,0.0224787239107093,0.0244934856843442,0.0279188402551319,
0.0292768974350408,0.0381764147995096,0.0392551889376263,0.0483763564659943,
0.0565162982680917,0.0566925417908953,0.0602162876751823,0.0692418405240774,
0.0718778747854036,0.104197013890434,0.12035658344295,0.136516152995465,
0.285427540188352,0.434338927381239,0.449004734976442,0.463670542571645,
0.465997654655235,0.466269840695287,0.469263181054377,0.470516136238528,
0.479147722142146,0.487779308045763,0.495984306241686,0.497209230935428,
0.502538948822275,0.507629577101917,0.52247872391071,0.524493485684344,
0.527918840255133,0.529324576813207,0.538659313904074,0.539255188937626,
0.548376356465994,0.556516298268092,0.557203067453268,0.560268593207852,
0.569241840524077,0.571877874785404,0.604197013890435,0.62035658344295,
0.636516152995465,0.785427540188352,0.934338927381239,0.949004734976442,
0.963670542571645,0.965997654655235,0.966322157427745,0.969774839801311,
0.970516136238528,0.979389738236708,0.988263340234888,0.995984306241686,
0.997256921513384,1.),(0.00348946842856677,0.148178264400718,0.281964158750517,
0.331153947096378,0.437609932052997,0.522376074914868),.UNSPECIFIED.);
#511=B_SPLINE_SURFACE_WITH_KNOTS('',3,3,((#4859,#4860,#4861,#4862,#4863,
#4864,#4865,#4866,#4867,#4868,#4869,#4870),(#4871,#4872,#4873,#4874,#4875,
#4876,#4877,#4878,#4879,#4880,#4881,#4882),(#4883,#4884,#4885,#4886,#4887,
#4888,#4889,#4890,#4891,#4892,#4893,#4894),(#4895,#4896,#4897,#4898,#4899,
#4900,#4901,#4902,#4903,#4904,#4905,#4906),(#4907,#4908,#4909,#4910,#4911,
#4912,#4913,#4914,#4915,#4916,#4917,#4918),(#4919,#4920,#4921,#4922,#4923,
#4924,#4925,#4926,#4927,#4928,#4929,#4930),(#4931,#4932,#4933,#4934,#4935,
#4936,#4937,#4938,#4939,#4940,#4941,#4942),(#4943,#4944,#4945,#4946,#4947,
#4948,#4949,#4950,#4951,#4952,#4953,#4954),(#4955,#4956,#4957,#4958,#4959,
#4960,#4961,#4962,#4963,#4964,#4965,#4966),(#4967,#4968,#4969,#4970,#4971,
#4972,#4973,#4974,#4975,#4976,#4977,#4978),(#4979,#4980,#4981,#4982,#4983,
#4984,#4985,#4986,#4987,#4988,#4989,#4990),(#4991,#4992,#4993,#4994,#4995,
#4996,#4997,#4998,#4999,#5000,#5001,#5002),(#5003,#5004,#5005,#5006,#5007,
#5008,#5009,#5010,#5011,#5012,#5013,#5014),(#5015,#5016,#5017,#5018,#5019,
#5020,#5021,#5022,#5023,#5024,#5025,#5026),(#5027,#5028,#5029,#5030,#5031,
#5032,#5033,#5034,#5035,#5036,#5037,#5038),(#5039,#5040,#5041,#5042,#5043,
#5044,#5045,#5046,#5047,#5048,#5049,#5050),(#5051,#5052,#5053,#5054,#5055,
#5056,#5057,#5058,#5059,#5060,#5061,#5062),(#5063,#5064,#5065,#5066,#5067,
#5068,#5069,#5070,#5071,#5072,#5073,#5074),(#5075,#5076,#5077,#5078,#5079,
#5080,#5081,#5082,#5083,#5084,#5085,#5086),(#5087,#5088,#5089,#5090,#5091,
#5092,#5093,#5094,#5095,#5096,#5097,#5098),(#5099,#5100,#5101,#5102,#5103,
#5104,#5105,#5106,#5107,#5108,#5109,#5110),(#5111,#5112,#5113,#5114,#5115,
#5116,#5117,#5118,#5119,#5120,#5121,#5122),(#5123,#5124,#5125,#5126,#5127,
#5128,#5129,#5130,#5131,#5132,#5133,#5134),(#5135,#5136,#5137,#5138,#5139,
#5140,#5141,#5142,#5143,#5144,#5145,#5146),(#5147,#5148,#5149,#5150,#5151,
#5152,#5153,#5154,#5155,#5156,#5157,#5158),(#5159,#5160,#5161,#5162,#5163,
#5164,#5165,#5166,#5167,#5168,#5169,#5170),(#5171,#5172,#5173,#5174,#5175,
#5176,#5177,#5178,#5179,#5180,#5181,#5182),(#5183,#5184,#5185,#5186,#5187,
#5188,#5189,#5190,#5191,#5192,#5193,#5194),(#5195,#5196,#5197,#5198,#5199,
#5200,#5201,#5202,#5203,#5204,#5205,#5206),(#5207,#5208,#5209,#5210,#5211,
#5212,#5213,#5214,#5215,#5216,#5217,#5218),(#5219,#5220,#5221,#5222,#5223,
#5224,#5225,#5226,#5227,#5228,#5229,#5230),(#5231,#5232,#5233,#5234,#5235,
#5236,#5237,#5238,#5239,#5240,#5241,#5242),(#5243,#5244,#5245,#5246,#5247,
#5248,#5249,#5250,#5251,#5252,#5253,#5254),(#5255,#5256,#5257,#5258,#5259,
#5260,#5261,#5262,#5263,#5264,#5265,#5266),(#5267,#5268,#5269,#5270,#5271,
#5272,#5273,#5274,#5275,#5276,#5277,#5278),(#5279,#5280,#5281,#5282,#5283,
#5284,#5285,#5286,#5287,#5288,#5289,#5290),(#5291,#5292,#5293,#5294,#5295,
#5296,#5297,#5298,#5299,#5300,#5301,#5302),(#5303,#5304,#5305,#5306,#5307,
#5308,#5309,#5310,#5311,#5312,#5313,#5314),(#5315,#5316,#5317,#5318,#5319,
#5320,#5321,#5322,#5323,#5324,#5325,#5326),(#5327,#5328,#5329,#5330,#5331,
#5332,#5333,#5334,#5335,#5336,#5337,#5338),(#5339,#5340,#5341,#5342,#5343,
#5344,#5345,#5346,#5347,#5348,#5349,#5350),(#5351,#5352,#5353,#5354,#5355,
#5356,#5357,#5358,#5359,#5360,#5361,#5362),(#5363,#5364,#5365,#5366,#5367,
#5368,#5369,#5370,#5371,#5372,#5373,#5374),(#5375,#5376,#5377,#5378,#5379,
#5380,#5381,#5382,#5383,#5384,#5385,#5386),(#5387,#5388,#5389,#5390,#5391,
#5392,#5393,#5394,#5395,#5396,#5397,#5398),(#5399,#5400,#5401,#5402,#5403,
#5404,#5405,#5406,#5407,#5408,#5409,#5410),(#5411,#5412,#5413,#5414,#5415,
#5416,#5417,#5418,#5419,#5420,#5421,#5422),(#5423,#5424,#5425,#5426,#5427,
#5428,#5429,#5430,#5431,#5432,#5433,#5434),(#5435,#5436,#5437,#5438,#5439,
#5440,#5441,#5442,#5443,#5444,#5445,#5446),(#5447,#5448,#5449,#5450,#5451,
#5452,#5453,#5454,#5455,#5456,#5457,#5458),(#5459,#5460,#5461,#5462,#5463,
#5464,#5465,#5466,#5467,#5468,#5469,#5470),(#5471,#5472,#5473,#5474,#5475,
#5476,#5477,#5478,#5479,#5480,#5481,#5482),(#5483,#5484,#5485,#5486,#5487,
#5488,#5489,#5490,#5491,#5492,#5493,#5494),(#5495,#5496,#5497,#5498,#5499,
#5500,#5501,#5502,#5503,#5504,#5505,#5506),(#5507,#5508,#5509,#5510,#5511,
#5512,#5513,#5514,#5515,#5516,#5517,#5518),(#5519,#5520,#5521,#5522,#5523,
#5524,#5525,#5526,#5527,#5528,#5529,#5530),(#5531,#5532,#5533,#5534,#5535,
#5536,#5537,#5538,#5539,#5540,#5541,#5542),(#5543,#5544,#5545,#5546,#5547,
#5548,#5549,#5550,#5551,#5552,#5553,#5554),(#5555,#5556,#5557,#5558,#5559,
#5560,#5561,#5562,#5563,#5564,#5565,#5566),(#5567,#5568,#5569,#5570,#5571,
#5572,#5573,#5574,#5575,#5576,#5577,#5578),(#5579,#5580,#5581,#5582,#5583,
#5584,#5585,#5586,#5587,#5588,#5589,#5590),(#5591,#5592,#5593,#5594,#5595,
#5596,#5597,#5598,#5599,#5600,#5601,#5602),(#5603,#5604,#5605,#5606,#5607,
#5608,#5609,#5610,#5611,#5612,#5613,#5614),(#5615,#5616,#5617,#5618,#5619,
#5620,#5621,#5622,#5623,#5624,#5625,#5626),(#5627,#5628,#5629,#5630,#5631,
#5632,#5633,#5634,#5635,#5636,#5637,#5638),(#5639,#5640,#5641,#5642,#5643,
#5644,#5645,#5646,#5647,#5648,#5649,#5650),(#5651,#5652,#5653,#5654,#5655,
#5656,#5657,#5658,#5659,#5660,#5661,#5662),(#5663,#5664,#5665,#5666,#5667,
#5668,#5669,#5670,#5671,#5672,#5673,#5674),(#5675,#5676,#5677,#5678,#5679,
#5680,#5681,#5682,#5683,#5684,#5685,#5686),(#5687,#5688,#5689,#5690,#5691,
#5692,#5693,#5694,#5695,#5696,#5697,#5698),(#5699,#5700,#5701,#5702,#5703,
#5704,#5705,#5706,#5707,#5708,#5709,#5710),(#5711,#5712,#5713,#5714,#5715,
#5716,#5717,#5718,#5719,#5720,#5721,#5722),(#5723,#5724,#5725,#5726,#5727,
#5728,#5729,#5730,#5731,#5732,#5733,#5734),(#5735,#5736,#5737,#5738,#5739,
#5740,#5741,#5742,#5743,#5744,#5745,#5746),(#5747,#5748,#5749,#5750,#5751,
#5752,#5753,#5754,#5755,#5756,#5757,#5758),(#5759,#5760,#5761,#5762,#5763,
#5764,#5765,#5766,#5767,#5768,#5769,#5770),(#5771,#5772,#5773,#5774,#5775,
#5776,#5777,#5778,#5779,#5780,#5781,#5782),(#5783,#5784,#5785,#5786,#5787,
#5788,#5789,#5790,#5791,#5792,#5793,#5794),(#5795,#5796,#5797,#5798,#5799,
#5800,#5801,#5802,#5803,#5804,#5805,#5806),(#5807,#5808,#5809,#5810,#5811,
#5812,#5813,#5814,#5815,#5816,#5817,#5818),(#5819,#5820,#5821,#5822,#5823,
#5824,#5825,#5826,#5827,#5828,#5829,#5830),(#5831,#5832,#5833,#5834,#5835,
#5836,#5837,#5838,#5839,#5840,#5841,#5842),(#5843,#5844,#5845,#5846,#5847,
#5848,#5849,#5850,#5851,#5852,#5853,#5854),(#5855,#5856,#5857,#5858,#5859,
#5860,#5861,#5862,#5863,#5864,#5865,#5866),(#5867,#5868,#5869,#5870,#5871,
#5872,#5873,#5874,#5875,#5876,#5877,#5878),(#5879,#5880,#5881,#5882,#5883,
#5884,#5885,#5886,#5887,#5888,#5889,#5890),(#5891,#5892,#5893,#5894,#5895,
#5896,#5897,#5898,#5899,#5900,#5901,#5902),(#5903,#5904,#5905,#5906,#5907,
#5908,#5909,#5910,#5911,#5912,#5913,#5914),(#5915,#5916,#5917,#5918,#5919,
#5920,#5921,#5922,#5923,#5924,#5925,#5926),(#5927,#5928,#5929,#5930,#5931,
#5932,#5933,#5934,#5935,#5936,#5937,#5938),(#5939,#5940,#5941,#5942,#5943,
#5944,#5945,#5946,#5947,#5948,#5949,#5950),(#5951,#5952,#5953,#5954,#5955,
#5956,#5957,#5958,#5959,#5960,#5961,#5962),(#5963,#5964,#5965,#5966,#5967,
#5968,#5969,#5970,#5971,#5972,#5973,#5974),(#5975,#5976,#5977,#5978,#5979,
#5980,#5981,#5982,#5983,#5984,#5985,#5986),(#5987,#5988,#5989,#5990,#5991,
#5992,#5993,#5994,#5995,#5996,#5997,#5998),(#5999,#6000,#6001,#6002,#6003,
#6004,#6005,#6006,#6007,#6008,#6009,#6010),(#6011,#6012,#6013,#6014,#6015,
#6016,#6017,#6018,#6019,#6020,#6021,#6022),(#6023,#6024,#6025,#6026,#6027,
#6028,#6029,#6030,#6031,#6032,#6033,#6034),(#6035,#6036,#6037,#6038,#6039,
#6040,#6041,#6042,#6043,#6044,#6045,#6046),(#6047,#6048,#6049,#6050,#6051,
#6052,#6053,#6054,#6055,#6056,#6057,#6058)),.UNSPECIFIED.,.T.,.F.,.F.,(4,
2,2,2,2,2,2,2,2,2,2,2,2,2,2,2,2,2,2,2,2,2,2,2,2,2,2,2,2,2,2,2,2,2,2,2,2,
2,2,2,2,2,2,2,2,2,2,2,2,4),(4,2,2,2,2,4),(0.,0.00286213085888457,0.00787418588787486,
0.0227574591073852,0.0237858429357329,0.0271066484345991,0.0283756501163027,
0.0357421486556307,0.0470107240926852,0.0546056697060914,0.0660432730298823,
0.0692683516037398,0.0738732342686028,0.0817976753307978,0.089724819446814,
0.145427817934559,0.424340365265512,0.44247719790713,0.451484392716186,
0.453183158991676,0.45687231936655,0.460604700764735,0.477596347647853,
0.489615478329158,0.497765020853987,0.502862130858884,0.507874185887875,
0.522757459107385,0.523785842935732,0.527106648434599,0.528421163118271,
0.536184128944421,0.547010724092685,0.554605669706091,0.566043273029882,
0.569319979010473,0.574372107159257,0.581797675330798,0.589724819446814,
0.645427817934559,0.924340365265512,0.94247719790713,0.951984302678636,
0.953183158991676,0.956923957464196,0.960604700764735,0.977596347647853,
0.990058495689743,0.997810544546868,1.),(0.,0.142877404234659,0.278047196694824,
0.327495213342383,0.4345175259,0.519803409596809),.UNSPECIFIED.);
#512=B_SPLINE_SURFACE_WITH_KNOTS('',3,3,((#6824,#6825,#6826,#6827,#6828,
#6829,#6830,#6831,#6832,#6833,#6834,#6835,#6836,#6837,#6838,#6839,#6840,
#6841,#6842,#6843,#6844,#6845,#6846,#6847,#6848,#6849,#6850,#6851,#6852,
#6853,#6854,#6855,#6856,#6857,#6858,#6859,#6860,#6861,#6862,#6863,#6864,
#6865,#6866,#6867,#6868,#6869,#6870,#6871,#6872,#6873,#6874,#6875,#6876,
#6877,#6878,#6879,#6880,#6881,#6882,#6883,#6884,#6885,#6886,#6887,#6888,
#6889,#6890,#6891,#6892,#6893,#6894,#6895,#6896,#6897,#6898,#6899,#6900,
#6901,#6902,#6903,#6904,#6905,#6906,#6907,#6908,#6909,#6910,#6911,#6912,
#6913,#6914,#6915,#6916,#6917,#6918,#6919,#6920,#6921,#6922,#6923,#6924,
#6925,#6926,#6927,#6928,#6929,#6930,#6931,#6932,#6933,#6934,#6935,#6936,
#6937,#6938,#6939,#6940,#6941,#6942,#6943,#6944,#6945,#6946,#6947,#6948,
#6949,#6950,#6951,#6952,#6953,#6954,#6955,#6956,#6957,#6958,#6959,#6960,
#6961,#6962,#6963,#6964,#6965,#6966,#6967,#6968,#6969,#6970,#6971,#6972,
#6973,#6974,#6975,#6976,#6977,#6978,#6979,#6980,#6981,#6982,#6983,#6984,
#6985,#6986,#6987,#6988,#6989,#6990,#6991,#6992,#6993,#6994,#6995,#6996,
#6997,#6998,#6999,#7000,#7001,#7002,#7003,#7004,#7005,#7006,#7007,#7008,
#7009,#7010,#7011,#7012,#7013,#7014,#7015,#7016,#7017,#7018,#7019,#7020,
#7021,#7022,#7023,#7024,#7025,#7026,#7027,#7028,#7029,#7030,#7031,#7032,
#7033,#7034,#7035,#7036,#7037,#7038,#7039,#7040,#7041,#7042,#7043,#7044,
#7045,#7046,#7047,#7048,#7049,#7050,#7051,#7052,#7053,#7054,#7055,#7056,
#7057,#7058,#7059,#7060,#7061,#7062,#7063,#7064,#7065,#7066,#7067,#7068,
#7069,#7070,#7071,#7072,#7073,#7074,#7075,#7076,#7077,#7078,#7079,#7080,
#7081,#7082,#7083,#7084,#7085,#7086,#7087,#7088,#7089,#7090,#7091,#7092,
#7093,#7094,#7095,#7096,#7097,#7098,#7099,#7100,#7101,#7102,#7103,#7104,
#7105,#7106,#7107,#7108,#7109,#7110,#7111,#7112,#7113,#7114,#7115,#7116,
#7117,#7118,#7119,#7120,#7121,#7122,#7123,#7124,#7125,#7126,#7127,#7128,
#7129,#7130,#7131,#7132,#7133,#7134,#7135,#7136,#7137,#7138,#7139,#7140,
#7141,#7142,#7143,#7144,#7145,#7146,#7147,#7148,#7149,#7150,#7151,#7152,
#7153,#7154,#7155,#7156,#7157,#7158,#7159,#7160,#7161,#7162,#7163,#7164,
#7165,#7166,#7167,#7168,#7169,#7170,#7171,#7172,#7173,#7174,#7175,#7176,
#7177,#7178,#7179,#7180,#7181,#7182,#7183,#7184,#7185,#7186,#7187,#7188,
#7189,#7190,#7191,#7192,#7193,#7194,#7195,#7196,#7197,#7198,#7199,#7200,
#7201,#7202,#7203,#7204,#7205,#7206,#7207,#7208,#7209,#7210,#7211,#7212,
#7213,#7214,#7215,#7216,#7217,#7218,#7219,#7220,#7221,#7222,#7223,#7224,
#7225,#7226,#7227,#7228,#7229,#7230,#7231,#7232,#7233,#7234,#7235,#7236,
#7237,#7238,#7239,#7240,#7241,#7242,#7243,#7244,#7245,#7246,#7247,#7248,
#7249,#7250,#7251,#7252,#7253,#7254,#7255,#7256,#7257,#7258,#7259,#7260,
#7261,#7262,#7263,#7264,#7265,#7266,#7267,#7268,#7269,#7270,#7271,#7272,
#7273,#7274,#7275,#7276,#7277,#7278,#7279,#7280,#7281,#7282,#7283,#7284,
#7285,#7286,#7287,#7288,#7289,#7290,#7291,#7292,#7293,#7294,#7295),(#7296,
#7297,#7298,#7299,#7300,#7301,#7302,#7303,#7304,#7305,#7306,#7307,#7308,
#7309,#7310,#7311,#7312,#7313,#7314,#7315,#7316,#7317,#7318,#7319,#7320,
#7321,#7322,#7323,#7324,#7325,#7326,#7327,#7328,#7329,#7330,#7331,#7332,
#7333,#7334,#7335,#7336,#7337,#7338,#7339,#7340,#7341,#7342,#7343,#7344,
#7345,#7346,#7347,#7348,#7349,#7350,#7351,#7352,#7353,#7354,#7355,#7356,
#7357,#7358,#7359,#7360,#7361,#7362,#7363,#7364,#7365,#7366,#7367,#7368,
#7369,#7370,#7371,#7372,#7373,#7374,#7375,#7376,#7377,#7378,#7379,#7380,
#7381,#7382,#7383,#7384,#7385,#7386,#7387,#7388,#7389,#7390,#7391,#7392,
#7393,#7394,#7395,#7396,#7397,#7398,#7399,#7400,#7401,#7402,#7403,#7404,
#7405,#7406,#7407,#7408,#7409,#7410,#7411,#7412,#7413,#7414,#7415,#7416,
#7417,#7418,#7419,#7420,#7421,#7422,#7423,#7424,#7425,#7426,#7427,#7428,
#7429,#7430,#7431,#7432,#7433,#7434,#7435,#7436,#7437,#7438,#7439,#7440,
#7441,#7442,#7443,#7444,#7445,#7446,#7447,#7448,#7449,#7450,#7451,#7452,
#7453,#7454,#7455,#7456,#7457,#7458,#7459,#7460,#7461,#7462,#7463,#7464,
#7465,#7466,#7467,#7468,#7469,#7470,#7471,#7472,#7473,#7474,#7475,#7476,
#7477,#7478,#7479,#7480,#7481,#7482,#7483,#7484,#7485,#7486,#7487,#7488,
#7489,#7490,#7491,#7492,#7493,#7494,#7495,#7496,#7497,#7498,#7499,#7500,
#7501,#7502,#7503,#7504,#7505,#7506,#7507,#7508,#7509,#7510,#7511,#7512,
#7513,#7514,#7515,#7516,#7517,#7518,#7519,#7520,#7521,#7522,#7523,#7524,
#7525,#7526,#7527,#7528,#7529,#7530,#7531,#7532,#7533,#7534,#7535,#7536,
#7537,#7538,#7539,#7540,#7541,#7542,#7543,#7544,#7545,#7546,#7547,#7548,
#7549,#7550,#7551,#7552,#7553,#7554,#7555,#7556,#7557,#7558,#7559,#7560,
#7561,#7562,#7563,#7564,#7565,#7566,#7567,#7568,#7569,#7570,#7571,#7572,
#7573,#7574,#7575,#7576,#7577,#7578,#7579,#7580,#7581,#7582,#7583,#7584,
#7585,#7586,#7587,#7588,#7589,#7590,#7591,#7592,#7593,#7594,#7595,#7596,
#7597,#7598,#7599,#7600,#7601,#7602,#7603,#7604,#7605,#7606,#7607,#7608,
#7609,#7610,#7611,#7612,#7613,#7614,#7615,#7616,#7617,#7618,#7619,#7620,
#7621,#7622,#7623,#7624,#7625,#7626,#7627,#7628,#7629,#7630,#7631,#7632,
#7633,#7634,#7635,#7636,#7637,#7638,#7639,#7640,#7641,#7642,#7643,#7644,
#7645,#7646,#7647,#7648,#7649,#7650,#7651,#7652,#7653,#7654,#7655,#7656,
#7657,#7658,#7659,#7660,#7661,#7662,#7663,#7664,#7665,#7666,#7667,#7668,
#7669,#7670,#7671,#7672,#7673,#7674,#7675,#7676,#7677,#7678,#7679,#7680,
#7681,#7682,#7683,#7684,#7685,#7686,#7687,#7688,#7689,#7690,#7691,#7692,
#7693,#7694,#7695,#7696,#7697,#7698,#7699,#7700,#7701,#7702,#7703,#7704,
#7705,#7706,#7707,#7708,#7709,#7710,#7711,#7712,#7713,#7714,#7715,#7716,
#7717,#7718,#7719,#7720,#7721,#7722,#7723,#7724,#7725,#7726,#7727,#7728,
#7729,#7730,#7731,#7732,#7733,#7734,#7735,#7736,#7737,#7738,#7739,#7740,
#7741,#7742,#7743,#7744,#7745,#7746,#7747,#7748,#7749,#7750,#7751,#7752,
#7753,#7754,#7755,#7756,#7757,#7758,#7759,#7760,#7761,#7762,#7763,#7764,
#7765,#7766,#7767),(#7768,#7769,#7770,#7771,#7772,#7773,#7774,#7775,#7776,
#7777,#7778,#7779,#7780,#7781,#7782,#7783,#7784,#7785,#7786,#7787,#7788,
#7789,#7790,#7791,#7792,#7793,#7794,#7795,#7796,#7797,#7798,#7799,#7800,
#7801,#7802,#7803,#7804,#7805,#7806,#7807,#7808,#7809,#7810,#7811,#7812,
#7813,#7814,#7815,#7816,#7817,#7818,#7819,#7820,#7821,#7822,#7823,#7824,
#7825,#7826,#7827,#7828,#7829,#7830,#7831,#7832,#7833,#7834,#7835,#7836,
#7837,#7838,#7839,#7840,#7841,#7842,#7843,#7844,#7845,#7846,#7847,#7848,
#7849,#7850,#7851,#7852,#7853,#7854,#7855,#7856,#7857,#7858,#7859,#7860,
#7861,#7862,#7863,#7864,#7865,#7866,#7867,#7868,#7869,#7870,#7871,#7872,
#7873,#7874,#7875,#7876,#7877,#7878,#7879,#7880,#7881,#7882,#7883,#7884,
#7885,#7886,#7887,#7888,#7889,#7890,#7891,#7892,#7893,#7894,#7895,#7896,
#7897,#7898,#7899,#7900,#7901,#7902,#7903,#7904,#7905,#7906,#7907,#7908,
#7909,#7910,#7911,#7912,#7913,#7914,#7915,#7916,#7917,#7918,#7919,#7920,
#7921,#7922,#7923,#7924,#7925,#7926,#7927,#7928,#7929,#7930,#7931,#7932,
#7933,#7934,#7935,#7936,#7937,#7938,#7939,#7940,#7941,#7942,#7943,#7944,
#7945,#7946,#7947,#7948,#7949,#7950,#7951,#7952,#7953,#7954,#7955,#7956,
#7957,#7958,#7959,#7960,#7961,#7962,#7963,#7964,#7965,#7966,#7967,#7968,
#7969,#7970,#7971,#7972,#7973,#7974,#7975,#7976,#7977,#7978,#7979,#7980,
#7981,#7982,#7983,#7984,#7985,#7986,#7987,#7988,#7989,#7990,#7991,#7992,
#7993,#7994,#7995,#7996,#7997,#7998,#7999,#8000,#8001,#8002,#8003,#8004,
#8005,#8006,#8007,#8008,#8009,#8010,#8011,#8012,#8013,#8014,#8015,#8016,
#8017,#8018,#8019,#8020,#8021,#8022,#8023,#8024,#8025,#8026,#8027,#8028,
#8029,#8030,#8031,#8032,#8033,#8034,#8035,#8036,#8037,#8038,#8039,#8040,
#8041,#8042,#8043,#8044,#8045,#8046,#8047,#8048,#8049,#8050,#8051,#8052,
#8053,#8054,#8055,#8056,#8057,#8058,#8059,#8060,#8061,#8062,#8063,#8064,
#8065,#8066,#8067,#8068,#8069,#8070,#8071,#8072,#8073,#8074,#8075,#8076,
#8077,#8078,#8079,#8080,#8081,#8082,#8083,#8084,#8085,#8086,#8087,#8088,
#8089,#8090,#8091,#8092,#8093,#8094,#8095,#8096,#8097,#8098,#8099,#8100,
#8101,#8102,#8103,#8104,#8105,#8106,#8107,#8108,#8109,#8110,#8111,#8112,
#8113,#8114,#8115,#8116,#8117,#8118,#8119,#8120,#8121,#8122,#8123,#8124,
#8125,#8126,#8127,#8128,#8129,#8130,#8131,#8132,#8133,#8134,#8135,#8136,
#8137,#8138,#8139,#8140,#8141,#8142,#8143,#8144,#8145,#8146,#8147,#8148,
#8149,#8150,#8151,#8152,#8153,#8154,#8155,#8156,#8157,#8158,#8159,#8160,
#8161,#8162,#8163,#8164,#8165,#8166,#8167,#8168,#8169,#8170,#8171,#8172,
#8173,#8174,#8175,#8176,#8177,#8178,#8179,#8180,#8181,#8182,#8183,#8184,
#8185,#8186,#8187,#8188,#8189,#8190,#8191,#8192,#8193,#8194,#8195,#8196,
#8197,#8198,#8199,#8200,#8201,#8202,#8203,#8204,#8205,#8206,#8207,#8208,
#8209,#8210,#8211,#8212,#8213,#8214,#8215,#8216,#8217,#8218,#8219,#8220,
#8221,#8222,#8223,#8224,#8225,#8226,#8227,#8228,#8229,#8230,#8231,#8232,
#8233,#8234,#8235,#8236,#8237,#8238,#8239),(#8240,#8241,#8242,#8243,#8244,
#8245,#8246,#8247,#8248,#8249,#8250,#8251,#8252,#8253,#8254,#8255,#8256,
#8257,#8258,#8259,#8260,#8261,#8262,#8263,#8264,#8265,#8266,#8267,#8268,
#8269,#8270,#8271,#8272,#8273,#8274,#8275,#8276,#8277,#8278,#8279,#8280,
#8281,#8282,#8283,#8284,#8285,#8286,#8287,#8288,#8289,#8290,#8291,#8292,
#8293,#8294,#8295,#8296,#8297,#8298,#8299,#8300,#8301,#8302,#8303,#8304,
#8305,#8306,#8307,#8308,#8309,#8310,#8311,#8312,#8313,#8314,#8315,#8316,
#8317,#8318,#8319,#8320,#8321,#8322,#8323,#8324,#8325,#8326,#8327,#8328,
#8329,#8330,#8331,#8332,#8333,#8334,#8335,#8336,#8337,#8338,#8339,#8340,
#8341,#8342,#8343,#8344,#8345,#8346,#8347,#8348,#8349,#8350,#8351,#8352,
#8353,#8354,#8355,#8356,#8357,#8358,#8359,#8360,#8361,#8362,#8363,#8364,
#8365,#8366,#8367,#8368,#8369,#8370,#8371,#8372,#8373,#8374,#8375,#8376,
#8377,#8378,#8379,#8380,#8381,#8382,#8383,#8384,#8385,#8386,#8387,#8388,
#8389,#8390,#8391,#8392,#8393,#8394,#8395,#8396,#8397,#8398,#8399,#8400,
#8401,#8402,#8403,#8404,#8405,#8406,#8407,#8408,#8409,#8410,#8411,#8412,
#8413,#8414,#8415,#8416,#8417,#8418,#8419,#8420,#8421,#8422,#8423,#8424,
#8425,#8426,#8427,#8428,#8429,#8430,#8431,#8432,#8433,#8434,#8435,#8436,
#8437,#8438,#8439,#8440,#8441,#8442,#8443,#8444,#8445,#8446,#8447,#8448,
#8449,#8450,#8451,#8452,#8453,#8454,#8455,#8456,#8457,#8458,#8459,#8460,
#8461,#8462,#8463,#8464,#8465,#8466,#8467,#8468,#8469,#8470,#8471,#8472,
#8473,#8474,#8475,#8476,#8477,#8478,#8479,#8480,#8481,#8482,#8483,#8484,
#8485,#8486,#8487,#8488,#8489,#8490,#8491,#8492,#8493,#8494,#8495,#8496,
#8497,#8498,#8499,#8500,#8501,#8502,#8503,#8504,#8505,#8506,#8507,#8508,
#8509,#8510,#8511,#8512,#8513,#8514,#8515,#8516,#8517,#8518,#8519,#8520,
#8521,#8522,#8523,#8524,#8525,#8526,#8527,#8528,#8529,#8530,#8531,#8532,
#8533,#8534,#8535,#8536,#8537,#8538,#8539,#8540,#8541,#8542,#8543,#8544,
#8545,#8546,#8547,#8548,#8549,#8550,#8551,#8552,#8553,#8554,#8555,#8556,
#8557,#8558,#8559,#8560,#8561,#8562,#8563,#8564,#8565,#8566,#8567,#8568,
#8569,#8570,#8571,#8572,#8573,#8574,#8575,#8576,#8577,#8578,#8579,#8580,
#8581,#8582,#8583,#8584,#8585,#8586,#8587,#8588,#8589,#8590,#8591,#8592,
#8593,#8594,#8595,#8596,#8597,#8598,#8599,#8600,#8601,#8602,#8603,#8604,
#8605,#8606,#8607,#8608,#8609,#8610,#8611,#8612,#8613,#8614,#8615,#8616,
#8617,#8618,#8619,#8620,#8621,#8622,#8623,#8624,#8625,#8626,#8627,#8628,
#8629,#8630,#8631,#8632,#8633,#8634,#8635,#8636,#8637,#8638,#8639,#8640,
#8641,#8642,#8643,#8644,#8645,#8646,#8647,#8648,#8649,#8650,#8651,#8652,
#8653,#8654,#8655,#8656,#8657,#8658,#8659,#8660,#8661,#8662,#8663,#8664,
#8665,#8666,#8667,#8668,#8669,#8670,#8671,#8672,#8673,#8674,#8675,#8676,
#8677,#8678,#8679,#8680,#8681,#8682,#8683,#8684,#8685,#8686,#8687,#8688,
#8689,#8690,#8691,#8692,#8693,#8694,#8695,#8696,#8697,#8698,#8699,#8700,
#8701,#8702,#8703,#8704,#8705,#8706,#8707,#8708,#8709,#8710,#8711),(#8712,
#8713,#8714,#8715,#8716,#8717,#8718,#8719,#8720,#8721,#8722,#8723,#8724,
#8725,#8726,#8727,#8728,#8729,#8730,#8731,#8732,#8733,#8734,#8735,#8736,
#8737,#8738,#8739,#8740,#8741,#8742,#8743,#8744,#8745,#8746,#8747,#8748,
#8749,#8750,#8751,#8752,#8753,#8754,#8755,#8756,#8757,#8758,#8759,#8760,
#8761,#8762,#8763,#8764,#8765,#8766,#8767,#8768,#8769,#8770,#8771,#8772,
#8773,#8774,#8775,#8776,#8777,#8778,#8779,#8780,#8781,#8782,#8783,#8784,
#8785,#8786,#8787,#8788,#8789,#8790,#8791,#8792,#8793,#8794,#8795,#8796,
#8797,#8798,#8799,#8800,#8801,#8802,#8803,#8804,#8805,#8806,#8807,#8808,
#8809,#8810,#8811,#8812,#8813,#8814,#8815,#8816,#8817,#8818,#8819,#8820,
#8821,#8822,#8823,#8824,#8825,#8826,#8827,#8828,#8829,#8830,#8831,#8832,
#8833,#8834,#8835,#8836,#8837,#8838,#8839,#8840,#8841,#8842,#8843,#8844,
#8845,#8846,#8847,#8848,#8849,#8850,#8851,#8852,#8853,#8854,#8855,#8856,
#8857,#8858,#8859,#8860,#8861,#8862,#8863,#8864,#8865,#8866,#8867,#8868,
#8869,#8870,#8871,#8872,#8873,#8874,#8875,#8876,#8877,#8878,#8879,#8880,
#8881,#8882,#8883,#8884,#8885,#8886,#8887,#8888,#8889,#8890,#8891,#8892,
#8893,#8894,#8895,#8896,#8897,#8898,#8899,#8900,#8901,#8902,#8903,#8904,
#8905,#8906,#8907,#8908,#8909,#8910,#8911,#8912,#8913,#8914,#8915,#8916,
#8917,#8918,#8919,#8920,#8921,#8922,#8923,#8924,#8925,#8926,#8927,#8928,
#8929,#8930,#8931,#8932,#8933,#8934,#8935,#8936,#8937,#8938,#8939,#8940,
#8941,#8942,#8943,#8944,#8945,#8946,#8947,#8948,#8949,#8950,#8951,#8952,
#8953,#8954,#8955,#8956,#8957,#8958,#8959,#8960,#8961,#8962,#8963,#8964,
#8965,#8966,#8967,#8968,#8969,#8970,#8971,#8972,#8973,#8974,#8975,#8976,
#8977,#8978,#8979,#8980,#8981,#8982,#8983,#8984,#8985,#8986,#8987,#8988,
#8989,#8990,#8991,#8992,#8993,#8994,#8995,#8996,#8997,#8998,#8999,#9000,
#9001,#9002,#9003,#9004,#9005,#9006,#9007,#9008,#9009,#9010,#9011,#9012,
#9013,#9014,#9015,#9016,#9017,#9018,#9019,#9020,#9021,#9022,#9023,#9024,
#9025,#9026,#9027,#9028,#9029,#9030,#9031,#9032,#9033,#9034,#9035,#9036,
#9037,#9038,#9039,#9040,#9041,#9042,#9043,#9044,#9045,#9046,#9047,#9048,
#9049,#9050,#9051,#9052,#9053,#9054,#9055,#9056,#9057,#9058,#9059,#9060,
#9061,#9062,#9063,#9064,#9065,#9066,#9067,#9068,#9069,#9070,#9071,#9072,
#9073,#9074,#9075,#9076,#9077,#9078,#9079,#9080,#9081,#9082,#9083,#9084,
#9085,#9086,#9087,#9088,#9089,#9090,#9091,#9092,#9093,#9094,#9095,#9096,
#9097,#9098,#9099,#9100,#9101,#9102,#9103,#9104,#9105,#9106,#9107,#9108,
#9109,#9110,#9111,#9112,#9113,#9114,#9115,#9116,#9117,#9118,#9119,#9120,
#9121,#9122,#9123,#9124,#9125,#9126,#9127,#9128,#9129,#9130,#9131,#9132,
#9133,#9134,#9135,#9136,#9137,#9138,#9139,#9140,#9141,#9142,#9143,#9144,
#9145,#9146,#9147,#9148,#9149,#9150,#9151,#9152,#9153,#9154,#9155,#9156,
#9157,#9158,#9159,#9160,#9161,#9162,#9163,#9164,#9165,#9166,#9167,#9168,
#9169,#9170,#9171,#9172,#9173,#9174,#9175,#9176,#9177,#9178,#9179,#9180,
#9181,#9182,#9183),(#9184,#9185,#9186,#9187,#9188,#9189,#9190,#9191,#9192,
#9193,#9194,#9195,#9196,#9197,#9198,#9199,#9200,#9201,#9202,#9203,#9204,
#9205,#9206,#9207,#9208,#9209,#9210,#9211,#9212,#9213,#9214,#9215,#9216,
#9217,#9218,#9219,#9220,#9221,#9222,#9223,#9224,#9225,#9226,#9227,#9228,
#9229,#9230,#9231,#9232,#9233,#9234,#9235,#9236,#9237,#9238,#9239,#9240,
#9241,#9242,#9243,#9244,#9245,#9246,#9247,#9248,#9249,#9250,#9251,#9252,
#9253,#9254,#9255,#9256,#9257,#9258,#9259,#9260,#9261,#9262,#9263,#9264,
#9265,#9266,#9267,#9268,#9269,#9270,#9271,#9272,#9273,#9274,#9275,#9276,
#9277,#9278,#9279,#9280,#9281,#9282,#9283,#9284,#9285,#9286,#9287,#9288,
#9289,#9290,#9291,#9292,#9293,#9294,#9295,#9296,#9297,#9298,#9299,#9300,
#9301,#9302,#9303,#9304,#9305,#9306,#9307,#9308,#9309,#9310,#9311,#9312,
#9313,#9314,#9315,#9316,#9317,#9318,#9319,#9320,#9321,#9322,#9323,#9324,
#9325,#9326,#9327,#9328,#9329,#9330,#9331,#9332,#9333,#9334,#9335,#9336,
#9337,#9338,#9339,#9340,#9341,#9342,#9343,#9344,#9345,#9346,#9347,#9348,
#9349,#9350,#9351,#9352,#9353,#9354,#9355,#9356,#9357,#9358,#9359,#9360,
#9361,#9362,#9363,#9364,#9365,#9366,#9367,#9368,#9369,#9370,#9371,#9372,
#9373,#9374,#9375,#9376,#9377,#9378,#9379,#9380,#9381,#9382,#9383,#9384,
#9385,#9386,#9387,#9388,#9389,#9390,#9391,#9392,#9393,#9394,#9395,#9396,
#9397,#9398,#9399,#9400,#9401,#9402,#9403,#9404,#9405,#9406,#9407,#9408,
#9409,#9410,#9411,#9412,#9413,#9414,#9415,#9416,#9417,#9418,#9419,#9420,
#9421,#9422,#9423,#9424,#9425,#9426,#9427,#9428,#9429,#9430,#9431,#9432,
#9433,#9434,#9435,#9436,#9437,#9438,#9439,#9440,#9441,#9442,#9443,#9444,
#9445,#9446,#9447,#9448,#9449,#9450,#9451,#9452,#9453,#9454,#9455,#9456,
#9457,#9458,#9459,#9460,#9461,#9462,#9463,#9464,#9465,#9466,#9467,#9468,
#9469,#9470,#9471,#9472,#9473,#9474,#9475,#9476,#9477,#9478,#9479,#9480,
#9481,#9482,#9483,#9484,#9485,#9486,#9487,#9488,#9489,#9490,#9491,#9492,
#9493,#9494,#9495,#9496,#9497,#9498,#9499,#9500,#9501,#9502,#9503,#9504,
#9505,#9506,#9507,#9508,#9509,#9510,#9511,#9512,#9513,#9514,#9515,#9516,
#9517,#9518,#9519,#9520,#9521,#9522,#9523,#9524,#9525,#9526,#9527,#9528,
#9529,#9530,#9531,#9532,#9533,#9534,#9535,#9536,#9537,#9538,#9539,#9540,
#9541,#9542,#9543,#9544,#9545,#9546,#9547,#9548,#9549,#9550,#9551,#9552,
#9553,#9554,#9555,#9556,#9557,#9558,#9559,#9560,#9561,#9562,#9563,#9564,
#9565,#9566,#9567,#9568,#9569,#9570,#9571,#9572,#9573,#9574,#9575,#9576,
#9577,#9578,#9579,#9580,#9581,#9582,#9583,#9584,#9585,#9586,#9587,#9588,
#9589,#9590,#9591,#9592,#9593,#9594,#9595,#9596,#9597,#9598,#9599,#9600,
#9601,#9602,#9603,#9604,#9605,#9606,#9607,#9608,#9609,#9610,#9611,#9612,
#9613,#9614,#9615,#9616,#9617,#9618,#9619,#9620,#9621,#9622,#9623,#9624,
#9625,#9626,#9627,#9628,#9629,#9630,#9631,#9632,#9633,#9634,#9635,#9636,
#9637,#9638,#9639,#9640,#9641,#9642,#9643,#9644,#9645,#9646,#9647,#9648,
#9649,#9650,#9651,#9652,#9653,#9654,#9655),(#9656,#9657,#9658,#9659,#9660,
#9661,#9662,#9663,#9664,#9665,#9666,#9667,#9668,#9669,#9670,#9671,#9672,
#9673,#9674,#9675,#9676,#9677,#9678,#9679,#9680,#9681,#9682,#9683,#9684,
#9685,#9686,#9687,#9688,#9689,#9690,#9691,#9692,#9693,#9694,#9695,#9696,
#9697,#9698,#9699,#9700,#9701,#9702,#9703,#9704,#9705,#9706,#9707,#9708,
#9709,#9710,#9711,#9712,#9713,#9714,#9715,#9716,#9717,#9718,#9719,#9720,
#9721,#9722,#9723,#9724,#9725,#9726,#9727,#9728,#9729,#9730,#9731,#9732,
#9733,#9734,#9735,#9736,#9737,#9738,#9739,#9740,#9741,#9742,#9743,#9744,
#9745,#9746,#9747,#9748,#9749,#9750,#9751,#9752,#9753,#9754,#9755,#9756,
#9757,#9758,#9759,#9760,#9761,#9762,#9763,#9764,#9765,#9766,#9767,#9768,
#9769,#9770,#9771,#9772,#9773,#9774,#9775,#9776,#9777,#9778,#9779,#9780,
#9781,#9782,#9783,#9784,#9785,#9786,#9787,#9788,#9789,#9790,#9791,#9792,
#9793,#9794,#9795,#9796,#9797,#9798,#9799,#9800,#9801,#9802,#9803,#9804,
#9805,#9806,#9807,#9808,#9809,#9810,#9811,#9812,#9813,#9814,#9815,#9816,
#9817,#9818,#9819,#9820,#9821,#9822,#9823,#9824,#9825,#9826,#9827,#9828,
#9829,#9830,#9831,#9832,#9833,#9834,#9835,#9836,#9837,#9838,#9839,#9840,
#9841,#9842,#9843,#9844,#9845,#9846,#9847,#9848,#9849,#9850,#9851,#9852,
#9853,#9854,#9855,#9856,#9857,#9858,#9859,#9860,#9861,#9862,#9863,#9864,
#9865,#9866,#9867,#9868,#9869,#9870,#9871,#9872,#9873,#9874,#9875,#9876,
#9877,#9878,#9879,#9880,#9881,#9882,#9883,#9884,#9885,#9886,#9887,#9888,
#9889,#9890,#9891,#9892,#9893,#9894,#9895,#9896,#9897,#9898,#9899,#9900,
#9901,#9902,#9903,#9904,#9905,#9906,#9907,#9908,#9909,#9910,#9911,#9912,
#9913,#9914,#9915,#9916,#9917,#9918,#9919,#9920,#9921,#9922,#9923,#9924,
#9925,#9926,#9927,#9928,#9929,#9930,#9931,#9932,#9933,#9934,#9935,#9936,
#9937,#9938,#9939,#9940,#9941,#9942,#9943,#9944,#9945,#9946,#9947,#9948,
#9949,#9950,#9951,#9952,#9953,#9954,#9955,#9956,#9957,#9958,#9959,#9960,
#9961,#9962,#9963,#9964,#9965,#9966,#9967,#9968,#9969,#9970,#9971,#9972,
#9973,#9974,#9975,#9976,#9977,#9978,#9979,#9980,#9981,#9982,#9983,#9984,
#9985,#9986,#9987,#9988,#9989,#9990,#9991,#9992,#9993,#9994,#9995,#9996,
#9997,#9998,#9999,#10000,#10001,#10002,#10003,#10004,#10005,#10006,#10007,
#10008,#10009,#10010,#10011,#10012,#10013,#10014,#10015,#10016,#10017,#10018,
#10019,#10020,#10021,#10022,#10023,#10024,#10025,#10026,#10027,#10028,#10029,
#10030,#10031,#10032,#10033,#10034,#10035,#10036,#10037,#10038,#10039,#10040,
#10041,#10042,#10043,#10044,#10045,#10046,#10047,#10048,#10049,#10050,#10051,
#10052,#10053,#10054,#10055,#10056,#10057,#10058,#10059,#10060,#10061,#10062,
#10063,#10064,#10065,#10066,#10067,#10068,#10069,#10070,#10071,#10072,#10073,
#10074,#10075,#10076,#10077,#10078,#10079,#10080,#10081,#10082,#10083,#10084,
#10085,#10086,#10087,#10088,#10089,#10090,#10091,#10092,#10093,#10094,#10095,
#10096,#10097,#10098,#10099,#10100,#10101,#10102,#10103,#10104,#10105,#10106,
#10107,#10108,#10109,#10110,#10111,#10112,#10113,#10114,#10115,#10116,#10117,
#10118,#10119,#10120,#10121,#10122,#10123,#10124,#10125,#10126,#10127)),
 .UNSPECIFIED.,.F.,.T.,.F.,(4,1,1,1,4),(4,1,1,1,1,1,1,1,2,1,1,2,1,2,1,1,
1,1,1,1,1,1,1,2,1,1,1,2,1,1,1,1,2,1,1,1,1,1,1,1,1,1,1,1,1,1,1,1,1,1,1,1,
1,1,1,1,1,1,1,1,1,1,1,1,1,1,1,1,1,1,1,1,1,1,1,1,1,1,1,1,1,1,1,1,1,1,1,1,
1,1,1,1,1,1,1,1,1,1,1,1,1,1,1,1,1,1,1,1,1,1,1,1,1,1,1,1,1,1,1,1,1,1,1,1,
1,1,1,1,1,1,1,1,1,1,1,1,1,1,1,1,1,1,1,1,1,1,1,1,1,1,1,1,1,1,1,1,1,1,1,1,
1,1,1,2,1,1,2,1,1,2,1,1,1,1,1,1,1,1,1,1,2,1,1,1,1,2,1,1,1,1,1,2,1,1,1,1,
1,1,1,2,1,1,1,1,1,2,1,2,1,1,1,1,1,1,1,1,1,1,1,1,1,1,1,1,1,1,1,1,1,1,2,2,
1,1,1,1,2,1,1,1,1,1,1,1,1,1,1,1,1,1,1,1,1,1,1,1,1,1,1,1,1,1,1,1,1,1,1,1,
1,1,1,1,1,1,1,1,1,1,1,1,1,1,1,1,1,1,1,1,1,1,1,1,1,1,1,1,1,1,1,1,1,1,1,1,
1,1,1,1,1,1,1,1,1,1,1,1,1,1,1,1,1,1,1,1,1,1,1,1,1,1,1,1,1,1,1,1,1,1,1,1,
1,1,1,1,1,1,1,1,1,1,1,1,1,1,1,1,1,1,1,1,1,1,1,1,1,1,1,1,1,1,1,1,1,1,1,1,
1,1,1,1,1,1,1,2,2,1,2,1,1,1,1,1,1,1,1,1,1,1,1,1,1,1,1,1,1,1,1,1,1,1,1,1,
1,1,1,1,2,1,1,1,1,1,1,1,1,1,1,1,1,1,1,1,1,1,1,1,1,1,1,1,1,1,1,2,2,4),(0.,
0.285714285714286,0.571428571428571,0.714285714285714,1.),(0.,0.00371763865491936,
0.00743527730983873,0.0111529159647581,0.0148705546196775,0.0185881932745968,
0.0223058319295162,0.0260234705844355,0.0297411092393549,0.0319407314781725,
0.0341403537169901,0.0385395981946254,0.0389275281053366,0.0400913178374703,
0.0410148665109918,0.0419384151845133,0.0437855125315563,0.0474797072256423,
0.0511739019197283,0.0548680966138143,0.0585622913079003,0.0622564860019863,
0.0659506806960723,0.0696448753901583,0.0701061030392343,0.0705673306883103,
0.0724122412846144,0.0733346965827665,0.0746148277147474,0.0758949588467283,
0.0784552211106902,0.0810154833746521,0.0835757456386139,0.0839404246770213,
0.0843051037154286,0.0850344617922433,0.0864931779458727,0.0894106102531316,
0.0923280425603904,0.0952454748676493,0.0981629071749081,0.101080339482167,
0.103997771789426,0.106915204096685,0.109832636403943,0.112750068711202,
0.115667501018461,0.11858493332572,0.121502365632979,0.124419797940238,
0.127337230247496,0.130254662554755,0.133172094862014,0.136089527169273,
0.139006959476532,0.141924391783791,0.144841824091049,0.147759256398308,
0.150676688705567,0.153594121012826,0.156511553320085,0.159428985627344,
0.162346417934602,0.165263850241861,0.16818128254912,0.171098714856379,
0.174016147163638,0.176933579470897,0.179851011778155,0.182768444085414,
0.185685876392673,0.188603308699932,0.191520741007191,0.19443817331445,
0.197355605621709,0.200273037928967,0.203190470236226,0.206107902543485,
0.209025334850744,0.211942767158003,0.214860199465262,0.21777763177252,
0.220695064079779,0.223612496387038,0.226529928694297,0.229447361001556,
0.232364793308815,0.235282225616073,0.238199657923332,0.241117090230591,
0.24403452253785,0.246951954845109,0.249869387152368,0.252786819459626,
0.255704251766885,0.258621684074144,0.261539116381403,0.264456548688662,
0.267373980995921,0.270291413303179,0.273208845610438,0.276126277917697,
0.279043710224956,0.281961142532215,0.284878574839474,0.287796007146732,
0.290713439453991,0.29363087176125,0.296548304068509,0.299465736375768,
0.302383168683027,0.305300600990285,0.308218033297544,0.311135465604803,
0.314052897912062,0.316970330219321,0.31988776252658,0.322805194833838,
0.325722627141097,0.328640059448356,0.331557491755615,0.334474924062874,
0.337392356370133,0.340309788677391,0.34322722098465,0.346144653291909,
0.349062085599168,0.351979517906427,0.354896950213686,0.357814382520944,
0.360731814828203,0.363649247135462,0.366566679442721,0.36948411174998,
0.372401544057239,0.375318976364498,0.378236408671756,0.381153840979015,
0.384071273286274,0.386988705593533,0.389906137900792,0.39282357020805,
0.395741002515309,0.398658434822568,0.401575867129827,0.404493299437086,
0.407410731744345,0.410328164051604,0.413245596358862,0.416163028666121,
0.41908046097338,0.421997893280639,0.424915325587898,0.427832757895157,
0.430750190202415,0.433667622509674,0.436585054816933,0.439502487124192,
0.442419919431451,0.44533735173871,0.448254784045968,0.451172216353227,
0.454089648660486,0.457007080967745,0.457046691310089,0.457086301652433,
0.457323963706496,0.458159271339897,0.458994578973299,0.460665194240101,
0.461094344782308,0.461523495324516,0.46238179640893,0.464098398577759,
0.467531602915417,0.470964807253075,0.474398011590733,0.477831215928392,
0.48126442026605,0.484697624603708,0.488130828941366,0.489658528963575,
0.491186228985785,0.494241629030204,0.497297029074624,0.500352429119043,
0.500498115551398,0.500643801983753,0.500935174848462,0.501080861280817,
0.501226547713171,0.501517920577881,0.505429550037844,0.509341179497808,
0.513252808957772,0.517164438417736,0.5210760678777,0.524987697337663,0.528899326797627,
0.532810956257591,0.534981067946942,0.536066123791618,0.537151179636293,
0.539321291325644,0.54040634717032,0.541491403014995,0.541820599545221,
0.542149796075446,0.542595652067566,0.543041508059686,0.543933220043926,
0.545716644012406,0.547500067980885,0.549283491949365,0.552850339886325,
0.556417187823285,0.559984035760244,0.563550883697204,0.565334307665684,
0.566226019649924,0.567117731634164,0.567563587626284,0.568009443618404,
0.568901155602643,0.569792867586883,0.570238723579003,0.570461651575063,
0.570573115573093,0.570628847572108,0.570656713571616,0.570684579571123,
0.574811108972734,0.577753196201544,0.579224239815949,0.580695283430354,
0.583637370659164,0.586579457887974,0.587291273600909,0.588003089313844,
0.589426720739715,0.590850352165586,0.592273983591457,0.592985799304392,
0.593697615017328,0.594409430730263,0.594765338586731,0.594943292514965,
0.595121246443199,0.59796850929494,0.598680325007875,0.598858278936109,
0.599036232864343,0.599392140720811,0.599748048577279,0.600103956433746,
0.600815772146682,0.602239403572552,0.603663034998423,0.604374850711358,
0.605086666424294,0.606510297850165,0.607933929276036,0.608645744988971,
0.609357560701906,0.612204823553648,0.615052086405389,0.617899349257131,
0.620746612108872,0.623593874960614,0.626441137812356,0.629288400664097,
0.632135663515839,0.63498292636758,0.637830189219322,0.640677452071064,
0.643524714922805,0.646371977774547,0.649219240626288,0.65206650347803,
0.654913766329771,0.657761029181513,0.660608292033255,0.663455554884996,
0.666302817736738,0.669150080588479,0.671997343440221,0.674844606291962,
0.677691869143704,0.680539131995446,0.683386394847187,0.686233657698929,
0.68908092055067,0.691928183402412,0.694775446254153,0.697622709105895,
0.700469971957637,0.703317234809378,0.70616449766112,0.709011760512861,
0.711859023364603,0.714706286216344,0.717553549068086,0.720400811919828,
0.723248074771569,0.726095337623311,0.728942600475052,0.731789863326794,
0.734637126178536,0.737484389030277,0.740331651882019,0.74317891473376,
0.746026177585502,0.748873440437243,0.751720703288985,0.754567966140727,
0.757415228992468,0.76026249184421,0.763109754695951,0.765957017547693,
0.768804280399434,0.771651543251176,0.774498806102918,0.777346068954659,
0.780193331806401,0.783040594658142,0.785887857509884,0.788735120361625,
0.791582383213367,0.794429646065109,0.79727690891685,0.800124171768592,
0.802971434620333,0.805818697472075,0.808665960323816,0.811513223175558,
0.814360486027299,0.817207748879041,0.820055011730783,0.822902274582524,
0.825749537434266,0.828596800286007,0.831444063137749,0.83429132598949,
0.837138588841232,0.839985851692974,0.842833114544715,0.845680377396457,
0.848527640248198,0.85137490309994,0.854222165951681,0.857069428803423,
0.859916691655165,0.862763954506906,0.865611217358648,0.868458480210389,
0.871305743062131,0.874153005913872,0.877000268765614,0.879847531617356,
0.882694794469097,0.885542057320839,0.88838932017258,0.891236583024322,
0.894083845876063,0.896931108727805,0.899778371579547,0.902625634431288,
0.90547289728303,0.908320160134771,0.911167422986513,0.914014685838255,
0.916861948689996,0.919709211541738,0.922556474393479,0.925403737245221,
0.928251000096962,0.931098262948704,0.933945525800446,0.936792788652187,
0.939640051503929,0.94248731435567,0.945334577207412,0.948181840059153,
0.951029102910895,0.95144737803458,0.953675047318843,0.955902716603105,
0.95948425709259,0.963065797582075,0.966647338071561,0.970228878561046,
0.973810419050531,0.974705804172903,0.975601189295274,0.977391959540017,
0.978287344662388,0.979182729784759,0.980078114907131,0.980301961187724,
0.980525807468316,0.980973500029502,0.981421192590687,0.981868885151873,
0.982764270274245,0.983659655396616,0.984107347957802,0.984331194238394,
0.984359175023468,0.984387155808543,0.984443117378691,0.984499078948839,
0.984527059733913,0.98454105012645,0.984548045322719,0.984551542920853,
0.98455329171992,0.984555040518987,0.987550748489131,0.990546456459276,
0.99354216442942,0.995040018414492,0.995133634288559,0.995227250162626,
0.99541448191076,0.995788945407028,0.995976177155162,0.996069793029229,
0.996163408903296,0.99621021684033,0.996257024777363,0.996303832714397,
0.99635064065143,0.996397448588464,0.996444256525497,0.996467660494014,
0.996491064462531,0.996514468431048,0.996526170415306,0.996532021407435,
0.9965349469035,0.996536409651532,0.996537141025548,0.996537506712556,0.996537872399564,
0.99773427396142,1.),.UNSPECIFIED.);
#513=FACE_BOUND('',#620,.T.);
#514=FACE_BOUND('',#623,.T.);
#515=FACE_BOUND('',#624,.T.);
#516=FACE_BOUND('',#625,.T.);
#517=FACE_BOUND('',#626,.T.);
#518=FACE_BOUND('',#627,.T.);
#519=FACE_BOUND('',#724,.T.);
#520=FACE_OUTER_BOUND('',#619,.T.);
#521=FACE_OUTER_BOUND('',#621,.T.);
#522=FACE_OUTER_BOUND('',#622,.T.);
#523=FACE_OUTER_BOUND('',#628,.T.);
#524=FACE_OUTER_BOUND('',#629,.T.);
#525=FACE_OUTER_BOUND('',#630,.T.);
#526=FACE_OUTER_BOUND('',#631,.T.);
#527=FACE_OUTER_BOUND('',#632,.T.);
#528=FACE_OUTER_BOUND('',#633,.T.);
#529=FACE_OUTER_BOUND('',#634,.T.);
#530=FACE_OUTER_BOUND('',#635,.T.);
#531=FACE_OUTER_BOUND('',#636,.T.);
#532=FACE_OUTER_BOUND('',#637,.T.);
#533=FACE_OUTER_BOUND('',#638,.T.);
#534=FACE_OUTER_BOUND('',#639,.T.);
#535=FACE_OUTER_BOUND('',#640,.T.);
#536=FACE_OUTER_BOUND('',#641,.T.);
#537=FACE_OUTER_BOUND('',#642,.T.);
#538=FACE_OUTER_BOUND('',#643,.T.);
#539=FACE_OUTER_BOUND('',#644,.T.);
#540=FACE_OUTER_BOUND('',#645,.T.);
#541=FACE_OUTER_BOUND('',#646,.T.);
#542=FACE_OUTER_BOUND('',#647,.T.);
#543=FACE_OUTER_BOUND('',#648,.T.);
#544=FACE_OUTER_BOUND('',#649,.T.);
#545=FACE_OUTER_BOUND('',#650,.T.);
#546=FACE_OUTER_BOUND('',#651,.T.);
#547=FACE_OUTER_BOUND('',#652,.T.);
#548=FACE_OUTER_BOUND('',#653,.T.);
#549=FACE_OUTER_BOUND('',#654,.T.);
#550=FACE_OUTER_BOUND('',#655,.T.);
#551=FACE_OUTER_BOUND('',#656,.T.);
#552=FACE_OUTER_BOUND('',#657,.T.);
#553=FACE_OUTER_BOUND('',#658,.T.);
#554=FACE_OUTER_BOUND('',#659,.T.);
#555=FACE_OUTER_BOUND('',#660,.T.);
#556=FACE_OUTER_BOUND('',#661,.T.);
#557=FACE_OUTER_BOUND('',#662,.T.);
#558=FACE_OUTER_BOUND('',#663,.T.);
#559=FACE_OUTER_BOUND('',#664,.T.);
#560=FACE_OUTER_BOUND('',#665,.T.);
#561=FACE_OUTER_BOUND('',#666,.T.);
#562=FACE_OUTER_BOUND('',#667,.T.);
#563=FACE_OUTER_BOUND('',#668,.T.);
#564=FACE_OUTER_BOUND('',#669,.T.);
#565=FACE_OUTER_BOUND('',#670,.T.);
#566=FACE_OUTER_BOUND('',#671,.T.);
#567=FACE_OUTER_BOUND('',#672,.T.);
#568=FACE_OUTER_BOUND('',#673,.T.);
#569=FACE_OUTER_BOUND('',#674,.T.);
#570=FACE_OUTER_BOUND('',#675,.T.);
#571=FACE_OUTER_BOUND('',#676,.T.);
#572=FACE_OUTER_BOUND('',#677,.T.);
#573=FACE_OUTER_BOUND('',#678,.T.);
#574=FACE_OUTER_BOUND('',#679,.T.);
#575=FACE_OUTER_BOUND('',#680,.T.);
#576=FACE_OUTER_BOUND('',#681,.T.);
#577=FACE_OUTER_BOUND('',#682,.T.);
#578=FACE_OUTER_BOUND('',#683,.T.);
#579=FACE_OUTER_BOUND('',#684,.T.);
#580=FACE_OUTER_BOUND('',#685,.T.);
#581=FACE_OUTER_BOUND('',#686,.T.);
#582=FACE_OUTER_BOUND('',#687,.T.);
#583=FACE_OUTER_BOUND('',#688,.T.);
#584=FACE_OUTER_BOUND('',#689,.T.);
#585=FACE_OUTER_BOUND('',#690,.T.);
#586=FACE_OUTER_BOUND('',#691,.T.);
#587=FACE_OUTER_BOUND('',#692,.T.);
#588=FACE_OUTER_BOUND('',#693,.T.);
#589=FACE_OUTER_BOUND('',#694,.T.);
#590=FACE_OUTER_BOUND('',#695,.T.);
#591=FACE_OUTER_BOUND('',#696,.T.);
#592=FACE_OUTER_BOUND('',#697,.T.);
#593=FACE_OUTER_BOUND('',#698,.T.);
#594=FACE_OUTER_BOUND('',#699,.T.);
#595=FACE_OUTER_BOUND('',#700,.T.);
#596=FACE_OUTER_BOUND('',#701,.T.);
#597=FACE_OUTER_BOUND('',#702,.T.);
#598=FACE_OUTER_BOUND('',#703,.T.);
#599=FACE_OUTER_BOUND('',#704,.T.);
#600=FACE_OUTER_BOUND('',#705,.T.);
#601=FACE_OUTER_BOUND('',#706,.T.);
#602=FACE_OUTER_BOUND('',#707,.T.);
#603=FACE_OUTER_BOUND('',#708,.T.);
#604=FACE_OUTER_BOUND('',#709,.T.);
#605=FACE_OUTER_BOUND('',#710,.T.);
#606=FACE_OUTER_BOUND('',#711,.T.);
#607=FACE_OUTER_BOUND('',#712,.T.);
#608=FACE_OUTER_BOUND('',#713,.T.);
#609=FACE_OUTER_BOUND('',#714,.T.);
#610=FACE_OUTER_BOUND('',#715,.T.);
#611=FACE_OUTER_BOUND('',#716,.T.);
#612=FACE_OUTER_BOUND('',#717,.T.);
#613=FACE_OUTER_BOUND('',#718,.T.);
#614=FACE_OUTER_BOUND('',#719,.T.);
#615=FACE_OUTER_BOUND('',#720,.T.);
#616=FACE_OUTER_BOUND('',#721,.T.);
#617=FACE_OUTER_BOUND('',#722,.T.);
#618=FACE_OUTER_BOUND('',#723,.T.);
#619=EDGE_LOOP('',(#1285));
#620=EDGE_LOOP('',(#1286));
#621=EDGE_LOOP('',(#1287,#1288,#1289,#1290,#1291,#1292,#1293,#1294,#1295,
#1296,#1297,#1298,#1299,#1300,#1301,#1302,#1303,#1304,#1305,#1306,#1307,
#1308,#1309,#1310,#1311,#1312,#1313,#1314,#1315));
#622=EDGE_LOOP('',(#1316,#1317,#1318,#1319));
#623=EDGE_LOOP('',(#1320,#1321,#1322,#1323));
#624=EDGE_LOOP('',(#1324,#1325,#1326,#1327));
#625=EDGE_LOOP('',(#1328,#1329,#1330,#1331));
#626=EDGE_LOOP('',(#1332,#1333,#1334,#1335));
#627=EDGE_LOOP('',(#1336,#1337,#1338,#1339));
#628=EDGE_LOOP('',(#1340,#1341,#1342,#1343));
#629=EDGE_LOOP('',(#1344,#1345,#1346,#1347,#1348,#1349,#1350,#1351,#1352,
#1353,#1354,#1355,#1356,#1357,#1358,#1359));
#630=EDGE_LOOP('',(#1360,#1361,#1362,#1363));
#631=EDGE_LOOP('',(#1364,#1365,#1366,#1367));
#632=EDGE_LOOP('',(#1368,#1369,#1370,#1371));
#633=EDGE_LOOP('',(#1372,#1373,#1374,#1375));
#634=EDGE_LOOP('',(#1376,#1377,#1378,#1379));
#635=EDGE_LOOP('',(#1380,#1381,#1382,#1383));
#636=EDGE_LOOP('',(#1384,#1385,#1386,#1387));
#637=EDGE_LOOP('',(#1388,#1389,#1390,#1391));
#638=EDGE_LOOP('',(#1392,#1393,#1394,#1395));
#639=EDGE_LOOP('',(#1396,#1397,#1398,#1399));
#640=EDGE_LOOP('',(#1400,#1401,#1402,#1403));
#641=EDGE_LOOP('',(#1404,#1405,#1406,#1407));
#642=EDGE_LOOP('',(#1408,#1409,#1410,#1411));
#643=EDGE_LOOP('',(#1412,#1413,#1414,#1415));
#644=EDGE_LOOP('',(#1416,#1417,#1418,#1419,#1420,#1421,#1422,#1423,#1424,
#1425,#1426,#1427,#1428,#1429,#1430,#1431));
#645=EDGE_LOOP('',(#1432,#1433,#1434,#1435));
#646=EDGE_LOOP('',(#1436,#1437,#1438,#1439,#1440,#1441,#1442,#1443,#1444,
#1445,#1446,#1447,#1448,#1449,#1450));
#647=EDGE_LOOP('',(#1451,#1452,#1453,#1454));
#648=EDGE_LOOP('',(#1455,#1456,#1457,#1458));
#649=EDGE_LOOP('',(#1459,#1460,#1461,#1462));
#650=EDGE_LOOP('',(#1463,#1464,#1465,#1466));
#651=EDGE_LOOP('',(#1467,#1468,#1469,#1470));
#652=EDGE_LOOP('',(#1471,#1472,#1473,#1474));
#653=EDGE_LOOP('',(#1475,#1476,#1477,#1478));
#654=EDGE_LOOP('',(#1479,#1480,#1481,#1482));
#655=EDGE_LOOP('',(#1483,#1484,#1485,#1486));
#656=EDGE_LOOP('',(#1487,#1488,#1489,#1490));
#657=EDGE_LOOP('',(#1491,#1492,#1493,#1494));
#658=EDGE_LOOP('',(#1495,#1496,#1497,#1498));
#659=EDGE_LOOP('',(#1499,#1500,#1501,#1502));
#660=EDGE_LOOP('',(#1503,#1504,#1505,#1506,#1507,#1508,#1509,#1510,#1511,
#1512,#1513,#1514,#1515,#1516,#1517));
#661=EDGE_LOOP('',(#1518,#1519,#1520,#1521));
#662=EDGE_LOOP('',(#1522,#1523,#1524,#1525,#1526,#1527,#1528,#1529,#1530,
#1531,#1532,#1533,#1534,#1535,#1536));
#663=EDGE_LOOP('',(#1537,#1538,#1539,#1540));
#664=EDGE_LOOP('',(#1541,#1542,#1543,#1544));
#665=EDGE_LOOP('',(#1545,#1546,#1547,#1548));
#666=EDGE_LOOP('',(#1549,#1550,#1551,#1552));
#667=EDGE_LOOP('',(#1553,#1554,#1555,#1556));
#668=EDGE_LOOP('',(#1557,#1558,#1559,#1560));
#669=EDGE_LOOP('',(#1561,#1562,#1563,#1564));
#670=EDGE_LOOP('',(#1565,#1566,#1567,#1568));
#671=EDGE_LOOP('',(#1569,#1570,#1571,#1572));
#672=EDGE_LOOP('',(#1573,#1574,#1575,#1576));
#673=EDGE_LOOP('',(#1577,#1578,#1579,#1580));
#674=EDGE_LOOP('',(#1581,#1582,#1583,#1584));
#675=EDGE_LOOP('',(#1585,#1586,#1587,#1588));
#676=EDGE_LOOP('',(#1589,#1590,#1591,#1592,#1593,#1594,#1595,#1596,#1597,
#1598,#1599,#1600,#1601,#1602,#1603));
#677=EDGE_LOOP('',(#1604,#1605,#1606,#1607));
#678=EDGE_LOOP('',(#1608,#1609,#1610,#1611,#1612,#1613,#1614,#1615,#1616,
#1617,#1618,#1619,#1620,#1621,#1622,#1623,#1624,#1625,#1626,#1627,#1628,
#1629));
#679=EDGE_LOOP('',(#1630,#1631,#1632,#1633));
#680=EDGE_LOOP('',(#1634,#1635,#1636,#1637));
#681=EDGE_LOOP('',(#1638,#1639,#1640,#1641));
#682=EDGE_LOOP('',(#1642,#1643,#1644,#1645));
#683=EDGE_LOOP('',(#1646,#1647,#1648,#1649));
#684=EDGE_LOOP('',(#1650,#1651,#1652,#1653));
#685=EDGE_LOOP('',(#1654,#1655,#1656,#1657));
#686=EDGE_LOOP('',(#1658,#1659,#1660,#1661));
#687=EDGE_LOOP('',(#1662,#1663,#1664,#1665));
#688=EDGE_LOOP('',(#1666,#1667,#1668,#1669));
#689=EDGE_LOOP('',(#1670,#1671,#1672,#1673));
#690=EDGE_LOOP('',(#1674,#1675,#1676,#1677));
#691=EDGE_LOOP('',(#1678,#1679,#1680,#1681));
#692=EDGE_LOOP('',(#1682,#1683,#1684,#1685));
#693=EDGE_LOOP('',(#1686,#1687,#1688,#1689));
#694=EDGE_LOOP('',(#1690,#1691,#1692,#1693));
#695=EDGE_LOOP('',(#1694,#1695,#1696,#1697));
#696=EDGE_LOOP('',(#1698,#1699,#1700,#1701));
#697=EDGE_LOOP('',(#1702,#1703,#1704,#1705));
#698=EDGE_LOOP('',(#1706,#1707,#1708,#1709));
#699=EDGE_LOOP('',(#1710,#1711,#1712,#1713,#1714,#1715,#1716,#1717,#1718,
#1719,#1720,#1721,#1722,#1723,#1724,#1725,#1726,#1727,#1728,#1729,#1730,
#1731));
#700=EDGE_LOOP('',(#1732,#1733,#1734,#1735));
#701=EDGE_LOOP('',(#1736,#1737,#1738,#1739,#1740,#1741,#1742,#1743,#1744,
#1745,#1746,#1747,#1748,#1749,#1750,#1751,#1752,#1753,#1754,#1755,#1756));
#702=EDGE_LOOP('',(#1757,#1758,#1759,#1760));
#703=EDGE_LOOP('',(#1761,#1762,#1763,#1764));
#704=EDGE_LOOP('',(#1765,#1766,#1767,#1768));
#705=EDGE_LOOP('',(#1769,#1770,#1771,#1772));
#706=EDGE_LOOP('',(#1773,#1774,#1775,#1776));
#707=EDGE_LOOP('',(#1777,#1778,#1779,#1780));
#708=EDGE_LOOP('',(#1781,#1782,#1783,#1784));
#709=EDGE_LOOP('',(#1785,#1786,#1787,#1788));
#710=EDGE_LOOP('',(#1789,#1790,#1791,#1792));
#711=EDGE_LOOP('',(#1793,#1794,#1795,#1796));
#712=EDGE_LOOP('',(#1797,#1798,#1799,#1800));
#713=EDGE_LOOP('',(#1801,#1802,#1803,#1804));
#714=EDGE_LOOP('',(#1805,#1806,#1807,#1808));
#715=EDGE_LOOP('',(#1809,#1810,#1811,#1812));
#716=EDGE_LOOP('',(#1813,#1814,#1815,#1816));
#717=EDGE_LOOP('',(#1817,#1818,#1819,#1820));
#718=EDGE_LOOP('',(#1821,#1822,#1823,#1824));
#719=EDGE_LOOP('',(#1825,#1826,#1827,#1828));
#720=EDGE_LOOP('',(#1829,#1830,#1831,#1832));
#721=EDGE_LOOP('',(#1833,#1834,#1835,#1836,#1837,#1838,#1839,#1840,#1841,
#1842,#1843,#1844,#1845,#1846,#1847,#1848,#1849,#1850,#1851,#1852,#1853));
#722=EDGE_LOOP('',(#1854,#1855,#1856,#1857,#1858,#1859,#1860,#1861,#1862,
#1863,#1864,#1865,#1866,#1867,#1868,#1869,#1870,#1871,#1872,#1873,#1874,
#1875,#1876,#1877,#1878,#1879,#1880,#1881,#1882));
#723=EDGE_LOOP('',(#1883));
#724=EDGE_LOOP('',(#1884));
#725=B_SPLINE_CURVE_WITH_KNOTS('',3,(#2637,#2638,#2639,#2640,#2641,#2642,
#2643,#2644,#2645,#2646,#2647,#2648,#2649,#2650,#2651,#2652,#2653,#2654,
#2655,#2656,#2657,#2658,#2659,#2660,#2661,#2662,#2663,#2664,#2665,#2666,
#2667,#2668,#2669,#2670,#2671,#2672,#2673,#2674,#2675,#2676,#2677,#2678,
#2679,#2680,#2681,#2682,#2683,#2684,#2685,#2686,#2687,#2688,#2689,#2690,
#2691,#2692,#2693,#2694,#2695,#2696,#2697,#2698,#2699,#2700,#2701,#2702,
#2703,#2704,#2705,#2706,#2707,#2708,#2709,#2710,#2711,#2712,#2713,#2714,
#2715,#2716,#2717,#2718,#2719,#2720,#2721,#2722,#2723,#2724,#2725,#2726,
#2727,#2728,#2729,#2730,#2731,#2732,#2733,#2734,#2735,#2736,#2737,#2738,
#2739,#2740,#2741,#2742,#2743,#2744,#2745,#2746,#2747,#2748,#2749,#2750,
#2751,#2752,#2753,#2754,#2755,#2756,#2757,#2758,#2759,#2760,#2761,#2762,
#2763,#2764,#2765,#2766,#2767,#2768,#2769,#2770,#2771,#2772,#2773,#2774,
#2775,#2776,#2777,#2778,#2779,#2780,#2781,#2782,#2783,#2784,#2785,#2786,
#2787,#2788,#2789,#2790,#2791,#2792,#2793,#2794,#2795,#2796,#2797,#2798,
#2799,#2800,#2801,#2802,#2803,#2804,#2805,#2806,#2807,#2808,#2809,#2810,
#2811,#2812,#2813,#2814,#2815,#2816,#2817,#2818,#2819,#2820,#2821,#2822,
#2823,#2824,#2825,#2826,#2827,#2828,#2829,#2830,#2831,#2832,#2833,#2834,
#2835,#2836,#2837,#2838,#2839,#2840,#2841,#2842,#2843,#2844,#2845,#2846,
#2847,#2848,#2849,#2850,#2851,#2852,#2853,#2854,#2855,#2856,#2857,#2858,
#2859,#2860,#2861,#2862,#2863,#2864,#2865,#2866,#2867,#2868,#2869,#2870,
#2871,#2872,#2873,#2874,#2875,#2876,#2877,#2878,#2879,#2880,#2881,#2882,
#2883,#2884,#2885,#2886,#2887,#2888,#2889),.UNSPECIFIED.,.T.,.F.,(4,3,3,
3,3,3,3,3,3,3,3,3,3,3,3,3,3,3,3,3,3,3,3,3,3,3,3,3,3,3,3,3,3,3,3,3,3,3,3,
3,3,3,3,3,3,3,3,3,3,3,3,3,3,3,3,3,3,3,3,3,3,3,3,3,3,3,3,3,3,3,3,3,3,3,3,
3,3,3,3,3,3,3,3,3,4),(-6.80539805973335,-6.71425072220221,-6.53363952082175,
-6.51934240443896,-6.27772174255585,-5.94635740563363,-5.71648093029757,
-5.65274919157768,-5.49983755939367,-5.46323165361684,-5.26757461995937,
-5.02181348507012,-4.84439052262671,-4.77605235018087,-4.59023336228937,
-4.49984388656462,-4.45160848011538,-4.29907735158967,-4.2106672863371,
-4.1642600757292,-4.01185745990819,-3.88330520381462,-3.29709215802211,
-3.00398563512585,-2.85743237367772,-2.78351474123139,-2.72872497369372,
-2.71087911222959,-2.49461546145773,-2.43290733656533,-2.27216280035148,
-2.08682286858497,-1.96487435836099,-1.9072661946627,-1.87236912029812,
-1.84582450914212,-1.80645628771157,-1.7867721769963,-1.77497100401474,
-1.76775878307318,-1.76708806628102,-1.75983048230454,-1.75750641612892,
-1.74961360213753,-1.74459961691402,-1.73998241998063,-1.73613962877581,
-1.73444365043386,-1.73088193907119,-1.7241259573919,-1.71782287803205,
-1.71691134559638,-1.71398203630101,-1.70633626024097,-1.69986032034803,
-1.69263417685817,-1.6871862077308,-1.68196961440573,-1.67654833171899,
-1.6728634711543,-1.67152055226426,-1.67112704903226,-1.67032313313103,
-1.5676009508283,-1.50036574263763,-1.44547343661308,-1.35140459426545,
-1.29201328457672,-1.26439827236346,-1.23795720787232,-1.15677014195988,
-1.08191154233161,-0.991596122696446,-0.924819545163608,-0.912022714619159,
-0.876274116755644,-0.839616678881452,-0.813486149902078,-0.792239202422766,
-0.73774318808965,-0.710287117434105,-0.540777825940606,-7.91369619168591E-6,
0.371852163861369,0.548492120530662),.UNSPECIFIED.);
#726=B_SPLINE_CURVE_WITH_KNOTS('',3,(#2891,#2892,#2893,#2894,#2895,#2896,
#2897,#2898,#2899,#2900,#2901,#2902,#2903,#2904,#2905,#2906,#2907,#2908,
#2909,#2910,#2911,#2912,#2913,#2914,#2915,#2916,#2917,#2918,#2919,#2920,
#2921,#2922,#2923,#2924,#2925,#2926,#2927,#2928,#2929,#2930,#2931,#2932,
#2933,#2934,#2935,#2936,#2937,#2938,#2939,#2940,#2941,#2942,#2943,#2944,
#2945,#2946,#2947,#2948,#2949,#2950,#2951,#2952,#2953,#2954,#2955,#2956,
#2957,#2958,#2959,#2960,#2961,#2962,#2963,#2964,#2965,#2966,#2967,#2968,
#2969,#2970,#2971,#2972,#2973,#2974,#2975,#2976,#2977,#2978,#2979,#2980,
#2981,#2982,#2983,#2984,#2985,#2986,#2987,#2988,#2989,#2990,#2991,#2992,
#2993,#2994,#2995,#2996,#2997,#2998,#2999,#3000,#3001,#3002,#3003,#3004,
#3005,#3006,#3007,#3008,#3009,#3010,#3011,#3012,#3013,#3014,#3015,#3016,
#3017,#3018,#3019,#3020,#3021,#3022,#3023,#3024,#3025,#3026,#3027,#3028,
#3029,#3030,#3031,#3032,#3033,#3034,#3035,#3036,#3037,#3038,#3039,#3040,
#3041,#3042,#3043,#3044,#3045,#3046,#3047,#3048,#3049,#3050,#3051,#3052,
#3053,#3054,#3055,#3056,#3057,#3058,#3059,#3060,#3061,#3062,#3063,#3064,
#3065,#3066,#3067,#3068,#3069,#3070,#3071,#3072,#3073,#3074,#3075,#3076,
#3077,#3078,#3079,#3080,#3081,#3082,#3083,#3084,#3085,#3086,#3087,#3088,
#3089,#3090,#3091,#3092,#3093,#3094,#3095,#3096,#3097,#3098,#3099,#3100,
#3101,#3102,#3103,#3104,#3105,#3106,#3107,#3108,#3109,#3110,#3111,#3112,
#3113,#3114,#3115,#3116,#3117,#3118,#3119,#3120,#3121,#3122,#3123,#3124,
#3125,#3126,#3127,#3128,#3129,#3130,#3131),.UNSPECIFIED.,.T.,.F.,(4,3,3,
3,3,3,3,3,3,3,3,3,3,3,3,3,3,3,3,3,3,3,3,3,3,3,3,3,3,3,3,3,3,3,3,3,3,3,3,
3,3,3,3,3,3,3,3,3,3,3,3,3,3,3,3,3,3,3,3,3,3,3,3,3,3,3,3,3,3,3,3,3,3,3,3,
3,3,3,3,3,4),(-0.29485825442814,1.51805507063174E-5,0.239343865263722,0.473187537352404,
0.556971857211893,0.803539713597489,1.02066613145797,1.30017814363528,3.27138880171248,
4.09137310471559,5.24259945978968,6.21977389509468,7.01242010703229,7.43925811251613,
9.91573201616198,11.4335320132891,15.0125267416548,15.5153841613269,18.5915214700204,
20.0581393078828,25.9356677621266,28.8744319892484,29.9542851257215,30.8591583774344,
31.8131962163703,32.8715586598996,34.3990703233497,35.5721323349673,36.2256357329894,
38.2118304728835,39.1417400181513,39.9064450422791,40.1980252127777,41.0228099152144,
41.6253897259465,42.5174243928083,44.8243059503768,46.020650173303,47.0568459969832,
48.011665937597,48.4104905029975,50.8615329967729,52.8984447359266,54.3829947447419,
54.5500677284917,55.1971576586405,55.5070533104182,55.8657793091934,57.1871599531977,
57.7363860247756,58.508540597202,59.5253978655527,60.0061882567982,60.254872223534,
61.5879226656847,62.6548106404975,64.6491046922525,64.9129001705698,65.1820155209196,
66.6433987440076,67.4551489615804,70.7688444324768,72.425692167925,73.3214502043112,
73.7686386391525,74.0825399033731,74.7965730395126,75.5365998229876,75.7356756761121,
76.3853248128473,76.7185901955621,77.7226327883444,77.7830325707328,78.0680053216226,
78.2120996328949,78.4611828889952,78.6329870459891,78.8034842546071,78.9344121724059,
78.9904261927195,79.0790061856062),.UNSPECIFIED.);
#727=B_SPLINE_CURVE_WITH_KNOTS('',3,(#4453,#4454,#4455,#4456,#4457,#4458,
#4459,#4460,#4461,#4462,#4463,#4464),.UNSPECIFIED.,.F.,.F.,(4,2,2,2,2,4),
(0.0150860788152578,0.148178264400718,0.281964158750517,0.331153947096378,
0.437609932052997,0.522227869289615),.UNSPECIFIED.);
#728=B_SPLINE_CURVE_WITH_KNOTS('',3,(#4466,#4467,#4468,#4469),
 .UNSPECIFIED.,.F.,.F.,(4,4),(0.,0.000418238778272265),.UNSPECIFIED.);
#729=B_SPLINE_CURVE_WITH_KNOTS('',3,(#4471,#4472,#4473,#4474),
 .UNSPECIFIED.,.F.,.F.,(4,4),(0.99773427396142,1.),.UNSPECIFIED.);
#730=B_SPLINE_CURVE_WITH_KNOTS('',3,(#4476,#4477,#4478,#4479,#4480,#4481,
#4482,#4483,#4484,#4485),.UNSPECIFIED.,.F.,.F.,(4,3,3,4),(0.996537872399564,
0.996620436516069,0.997178624163771,0.99773427396142),.UNSPECIFIED.);
#731=B_SPLINE_CURVE_WITH_KNOTS('',3,(#4487,#4488,#4489,#4490,#4491,#4492,
#4493,#4494,#4495,#4496,#4497,#4498,#4499,#4500,#4501,#4502,#4503,#4504,
#4505,#4506,#4507,#4508,#4509,#4510,#4511),.UNSPECIFIED.,.F.,.F.,(4,3,3,
3,3,3,3,3,4),(0.984555040518987,0.984588943112983,0.984933289203319,0.986339643338302,
0.989280535215545,0.992561442343785,0.99561051962426,0.995842349472026,
0.996537872399564),.UNSPECIFIED.);
#732=B_SPLINE_CURVE_WITH_KNOTS('',3,(#4513,#4514,#4515,#4516,#4517,#4518,
#4519,#4520,#4521,#4522,#4523,#4524,#4525,#4526,#4527,#4528,#4529,#4530,
#4531,#4532,#4533,#4534,#4535,#4536,#4537,#4538,#4539,#4540,#4541,#4542,
#4543,#4544,#4545),.UNSPECIFIED.,.F.,.F.,(4,1,1,1,1,1,1,1,1,1,1,1,1,1,1,
1,1,1,1,1,1,1,1,1,1,1,1,1,1,1,4),(0.955902716603105,0.95948425709259,0.963065797582075,
0.966647338071561,0.970228878561046,0.973810419050531,0.974705804172903,
0.975601189295274,0.977391959540017,0.978287344662388,0.979182729784759,
0.980078114907131,0.980301961187724,0.980525807468316,0.980973500029502,
0.981421192590687,0.981868885151873,0.982764270274245,0.983659655396616,
0.984107347957802,0.984331194238394,0.984359175023468,0.984387155808543,
0.984443117378691,0.984499078948839,0.984527059733913,0.98454105012645,
0.984548045322719,0.984551542920853,0.98455329171992,0.984555040518987),
 .UNSPECIFIED.);
#733=B_SPLINE_CURVE_WITH_KNOTS('',3,(#4547,#4548,#4549,#4550,#4551,#4552,
#4553,#4554,#4555,#4556,#4557,#4558,#4559),.UNSPECIFIED.,.F.,.F.,(4,3,3,
3,4),(0.95144737803458,0.952018148245822,0.95358790169595,0.955155350918054,
0.955902716603105),.UNSPECIFIED.);
#734=B_SPLINE_CURVE_WITH_KNOTS('',3,(#4561,#4562,#4563,#4564),
 .UNSPECIFIED.,.F.,.F.,(4,4),(0.951029102910895,0.95144737803458),
 .UNSPECIFIED.);
#735=B_SPLINE_CURVE_WITH_KNOTS('',3,(#4566,#4567,#4568,#4569,#4570,#4571,
#4572,#4573,#4574,#4575,#4576,#4577,#4578,#4579,#4580,#4581,#4582,#4583,
#4584,#4585,#4586,#4587,#4588,#4589,#4590,#4591,#4592,#4593,#4594,#4595,
#4596,#4597,#4598,#4599,#4600,#4601,#4602,#4603,#4604,#4605,#4606,#4607,
#4608,#4609,#4610,#4611),.UNSPECIFIED.,.F.,.F.,(4,3,3,3,3,3,3,3,3,3,3,3,
3,3,3,4),(0.586579457887974,0.58902119988425,0.618566386084088,0.633279339739321,
0.641163364147409,0.648102812569123,0.751146707565514,0.763431229205584,
0.784972582330753,0.840110564249161,0.914960426609371,0.921907284468385,
0.935397559199392,0.944380069217958,0.94888833567967,0.951029102910895),
 .UNSPECIFIED.);
#736=B_SPLINE_CURVE_WITH_KNOTS('',3,(#4613,#4614,#4615,#4616,#4617,#4618,
#4619,#4620),.UNSPECIFIED.,.F.,.F.,(4,1,1,1,1,4),(0.574811108972734,0.577753196201544,
0.579224239815949,0.580695283430354,0.583637370659164,0.586579457887974),
 .UNSPECIFIED.);
#737=B_SPLINE_CURVE_WITH_KNOTS('',3,(#4622,#4623,#4624,#4625),
 .UNSPECIFIED.,.F.,.F.,(4,4),(0.570684579571123,0.574811108972734),
 .UNSPECIFIED.);
#738=B_SPLINE_CURVE_WITH_KNOTS('',3,(#4627,#4628,#4629,#4630,#4631,#4632,
#4633,#4634,#4635,#4636,#4637,#4638,#4639,#4640,#4641,#4642,#4643,#4644,
#4645,#4646,#4647,#4648,#4649,#4650,#4651,#4652),.UNSPECIFIED.,.F.,.F.,
(4,1,1,1,1,1,1,1,1,1,1,1,1,1,1,1,1,1,1,1,1,1,1,4),(0.542149796075446,0.542595652067566,
0.543041508059686,0.543933220043926,0.545716644012406,0.547500067980885,
0.549283491949365,0.552850339886325,0.556417187823285,0.559984035760244,
0.563550883697204,0.565334307665684,0.566226019649924,0.567117731634164,
0.567563587626284,0.568009443618404,0.568901155602643,0.569792867586883,
0.570238723579003,0.570461651575063,0.570573115573093,0.570628847572108,
0.570656713571616,0.570684579571123),.UNSPECIFIED.);
#739=B_SPLINE_CURVE_WITH_KNOTS('',3,(#4654,#4655,#4656,#4657),
 .UNSPECIFIED.,.F.,.F.,(4,4),(0.541491403014995,0.542149796075446),
 .UNSPECIFIED.);
#740=B_SPLINE_CURVE_WITH_KNOTS('',3,(#4659,#4660,#4661,#4662,#4663,#4664,
#4665,#4666,#4667,#4668),.UNSPECIFIED.,.F.,.F.,(4,3,3,4),(0.532810956257591,
0.535798182888867,0.539092521720839,0.541491403014995),.UNSPECIFIED.);
#741=B_SPLINE_CURVE_WITH_KNOTS('',3,(#4670,#4671,#4672,#4673,#4674,#4675,
#4676,#4677,#4678,#4679,#4680,#4681,#4682,#4683,#4684,#4685,#4686,#4687,
#4688,#4689,#4690,#4691,#4692,#4693,#4694,#4695,#4696,#4697,#4698,#4699,
#4700),.UNSPECIFIED.,.F.,.F.,(4,3,3,3,3,3,3,3,3,3,4),(0.501517920577881,
0.506786416428392,0.507659517748498,0.511787140029827,0.5170059523648,0.51862699762983,
0.524212678811528,0.526220042072949,0.528163388264767,0.531460330455024,
0.532810956257591),.UNSPECIFIED.);
#742=B_SPLINE_CURVE_WITH_KNOTS('',3,(#4702,#4703,#4704,#4705),
 .UNSPECIFIED.,.F.,.F.,(4,4),(0.500352429119043,0.501517920577881),
 .UNSPECIFIED.);
#743=B_SPLINE_CURVE_WITH_KNOTS('',3,(#4707,#4708,#4709,#4710,#4711,#4712,
#4713,#4714),.UNSPECIFIED.,.F.,.F.,(4,1,1,1,1,4),(0.488130828941366,0.489658528963575,
0.491186228985785,0.494241629030204,0.497297029074624,0.500352429119043),
 .UNSPECIFIED.);
#744=B_SPLINE_CURVE_WITH_KNOTS('',3,(#4716,#4717,#4718,#4719,#4720,#4721,
#4722,#4723,#4724,#4725,#4726,#4727,#4728,#4729),.UNSPECIFIED.,.F.,.F.,
(4,1,1,1,1,1,1,1,1,1,1,4),(0.460665194240101,0.461094344782308,0.461523495324516,
0.46238179640893,0.464098398577759,0.467531602915417,0.470964807253075,
0.474398011590733,0.477831215928392,0.48126442026605,0.484697624603708,
0.488130828941366),.UNSPECIFIED.);
#745=B_SPLINE_CURVE_WITH_KNOTS('',3,(#4731,#4732,#4733,#4734,#4735,#4736,
#4737),.UNSPECIFIED.,.F.,.F.,(4,3,4),(0.457323963706496,0.459872615365645,
0.460665194240101),.UNSPECIFIED.);
#746=B_SPLINE_CURVE_WITH_KNOTS('',3,(#4739,#4740,#4741,#4742),
 .UNSPECIFIED.,.F.,.F.,(4,4),(0.457007080967745,0.457323963706496),
 .UNSPECIFIED.);
#747=B_SPLINE_CURVE_WITH_KNOTS('',3,(#4744,#4745,#4746,#4747,#4748,#4749,
#4750,#4751,#4752,#4753,#4754,#4755,#4756,#4757,#4758,#4759,#4760,#4761,
#4762,#4763,#4764,#4765,#4766,#4767,#4768,#4769,#4770,#4771,#4772,#4773,
#4774,#4775,#4776,#4777,#4778,#4779,#4780,#4781,#4782,#4783,#4784,#4785,
#4786,#4787,#4788,#4789,#4790,#4791,#4792,#4793,#4794,#4795,#4796,#4797,
#4798),.UNSPECIFIED.,.F.,.F.,(4,3,3,3,3,3,3,3,3,3,3,3,3,3,3,3,3,3,4),(0.0835757456386139,
0.0860538608890041,0.0877594628619567,0.111854922605987,0.11662617837727,
0.131902507468392,0.14363570347276,0.147171044037256,0.218685387410735,
0.2690218617226,0.287529832439257,0.347404759343256,0.416387700726484,0.423746985525406,
0.427344143446285,0.441088089176008,0.454827714213842,0.4564636843195,0.457007080967745),
 .UNSPECIFIED.);
#748=B_SPLINE_CURVE_WITH_KNOTS('',3,(#4800,#4801,#4802,#4803,#4804,#4805,
#4806,#4807),.UNSPECIFIED.,.F.,.F.,(4,1,1,1,1,4),(0.0733346965827665,0.0746148277147474,
0.0758949588467283,0.0784552211106902,0.0810154833746521,0.0835757456386139),
 .UNSPECIFIED.);
#749=B_SPLINE_CURVE_WITH_KNOTS('',3,(#4809,#4810,#4811,#4812,#4813,#4814,
#4815,#4816,#4817,#4818,#4819,#4820,#4821),.UNSPECIFIED.,.F.,.F.,(4,3,3,
3,4),(0.0696448753901583,0.0699142128538768,0.071682073320347,0.0729790185760572,
0.0733346965827665),.UNSPECIFIED.);
#750=B_SPLINE_CURVE_WITH_KNOTS('',3,(#4823,#4824,#4825,#4826,#4827,#4828,
#4829,#4830,#4831,#4832,#4833,#4834,#4835),.UNSPECIFIED.,.F.,.F.,(4,1,1,
1,1,1,1,1,1,1,4),(0.0400913178374703,0.0410148665109918,0.0419384151845133,
0.0437855125315563,0.0474797072256423,0.0511739019197283,0.0548680966138143,
0.0585622913079003,0.0622564860019863,0.0659506806960723,0.0696448753901583),
 .UNSPECIFIED.);
#751=B_SPLINE_CURVE_WITH_KNOTS('',3,(#4837,#4838,#4839,#4840),
 .UNSPECIFIED.,.F.,.F.,(4,4),(0.0385395981946254,0.0400913178374703),
 .UNSPECIFIED.);
#752=B_SPLINE_CURVE_WITH_KNOTS('',3,(#4842,#4843,#4844,#4845,#4846,#4847),
 .UNSPECIFIED.,.F.,.F.,(4,1,1,4),(0.0297411092393549,0.0319407314781725,
0.0341403537169901,0.0385395981946254),.UNSPECIFIED.);
#753=B_SPLINE_CURVE_WITH_KNOTS('',3,(#4848,#4849,#4850,#4851,#4852,#4853,
#4854,#4855,#4856,#4857,#4858),.UNSPECIFIED.,.F.,.F.,(4,1,1,1,1,1,1,1,4),
(0.000418238778272265,0.00371763865491936,0.00743527730983873,0.0111529159647581,
0.0148705546196775,0.0185881932745968,0.0223058319295162,0.0260234705844355,
0.0297411092393549),.UNSPECIFIED.);
#754=B_SPLINE_CURVE_WITH_KNOTS('',3,(#6060,#6061,#6062,#6063,#6064,#6065,
#6066,#6067,#6068,#6069,#6070,#6071),.UNSPECIFIED.,.F.,.F.,(4,2,2,2,2,4),
(0.,0.142877404234659,0.278047196694824,0.327495213342383,0.4345175259,
0.519669996693952),.UNSPECIFIED.);
#755=B_SPLINE_CURVE_WITH_KNOTS('',3,(#6072,#6073,#6074,#6075,#6076,#6077,
#6078,#6079,#6080,#6081,#6082,#6083,#6084,#6085,#6086,#6087,#6088,#6089,
#6090,#6091,#6092,#6093,#6094,#6095,#6096,#6097,#6098,#6099,#6100,#6101,
#6102,#6103,#6104,#6105,#6106,#6107,#6108,#6109,#6110,#6111,#6112,#6113,
#6114,#6115,#6116,#6117,#6118,#6119,#6120,#6121,#6122,#6123,#6124,#6125,
#6126,#6127,#6128,#6129,#6130,#6131,#6132,#6133,#6134,#6135,#6136,#6137,
#6138,#6139,#6140,#6141,#6142,#6143,#6144,#6145,#6146,#6147,#6148,#6149,
#6150,#6151,#6152,#6153,#6154,#6155,#6156,#6157,#6158,#6159,#6160,#6161,
#6162,#6163,#6164,#6165,#6166,#6167,#6168,#6169,#6170,#6171),
 .UNSPECIFIED.,.T.,.F.,(4,2,2,2,2,2,2,2,2,2,2,2,2,2,2,2,2,2,2,2,2,2,2,2,
2,2,2,2,2,2,2,2,2,2,2,2,2,2,2,2,2,2,2,2,2,2,2,2,2,4),(0.,0.00286213085888457,
0.00787418588787486,0.0227574591073852,0.0237858429357329,0.0271066484345991,
0.0283756501163027,0.0357421486556307,0.0470107240926852,0.0546056697060914,
0.0660432730298823,0.0692683516037398,0.0738732342686028,0.0817976753307978,
0.089724819446814,0.145427817934559,0.424340365265512,0.44247719790713,
0.451484392716186,0.453183158991676,0.45687231936655,0.460604700764735,
0.477596347647853,0.489615478329158,0.497765020853987,0.502862130858884,
0.507874185887875,0.522757459107385,0.523785842935732,0.527106648434599,
0.528421163118271,0.536184128944421,0.547010724092685,0.554605669706091,
0.566043273029882,0.569319979010473,0.574372107159257,0.581797675330798,
0.589724819446814,0.645427817934559,0.924340365265512,0.94247719790713,
0.951984302678636,0.953183158991676,0.956923957464196,0.960604700764735,
0.977596347647853,0.990058495689743,0.997810544546868,1.),.UNSPECIFIED.);
#756=B_SPLINE_CURVE_WITH_KNOTS('',3,(#6174,#6175,#6176,#6177,#6178,#6179),
 .UNSPECIFIED.,.F.,.F.,(4,2,4),(-4.91806917980729,-1.85757149149535,-0.206066933415345),
 .UNSPECIFIED.);
#757=B_SPLINE_CURVE_WITH_KNOTS('',3,(#6181,#6182,#6183,#6184),
 .UNSPECIFIED.,.F.,.F.,(4,4),(-2.69628777082094,-0.0962444494744823),
 .UNSPECIFIED.);
#758=B_SPLINE_CURVE_WITH_KNOTS('',3,(#6186,#6187,#6188,#6189,#6190,#6191),
 .UNSPECIFIED.,.F.,.F.,(4,2,4),(-1.80772937858046,-1.2600033582379,-0.191331352156371),
 .UNSPECIFIED.);
#759=B_SPLINE_CURVE_WITH_KNOTS('',3,(#6192,#6193,#6194,#6195),
 .UNSPECIFIED.,.F.,.F.,(4,4),(-2.69624348921295,-0.0962434180050149),
 .UNSPECIFIED.);
#760=B_SPLINE_CURVE_WITH_KNOTS('',3,(#6198,#6199,#6200,#6201,#6202,#6203),
 .UNSPECIFIED.,.F.,.F.,(4,2,4),(-3.80925662782323,-1.36560064626444,-0.206530418126618),
 .UNSPECIFIED.);
#761=B_SPLINE_CURVE_WITH_KNOTS('',3,(#6205,#6206,#6207,#6208,#6209,#6210,
#6211,#6212,#6213,#6214,#6215,#6216),.UNSPECIFIED.,.F.,.F.,(4,2,2,2,2,4),
(-0.618629112721779,-0.495906108871668,-0.391201689316326,-0.309119889843726,
-0.232329410966446,-0.104410901202585),.UNSPECIFIED.);
#762=B_SPLINE_CURVE_WITH_KNOTS('',3,(#6218,#6219,#6220,#6221,#6222,#6223),
 .UNSPECIFIED.,.F.,.F.,(4,2,4),(-2.33559433886799,-1.34644381688544,-0.192146761368804),
 .UNSPECIFIED.);
#763=B_SPLINE_CURVE_WITH_KNOTS('',3,(#6224,#6225,#6226,#6227,#6228,#6229,
#6230,#6231,#6232,#6233,#6234,#6235,#6236,#6237,#6238,#6239,#6240,#6241,
#6242,#6243,#6244,#6245,#6246,#6247,#6248),.UNSPECIFIED.,.F.,.F.,(4,3,3,
3,3,3,3,3,4),(-2.71570408452554,-2.64604107686145,-2.61783829635917,-2.61681169641879,
-2.55836275511477,-2.44331718222109,-2.24843961842494,-1.62438186008867,
-0.0962434178973063),.UNSPECIFIED.);
#764=B_SPLINE_CURVE_WITH_KNOTS('',3,(#6251,#6252,#6253,#6254,#6255,#6256,
#6257,#6258),.UNSPECIFIED.,.F.,.F.,(4,2,2,4),(-1.62034091170096,-1.25588939678464,
-0.485232699096857,-0.24399593596544),.UNSPECIFIED.);
#765=B_SPLINE_CURVE_WITH_KNOTS('',3,(#6260,#6261,#6262,#6263),
 .UNSPECIFIED.,.F.,.F.,(4,4),(-3.09630251274879,-0.0962436614277121),
 .UNSPECIFIED.);
#766=B_SPLINE_CURVE_WITH_KNOTS('',3,(#6265,#6266,#6267,#6268),
 .UNSPECIFIED.,.F.,.F.,(4,4),(-1.37973598893239,-0.228450153621509),
 .UNSPECIFIED.);
#767=B_SPLINE_CURVE_WITH_KNOTS('',3,(#6269,#6270,#6271,#6272),
 .UNSPECIFIED.,.F.,.F.,(4,4),(-3.09580893454098,-0.0962427619271282),
 .UNSPECIFIED.);
#768=B_SPLINE_CURVE_WITH_KNOTS('',3,(#6275,#6276,#6277,#6278),
 .UNSPECIFIED.,.F.,.F.,(4,4),(-1.4881707195045,-0.228321978260528),
 .UNSPECIFIED.);
#769=B_SPLINE_CURVE_WITH_KNOTS('',3,(#6280,#6281,#6282,#6283),
 .UNSPECIFIED.,.F.,.F.,(4,4),(-3.09605757946589,-0.0962429514198142),
 .UNSPECIFIED.);
#770=B_SPLINE_CURVE_WITH_KNOTS('',3,(#6285,#6286,#6287,#6288),
 .UNSPECIFIED.,.F.,.F.,(4,4),(-1.37716194717337,-0.238017991083209),
 .UNSPECIFIED.);
#771=B_SPLINE_CURVE_WITH_KNOTS('',3,(#6289,#6290,#6291,#6292),
 .UNSPECIFIED.,.F.,.F.,(4,4),(-3.09587361292763,-0.0962433083788952),
 .UNSPECIFIED.);
#772=B_SPLINE_CURVE_WITH_KNOTS('',3,(#6295,#6296,#6297,#6298),
 .UNSPECIFIED.,.F.,.F.,(4,4),(-1.39698259744232,-0.239125952677248),
 .UNSPECIFIED.);
#773=B_SPLINE_CURVE_WITH_KNOTS('',3,(#6300,#6301,#6302,#6303,#6304,#6305),
 .UNSPECIFIED.,.F.,.F.,(4,2,4),(-3.09624381541618,-1.34275671766327,-0.0962443066778832),
 .UNSPECIFIED.);
#774=B_SPLINE_CURVE_WITH_KNOTS('',3,(#6307,#6308,#6309,#6310),
 .UNSPECIFIED.,.F.,.F.,(4,4),(-1.36770980630397,-0.230048194821049),
 .UNSPECIFIED.);
#775=B_SPLINE_CURVE_WITH_KNOTS('',3,(#6311,#6312,#6313,#6314,#6315,#6316,
#6317,#6318,#6319,#6320,#6321,#6322,#6323,#6324),.UNSPECIFIED.,.F.,.F.,
(4,2,2,2,2,2,4),(-3.09619580998971,-3.09272971840072,-2.99299578112484,
-2.79352661437178,-2.39456099264843,-1.59651792321326,-0.0962436541631834),
 .UNSPECIFIED.);
#776=B_SPLINE_CURVE_WITH_KNOTS('',3,(#10130,#10131,#10132,#10133,#10134,
#10135,#10136,#10137,#10138,#10139,#10140,#10141,#10142,#10143,#10144,#10145,
#10146,#10147,#10148,#10149,#10150,#10151,#10152,#10153,#10154,#10155,#10156,
#10157,#10158,#10159,#10160,#10161,#10162,#10163,#10164,#10165,#10166,#10167,
#10168,#10169,#10170,#10171,#10172,#10173,#10174,#10175,#10176,#10177,#10178,
#10179,#10180,#10181,#10182,#10183,#10184,#10185,#10186,#10187,#10188,#10189,
#10190,#10191,#10192,#10193,#10194,#10195,#10196,#10197,#10198,#10199,#10200,
#10201,#10202,#10203,#10204,#10205,#10206,#10207,#10208,#10209,#10210,#10211,
#10212,#10213,#10214,#10215,#10216,#10217,#10218,#10219,#10220,#10221,#10222,
#10223,#10224,#10225,#10226,#10227,#10228,#10229,#10230,#10231,#10232,#10233,
#10234,#10235,#10236,#10237,#10238,#10239,#10240,#10241,#10242,#10243,#10244,
#10245,#10246,#10247,#10248,#10249,#10250,#10251,#10252,#10253,#10254,#10255,
#10256,#10257,#10258,#10259,#10260,#10261,#10262,#10263,#10264,#10265,#10266,
#10267,#10268,#10269,#10270,#10271,#10272,#10273,#10274,#10275,#10276,#10277,
#10278,#10279,#10280,#10281,#10282,#10283,#10284,#10285,#10286,#10287,#10288,
#10289,#10290,#10291,#10292,#10293,#10294,#10295,#10296,#10297,#10298,#10299,
#10300,#10301,#10302,#10303,#10304,#10305,#10306,#10307,#10308,#10309,#10310,
#10311,#10312,#10313,#10314,#10315,#10316,#10317,#10318,#10319,#10320,#10321,
#10322,#10323,#10324,#10325,#10326,#10327,#10328,#10329,#10330,#10331,#10332,
#10333,#10334,#10335,#10336,#10337,#10338,#10339,#10340,#10341,#10342,#10343,
#10344,#10345,#10346,#10347,#10348,#10349,#10350,#10351,#10352,#10353,#10354,
#10355,#10356,#10357,#10358,#10359,#10360,#10361,#10362,#10363,#10364,#10365,
#10366,#10367,#10368,#10369,#10370,#10371,#10372,#10373,#10374,#10375,#10376,
#10377,#10378,#10379,#10380,#10381,#10382,#10383,#10384,#10385,#10386,#10387,
#10388,#10389,#10390,#10391,#10392,#10393,#10394,#10395,#10396,#10397,#10398,
#10399,#10400,#10401,#10402,#10403,#10404,#10405,#10406,#10407,#10408,#10409,
#10410,#10411,#10412,#10413,#10414,#10415,#10416,#10417,#10418,#10419,#10420,
#10421,#10422,#10423,#10424,#10425,#10426,#10427,#10428,#10429,#10430,#10431,
#10432,#10433,#10434,#10435,#10436,#10437,#10438,#10439,#10440,#10441,#10442,
#10443,#10444,#10445,#10446,#10447,#10448,#10449,#10450,#10451,#10452,#10453,
#10454,#10455,#10456,#10457,#10458,#10459,#10460,#10461,#10462,#10463,#10464,
#10465,#10466,#10467,#10468,#10469,#10470,#10471,#10472,#10473,#10474,#10475,
#10476,#10477,#10478,#10479,#10480,#10481,#10482,#10483,#10484,#10485,#10486,
#10487,#10488,#10489,#10490,#10491,#10492,#10493,#10494,#10495,#10496,#10497,
#10498,#10499,#10500,#10501,#10502,#10503,#10504,#10505,#10506,#10507,#10508,
#10509,#10510,#10511,#10512,#10513,#10514,#10515,#10516,#10517,#10518,#10519,
#10520,#10521,#10522,#10523,#10524,#10525,#10526,#10527,#10528,#10529,#10530,
#10531,#10532,#10533,#10534,#10535,#10536,#10537,#10538,#10539,#10540,#10541,
#10542,#10543,#10544,#10545,#10546,#10547,#10548,#10549,#10550,#10551,#10552,
#10553,#10554,#10555,#10556,#10557,#10558,#10559,#10560,#10561,#10562,#10563,
#10564,#10565,#10566,#10567,#10568,#10569,#10570,#10571,#10572,#10573,#10574,
#10575,#10576,#10577,#10578,#10579,#10580,#10581,#10582,#10583,#10584,#10585,
#10586,#10587,#10588,#10589,#10590,#10591,#10592,#10593,#10594,#10595,#10596,
#10597,#10598,#10599,#10600,#10601),.UNSPECIFIED.,.T.,.F.,(4,2,2,1,1,1,
1,1,1,1,1,1,1,1,1,1,1,1,1,1,1,1,1,1,1,1,1,1,1,2,1,1,1,1,1,1,1,1,1,1,1,1,
1,1,1,1,1,1,1,1,1,1,1,1,1,1,1,1,1,2,1,2,2,1,1,1,1,1,1,1,1,1,1,1,1,1,1,1,
1,1,1,1,1,1,1,1,1,1,1,1,1,1,1,1,1,1,1,1,1,1,1,1,1,1,1,1,1,1,1,1,1,1,1,1,
1,1,1,1,1,1,1,1,1,1,1,1,1,1,1,1,1,1,1,1,1,1,1,1,1,1,1,1,1,1,1,1,1,1,1,1,
1,1,1,1,1,1,1,1,1,1,1,1,1,1,1,1,1,1,1,1,1,1,1,1,1,1,1,1,1,1,1,1,1,1,1,1,
1,1,1,1,1,1,1,1,1,1,1,1,1,1,1,1,1,1,1,1,1,1,1,2,1,1,1,1,2,2,1,1,1,1,1,1,
1,1,1,1,1,1,1,1,1,1,1,1,1,1,1,1,2,1,2,1,1,1,1,1,2,1,1,1,1,1,1,1,2,1,1,1,
1,1,2,1,1,1,1,2,1,1,1,1,1,1,1,1,1,1,2,1,1,2,1,1,2,1,1,1,1,1,1,1,1,1,1,1,
1,1,1,1,1,1,1,1,1,1,1,1,1,1,1,1,1,1,1,1,1,1,1,1,1,1,1,1,1,1,1,1,1,1,1,1,
1,1,1,1,1,1,1,1,1,1,1,1,1,1,1,1,1,1,1,1,1,1,1,1,1,1,1,1,1,1,1,1,1,1,1,1,
1,1,1,1,1,1,1,1,1,1,1,1,1,1,1,1,1,1,1,1,1,1,1,1,1,1,1,1,1,1,1,1,1,1,1,1,
1,1,1,1,1,1,1,1,1,1,1,2,1,1,1,1,2,1,1,1,2,1,1,1,1,1,1,1,1,1,2,1,2,1,1,2,
1,1,1,1,1,1,1,4),(-1.,-0.99773427396142,-0.996537872399564,-0.996537506712556,
-0.996537141025548,-0.996536409651532,-0.9965349469035,-0.996532021407435,
-0.996526170415306,-0.996514468431048,-0.996491064462531,-0.996467660494014,
-0.996444256525497,-0.996397448588464,-0.99635064065143,-0.996303832714397,
-0.996257024777363,-0.99621021684033,-0.996163408903296,-0.996069793029229,
-0.995976177155162,-0.995788945407028,-0.99541448191076,-0.995227250162626,
-0.995133634288559,-0.995040018414492,-0.99354216442942,-0.990546456459276,
-0.987550748489131,-0.984555040518987,-0.98455329171992,-0.984551542920853,
-0.984548045322719,-0.98454105012645,-0.984527059733913,-0.984499078948839,
-0.984443117378691,-0.984387155808543,-0.984359175023468,-0.984331194238394,
-0.984107347957802,-0.983659655396616,-0.982764270274245,-0.981868885151873,
-0.981421192590687,-0.980973500029502,-0.980525807468316,-0.980301961187724,
-0.980078114907131,-0.979182729784759,-0.978287344662388,-0.977391959540017,
-0.975601189295274,-0.974705804172903,-0.973810419050531,-0.970228878561046,
-0.966647338071561,-0.963065797582075,-0.95948425709259,-0.955902716603105,
-0.953675047318843,-0.95144737803458,-0.951029102910895,-0.948181840059153,
-0.945334577207412,-0.94248731435567,-0.939640051503929,-0.936792788652187,
-0.933945525800446,-0.931098262948704,-0.928251000096962,-0.925403737245221,
-0.922556474393479,-0.919709211541738,-0.916861948689996,-0.914014685838255,
-0.911167422986513,-0.908320160134771,-0.90547289728303,-0.902625634431288,
-0.899778371579547,-0.896931108727805,-0.894083845876063,-0.891236583024322,
-0.88838932017258,-0.885542057320839,-0.882694794469097,-0.879847531617356,
-0.877000268765614,-0.874153005913872,-0.871305743062131,-0.868458480210389,
-0.865611217358648,-0.862763954506906,-0.859916691655165,-0.857069428803423,
-0.854222165951681,-0.85137490309994,-0.848527640248198,-0.845680377396457,
-0.842833114544715,-0.839985851692974,-0.837138588841232,-0.83429132598949,
-0.831444063137749,-0.828596800286007,-0.825749537434266,-0.822902274582524,
-0.820055011730783,-0.817207748879041,-0.814360486027299,-0.811513223175558,
-0.808665960323816,-0.805818697472075,-0.802971434620333,-0.800124171768592,
-0.79727690891685,-0.794429646065109,-0.791582383213367,-0.788735120361625,
-0.785887857509884,-0.783040594658142,-0.780193331806401,-0.777346068954659,
-0.774498806102918,-0.771651543251176,-0.768804280399434,-0.765957017547693,
-0.763109754695951,-0.76026249184421,-0.757415228992468,-0.754567966140727,
-0.751720703288985,-0.748873440437243,-0.746026177585502,-0.74317891473376,
-0.740331651882019,-0.737484389030277,-0.734637126178536,-0.731789863326794,
-0.728942600475052,-0.726095337623311,-0.723248074771569,-0.720400811919828,
-0.717553549068086,-0.714706286216344,-0.711859023364603,-0.709011760512861,
-0.70616449766112,-0.703317234809378,-0.700469971957637,-0.697622709105895,
-0.694775446254153,-0.691928183402412,-0.68908092055067,-0.686233657698929,
-0.683386394847187,-0.680539131995446,-0.677691869143704,-0.674844606291962,
-0.671997343440221,-0.669150080588479,-0.666302817736738,-0.663455554884996,
-0.660608292033255,-0.657761029181513,-0.654913766329771,-0.65206650347803,
-0.649219240626288,-0.646371977774547,-0.643524714922805,-0.640677452071064,
-0.637830189219322,-0.63498292636758,-0.632135663515839,-0.629288400664097,
-0.626441137812356,-0.623593874960614,-0.620746612108872,-0.617899349257131,
-0.615052086405389,-0.612204823553648,-0.609357560701906,-0.608645744988971,
-0.607933929276036,-0.606510297850165,-0.605086666424294,-0.604374850711358,
-0.603663034998423,-0.602239403572552,-0.600815772146682,-0.600103956433746,
-0.599748048577279,-0.599392140720811,-0.599036232864343,-0.598858278936109,
-0.598680325007875,-0.59796850929494,-0.595121246443199,-0.594943292514965,
-0.594765338586731,-0.594409430730263,-0.593697615017328,-0.592985799304392,
-0.592273983591457,-0.590850352165586,-0.589426720739715,-0.588003089313844,
-0.587291273600909,-0.586579457887974,-0.583637370659164,-0.580695283430354,
-0.579224239815949,-0.577753196201544,-0.574811108972734,-0.570684579571123,
-0.570656713571616,-0.570628847572108,-0.570573115573093,-0.570461651575063,
-0.570238723579003,-0.569792867586883,-0.568901155602643,-0.568009443618404,
-0.567563587626284,-0.567117731634164,-0.566226019649924,-0.565334307665684,
-0.563550883697204,-0.559984035760244,-0.556417187823285,-0.552850339886325,
-0.549283491949365,-0.547500067980885,-0.545716644012406,-0.543933220043926,
-0.543041508059686,-0.542595652067566,-0.542149796075446,-0.541820599545221,
-0.541491403014995,-0.54040634717032,-0.539321291325644,-0.537151179636293,
-0.536066123791618,-0.534981067946942,-0.532810956257591,-0.528899326797627,
-0.524987697337663,-0.5210760678777,-0.517164438417736,-0.513252808957772,
-0.509341179497808,-0.505429550037844,-0.501517920577881,-0.501226547713171,
-0.501080861280817,-0.500935174848462,-0.500643801983753,-0.500498115551398,
-0.500352429119043,-0.497297029074624,-0.494241629030204,-0.491186228985785,
-0.489658528963575,-0.488130828941366,-0.484697624603708,-0.48126442026605,
-0.477831215928392,-0.474398011590733,-0.470964807253075,-0.467531602915417,
-0.464098398577759,-0.46238179640893,-0.461523495324516,-0.461094344782308,
-0.460665194240101,-0.458994578973299,-0.458159271339897,-0.457323963706496,
-0.457086301652433,-0.457046691310089,-0.457007080967745,-0.454089648660486,
-0.451172216353227,-0.448254784045968,-0.44533735173871,-0.442419919431451,
-0.439502487124192,-0.436585054816933,-0.433667622509674,-0.430750190202415,
-0.427832757895157,-0.424915325587898,-0.421997893280639,-0.41908046097338,
-0.416163028666121,-0.413245596358862,-0.410328164051604,-0.407410731744345,
-0.404493299437086,-0.401575867129827,-0.398658434822568,-0.395741002515309,
-0.39282357020805,-0.389906137900792,-0.386988705593533,-0.384071273286274,
-0.381153840979015,-0.378236408671756,-0.375318976364498,-0.372401544057239,
-0.36948411174998,-0.366566679442721,-0.363649247135462,-0.360731814828203,
-0.357814382520944,-0.354896950213686,-0.351979517906427,-0.349062085599168,
-0.346144653291909,-0.34322722098465,-0.340309788677391,-0.337392356370133,
-0.334474924062874,-0.331557491755615,-0.328640059448356,-0.325722627141097,
-0.322805194833838,-0.31988776252658,-0.316970330219321,-0.314052897912062,
-0.311135465604803,-0.308218033297544,-0.305300600990285,-0.302383168683027,
-0.299465736375768,-0.296548304068509,-0.29363087176125,-0.290713439453991,
-0.287796007146732,-0.284878574839474,-0.281961142532215,-0.279043710224956,
-0.276126277917697,-0.273208845610438,-0.270291413303179,-0.267373980995921,
-0.264456548688662,-0.261539116381403,-0.258621684074144,-0.255704251766885,
-0.252786819459626,-0.249869387152368,-0.246951954845109,-0.24403452253785,
-0.241117090230591,-0.238199657923332,-0.235282225616073,-0.232364793308815,
-0.229447361001556,-0.226529928694297,-0.223612496387038,-0.220695064079779,
-0.21777763177252,-0.214860199465262,-0.211942767158003,-0.209025334850744,
-0.206107902543485,-0.203190470236226,-0.200273037928967,-0.197355605621709,
-0.19443817331445,-0.191520741007191,-0.188603308699932,-0.185685876392673,
-0.182768444085414,-0.179851011778155,-0.176933579470897,-0.174016147163638,
-0.171098714856379,-0.16818128254912,-0.165263850241861,-0.162346417934602,
-0.159428985627344,-0.156511553320085,-0.153594121012826,-0.150676688705567,
-0.147759256398308,-0.144841824091049,-0.141924391783791,-0.139006959476532,
-0.136089527169273,-0.133172094862014,-0.130254662554755,-0.127337230247496,
-0.124419797940238,-0.121502365632979,-0.11858493332572,-0.115667501018461,
-0.112750068711202,-0.109832636403943,-0.106915204096685,-0.103997771789426,
-0.101080339482167,-0.0981629071749081,-0.0952454748676493,-0.0923280425603904,
-0.0894106102531316,-0.0864931779458727,-0.0850344617922433,-0.0843051037154286,
-0.0839404246770213,-0.0835757456386139,-0.0810154833746521,-0.0784552211106902,
-0.0758949588467283,-0.0746148277147474,-0.0733346965827665,-0.0724122412846144,
-0.0705673306883103,-0.0701061030392343,-0.0696448753901583,-0.0659506806960723,
-0.0622564860019863,-0.0585622913079003,-0.0548680966138143,-0.0511739019197283,
-0.0474797072256423,-0.0437855125315563,-0.0419384151845133,-0.0410148665109918,
-0.0400913178374703,-0.0389275281053366,-0.0385395981946254,-0.0341403537169901,
-0.0319407314781725,-0.0297411092393549,-0.0260234705844355,-0.0223058319295162,
-0.0185881932745968,-0.0148705546196775,-0.0111529159647581,-0.00743527730983873,
-0.00371763865491936,0.),.UNSPECIFIED.);
#777=VERTEX_POINT('',#2636);
#778=VERTEX_POINT('',#2890);
#779=VERTEX_POINT('',#4452);
#780=VERTEX_POINT('',#4465);
#781=VERTEX_POINT('',#4470);
#782=VERTEX_POINT('',#4475);
#783=VERTEX_POINT('',#4486);
#784=VERTEX_POINT('',#4512);
#785=VERTEX_POINT('',#4546);
#786=VERTEX_POINT('',#4560);
#787=VERTEX_POINT('',#4565);
#788=VERTEX_POINT('',#4612);
#789=VERTEX_POINT('',#4621);
#790=VERTEX_POINT('',#4626);
#791=VERTEX_POINT('',#4653);
#792=VERTEX_POINT('',#4658);
#793=VERTEX_POINT('',#4669);
#794=VERTEX_POINT('',#4701);
#795=VERTEX_POINT('',#4706);
#796=VERTEX_POINT('',#4715);
#797=VERTEX_POINT('',#4730);
#798=VERTEX_POINT('',#4738);
#799=VERTEX_POINT('',#4743);
#800=VERTEX_POINT('',#4799);
#801=VERTEX_POINT('',#4808);
#802=VERTEX_POINT('',#4822);
#803=VERTEX_POINT('',#4836);
#804=VERTEX_POINT('',#4841);
#805=VERTEX_POINT('',#6059);
#806=VERTEX_POINT('',#6172);
#807=VERTEX_POINT('',#6173);
#808=VERTEX_POINT('',#6180);
#809=VERTEX_POINT('',#6185);
#810=VERTEX_POINT('',#6196);
#811=VERTEX_POINT('',#6197);
#812=VERTEX_POINT('',#6204);
#813=VERTEX_POINT('',#6217);
#814=VERTEX_POINT('',#6249);
#815=VERTEX_POINT('',#6250);
#816=VERTEX_POINT('',#6259);
#817=VERTEX_POINT('',#6264);
#818=VERTEX_POINT('',#6273);
#819=VERTEX_POINT('',#6274);
#820=VERTEX_POINT('',#6279);
#821=VERTEX_POINT('',#6284);
#822=VERTEX_POINT('',#6293);
#823=VERTEX_POINT('',#6294);
#824=VERTEX_POINT('',#6299);
#825=VERTEX_POINT('',#6306);
#826=VERTEX_POINT('',#6326);
#827=VERTEX_POINT('',#6328);
#828=VERTEX_POINT('',#6332);
#829=VERTEX_POINT('',#6334);
#830=VERTEX_POINT('',#6336);
#831=VERTEX_POINT('',#6338);
#832=VERTEX_POINT('',#6340);
#833=VERTEX_POINT('',#6342);
#834=VERTEX_POINT('',#6344);
#835=VERTEX_POINT('',#6346);
#836=VERTEX_POINT('',#6348);
#837=VERTEX_POINT('',#6350);
#838=VERTEX_POINT('',#6352);
#839=VERTEX_POINT('',#6354);
#840=VERTEX_POINT('',#6356);
#841=VERTEX_POINT('',#6360);
#842=VERTEX_POINT('',#6364);
#843=VERTEX_POINT('',#6368);
#844=VERTEX_POINT('',#6372);
#845=VERTEX_POINT('',#6376);
#846=VERTEX_POINT('',#6380);
#847=VERTEX_POINT('',#6384);
#848=VERTEX_POINT('',#6388);
#849=VERTEX_POINT('',#6392);
#850=VERTEX_POINT('',#6396);
#851=VERTEX_POINT('',#6400);
#852=VERTEX_POINT('',#6404);
#853=VERTEX_POINT('',#6408);
#854=VERTEX_POINT('',#6415);
#855=VERTEX_POINT('',#6417);
#856=VERTEX_POINT('',#6421);
#857=VERTEX_POINT('',#6423);
#858=VERTEX_POINT('',#6425);
#859=VERTEX_POINT('',#6427);
#860=VERTEX_POINT('',#6429);
#861=VERTEX_POINT('',#6431);
#862=VERTEX_POINT('',#6433);
#863=VERTEX_POINT('',#6435);
#864=VERTEX_POINT('',#6437);
#865=VERTEX_POINT('',#6439);
#866=VERTEX_POINT('',#6441);
#867=VERTEX_POINT('',#6443);
#868=VERTEX_POINT('',#6447);
#869=VERTEX_POINT('',#6451);
#870=VERTEX_POINT('',#6455);
#871=VERTEX_POINT('',#6459);
#872=VERTEX_POINT('',#6463);
#873=VERTEX_POINT('',#6467);
#874=VERTEX_POINT('',#6471);
#875=VERTEX_POINT('',#6475);
#876=VERTEX_POINT('',#6479);
#877=VERTEX_POINT('',#6483);
#878=VERTEX_POINT('',#6487);
#879=VERTEX_POINT('',#6491);
#880=VERTEX_POINT('',#6498);
#881=VERTEX_POINT('',#6500);
#882=VERTEX_POINT('',#6504);
#883=VERTEX_POINT('',#6506);
#884=VERTEX_POINT('',#6508);
#885=VERTEX_POINT('',#6510);
#886=VERTEX_POINT('',#6512);
#887=VERTEX_POINT('',#6514);
#888=VERTEX_POINT('',#6516);
#889=VERTEX_POINT('',#6518);
#890=VERTEX_POINT('',#6520);
#891=VERTEX_POINT('',#6522);
#892=VERTEX_POINT('',#6524);
#893=VERTEX_POINT('',#6526);
#894=VERTEX_POINT('',#6530);
#895=VERTEX_POINT('',#6534);
#896=VERTEX_POINT('',#6538);
#897=VERTEX_POINT('',#6542);
#898=VERTEX_POINT('',#6546);
#899=VERTEX_POINT('',#6550);
#900=VERTEX_POINT('',#6554);
#901=VERTEX_POINT('',#6558);
#902=VERTEX_POINT('',#6562);
#903=VERTEX_POINT('',#6566);
#904=VERTEX_POINT('',#6570);
#905=VERTEX_POINT('',#6574);
#906=VERTEX_POINT('',#6581);
#907=VERTEX_POINT('',#6583);
#908=VERTEX_POINT('',#6587);
#909=VERTEX_POINT('',#6589);
#910=VERTEX_POINT('',#6591);
#911=VERTEX_POINT('',#6593);
#912=VERTEX_POINT('',#6595);
#913=VERTEX_POINT('',#6597);
#914=VERTEX_POINT('',#6599);
#915=VERTEX_POINT('',#6601);
#916=VERTEX_POINT('',#6603);
#917=VERTEX_POINT('',#6605);
#918=VERTEX_POINT('',#6607);
#919=VERTEX_POINT('',#6609);
#920=VERTEX_POINT('',#6611);
#921=VERTEX_POINT('',#6613);
#922=VERTEX_POINT('',#6615);
#923=VERTEX_POINT('',#6617);
#924=VERTEX_POINT('',#6619);
#925=VERTEX_POINT('',#6621);
#926=VERTEX_POINT('',#6623);
#927=VERTEX_POINT('',#6627);
#928=VERTEX_POINT('',#6631);
#929=VERTEX_POINT('',#6635);
#930=VERTEX_POINT('',#6639);
#931=VERTEX_POINT('',#6643);
#932=VERTEX_POINT('',#6647);
#933=VERTEX_POINT('',#6651);
#934=VERTEX_POINT('',#6655);
#935=VERTEX_POINT('',#6659);
#936=VERTEX_POINT('',#6663);
#937=VERTEX_POINT('',#6667);
#938=VERTEX_POINT('',#6671);
#939=VERTEX_POINT('',#6675);
#940=VERTEX_POINT('',#6679);
#941=VERTEX_POINT('',#6683);
#942=VERTEX_POINT('',#6687);
#943=VERTEX_POINT('',#6691);
#944=VERTEX_POINT('',#6695);
#945=VERTEX_POINT('',#6699);
#946=VERTEX_POINT('',#6706);
#947=VERTEX_POINT('',#6708);
#948=VERTEX_POINT('',#6712);
#949=VERTEX_POINT('',#6714);
#950=VERTEX_POINT('',#6716);
#951=VERTEX_POINT('',#6718);
#952=VERTEX_POINT('',#6720);
#953=VERTEX_POINT('',#6722);
#954=VERTEX_POINT('',#6724);
#955=VERTEX_POINT('',#6726);
#956=VERTEX_POINT('',#6728);
#957=VERTEX_POINT('',#6730);
#958=VERTEX_POINT('',#6732);
#959=VERTEX_POINT('',#6734);
#960=VERTEX_POINT('',#6736);
#961=VERTEX_POINT('',#6738);
#962=VERTEX_POINT('',#6740);
#963=VERTEX_POINT('',#6742);
#964=VERTEX_POINT('',#6744);
#965=VERTEX_POINT('',#6746);
#966=VERTEX_POINT('',#6750);
#967=VERTEX_POINT('',#6754);
#968=VERTEX_POINT('',#6758);
#969=VERTEX_POINT('',#6762);
#970=VERTEX_POINT('',#6766);
#971=VERTEX_POINT('',#6770);
#972=VERTEX_POINT('',#6774);
#973=VERTEX_POINT('',#6778);
#974=VERTEX_POINT('',#6782);
#975=VERTEX_POINT('',#6786);
#976=VERTEX_POINT('',#6790);
#977=VERTEX_POINT('',#6794);
#978=VERTEX_POINT('',#6798);
#979=VERTEX_POINT('',#6802);
#980=VERTEX_POINT('',#6806);
#981=VERTEX_POINT('',#6810);
#982=VERTEX_POINT('',#6814);
#983=VERTEX_POINT('',#6818);
#984=VERTEX_POINT('',#10128);
#985=EDGE_CURVE('',#777,#777,#725,.T.);
#986=EDGE_CURVE('',#778,#778,#726,.T.);
#987=EDGE_CURVE('',#779,#778,#727,.T.);
#988=EDGE_CURVE('',#780,#779,#728,.T.);
#989=EDGE_CURVE('',#781,#780,#729,.T.);
#990=EDGE_CURVE('',#782,#781,#730,.T.);
#991=EDGE_CURVE('',#783,#782,#731,.T.);
#992=EDGE_CURVE('',#784,#783,#732,.T.);
#993=EDGE_CURVE('',#785,#784,#733,.T.);
#994=EDGE_CURVE('',#786,#785,#734,.T.);
#995=EDGE_CURVE('',#787,#786,#735,.T.);
#996=EDGE_CURVE('',#788,#787,#736,.T.);
#997=EDGE_CURVE('',#789,#788,#737,.T.);
#998=EDGE_CURVE('',#790,#789,#738,.T.);
#999=EDGE_CURVE('',#791,#790,#739,.T.);
#1000=EDGE_CURVE('',#792,#791,#740,.T.);
#1001=EDGE_CURVE('',#793,#792,#741,.T.);
#1002=EDGE_CURVE('',#794,#793,#742,.T.);
#1003=EDGE_CURVE('',#795,#794,#743,.T.);
#1004=EDGE_CURVE('',#796,#795,#744,.T.);
#1005=EDGE_CURVE('',#797,#796,#745,.T.);
#1006=EDGE_CURVE('',#798,#797,#746,.T.);
#1007=EDGE_CURVE('',#799,#798,#747,.T.);
#1008=EDGE_CURVE('',#800,#799,#748,.T.);
#1009=EDGE_CURVE('',#801,#800,#749,.T.);
#1010=EDGE_CURVE('',#802,#801,#750,.T.);
#1011=EDGE_CURVE('',#803,#802,#751,.T.);
#1012=EDGE_CURVE('',#804,#803,#752,.T.);
#1013=EDGE_CURVE('',#779,#804,#753,.T.);
#1014=EDGE_CURVE('',#805,#777,#754,.T.);
#1015=EDGE_CURVE('',#805,#805,#755,.T.);
#1016=EDGE_CURVE('',#806,#807,#756,.T.);
#1017=EDGE_CURVE('',#807,#808,#757,.T.);
#1018=EDGE_CURVE('',#808,#809,#758,.T.);
#1019=EDGE_CURVE('',#809,#806,#759,.T.);
#1020=EDGE_CURVE('',#810,#811,#760,.T.);
#1021=EDGE_CURVE('',#811,#812,#761,.T.);
#1022=EDGE_CURVE('',#812,#813,#762,.T.);
#1023=EDGE_CURVE('',#813,#810,#763,.T.);
#1024=EDGE_CURVE('',#814,#815,#764,.T.);
#1025=EDGE_CURVE('',#815,#816,#765,.T.);
#1026=EDGE_CURVE('',#816,#817,#766,.T.);
#1027=EDGE_CURVE('',#817,#814,#767,.T.);
#1028=EDGE_CURVE('',#818,#819,#768,.T.);
#1029=EDGE_CURVE('',#819,#820,#769,.T.);
#1030=EDGE_CURVE('',#820,#821,#770,.T.);
#1031=EDGE_CURVE('',#821,#818,#771,.T.);
#1032=EDGE_CURVE('',#822,#823,#772,.T.);
#1033=EDGE_CURVE('',#823,#824,#773,.T.);
#1034=EDGE_CURVE('',#824,#825,#774,.T.);
#1035=EDGE_CURVE('',#825,#822,#775,.T.);
#1036=EDGE_CURVE('',#826,#823,#16,.T.);
#1037=EDGE_CURVE('',#826,#827,#17,.T.);
#1038=EDGE_CURVE('',#824,#827,#18,.T.);
#1039=EDGE_CURVE('',#822,#828,#19,.T.);
#1040=EDGE_CURVE('',#828,#829,#20,.T.);
#1041=EDGE_CURVE('',#829,#830,#21,.T.);
#1042=EDGE_CURVE('',#830,#831,#22,.T.);
#1043=EDGE_CURVE('',#831,#832,#23,.T.);
#1044=EDGE_CURVE('',#832,#833,#24,.T.);
#1045=EDGE_CURVE('',#833,#834,#25,.T.);
#1046=EDGE_CURVE('',#834,#835,#26,.T.);
#1047=EDGE_CURVE('',#835,#836,#27,.T.);
#1048=EDGE_CURVE('',#836,#837,#28,.T.);
#1049=EDGE_CURVE('',#837,#838,#29,.T.);
#1050=EDGE_CURVE('',#838,#839,#30,.T.);
#1051=EDGE_CURVE('',#839,#840,#31,.T.);
#1052=EDGE_CURVE('',#840,#826,#32,.T.);
#1053=EDGE_CURVE('',#841,#825,#33,.T.);
#1054=EDGE_CURVE('',#828,#841,#34,.T.);
#1055=EDGE_CURVE('',#842,#841,#35,.T.);
#1056=EDGE_CURVE('',#829,#842,#36,.T.);
#1057=EDGE_CURVE('',#843,#842,#37,.T.);
#1058=EDGE_CURVE('',#830,#843,#38,.T.);
#1059=EDGE_CURVE('',#844,#843,#39,.T.);
#1060=EDGE_CURVE('',#831,#844,#40,.T.);
#1061=EDGE_CURVE('',#845,#844,#41,.T.);
#1062=EDGE_CURVE('',#832,#845,#42,.T.);
#1063=EDGE_CURVE('',#846,#845,#43,.T.);
#1064=EDGE_CURVE('',#833,#846,#44,.T.);
#1065=EDGE_CURVE('',#847,#846,#45,.T.);
#1066=EDGE_CURVE('',#834,#847,#46,.T.);
#1067=EDGE_CURVE('',#848,#847,#47,.T.);
#1068=EDGE_CURVE('',#835,#848,#48,.T.);
#1069=EDGE_CURVE('',#849,#848,#49,.T.);
#1070=EDGE_CURVE('',#836,#849,#50,.T.);
#1071=EDGE_CURVE('',#850,#849,#51,.T.);
#1072=EDGE_CURVE('',#837,#850,#52,.T.);
#1073=EDGE_CURVE('',#851,#850,#53,.T.);
#1074=EDGE_CURVE('',#838,#851,#54,.T.);
#1075=EDGE_CURVE('',#852,#851,#55,.T.);
#1076=EDGE_CURVE('',#839,#852,#56,.T.);
#1077=EDGE_CURVE('',#853,#852,#57,.T.);
#1078=EDGE_CURVE('',#840,#853,#58,.T.);
#1079=EDGE_CURVE('',#827,#853,#59,.T.);
#1080=EDGE_CURVE('',#854,#819,#60,.T.);
#1081=EDGE_CURVE('',#854,#855,#61,.T.);
#1082=EDGE_CURVE('',#820,#855,#62,.T.);
#1083=EDGE_CURVE('',#818,#856,#63,.T.);
#1084=EDGE_CURVE('',#856,#857,#64,.T.);
#1085=EDGE_CURVE('',#857,#858,#65,.T.);
#1086=EDGE_CURVE('',#858,#859,#66,.T.);
#1087=EDGE_CURVE('',#859,#860,#67,.T.);
#1088=EDGE_CURVE('',#860,#861,#68,.T.);
#1089=EDGE_CURVE('',#861,#862,#69,.T.);
#1090=EDGE_CURVE('',#862,#863,#70,.T.);
#1091=EDGE_CURVE('',#863,#864,#71,.T.);
#1092=EDGE_CURVE('',#864,#865,#72,.T.);
#1093=EDGE_CURVE('',#865,#866,#73,.T.);
#1094=EDGE_CURVE('',#866,#867,#74,.T.);
#1095=EDGE_CURVE('',#867,#854,#75,.T.);
#1096=EDGE_CURVE('',#868,#821,#76,.T.);
#1097=EDGE_CURVE('',#856,#868,#77,.T.);
#1098=EDGE_CURVE('',#869,#868,#78,.T.);
#1099=EDGE_CURVE('',#857,#869,#79,.T.);
#1100=EDGE_CURVE('',#870,#869,#80,.T.);
#1101=EDGE_CURVE('',#858,#870,#81,.T.);
#1102=EDGE_CURVE('',#871,#870,#82,.T.);
#1103=EDGE_CURVE('',#859,#871,#83,.T.);
#1104=EDGE_CURVE('',#872,#871,#84,.T.);
#1105=EDGE_CURVE('',#860,#872,#85,.T.);
#1106=EDGE_CURVE('',#873,#872,#86,.T.);
#1107=EDGE_CURVE('',#861,#873,#87,.T.);
#1108=EDGE_CURVE('',#874,#873,#88,.T.);
#1109=EDGE_CURVE('',#862,#874,#89,.T.);
#1110=EDGE_CURVE('',#875,#874,#90,.T.);
#1111=EDGE_CURVE('',#863,#875,#91,.T.);
#1112=EDGE_CURVE('',#876,#875,#92,.T.);
#1113=EDGE_CURVE('',#864,#876,#93,.T.);
#1114=EDGE_CURVE('',#877,#876,#94,.T.);
#1115=EDGE_CURVE('',#865,#877,#95,.T.);
#1116=EDGE_CURVE('',#878,#877,#96,.T.);
#1117=EDGE_CURVE('',#866,#878,#97,.T.);
#1118=EDGE_CURVE('',#879,#878,#98,.T.);
#1119=EDGE_CURVE('',#867,#879,#99,.T.);
#1120=EDGE_CURVE('',#855,#879,#100,.T.);
#1121=EDGE_CURVE('',#880,#815,#101,.T.);
#1122=EDGE_CURVE('',#880,#881,#102,.T.);
#1123=EDGE_CURVE('',#816,#881,#103,.T.);
#1124=EDGE_CURVE('',#814,#882,#104,.T.);
#1125=EDGE_CURVE('',#882,#883,#105,.T.);
#1126=EDGE_CURVE('',#883,#884,#106,.T.);
#1127=EDGE_CURVE('',#884,#885,#107,.T.);
#1128=EDGE_CURVE('',#885,#886,#108,.T.);
#1129=EDGE_CURVE('',#886,#887,#109,.T.);
#1130=EDGE_CURVE('',#887,#888,#110,.T.);
#1131=EDGE_CURVE('',#888,#889,#111,.T.);
#1132=EDGE_CURVE('',#889,#890,#112,.T.);
#1133=EDGE_CURVE('',#890,#891,#113,.T.);
#1134=EDGE_CURVE('',#891,#892,#114,.T.);
#1135=EDGE_CURVE('',#892,#893,#115,.T.);
#1136=EDGE_CURVE('',#893,#880,#116,.T.);
#1137=EDGE_CURVE('',#894,#817,#117,.T.);
#1138=EDGE_CURVE('',#882,#894,#118,.T.);
#1139=EDGE_CURVE('',#895,#894,#119,.T.);
#1140=EDGE_CURVE('',#883,#895,#120,.T.);
#1141=EDGE_CURVE('',#896,#895,#121,.T.);
#1142=EDGE_CURVE('',#884,#896,#122,.T.);
#1143=EDGE_CURVE('',#897,#896,#123,.T.);
#1144=EDGE_CURVE('',#885,#897,#124,.T.);
#1145=EDGE_CURVE('',#898,#897,#125,.T.);
#1146=EDGE_CURVE('',#886,#898,#126,.T.);
#1147=EDGE_CURVE('',#899,#898,#127,.T.);
#1148=EDGE_CURVE('',#887,#899,#128,.T.);
#1149=EDGE_CURVE('',#900,#899,#129,.T.);
#1150=EDGE_CURVE('',#888,#900,#130,.T.);
#1151=EDGE_CURVE('',#901,#900,#131,.T.);
#1152=EDGE_CURVE('',#889,#901,#132,.T.);
#1153=EDGE_CURVE('',#902,#901,#133,.T.);
#1154=EDGE_CURVE('',#890,#902,#134,.T.);
#1155=EDGE_CURVE('',#903,#902,#135,.T.);
#1156=EDGE_CURVE('',#891,#903,#136,.T.);
#1157=EDGE_CURVE('',#904,#903,#137,.T.);
#1158=EDGE_CURVE('',#892,#904,#138,.T.);
#1159=EDGE_CURVE('',#905,#904,#139,.T.);
#1160=EDGE_CURVE('',#893,#905,#140,.T.);
#1161=EDGE_CURVE('',#881,#905,#141,.T.);
#1162=EDGE_CURVE('',#906,#811,#142,.T.);
#1163=EDGE_CURVE('',#906,#907,#143,.T.);
#1164=EDGE_CURVE('',#812,#907,#144,.T.);
#1165=EDGE_CURVE('',#810,#908,#145,.T.);
#1166=EDGE_CURVE('',#908,#909,#146,.T.);
#1167=EDGE_CURVE('',#909,#910,#147,.T.);
#1168=EDGE_CURVE('',#910,#911,#148,.T.);
#1169=EDGE_CURVE('',#911,#912,#149,.T.);
#1170=EDGE_CURVE('',#912,#913,#150,.T.);
#1171=EDGE_CURVE('',#913,#914,#151,.T.);
#1172=EDGE_CURVE('',#914,#915,#152,.T.);
#1173=EDGE_CURVE('',#915,#916,#153,.T.);
#1174=EDGE_CURVE('',#916,#917,#154,.T.);
#1175=EDGE_CURVE('',#917,#918,#155,.T.);
#1176=EDGE_CURVE('',#918,#919,#156,.T.);
#1177=EDGE_CURVE('',#919,#920,#157,.T.);
#1178=EDGE_CURVE('',#920,#921,#158,.T.);
#1179=EDGE_CURVE('',#921,#922,#159,.T.);
#1180=EDGE_CURVE('',#922,#923,#160,.T.);
#1181=EDGE_CURVE('',#923,#924,#161,.T.);
#1182=EDGE_CURVE('',#924,#925,#162,.T.);
#1183=EDGE_CURVE('',#925,#926,#163,.T.);
#1184=EDGE_CURVE('',#926,#906,#164,.T.);
#1185=EDGE_CURVE('',#927,#813,#165,.T.);
#1186=EDGE_CURVE('',#908,#927,#166,.T.);
#1187=EDGE_CURVE('',#928,#927,#167,.T.);
#1188=EDGE_CURVE('',#909,#928,#168,.T.);
#1189=EDGE_CURVE('',#929,#928,#169,.T.);
#1190=EDGE_CURVE('',#910,#929,#170,.T.);
#1191=EDGE_CURVE('',#930,#929,#171,.T.);
#1192=EDGE_CURVE('',#911,#930,#172,.T.);
#1193=EDGE_CURVE('',#931,#930,#173,.T.);
#1194=EDGE_CURVE('',#912,#931,#174,.T.);
#1195=EDGE_CURVE('',#932,#931,#175,.T.);
#1196=EDGE_CURVE('',#913,#932,#176,.T.);
#1197=EDGE_CURVE('',#933,#932,#177,.T.);
#1198=EDGE_CURVE('',#914,#933,#178,.T.);
#1199=EDGE_CURVE('',#934,#933,#179,.T.);
#1200=EDGE_CURVE('',#915,#934,#180,.T.);
#1201=EDGE_CURVE('',#935,#934,#181,.T.);
#1202=EDGE_CURVE('',#916,#935,#182,.T.);
#1203=EDGE_CURVE('',#936,#935,#183,.T.);
#1204=EDGE_CURVE('',#917,#936,#184,.T.);
#1205=EDGE_CURVE('',#937,#936,#185,.T.);
#1206=EDGE_CURVE('',#918,#937,#186,.T.);
#1207=EDGE_CURVE('',#938,#937,#187,.T.);
#1208=EDGE_CURVE('',#919,#938,#188,.T.);
#1209=EDGE_CURVE('',#939,#938,#189,.T.);
#1210=EDGE_CURVE('',#920,#939,#190,.T.);
#1211=EDGE_CURVE('',#940,#939,#191,.T.);
#1212=EDGE_CURVE('',#921,#940,#192,.T.);
#1213=EDGE_CURVE('',#941,#940,#193,.T.);
#1214=EDGE_CURVE('',#922,#941,#194,.T.);
#1215=EDGE_CURVE('',#942,#941,#195,.T.);
#1216=EDGE_CURVE('',#923,#942,#196,.T.);
#1217=EDGE_CURVE('',#943,#942,#197,.T.);
#1218=EDGE_CURVE('',#924,#943,#198,.T.);
#1219=EDGE_CURVE('',#944,#943,#199,.T.);
#1220=EDGE_CURVE('',#925,#944,#200,.T.);
#1221=EDGE_CURVE('',#945,#944,#201,.T.);
#1222=EDGE_CURVE('',#926,#945,#202,.T.);
#1223=EDGE_CURVE('',#907,#945,#203,.T.);
#1224=EDGE_CURVE('',#946,#807,#204,.T.);
#1225=EDGE_CURVE('',#946,#947,#205,.T.);
#1226=EDGE_CURVE('',#808,#947,#206,.T.);
#1227=EDGE_CURVE('',#806,#948,#207,.T.);
#1228=EDGE_CURVE('',#948,#949,#208,.T.);
#1229=EDGE_CURVE('',#949,#950,#209,.T.);
#1230=EDGE_CURVE('',#950,#951,#210,.T.);
#1231=EDGE_CURVE('',#951,#952,#211,.T.);
#1232=EDGE_CURVE('',#952,#953,#212,.T.);
#1233=EDGE_CURVE('',#953,#954,#213,.T.);
#1234=EDGE_CURVE('',#954,#955,#214,.T.);
#1235=EDGE_CURVE('',#955,#956,#215,.T.);
#1236=EDGE_CURVE('',#956,#957,#216,.T.);
#1237=EDGE_CURVE('',#957,#958,#217,.T.);
#1238=EDGE_CURVE('',#958,#959,#218,.T.);
#1239=EDGE_CURVE('',#959,#960,#219,.T.);
#1240=EDGE_CURVE('',#960,#961,#220,.T.);
#1241=EDGE_CURVE('',#961,#962,#221,.T.);
#1242=EDGE_CURVE('',#962,#963,#222,.T.);
#1243=EDGE_CURVE('',#963,#964,#223,.T.);
#1244=EDGE_CURVE('',#964,#965,#224,.T.);
#1245=EDGE_CURVE('',#965,#946,#225,.T.);
#1246=EDGE_CURVE('',#966,#809,#226,.T.);
#1247=EDGE_CURVE('',#948,#966,#227,.T.);
#1248=EDGE_CURVE('',#967,#966,#228,.T.);
#1249=EDGE_CURVE('',#949,#967,#229,.T.);
#1250=EDGE_CURVE('',#968,#967,#230,.T.);
#1251=EDGE_CURVE('',#950,#968,#231,.T.);
#1252=EDGE_CURVE('',#969,#968,#232,.T.);
#1253=EDGE_CURVE('',#951,#969,#233,.T.);
#1254=EDGE_CURVE('',#970,#969,#234,.T.);
#1255=EDGE_CURVE('',#952,#970,#235,.T.);
#1256=EDGE_CURVE('',#971,#970,#236,.T.);
#1257=EDGE_CURVE('',#953,#971,#237,.T.);
#1258=EDGE_CURVE('',#972,#971,#238,.T.);
#1259=EDGE_CURVE('',#954,#972,#239,.T.);
#1260=EDGE_CURVE('',#973,#972,#240,.T.);
#1261=EDGE_CURVE('',#955,#973,#241,.T.);
#1262=EDGE_CURVE('',#974,#973,#242,.T.);
#1263=EDGE_CURVE('',#956,#974,#243,.T.);
#1264=EDGE_CURVE('',#975,#974,#244,.T.);
#1265=EDGE_CURVE('',#957,#975,#245,.T.);
#1266=EDGE_CURVE('',#976,#975,#246,.T.);
#1267=EDGE_CURVE('',#958,#976,#247,.T.);
#1268=EDGE_CURVE('',#977,#976,#248,.T.);
#1269=EDGE_CURVE('',#959,#977,#249,.T.);
#1270=EDGE_CURVE('',#978,#977,#250,.T.);
#1271=EDGE_CURVE('',#960,#978,#251,.T.);
#1272=EDGE_CURVE('',#979,#978,#252,.T.);
#1273=EDGE_CURVE('',#961,#979,#253,.T.);
#1274=EDGE_CURVE('',#980,#979,#254,.T.);
#1275=EDGE_CURVE('',#962,#980,#255,.T.);
#1276=EDGE_CURVE('',#981,#980,#256,.T.);
#1277=EDGE_CURVE('',#963,#981,#257,.T.);
#1278=EDGE_CURVE('',#982,#981,#258,.T.);
#1279=EDGE_CURVE('',#964,#982,#259,.T.);
#1280=EDGE_CURVE('',#983,#982,#260,.T.);
#1281=EDGE_CURVE('',#965,#983,#261,.T.);
#1282=EDGE_CURVE('',#947,#983,#262,.T.);
#1283=EDGE_CURVE('',#984,#780,#15,.T.);
#1284=EDGE_CURVE('',#984,#984,#776,.T.);
#1285=ORIENTED_EDGE('',*,*,#985,.T.);
#1286=ORIENTED_EDGE('',*,*,#986,.T.);
#1287=ORIENTED_EDGE('',*,*,#986,.F.);
#1288=ORIENTED_EDGE('',*,*,#987,.F.);
#1289=ORIENTED_EDGE('',*,*,#988,.F.);
#1290=ORIENTED_EDGE('',*,*,#989,.F.);
#1291=ORIENTED_EDGE('',*,*,#990,.F.);
#1292=ORIENTED_EDGE('',*,*,#991,.F.);
#1293=ORIENTED_EDGE('',*,*,#992,.F.);
#1294=ORIENTED_EDGE('',*,*,#993,.F.);
#1295=ORIENTED_EDGE('',*,*,#994,.F.);
#1296=ORIENTED_EDGE('',*,*,#995,.F.);
#1297=ORIENTED_EDGE('',*,*,#996,.F.);
#1298=ORIENTED_EDGE('',*,*,#997,.F.);
#1299=ORIENTED_EDGE('',*,*,#998,.F.);
#1300=ORIENTED_EDGE('',*,*,#999,.F.);
#1301=ORIENTED_EDGE('',*,*,#1000,.F.);
#1302=ORIENTED_EDGE('',*,*,#1001,.F.);
#1303=ORIENTED_EDGE('',*,*,#1002,.F.);
#1304=ORIENTED_EDGE('',*,*,#1003,.F.);
#1305=ORIENTED_EDGE('',*,*,#1004,.F.);
#1306=ORIENTED_EDGE('',*,*,#1005,.F.);
#1307=ORIENTED_EDGE('',*,*,#1006,.F.);
#1308=ORIENTED_EDGE('',*,*,#1007,.F.);
#1309=ORIENTED_EDGE('',*,*,#1008,.F.);
#1310=ORIENTED_EDGE('',*,*,#1009,.F.);
#1311=ORIENTED_EDGE('',*,*,#1010,.F.);
#1312=ORIENTED_EDGE('',*,*,#1011,.F.);
#1313=ORIENTED_EDGE('',*,*,#1012,.F.);
#1314=ORIENTED_EDGE('',*,*,#1013,.F.);
#1315=ORIENTED_EDGE('',*,*,#987,.T.);
#1316=ORIENTED_EDGE('',*,*,#985,.F.);
#1317=ORIENTED_EDGE('',*,*,#1014,.F.);
#1318=ORIENTED_EDGE('',*,*,#1015,.T.);
#1319=ORIENTED_EDGE('',*,*,#1014,.T.);
#1320=ORIENTED_EDGE('',*,*,#1016,.T.);
#1321=ORIENTED_EDGE('',*,*,#1017,.T.);
#1322=ORIENTED_EDGE('',*,*,#1018,.T.);
#1323=ORIENTED_EDGE('',*,*,#1019,.T.);
#1324=ORIENTED_EDGE('',*,*,#1020,.T.);
#1325=ORIENTED_EDGE('',*,*,#1021,.T.);
#1326=ORIENTED_EDGE('',*,*,#1022,.T.);
#1327=ORIENTED_EDGE('',*,*,#1023,.T.);
#1328=ORIENTED_EDGE('',*,*,#1024,.T.);
#1329=ORIENTED_EDGE('',*,*,#1025,.T.);
#1330=ORIENTED_EDGE('',*,*,#1026,.T.);
#1331=ORIENTED_EDGE('',*,*,#1027,.T.);
#1332=ORIENTED_EDGE('',*,*,#1028,.T.);
#1333=ORIENTED_EDGE('',*,*,#1029,.T.);
#1334=ORIENTED_EDGE('',*,*,#1030,.T.);
#1335=ORIENTED_EDGE('',*,*,#1031,.T.);
#1336=ORIENTED_EDGE('',*,*,#1032,.T.);
#1337=ORIENTED_EDGE('',*,*,#1033,.T.);
#1338=ORIENTED_EDGE('',*,*,#1034,.T.);
#1339=ORIENTED_EDGE('',*,*,#1035,.T.);
#1340=ORIENTED_EDGE('',*,*,#1033,.F.);
#1341=ORIENTED_EDGE('',*,*,#1036,.F.);
#1342=ORIENTED_EDGE('',*,*,#1037,.T.);
#1343=ORIENTED_EDGE('',*,*,#1038,.F.);
#1344=ORIENTED_EDGE('',*,*,#1032,.F.);
#1345=ORIENTED_EDGE('',*,*,#1039,.T.);
#1346=ORIENTED_EDGE('',*,*,#1040,.T.);
#1347=ORIENTED_EDGE('',*,*,#1041,.T.);
#1348=ORIENTED_EDGE('',*,*,#1042,.T.);
#1349=ORIENTED_EDGE('',*,*,#1043,.T.);
#1350=ORIENTED_EDGE('',*,*,#1044,.T.);
#1351=ORIENTED_EDGE('',*,*,#1045,.T.);
#1352=ORIENTED_EDGE('',*,*,#1046,.T.);
#1353=ORIENTED_EDGE('',*,*,#1047,.T.);
#1354=ORIENTED_EDGE('',*,*,#1048,.T.);
#1355=ORIENTED_EDGE('',*,*,#1049,.T.);
#1356=ORIENTED_EDGE('',*,*,#1050,.T.);
#1357=ORIENTED_EDGE('',*,*,#1051,.T.);
#1358=ORIENTED_EDGE('',*,*,#1052,.T.);
#1359=ORIENTED_EDGE('',*,*,#1036,.T.);
#1360=ORIENTED_EDGE('',*,*,#1035,.F.);
#1361=ORIENTED_EDGE('',*,*,#1053,.F.);
#1362=ORIENTED_EDGE('',*,*,#1054,.F.);
#1363=ORIENTED_EDGE('',*,*,#1039,.F.);
#1364=ORIENTED_EDGE('',*,*,#1054,.T.);
#1365=ORIENTED_EDGE('',*,*,#1055,.F.);
#1366=ORIENTED_EDGE('',*,*,#1056,.F.);
#1367=ORIENTED_EDGE('',*,*,#1040,.F.);
#1368=ORIENTED_EDGE('',*,*,#1056,.T.);
#1369=ORIENTED_EDGE('',*,*,#1057,.F.);
#1370=ORIENTED_EDGE('',*,*,#1058,.F.);
#1371=ORIENTED_EDGE('',*,*,#1041,.F.);
#1372=ORIENTED_EDGE('',*,*,#1058,.T.);
#1373=ORIENTED_EDGE('',*,*,#1059,.F.);
#1374=ORIENTED_EDGE('',*,*,#1060,.F.);
#1375=ORIENTED_EDGE('',*,*,#1042,.F.);
#1376=ORIENTED_EDGE('',*,*,#1060,.T.);
#1377=ORIENTED_EDGE('',*,*,#1061,.F.);
#1378=ORIENTED_EDGE('',*,*,#1062,.F.);
#1379=ORIENTED_EDGE('',*,*,#1043,.F.);
#1380=ORIENTED_EDGE('',*,*,#1062,.T.);
#1381=ORIENTED_EDGE('',*,*,#1063,.F.);
#1382=ORIENTED_EDGE('',*,*,#1064,.F.);
#1383=ORIENTED_EDGE('',*,*,#1044,.F.);
#1384=ORIENTED_EDGE('',*,*,#1064,.T.);
#1385=ORIENTED_EDGE('',*,*,#1065,.F.);
#1386=ORIENTED_EDGE('',*,*,#1066,.F.);
#1387=ORIENTED_EDGE('',*,*,#1045,.F.);
#1388=ORIENTED_EDGE('',*,*,#1066,.T.);
#1389=ORIENTED_EDGE('',*,*,#1067,.F.);
#1390=ORIENTED_EDGE('',*,*,#1068,.F.);
#1391=ORIENTED_EDGE('',*,*,#1046,.F.);
#1392=ORIENTED_EDGE('',*,*,#1068,.T.);
#1393=ORIENTED_EDGE('',*,*,#1069,.F.);
#1394=ORIENTED_EDGE('',*,*,#1070,.F.);
#1395=ORIENTED_EDGE('',*,*,#1047,.F.);
#1396=ORIENTED_EDGE('',*,*,#1070,.T.);
#1397=ORIENTED_EDGE('',*,*,#1071,.F.);
#1398=ORIENTED_EDGE('',*,*,#1072,.F.);
#1399=ORIENTED_EDGE('',*,*,#1048,.F.);
#1400=ORIENTED_EDGE('',*,*,#1072,.T.);
#1401=ORIENTED_EDGE('',*,*,#1073,.F.);
#1402=ORIENTED_EDGE('',*,*,#1074,.F.);
#1403=ORIENTED_EDGE('',*,*,#1049,.F.);
#1404=ORIENTED_EDGE('',*,*,#1074,.T.);
#1405=ORIENTED_EDGE('',*,*,#1075,.F.);
#1406=ORIENTED_EDGE('',*,*,#1076,.F.);
#1407=ORIENTED_EDGE('',*,*,#1050,.F.);
#1408=ORIENTED_EDGE('',*,*,#1076,.T.);
#1409=ORIENTED_EDGE('',*,*,#1077,.F.);
#1410=ORIENTED_EDGE('',*,*,#1078,.F.);
#1411=ORIENTED_EDGE('',*,*,#1051,.F.);
#1412=ORIENTED_EDGE('',*,*,#1078,.T.);
#1413=ORIENTED_EDGE('',*,*,#1079,.F.);
#1414=ORIENTED_EDGE('',*,*,#1037,.F.);
#1415=ORIENTED_EDGE('',*,*,#1052,.F.);
#1416=ORIENTED_EDGE('',*,*,#1034,.F.);
#1417=ORIENTED_EDGE('',*,*,#1038,.T.);
#1418=ORIENTED_EDGE('',*,*,#1079,.T.);
#1419=ORIENTED_EDGE('',*,*,#1077,.T.);
#1420=ORIENTED_EDGE('',*,*,#1075,.T.);
#1421=ORIENTED_EDGE('',*,*,#1073,.T.);
#1422=ORIENTED_EDGE('',*,*,#1071,.T.);
#1423=ORIENTED_EDGE('',*,*,#1069,.T.);
#1424=ORIENTED_EDGE('',*,*,#1067,.T.);
#1425=ORIENTED_EDGE('',*,*,#1065,.T.);
#1426=ORIENTED_EDGE('',*,*,#1063,.T.);
#1427=ORIENTED_EDGE('',*,*,#1061,.T.);
#1428=ORIENTED_EDGE('',*,*,#1059,.T.);
#1429=ORIENTED_EDGE('',*,*,#1057,.T.);
#1430=ORIENTED_EDGE('',*,*,#1055,.T.);
#1431=ORIENTED_EDGE('',*,*,#1053,.T.);
#1432=ORIENTED_EDGE('',*,*,#1029,.F.);
#1433=ORIENTED_EDGE('',*,*,#1080,.F.);
#1434=ORIENTED_EDGE('',*,*,#1081,.T.);
#1435=ORIENTED_EDGE('',*,*,#1082,.F.);
#1436=ORIENTED_EDGE('',*,*,#1028,.F.);
#1437=ORIENTED_EDGE('',*,*,#1083,.T.);
#1438=ORIENTED_EDGE('',*,*,#1084,.T.);
#1439=ORIENTED_EDGE('',*,*,#1085,.T.);
#1440=ORIENTED_EDGE('',*,*,#1086,.T.);
#1441=ORIENTED_EDGE('',*,*,#1087,.T.);
#1442=ORIENTED_EDGE('',*,*,#1088,.T.);
#1443=ORIENTED_EDGE('',*,*,#1089,.T.);
#1444=ORIENTED_EDGE('',*,*,#1090,.T.);
#1445=ORIENTED_EDGE('',*,*,#1091,.T.);
#1446=ORIENTED_EDGE('',*,*,#1092,.T.);
#1447=ORIENTED_EDGE('',*,*,#1093,.T.);
#1448=ORIENTED_EDGE('',*,*,#1094,.T.);
#1449=ORIENTED_EDGE('',*,*,#1095,.T.);
#1450=ORIENTED_EDGE('',*,*,#1080,.T.);
#1451=ORIENTED_EDGE('',*,*,#1031,.F.);
#1452=ORIENTED_EDGE('',*,*,#1096,.F.);
#1453=ORIENTED_EDGE('',*,*,#1097,.F.);
#1454=ORIENTED_EDGE('',*,*,#1083,.F.);
#1455=ORIENTED_EDGE('',*,*,#1097,.T.);
#1456=ORIENTED_EDGE('',*,*,#1098,.F.);
#1457=ORIENTED_EDGE('',*,*,#1099,.F.);
#1458=ORIENTED_EDGE('',*,*,#1084,.F.);
#1459=ORIENTED_EDGE('',*,*,#1099,.T.);
#1460=ORIENTED_EDGE('',*,*,#1100,.F.);
#1461=ORIENTED_EDGE('',*,*,#1101,.F.);
#1462=ORIENTED_EDGE('',*,*,#1085,.F.);
#1463=ORIENTED_EDGE('',*,*,#1101,.T.);
#1464=ORIENTED_EDGE('',*,*,#1102,.F.);
#1465=ORIENTED_EDGE('',*,*,#1103,.F.);
#1466=ORIENTED_EDGE('',*,*,#1086,.F.);
#1467=ORIENTED_EDGE('',*,*,#1103,.T.);
#1468=ORIENTED_EDGE('',*,*,#1104,.F.);
#1469=ORIENTED_EDGE('',*,*,#1105,.F.);
#1470=ORIENTED_EDGE('',*,*,#1087,.F.);
#1471=ORIENTED_EDGE('',*,*,#1105,.T.);
#1472=ORIENTED_EDGE('',*,*,#1106,.F.);
#1473=ORIENTED_EDGE('',*,*,#1107,.F.);
#1474=ORIENTED_EDGE('',*,*,#1088,.F.);
#1475=ORIENTED_EDGE('',*,*,#1107,.T.);
#1476=ORIENTED_EDGE('',*,*,#1108,.F.);
#1477=ORIENTED_EDGE('',*,*,#1109,.F.);
#1478=ORIENTED_EDGE('',*,*,#1089,.F.);
#1479=ORIENTED_EDGE('',*,*,#1109,.T.);
#1480=ORIENTED_EDGE('',*,*,#1110,.F.);
#1481=ORIENTED_EDGE('',*,*,#1111,.F.);
#1482=ORIENTED_EDGE('',*,*,#1090,.F.);
#1483=ORIENTED_EDGE('',*,*,#1111,.T.);
#1484=ORIENTED_EDGE('',*,*,#1112,.F.);
#1485=ORIENTED_EDGE('',*,*,#1113,.F.);
#1486=ORIENTED_EDGE('',*,*,#1091,.F.);
#1487=ORIENTED_EDGE('',*,*,#1113,.T.);
#1488=ORIENTED_EDGE('',*,*,#1114,.F.);
#1489=ORIENTED_EDGE('',*,*,#1115,.F.);
#1490=ORIENTED_EDGE('',*,*,#1092,.F.);
#1491=ORIENTED_EDGE('',*,*,#1115,.T.);
#1492=ORIENTED_EDGE('',*,*,#1116,.F.);
#1493=ORIENTED_EDGE('',*,*,#1117,.F.);
#1494=ORIENTED_EDGE('',*,*,#1093,.F.);
#1495=ORIENTED_EDGE('',*,*,#1117,.T.);
#1496=ORIENTED_EDGE('',*,*,#1118,.F.);
#1497=ORIENTED_EDGE('',*,*,#1119,.F.);
#1498=ORIENTED_EDGE('',*,*,#1094,.F.);
#1499=ORIENTED_EDGE('',*,*,#1119,.T.);
#1500=ORIENTED_EDGE('',*,*,#1120,.F.);
#1501=ORIENTED_EDGE('',*,*,#1081,.F.);
#1502=ORIENTED_EDGE('',*,*,#1095,.F.);
#1503=ORIENTED_EDGE('',*,*,#1030,.F.);
#1504=ORIENTED_EDGE('',*,*,#1082,.T.);
#1505=ORIENTED_EDGE('',*,*,#1120,.T.);
#1506=ORIENTED_EDGE('',*,*,#1118,.T.);
#1507=ORIENTED_EDGE('',*,*,#1116,.T.);
#1508=ORIENTED_EDGE('',*,*,#1114,.T.);
#1509=ORIENTED_EDGE('',*,*,#1112,.T.);
#1510=ORIENTED_EDGE('',*,*,#1110,.T.);
#1511=ORIENTED_EDGE('',*,*,#1108,.T.);
#1512=ORIENTED_EDGE('',*,*,#1106,.T.);
#1513=ORIENTED_EDGE('',*,*,#1104,.T.);
#1514=ORIENTED_EDGE('',*,*,#1102,.T.);
#1515=ORIENTED_EDGE('',*,*,#1100,.T.);
#1516=ORIENTED_EDGE('',*,*,#1098,.T.);
#1517=ORIENTED_EDGE('',*,*,#1096,.T.);
#1518=ORIENTED_EDGE('',*,*,#1025,.F.);
#1519=ORIENTED_EDGE('',*,*,#1121,.F.);
#1520=ORIENTED_EDGE('',*,*,#1122,.T.);
#1521=ORIENTED_EDGE('',*,*,#1123,.F.);
#1522=ORIENTED_EDGE('',*,*,#1024,.F.);
#1523=ORIENTED_EDGE('',*,*,#1124,.T.);
#1524=ORIENTED_EDGE('',*,*,#1125,.T.);
#1525=ORIENTED_EDGE('',*,*,#1126,.T.);
#1526=ORIENTED_EDGE('',*,*,#1127,.T.);
#1527=ORIENTED_EDGE('',*,*,#1128,.T.);
#1528=ORIENTED_EDGE('',*,*,#1129,.T.);
#1529=ORIENTED_EDGE('',*,*,#1130,.T.);
#1530=ORIENTED_EDGE('',*,*,#1131,.T.);
#1531=ORIENTED_EDGE('',*,*,#1132,.T.);
#1532=ORIENTED_EDGE('',*,*,#1133,.T.);
#1533=ORIENTED_EDGE('',*,*,#1134,.T.);
#1534=ORIENTED_EDGE('',*,*,#1135,.T.);
#1535=ORIENTED_EDGE('',*,*,#1136,.T.);
#1536=ORIENTED_EDGE('',*,*,#1121,.T.);
#1537=ORIENTED_EDGE('',*,*,#1027,.F.);
#1538=ORIENTED_EDGE('',*,*,#1137,.F.);
#1539=ORIENTED_EDGE('',*,*,#1138,.F.);
#1540=ORIENTED_EDGE('',*,*,#1124,.F.);
#1541=ORIENTED_EDGE('',*,*,#1138,.T.);
#1542=ORIENTED_EDGE('',*,*,#1139,.F.);
#1543=ORIENTED_EDGE('',*,*,#1140,.F.);
#1544=ORIENTED_EDGE('',*,*,#1125,.F.);
#1545=ORIENTED_EDGE('',*,*,#1140,.T.);
#1546=ORIENTED_EDGE('',*,*,#1141,.F.);
#1547=ORIENTED_EDGE('',*,*,#1142,.F.);
#1548=ORIENTED_EDGE('',*,*,#1126,.F.);
#1549=ORIENTED_EDGE('',*,*,#1142,.T.);
#1550=ORIENTED_EDGE('',*,*,#1143,.F.);
#1551=ORIENTED_EDGE('',*,*,#1144,.F.);
#1552=ORIENTED_EDGE('',*,*,#1127,.F.);
#1553=ORIENTED_EDGE('',*,*,#1144,.T.);
#1554=ORIENTED_EDGE('',*,*,#1145,.F.);
#1555=ORIENTED_EDGE('',*,*,#1146,.F.);
#1556=ORIENTED_EDGE('',*,*,#1128,.F.);
#1557=ORIENTED_EDGE('',*,*,#1146,.T.);
#1558=ORIENTED_EDGE('',*,*,#1147,.F.);
#1559=ORIENTED_EDGE('',*,*,#1148,.F.);
#1560=ORIENTED_EDGE('',*,*,#1129,.F.);
#1561=ORIENTED_EDGE('',*,*,#1148,.T.);
#1562=ORIENTED_EDGE('',*,*,#1149,.F.);
#1563=ORIENTED_EDGE('',*,*,#1150,.F.);
#1564=ORIENTED_EDGE('',*,*,#1130,.F.);
#1565=ORIENTED_EDGE('',*,*,#1150,.T.);
#1566=ORIENTED_EDGE('',*,*,#1151,.F.);
#1567=ORIENTED_EDGE('',*,*,#1152,.F.);
#1568=ORIENTED_EDGE('',*,*,#1131,.F.);
#1569=ORIENTED_EDGE('',*,*,#1152,.T.);
#1570=ORIENTED_EDGE('',*,*,#1153,.F.);
#1571=ORIENTED_EDGE('',*,*,#1154,.F.);
#1572=ORIENTED_EDGE('',*,*,#1132,.F.);
#1573=ORIENTED_EDGE('',*,*,#1154,.T.);
#1574=ORIENTED_EDGE('',*,*,#1155,.F.);
#1575=ORIENTED_EDGE('',*,*,#1156,.F.);
#1576=ORIENTED_EDGE('',*,*,#1133,.F.);
#1577=ORIENTED_EDGE('',*,*,#1156,.T.);
#1578=ORIENTED_EDGE('',*,*,#1157,.F.);
#1579=ORIENTED_EDGE('',*,*,#1158,.F.);
#1580=ORIENTED_EDGE('',*,*,#1134,.F.);
#1581=ORIENTED_EDGE('',*,*,#1158,.T.);
#1582=ORIENTED_EDGE('',*,*,#1159,.F.);
#1583=ORIENTED_EDGE('',*,*,#1160,.F.);
#1584=ORIENTED_EDGE('',*,*,#1135,.F.);
#1585=ORIENTED_EDGE('',*,*,#1160,.T.);
#1586=ORIENTED_EDGE('',*,*,#1161,.F.);
#1587=ORIENTED_EDGE('',*,*,#1122,.F.);
#1588=ORIENTED_EDGE('',*,*,#1136,.F.);
#1589=ORIENTED_EDGE('',*,*,#1026,.F.);
#1590=ORIENTED_EDGE('',*,*,#1123,.T.);
#1591=ORIENTED_EDGE('',*,*,#1161,.T.);
#1592=ORIENTED_EDGE('',*,*,#1159,.T.);
#1593=ORIENTED_EDGE('',*,*,#1157,.T.);
#1594=ORIENTED_EDGE('',*,*,#1155,.T.);
#1595=ORIENTED_EDGE('',*,*,#1153,.T.);
#1596=ORIENTED_EDGE('',*,*,#1151,.T.);
#1597=ORIENTED_EDGE('',*,*,#1149,.T.);
#1598=ORIENTED_EDGE('',*,*,#1147,.T.);
#1599=ORIENTED_EDGE('',*,*,#1145,.T.);
#1600=ORIENTED_EDGE('',*,*,#1143,.T.);
#1601=ORIENTED_EDGE('',*,*,#1141,.T.);
#1602=ORIENTED_EDGE('',*,*,#1139,.T.);
#1603=ORIENTED_EDGE('',*,*,#1137,.T.);
#1604=ORIENTED_EDGE('',*,*,#1021,.F.);
#1605=ORIENTED_EDGE('',*,*,#1162,.F.);
#1606=ORIENTED_EDGE('',*,*,#1163,.T.);
#1607=ORIENTED_EDGE('',*,*,#1164,.F.);
#1608=ORIENTED_EDGE('',*,*,#1020,.F.);
#1609=ORIENTED_EDGE('',*,*,#1165,.T.);
#1610=ORIENTED_EDGE('',*,*,#1166,.T.);
#1611=ORIENTED_EDGE('',*,*,#1167,.T.);
#1612=ORIENTED_EDGE('',*,*,#1168,.T.);
#1613=ORIENTED_EDGE('',*,*,#1169,.T.);
#1614=ORIENTED_EDGE('',*,*,#1170,.T.);
#1615=ORIENTED_EDGE('',*,*,#1171,.T.);
#1616=ORIENTED_EDGE('',*,*,#1172,.T.);
#1617=ORIENTED_EDGE('',*,*,#1173,.T.);
#1618=ORIENTED_EDGE('',*,*,#1174,.T.);
#1619=ORIENTED_EDGE('',*,*,#1175,.T.);
#1620=ORIENTED_EDGE('',*,*,#1176,.T.);
#1621=ORIENTED_EDGE('',*,*,#1177,.T.);
#1622=ORIENTED_EDGE('',*,*,#1178,.T.);
#1623=ORIENTED_EDGE('',*,*,#1179,.T.);
#1624=ORIENTED_EDGE('',*,*,#1180,.T.);
#1625=ORIENTED_EDGE('',*,*,#1181,.T.);
#1626=ORIENTED_EDGE('',*,*,#1182,.T.);
#1627=ORIENTED_EDGE('',*,*,#1183,.T.);
#1628=ORIENTED_EDGE('',*,*,#1184,.T.);
#1629=ORIENTED_EDGE('',*,*,#1162,.T.);
#1630=ORIENTED_EDGE('',*,*,#1023,.F.);
#1631=ORIENTED_EDGE('',*,*,#1185,.F.);
#1632=ORIENTED_EDGE('',*,*,#1186,.F.);
#1633=ORIENTED_EDGE('',*,*,#1165,.F.);
#1634=ORIENTED_EDGE('',*,*,#1186,.T.);
#1635=ORIENTED_EDGE('',*,*,#1187,.F.);
#1636=ORIENTED_EDGE('',*,*,#1188,.F.);
#1637=ORIENTED_EDGE('',*,*,#1166,.F.);
#1638=ORIENTED_EDGE('',*,*,#1188,.T.);
#1639=ORIENTED_EDGE('',*,*,#1189,.F.);
#1640=ORIENTED_EDGE('',*,*,#1190,.F.);
#1641=ORIENTED_EDGE('',*,*,#1167,.F.);
#1642=ORIENTED_EDGE('',*,*,#1190,.T.);
#1643=ORIENTED_EDGE('',*,*,#1191,.F.);
#1644=ORIENTED_EDGE('',*,*,#1192,.F.);
#1645=ORIENTED_EDGE('',*,*,#1168,.F.);
#1646=ORIENTED_EDGE('',*,*,#1192,.T.);
#1647=ORIENTED_EDGE('',*,*,#1193,.F.);
#1648=ORIENTED_EDGE('',*,*,#1194,.F.);
#1649=ORIENTED_EDGE('',*,*,#1169,.F.);
#1650=ORIENTED_EDGE('',*,*,#1194,.T.);
#1651=ORIENTED_EDGE('',*,*,#1195,.F.);
#1652=ORIENTED_EDGE('',*,*,#1196,.F.);
#1653=ORIENTED_EDGE('',*,*,#1170,.F.);
#1654=ORIENTED_EDGE('',*,*,#1196,.T.);
#1655=ORIENTED_EDGE('',*,*,#1197,.F.);
#1656=ORIENTED_EDGE('',*,*,#1198,.F.);
#1657=ORIENTED_EDGE('',*,*,#1171,.F.);
#1658=ORIENTED_EDGE('',*,*,#1198,.T.);
#1659=ORIENTED_EDGE('',*,*,#1199,.F.);
#1660=ORIENTED_EDGE('',*,*,#1200,.F.);
#1661=ORIENTED_EDGE('',*,*,#1172,.F.);
#1662=ORIENTED_EDGE('',*,*,#1200,.T.);
#1663=ORIENTED_EDGE('',*,*,#1201,.F.);
#1664=ORIENTED_EDGE('',*,*,#1202,.F.);
#1665=ORIENTED_EDGE('',*,*,#1173,.F.);
#1666=ORIENTED_EDGE('',*,*,#1202,.T.);
#1667=ORIENTED_EDGE('',*,*,#1203,.F.);
#1668=ORIENTED_EDGE('',*,*,#1204,.F.);
#1669=ORIENTED_EDGE('',*,*,#1174,.F.);
#1670=ORIENTED_EDGE('',*,*,#1204,.T.);
#1671=ORIENTED_EDGE('',*,*,#1205,.F.);
#1672=ORIENTED_EDGE('',*,*,#1206,.F.);
#1673=ORIENTED_EDGE('',*,*,#1175,.F.);
#1674=ORIENTED_EDGE('',*,*,#1206,.T.);
#1675=ORIENTED_EDGE('',*,*,#1207,.F.);
#1676=ORIENTED_EDGE('',*,*,#1208,.F.);
#1677=ORIENTED_EDGE('',*,*,#1176,.F.);
#1678=ORIENTED_EDGE('',*,*,#1208,.T.);
#1679=ORIENTED_EDGE('',*,*,#1209,.F.);
#1680=ORIENTED_EDGE('',*,*,#1210,.F.);
#1681=ORIENTED_EDGE('',*,*,#1177,.F.);
#1682=ORIENTED_EDGE('',*,*,#1210,.T.);
#1683=ORIENTED_EDGE('',*,*,#1211,.F.);
#1684=ORIENTED_EDGE('',*,*,#1212,.F.);
#1685=ORIENTED_EDGE('',*,*,#1178,.F.);
#1686=ORIENTED_EDGE('',*,*,#1212,.T.);
#1687=ORIENTED_EDGE('',*,*,#1213,.F.);
#1688=ORIENTED_EDGE('',*,*,#1214,.F.);
#1689=ORIENTED_EDGE('',*,*,#1179,.F.);
#1690=ORIENTED_EDGE('',*,*,#1214,.T.);
#1691=ORIENTED_EDGE('',*,*,#1215,.F.);
#1692=ORIENTED_EDGE('',*,*,#1216,.F.);
#1693=ORIENTED_EDGE('',*,*,#1180,.F.);
#1694=ORIENTED_EDGE('',*,*,#1216,.T.);
#1695=ORIENTED_EDGE('',*,*,#1217,.F.);
#1696=ORIENTED_EDGE('',*,*,#1218,.F.);
#1697=ORIENTED_EDGE('',*,*,#1181,.F.);
#1698=ORIENTED_EDGE('',*,*,#1218,.T.);
#1699=ORIENTED_EDGE('',*,*,#1219,.F.);
#1700=ORIENTED_EDGE('',*,*,#1220,.F.);
#1701=ORIENTED_EDGE('',*,*,#1182,.F.);
#1702=ORIENTED_EDGE('',*,*,#1220,.T.);
#1703=ORIENTED_EDGE('',*,*,#1221,.F.);
#1704=ORIENTED_EDGE('',*,*,#1222,.F.);
#1705=ORIENTED_EDGE('',*,*,#1183,.F.);
#1706=ORIENTED_EDGE('',*,*,#1222,.T.);
#1707=ORIENTED_EDGE('',*,*,#1223,.F.);
#1708=ORIENTED_EDGE('',*,*,#1163,.F.);
#1709=ORIENTED_EDGE('',*,*,#1184,.F.);
#1710=ORIENTED_EDGE('',*,*,#1022,.F.);
#1711=ORIENTED_EDGE('',*,*,#1164,.T.);
#1712=ORIENTED_EDGE('',*,*,#1223,.T.);
#1713=ORIENTED_EDGE('',*,*,#1221,.T.);
#1714=ORIENTED_EDGE('',*,*,#1219,.T.);
#1715=ORIENTED_EDGE('',*,*,#1217,.T.);
#1716=ORIENTED_EDGE('',*,*,#1215,.T.);
#1717=ORIENTED_EDGE('',*,*,#1213,.T.);
#1718=ORIENTED_EDGE('',*,*,#1211,.T.);
#1719=ORIENTED_EDGE('',*,*,#1209,.T.);
#1720=ORIENTED_EDGE('',*,*,#1207,.T.);
#1721=ORIENTED_EDGE('',*,*,#1205,.T.);
#1722=ORIENTED_EDGE('',*,*,#1203,.T.);
#1723=ORIENTED_EDGE('',*,*,#1201,.T.);
#1724=ORIENTED_EDGE('',*,*,#1199,.T.);
#1725=ORIENTED_EDGE('',*,*,#1197,.T.);
#1726=ORIENTED_EDGE('',*,*,#1195,.T.);
#1727=ORIENTED_EDGE('',*,*,#1193,.T.);
#1728=ORIENTED_EDGE('',*,*,#1191,.T.);
#1729=ORIENTED_EDGE('',*,*,#1189,.T.);
#1730=ORIENTED_EDGE('',*,*,#1187,.T.);
#1731=ORIENTED_EDGE('',*,*,#1185,.T.);
#1732=ORIENTED_EDGE('',*,*,#1017,.F.);
#1733=ORIENTED_EDGE('',*,*,#1224,.F.);
#1734=ORIENTED_EDGE('',*,*,#1225,.T.);
#1735=ORIENTED_EDGE('',*,*,#1226,.F.);
#1736=ORIENTED_EDGE('',*,*,#1016,.F.);
#1737=ORIENTED_EDGE('',*,*,#1227,.T.);
#1738=ORIENTED_EDGE('',*,*,#1228,.T.);
#1739=ORIENTED_EDGE('',*,*,#1229,.T.);
#1740=ORIENTED_EDGE('',*,*,#1230,.T.);
#1741=ORIENTED_EDGE('',*,*,#1231,.T.);
#1742=ORIENTED_EDGE('',*,*,#1232,.T.);
#1743=ORIENTED_EDGE('',*,*,#1233,.T.);
#1744=ORIENTED_EDGE('',*,*,#1234,.T.);
#1745=ORIENTED_EDGE('',*,*,#1235,.T.);
#1746=ORIENTED_EDGE('',*,*,#1236,.T.);
#1747=ORIENTED_EDGE('',*,*,#1237,.T.);
#1748=ORIENTED_EDGE('',*,*,#1238,.T.);
#1749=ORIENTED_EDGE('',*,*,#1239,.T.);
#1750=ORIENTED_EDGE('',*,*,#1240,.T.);
#1751=ORIENTED_EDGE('',*,*,#1241,.T.);
#1752=ORIENTED_EDGE('',*,*,#1242,.T.);
#1753=ORIENTED_EDGE('',*,*,#1243,.T.);
#1754=ORIENTED_EDGE('',*,*,#1244,.T.);
#1755=ORIENTED_EDGE('',*,*,#1245,.T.);
#1756=ORIENTED_EDGE('',*,*,#1224,.T.);
#1757=ORIENTED_EDGE('',*,*,#1019,.F.);
#1758=ORIENTED_EDGE('',*,*,#1246,.F.);
#1759=ORIENTED_EDGE('',*,*,#1247,.F.);
#1760=ORIENTED_EDGE('',*,*,#1227,.F.);
#1761=ORIENTED_EDGE('',*,*,#1247,.T.);
#1762=ORIENTED_EDGE('',*,*,#1248,.F.);
#1763=ORIENTED_EDGE('',*,*,#1249,.F.);
#1764=ORIENTED_EDGE('',*,*,#1228,.F.);
#1765=ORIENTED_EDGE('',*,*,#1249,.T.);
#1766=ORIENTED_EDGE('',*,*,#1250,.F.);
#1767=ORIENTED_EDGE('',*,*,#1251,.F.);
#1768=ORIENTED_EDGE('',*,*,#1229,.F.);
#1769=ORIENTED_EDGE('',*,*,#1251,.T.);
#1770=ORIENTED_EDGE('',*,*,#1252,.F.);
#1771=ORIENTED_EDGE('',*,*,#1253,.F.);
#1772=ORIENTED_EDGE('',*,*,#1230,.F.);
#1773=ORIENTED_EDGE('',*,*,#1253,.T.);
#1774=ORIENTED_EDGE('',*,*,#1254,.F.);
#1775=ORIENTED_EDGE('',*,*,#1255,.F.);
#1776=ORIENTED_EDGE('',*,*,#1231,.F.);
#1777=ORIENTED_EDGE('',*,*,#1255,.T.);
#1778=ORIENTED_EDGE('',*,*,#1256,.F.);
#1779=ORIENTED_EDGE('',*,*,#1257,.F.);
#1780=ORIENTED_EDGE('',*,*,#1232,.F.);
#1781=ORIENTED_EDGE('',*,*,#1257,.T.);
#1782=ORIENTED_EDGE('',*,*,#1258,.F.);
#1783=ORIENTED_EDGE('',*,*,#1259,.F.);
#1784=ORIENTED_EDGE('',*,*,#1233,.F.);
#1785=ORIENTED_EDGE('',*,*,#1259,.T.);
#1786=ORIENTED_EDGE('',*,*,#1260,.F.);
#1787=ORIENTED_EDGE('',*,*,#1261,.F.);
#1788=ORIENTED_EDGE('',*,*,#1234,.F.);
#1789=ORIENTED_EDGE('',*,*,#1261,.T.);
#1790=ORIENTED_EDGE('',*,*,#1262,.F.);
#1791=ORIENTED_EDGE('',*,*,#1263,.F.);
#1792=ORIENTED_EDGE('',*,*,#1235,.F.);
#1793=ORIENTED_EDGE('',*,*,#1263,.T.);
#1794=ORIENTED_EDGE('',*,*,#1264,.F.);
#1795=ORIENTED_EDGE('',*,*,#1265,.F.);
#1796=ORIENTED_EDGE('',*,*,#1236,.F.);
#1797=ORIENTED_EDGE('',*,*,#1265,.T.);
#1798=ORIENTED_EDGE('',*,*,#1266,.F.);
#1799=ORIENTED_EDGE('',*,*,#1267,.F.);
#1800=ORIENTED_EDGE('',*,*,#1237,.F.);
#1801=ORIENTED_EDGE('',*,*,#1267,.T.);
#1802=ORIENTED_EDGE('',*,*,#1268,.F.);
#1803=ORIENTED_EDGE('',*,*,#1269,.F.);
#1804=ORIENTED_EDGE('',*,*,#1238,.F.);
#1805=ORIENTED_EDGE('',*,*,#1269,.T.);
#1806=ORIENTED_EDGE('',*,*,#1270,.F.);
#1807=ORIENTED_EDGE('',*,*,#1271,.F.);
#1808=ORIENTED_EDGE('',*,*,#1239,.F.);
#1809=ORIENTED_EDGE('',*,*,#1271,.T.);
#1810=ORIENTED_EDGE('',*,*,#1272,.F.);
#1811=ORIENTED_EDGE('',*,*,#1273,.F.);
#1812=ORIENTED_EDGE('',*,*,#1240,.F.);
#1813=ORIENTED_EDGE('',*,*,#1273,.T.);
#1814=ORIENTED_EDGE('',*,*,#1274,.F.);
#1815=ORIENTED_EDGE('',*,*,#1275,.F.);
#1816=ORIENTED_EDGE('',*,*,#1241,.F.);
#1817=ORIENTED_EDGE('',*,*,#1275,.T.);
#1818=ORIENTED_EDGE('',*,*,#1276,.F.);
#1819=ORIENTED_EDGE('',*,*,#1277,.F.);
#1820=ORIENTED_EDGE('',*,*,#1242,.F.);
#1821=ORIENTED_EDGE('',*,*,#1277,.T.);
#1822=ORIENTED_EDGE('',*,*,#1278,.F.);
#1823=ORIENTED_EDGE('',*,*,#1279,.F.);
#1824=ORIENTED_EDGE('',*,*,#1243,.F.);
#1825=ORIENTED_EDGE('',*,*,#1279,.T.);
#1826=ORIENTED_EDGE('',*,*,#1280,.F.);
#1827=ORIENTED_EDGE('',*,*,#1281,.F.);
#1828=ORIENTED_EDGE('',*,*,#1244,.F.);
#1829=ORIENTED_EDGE('',*,*,#1281,.T.);
#1830=ORIENTED_EDGE('',*,*,#1282,.F.);
#1831=ORIENTED_EDGE('',*,*,#1225,.F.);
#1832=ORIENTED_EDGE('',*,*,#1245,.F.);
#1833=ORIENTED_EDGE('',*,*,#1018,.F.);
#1834=ORIENTED_EDGE('',*,*,#1226,.T.);
#1835=ORIENTED_EDGE('',*,*,#1282,.T.);
#1836=ORIENTED_EDGE('',*,*,#1280,.T.);
#1837=ORIENTED_EDGE('',*,*,#1278,.T.);
#1838=ORIENTED_EDGE('',*,*,#1276,.T.);
#1839=ORIENTED_EDGE('',*,*,#1274,.T.);
#1840=ORIENTED_EDGE('',*,*,#1272,.T.);
#1841=ORIENTED_EDGE('',*,*,#1270,.T.);
#1842=ORIENTED_EDGE('',*,*,#1268,.T.);
#1843=ORIENTED_EDGE('',*,*,#1266,.T.);
#1844=ORIENTED_EDGE('',*,*,#1264,.T.);
#1845=ORIENTED_EDGE('',*,*,#1262,.T.);
#1846=ORIENTED_EDGE('',*,*,#1260,.T.);
#1847=ORIENTED_EDGE('',*,*,#1258,.T.);
#1848=ORIENTED_EDGE('',*,*,#1256,.T.);
#1849=ORIENTED_EDGE('',*,*,#1254,.T.);
#1850=ORIENTED_EDGE('',*,*,#1252,.T.);
#1851=ORIENTED_EDGE('',*,*,#1250,.T.);
#1852=ORIENTED_EDGE('',*,*,#1248,.T.);
#1853=ORIENTED_EDGE('',*,*,#1246,.T.);
#1854=ORIENTED_EDGE('',*,*,#1283,.T.);
#1855=ORIENTED_EDGE('',*,*,#988,.T.);
#1856=ORIENTED_EDGE('',*,*,#1013,.T.);
#1857=ORIENTED_EDGE('',*,*,#1012,.T.);
#1858=ORIENTED_EDGE('',*,*,#1011,.T.);
#1859=ORIENTED_EDGE('',*,*,#1010,.T.);
#1860=ORIENTED_EDGE('',*,*,#1009,.T.);
#1861=ORIENTED_EDGE('',*,*,#1008,.T.);
#1862=ORIENTED_EDGE('',*,*,#1007,.T.);
#1863=ORIENTED_EDGE('',*,*,#1006,.T.);
#1864=ORIENTED_EDGE('',*,*,#1005,.T.);
#1865=ORIENTED_EDGE('',*,*,#1004,.T.);
#1866=ORIENTED_EDGE('',*,*,#1003,.T.);
#1867=ORIENTED_EDGE('',*,*,#1002,.T.);
#1868=ORIENTED_EDGE('',*,*,#1001,.T.);
#1869=ORIENTED_EDGE('',*,*,#1000,.T.);
#1870=ORIENTED_EDGE('',*,*,#999,.T.);
#1871=ORIENTED_EDGE('',*,*,#998,.T.);
#1872=ORIENTED_EDGE('',*,*,#997,.T.);
#1873=ORIENTED_EDGE('',*,*,#996,.T.);
#1874=ORIENTED_EDGE('',*,*,#995,.T.);
#1875=ORIENTED_EDGE('',*,*,#994,.T.);
#1876=ORIENTED_EDGE('',*,*,#993,.T.);
#1877=ORIENTED_EDGE('',*,*,#992,.T.);
#1878=ORIENTED_EDGE('',*,*,#991,.T.);
#1879=ORIENTED_EDGE('',*,*,#990,.T.);
#1880=ORIENTED_EDGE('',*,*,#989,.T.);
#1881=ORIENTED_EDGE('',*,*,#1283,.F.);
#1882=ORIENTED_EDGE('',*,*,#1284,.T.);
#1883=ORIENTED_EDGE('',*,*,#1015,.F.);
#1884=ORIENTED_EDGE('',*,*,#1284,.F.);
#1885=PLANE('',#2094);
#1886=PLANE('',#2095);
#1887=PLANE('',#2096);
#1888=PLANE('',#2097);
#1889=PLANE('',#2098);
#1890=PLANE('',#2099);
#1891=PLANE('',#2100);
#1892=PLANE('',#2101);
#1893=PLANE('',#2102);
#1894=PLANE('',#2103);
#1895=PLANE('',#2104);
#1896=PLANE('',#2105);
#1897=PLANE('',#2106);
#1898=PLANE('',#2107);
#1899=PLANE('',#2108);
#1900=PLANE('',#2109);
#1901=PLANE('',#2110);
#1902=PLANE('',#2111);
#1903=PLANE('',#2112);
#1904=PLANE('',#2113);
#1905=PLANE('',#2114);
#1906=PLANE('',#2115);
#1907=PLANE('',#2116);
#1908=PLANE('',#2117);
#1909=PLANE('',#2118);
#1910=PLANE('',#2119);
#1911=PLANE('',#2120);
#1912=PLANE('',#2121);
#1913=PLANE('',#2122);
#1914=PLANE('',#2123);
#1915=PLANE('',#2124);
#1916=PLANE('',#2125);
#1917=PLANE('',#2126);
#1918=PLANE('',#2127);
#1919=PLANE('',#2128);
#1920=PLANE('',#2129);
#1921=PLANE('',#2130);
#1922=PLANE('',#2131);
#1923=PLANE('',#2132);
#1924=PLANE('',#2133);
#1925=PLANE('',#2134);
#1926=PLANE('',#2135);
#1927=PLANE('',#2136);
#1928=PLANE('',#2137);
#1929=PLANE('',#2138);
#1930=PLANE('',#2139);
#1931=PLANE('',#2140);
#1932=PLANE('',#2141);
#1933=PLANE('',#2142);
#1934=PLANE('',#2143);
#1935=PLANE('',#2144);
#1936=PLANE('',#2145);
#1937=PLANE('',#2146);
#1938=PLANE('',#2147);
#1939=PLANE('',#2148);
#1940=PLANE('',#2149);
#1941=PLANE('',#2150);
#1942=PLANE('',#2151);
#1943=PLANE('',#2152);
#1944=PLANE('',#2153);
#1945=PLANE('',#2154);
#1946=PLANE('',#2155);
#1947=PLANE('',#2156);
#1948=PLANE('',#2157);
#1949=PLANE('',#2158);
#1950=PLANE('',#2159);
#1951=PLANE('',#2160);
#1952=PLANE('',#2161);
#1953=PLANE('',#2162);
#1954=PLANE('',#2163);
#1955=PLANE('',#2164);
#1956=PLANE('',#2165);
#1957=PLANE('',#2166);
#1958=PLANE('',#2167);
#1959=PLANE('',#2168);
#1960=PLANE('',#2169);
#1961=PLANE('',#2170);
#1962=PLANE('',#2171);
#1963=PLANE('',#2172);
#1964=PLANE('',#2173);
#1965=PLANE('',#2174);
#1966=PLANE('',#2175);
#1967=PLANE('',#2176);
#1968=PLANE('',#2177);
#1969=PLANE('',#2178);
#1970=PLANE('',#2179);
#1971=PLANE('',#2180);
#1972=PLANE('',#2181);
#1973=PLANE('',#2182);
#1974=PLANE('',#2183);
#1975=PLANE('',#2184);
#1976=PLANE('',#2185);
#1977=PLANE('',#2186);
#1978=PLANE('',#2187);
#1979=PLANE('',#2188);
#1980=PLANE('',#2190);
#1981=ADVANCED_FACE('',(#520,#513),#1885,.T.);
#1982=ADVANCED_FACE('',(#521),#510,.F.);
#1983=ADVANCED_FACE('',(#522,#514,#515,#516,#517,#518),#511,.T.);
#1984=ADVANCED_FACE('',(#523),#1886,.T.);
#1985=ADVANCED_FACE('',(#524),#1887,.T.);
#1986=ADVANCED_FACE('',(#525),#1888,.T.);
#1987=ADVANCED_FACE('',(#526),#1889,.T.);
#1988=ADVANCED_FACE('',(#527),#1890,.T.);
#1989=ADVANCED_FACE('',(#528),#1891,.T.);
#1990=ADVANCED_FACE('',(#529),#1892,.T.);
#1991=ADVANCED_FACE('',(#530),#1893,.T.);
#1992=ADVANCED_FACE('',(#531),#1894,.T.);
#1993=ADVANCED_FACE('',(#532),#1895,.T.);
#1994=ADVANCED_FACE('',(#533),#1896,.T.);
#1995=ADVANCED_FACE('',(#534),#1897,.T.);
#1996=ADVANCED_FACE('',(#535),#1898,.T.);
#1997=ADVANCED_FACE('',(#536),#1899,.T.);
#1998=ADVANCED_FACE('',(#537),#1900,.T.);
#1999=ADVANCED_FACE('',(#538),#1901,.T.);
#2000=ADVANCED_FACE('',(#539),#1902,.T.);
#2001=ADVANCED_FACE('',(#540),#1903,.T.);
#2002=ADVANCED_FACE('',(#541),#1904,.T.);
#2003=ADVANCED_FACE('',(#542),#1905,.T.);
#2004=ADVANCED_FACE('',(#543),#1906,.T.);
#2005=ADVANCED_FACE('',(#544),#1907,.T.);
#2006=ADVANCED_FACE('',(#545),#1908,.T.);
#2007=ADVANCED_FACE('',(#546),#1909,.T.);
#2008=ADVANCED_FACE('',(#547),#1910,.T.);
#2009=ADVANCED_FACE('',(#548),#1911,.T.);
#2010=ADVANCED_FACE('',(#549),#1912,.T.);
#2011=ADVANCED_FACE('',(#550),#1913,.T.);
#2012=ADVANCED_FACE('',(#551),#1914,.T.);
#2013=ADVANCED_FACE('',(#552),#1915,.T.);
#2014=ADVANCED_FACE('',(#553),#1916,.T.);
#2015=ADVANCED_FACE('',(#554),#1917,.T.);
#2016=ADVANCED_FACE('',(#555),#1918,.T.);
#2017=ADVANCED_FACE('',(#556),#1919,.T.);
#2018=ADVANCED_FACE('',(#557),#1920,.T.);
#2019=ADVANCED_FACE('',(#558),#1921,.T.);
#2020=ADVANCED_FACE('',(#559),#1922,.T.);
#2021=ADVANCED_FACE('',(#560),#1923,.T.);
#2022=ADVANCED_FACE('',(#561),#1924,.T.);
#2023=ADVANCED_FACE('',(#562),#1925,.T.);
#2024=ADVANCED_FACE('',(#563),#1926,.T.);
#2025=ADVANCED_FACE('',(#564),#1927,.T.);
#2026=ADVANCED_FACE('',(#565),#1928,.T.);
#2027=ADVANCED_FACE('',(#566),#1929,.T.);
#2028=ADVANCED_FACE('',(#567),#1930,.T.);
#2029=ADVANCED_FACE('',(#568),#1931,.T.);
#2030=ADVANCED_FACE('',(#569),#1932,.T.);
#2031=ADVANCED_FACE('',(#570),#1933,.T.);
#2032=ADVANCED_FACE('',(#571),#1934,.T.);
#2033=ADVANCED_FACE('',(#572),#1935,.T.);
#2034=ADVANCED_FACE('',(#573),#1936,.T.);
#2035=ADVANCED_FACE('',(#574),#1937,.T.);
#2036=ADVANCED_FACE('',(#575),#1938,.T.);
#2037=ADVANCED_FACE('',(#576),#1939,.T.);
#2038=ADVANCED_FACE('',(#577),#1940,.T.);
#2039=ADVANCED_FACE('',(#578),#1941,.T.);
#2040=ADVANCED_FACE('',(#579),#1942,.T.);
#2041=ADVANCED_FACE('',(#580),#1943,.T.);
#2042=ADVANCED_FACE('',(#581),#1944,.T.);
#2043=ADVANCED_FACE('',(#582),#1945,.T.);
#2044=ADVANCED_FACE('',(#583),#1946,.T.);
#2045=ADVANCED_FACE('',(#584),#1947,.T.);
#2046=ADVANCED_FACE('',(#585),#1948,.T.);
#2047=ADVANCED_FACE('',(#586),#1949,.T.);
#2048=ADVANCED_FACE('',(#587),#1950,.T.);
#2049=ADVANCED_FACE('',(#588),#1951,.T.);
#2050=ADVANCED_FACE('',(#589),#1952,.T.);
#2051=ADVANCED_FACE('',(#590),#1953,.T.);
#2052=ADVANCED_FACE('',(#591),#1954,.T.);
#2053=ADVANCED_FACE('',(#592),#1955,.T.);
#2054=ADVANCED_FACE('',(#593),#1956,.T.);
#2055=ADVANCED_FACE('',(#594),#1957,.T.);
#2056=ADVANCED_FACE('',(#595),#1958,.T.);
#2057=ADVANCED_FACE('',(#596),#1959,.T.);
#2058=ADVANCED_FACE('',(#597),#1960,.T.);
#2059=ADVANCED_FACE('',(#598),#1961,.T.);
#2060=ADVANCED_FACE('',(#599),#1962,.T.);
#2061=ADVANCED_FACE('',(#600),#1963,.T.);
#2062=ADVANCED_FACE('',(#601),#1964,.T.);
#2063=ADVANCED_FACE('',(#602),#1965,.T.);
#2064=ADVANCED_FACE('',(#603),#1966,.T.);
#2065=ADVANCED_FACE('',(#604),#1967,.T.);
#2066=ADVANCED_FACE('',(#605),#1968,.T.);
#2067=ADVANCED_FACE('',(#606),#1969,.T.);
#2068=ADVANCED_FACE('',(#607),#1970,.T.);
#2069=ADVANCED_FACE('',(#608),#1971,.T.);
#2070=ADVANCED_FACE('',(#609),#1972,.T.);
#2071=ADVANCED_FACE('',(#610),#1973,.T.);
#2072=ADVANCED_FACE('',(#611),#1974,.T.);
#2073=ADVANCED_FACE('',(#612),#1975,.T.);
#2074=ADVANCED_FACE('',(#613),#1976,.T.);
#2075=ADVANCED_FACE('',(#614),#1977,.T.);
#2076=ADVANCED_FACE('',(#615),#1978,.T.);
#2077=ADVANCED_FACE('',(#616),#1979,.T.);
#2078=ADVANCED_FACE('',(#617),#512,.F.);
#2079=ADVANCED_FACE('',(#618,#519),#1980,.T.);
#2080=CLOSED_SHELL('',(#1981,#1982,#1983,#1984,#1985,#1986,#1987,#1988,
#1989,#1990,#1991,#1992,#1993,#1994,#1995,#1996,#1997,#1998,#1999,#2000,
#2001,#2002,#2003,#2004,#2005,#2006,#2007,#2008,#2009,#2010,#2011,#2012,
#2013,#2014,#2015,#2016,#2017,#2018,#2019,#2020,#2021,#2022,#2023,#2024,
#2025,#2026,#2027,#2028,#2029,#2030,#2031,#2032,#2033,#2034,#2035,#2036,
#2037,#2038,#2039,#2040,#2041,#2042,#2043,#2044,#2045,#2046,#2047,#2048,
#2049,#2050,#2051,#2052,#2053,#2054,#2055,#2056,#2057,#2058,#2059,#2060,
#2061,#2062,#2063,#2064,#2065,#2066,#2067,#2068,#2069,#2070,#2071,#2072,
#2073,#2074,#2075,#2076,#2077,#2078,#2079));
#2081=DERIVED_UNIT_ELEMENT(#2083,1.);
#2082=DERIVED_UNIT_ELEMENT(#10608,-3.);
#2083=(
MASS_UNIT()
NAMED_UNIT(*)
SI_UNIT(.KILO.,.GRAM.)
);
#2084=DERIVED_UNIT((#2081,#2082));
#2085=MEASURE_REPRESENTATION_ITEM('density measure',
POSITIVE_RATIO_MEASURE(7850.),#2084);
#2086=PROPERTY_DEFINITION_REPRESENTATION(#2091,#2088);
#2087=PROPERTY_DEFINITION_REPRESENTATION(#2092,#2089);
#2088=REPRESENTATION('material name',(#2090),#10605);
#2089=REPRESENTATION('density',(#2085),#10605);
#2090=DESCRIPTIVE_REPRESENTATION_ITEM('Steel','Steel');
#2091=PROPERTY_DEFINITION('material property','material name',#10615);
#2092=PROPERTY_DEFINITION('material property','density of part',#10615);
#2093=AXIS2_PLACEMENT_3D('',#2634,#2191,#2192);
#2094=AXIS2_PLACEMENT_3D('',#2635,#2193,#2194);
#2095=AXIS2_PLACEMENT_3D('',#6325,#2195,#2196);
#2096=AXIS2_PLACEMENT_3D('',#6331,#2200,#2201);
#2097=AXIS2_PLACEMENT_3D('',#6359,#2216,#2217);
#2098=AXIS2_PLACEMENT_3D('',#6363,#2220,#2221);
#2099=AXIS2_PLACEMENT_3D('',#6367,#2224,#2225);
#2100=AXIS2_PLACEMENT_3D('',#6371,#2228,#2229);
#2101=AXIS2_PLACEMENT_3D('',#6375,#2232,#2233);
#2102=AXIS2_PLACEMENT_3D('',#6379,#2236,#2237);
#2103=AXIS2_PLACEMENT_3D('',#6383,#2240,#2241);
#2104=AXIS2_PLACEMENT_3D('',#6387,#2244,#2245);
#2105=AXIS2_PLACEMENT_3D('',#6391,#2248,#2249);
#2106=AXIS2_PLACEMENT_3D('',#6395,#2252,#2253);
#2107=AXIS2_PLACEMENT_3D('',#6399,#2256,#2257);
#2108=AXIS2_PLACEMENT_3D('',#6403,#2260,#2261);
#2109=AXIS2_PLACEMENT_3D('',#6407,#2264,#2265);
#2110=AXIS2_PLACEMENT_3D('',#6411,#2268,#2269);
#2111=AXIS2_PLACEMENT_3D('',#6413,#2271,#2272);
#2112=AXIS2_PLACEMENT_3D('',#6414,#2273,#2274);
#2113=AXIS2_PLACEMENT_3D('',#6420,#2278,#2279);
#2114=AXIS2_PLACEMENT_3D('',#6446,#2293,#2294);
#2115=AXIS2_PLACEMENT_3D('',#6450,#2297,#2298);
#2116=AXIS2_PLACEMENT_3D('',#6454,#2301,#2302);
#2117=AXIS2_PLACEMENT_3D('',#6458,#2305,#2306);
#2118=AXIS2_PLACEMENT_3D('',#6462,#2309,#2310);
#2119=AXIS2_PLACEMENT_3D('',#6466,#2313,#2314);
#2120=AXIS2_PLACEMENT_3D('',#6470,#2317,#2318);
#2121=AXIS2_PLACEMENT_3D('',#6474,#2321,#2322);
#2122=AXIS2_PLACEMENT_3D('',#6478,#2325,#2326);
#2123=AXIS2_PLACEMENT_3D('',#6482,#2329,#2330);
#2124=AXIS2_PLACEMENT_3D('',#6486,#2333,#2334);
#2125=AXIS2_PLACEMENT_3D('',#6490,#2337,#2338);
#2126=AXIS2_PLACEMENT_3D('',#6494,#2341,#2342);
#2127=AXIS2_PLACEMENT_3D('',#6496,#2344,#2345);
#2128=AXIS2_PLACEMENT_3D('',#6497,#2346,#2347);
#2129=AXIS2_PLACEMENT_3D('',#6503,#2351,#2352);
#2130=AXIS2_PLACEMENT_3D('',#6529,#2366,#2367);
#2131=AXIS2_PLACEMENT_3D('',#6533,#2370,#2371);
#2132=AXIS2_PLACEMENT_3D('',#6537,#2374,#2375);
#2133=AXIS2_PLACEMENT_3D('',#6541,#2378,#2379);
#2134=AXIS2_PLACEMENT_3D('',#6545,#2382,#2383);
#2135=AXIS2_PLACEMENT_3D('',#6549,#2386,#2387);
#2136=AXIS2_PLACEMENT_3D('',#6553,#2390,#2391);
#2137=AXIS2_PLACEMENT_3D('',#6557,#2394,#2395);
#2138=AXIS2_PLACEMENT_3D('',#6561,#2398,#2399);
#2139=AXIS2_PLACEMENT_3D('',#6565,#2402,#2403);
#2140=AXIS2_PLACEMENT_3D('',#6569,#2406,#2407);
#2141=AXIS2_PLACEMENT_3D('',#6573,#2410,#2411);
#2142=AXIS2_PLACEMENT_3D('',#6577,#2414,#2415);
#2143=AXIS2_PLACEMENT_3D('',#6579,#2417,#2418);
#2144=AXIS2_PLACEMENT_3D('',#6580,#2419,#2420);
#2145=AXIS2_PLACEMENT_3D('',#6586,#2424,#2425);
#2146=AXIS2_PLACEMENT_3D('',#6626,#2446,#2447);
#2147=AXIS2_PLACEMENT_3D('',#6630,#2450,#2451);
#2148=AXIS2_PLACEMENT_3D('',#6634,#2454,#2455);
#2149=AXIS2_PLACEMENT_3D('',#6638,#2458,#2459);
#2150=AXIS2_PLACEMENT_3D('',#6642,#2462,#2463);
#2151=AXIS2_PLACEMENT_3D('',#6646,#2466,#2467);
#2152=AXIS2_PLACEMENT_3D('',#6650,#2470,#2471);
#2153=AXIS2_PLACEMENT_3D('',#6654,#2474,#2475);
#2154=AXIS2_PLACEMENT_3D('',#6658,#2478,#2479);
#2155=AXIS2_PLACEMENT_3D('',#6662,#2482,#2483);
#2156=AXIS2_PLACEMENT_3D('',#6666,#2486,#2487);
#2157=AXIS2_PLACEMENT_3D('',#6670,#2490,#2491);
#2158=AXIS2_PLACEMENT_3D('',#6674,#2494,#2495);
#2159=AXIS2_PLACEMENT_3D('',#6678,#2498,#2499);
#2160=AXIS2_PLACEMENT_3D('',#6682,#2502,#2503);
#2161=AXIS2_PLACEMENT_3D('',#6686,#2506,#2507);
#2162=AXIS2_PLACEMENT_3D('',#6690,#2510,#2511);
#2163=AXIS2_PLACEMENT_3D('',#6694,#2514,#2515);
#2164=AXIS2_PLACEMENT_3D('',#6698,#2518,#2519);
#2165=AXIS2_PLACEMENT_3D('',#6702,#2522,#2523);
#2166=AXIS2_PLACEMENT_3D('',#6704,#2525,#2526);
#2167=AXIS2_PLACEMENT_3D('',#6705,#2527,#2528);
#2168=AXIS2_PLACEMENT_3D('',#6711,#2532,#2533);
#2169=AXIS2_PLACEMENT_3D('',#6749,#2553,#2554);
#2170=AXIS2_PLACEMENT_3D('',#6753,#2557,#2558);
#2171=AXIS2_PLACEMENT_3D('',#6757,#2561,#2562);
#2172=AXIS2_PLACEMENT_3D('',#6761,#2565,#2566);
#2173=AXIS2_PLACEMENT_3D('',#6765,#2569,#2570);
#2174=AXIS2_PLACEMENT_3D('',#6769,#2573,#2574);
#2175=AXIS2_PLACEMENT_3D('',#6773,#2577,#2578);
#2176=AXIS2_PLACEMENT_3D('',#6777,#2581,#2582);
#2177=AXIS2_PLACEMENT_3D('',#6781,#2585,#2586);
#2178=AXIS2_PLACEMENT_3D('',#6785,#2589,#2590);
#2179=AXIS2_PLACEMENT_3D('',#6789,#2593,#2594);
#2180=AXIS2_PLACEMENT_3D('',#6793,#2597,#2598);
#2181=AXIS2_PLACEMENT_3D('',#6797,#2601,#2602);
#2182=AXIS2_PLACEMENT_3D('',#6801,#2605,#2606);
#2183=AXIS2_PLACEMENT_3D('',#6805,#2609,#2610);
#2184=AXIS2_PLACEMENT_3D('',#6809,#2613,#2614);
#2185=AXIS2_PLACEMENT_3D('',#6813,#2617,#2618);
#2186=AXIS2_PLACEMENT_3D('',#6817,#2621,#2622);
#2187=AXIS2_PLACEMENT_3D('',#6821,#2625,#2626);
#2188=AXIS2_PLACEMENT_3D('',#6823,#2628,#2629);
#2189=AXIS2_PLACEMENT_3D('',#10129,#2630,#2631);
#2190=AXIS2_PLACEMENT_3D('',#10602,#2632,#2633);
#2191=DIRECTION('axis',(0.,0.,1.));
#2192=DIRECTION('refdir',(1.,0.,0.));
#2193=DIRECTION('center_axis',(0.289277799643348,0.366028074505077,0.88450087807057));
#2194=DIRECTION('ref_axis',(-0.568599401776039,-0.677630379813513,0.466381591246615));
#2195=DIRECTION('center_axis',(0.551205379847751,0.401817359420668,0.731242394076751));
#2196=DIRECTION('ref_axis',(0.349294560608916,0.68478213407944,-0.639583253982335));
#2197=DIRECTION('',(-0.349294560608916,-0.68478213407944,0.639583253982335));
#2198=DIRECTION('',(-0.757737381390098,0.607960721193241,0.237102978324336));
#2199=DIRECTION('',(0.349294560608916,0.68478213407944,-0.639583253982335));
#2200=DIRECTION('center_axis',(0.757737381390098,-0.607960721193241,-0.237102978324336));
#2201=DIRECTION('ref_axis',(-0.640200028852932,-0.762960684364398,-0.0896376994958905));
#2202=DIRECTION('',(0.419281637193865,0.175167132456061,0.890797050073221));
#2203=DIRECTION('',(0.640200028852931,0.762960684364398,0.0896376994958905));
#2204=DIRECTION('',(0.126404050175548,-0.219715169254205,0.967340302323238));
#2205=DIRECTION('',(-0.363308620669147,-0.694856759801986,0.620629462324314));
#2206=DIRECTION('',(-0.576878478889719,-0.793918487386586,0.192105845771748));
#2207=DIRECTION('',(-0.56250051531575,-0.792709816998405,0.234955988014501));
#2208=DIRECTION('',(-0.63167258110062,-0.774546217933042,-0.0326788398095939));
#2209=DIRECTION('',(0.126404050175548,-0.219715169254205,0.967340302323238));
#2210=DIRECTION('',(0.640200028852931,0.762960684364398,0.0896376994958905));
#2211=DIRECTION('',(0.547465518605423,0.789991376808791,-0.27603465453788));
#2212=DIRECTION('',(0.641356089982624,0.626791046179649,0.442487683750883));
#2213=DIRECTION('',(0.640200028852931,0.762960684364398,0.0896376994958905));
#2214=DIRECTION('',(0.12640405017555,-0.219715169254206,0.967340302323237));
#2215=DIRECTION('',(-0.640200028852931,-0.762960684364398,-0.0896376994958905));
#2216=DIRECTION('center_axis',(0.500036968189462,0.774403149007876,-0.387637450784333));
#2217=DIRECTION('ref_axis',(-0.419281637193865,-0.175167132456061,-0.890797050073221));
#2218=DIRECTION('',(-0.419281637193865,-0.175167132456061,-0.890797050073221));
#2219=DIRECTION('',(-0.757737381390098,0.607960721193241,0.237102978324336));
#2220=DIRECTION('center_axis',(-0.126404050175548,0.219715169254205,-0.967340302323238));
#2221=DIRECTION('ref_axis',(-0.640200028852932,-0.762960684364398,-0.0896376994958905));
#2222=DIRECTION('',(-0.640200028852931,-0.762960684364398,-0.0896376994958905));
#2223=DIRECTION('',(-0.757737381390098,0.607960721193241,0.237102978324336));
#2224=DIRECTION('center_axis',(0.640200028852932,0.762960684364398,0.0896376994958905));
#2225=DIRECTION('ref_axis',(-0.126404050175548,0.219715169254205,-0.967340302323238));
#2226=DIRECTION('',(-0.126404050175548,0.219715169254205,-0.967340302323238));
#2227=DIRECTION('',(-0.757737381390098,0.607960721193241,0.237102978324336));
#2228=DIRECTION('center_axis',(0.542070942766312,0.384132587583609,0.747396312651302));
#2229=DIRECTION('ref_axis',(0.363308620669147,0.694856759801986,-0.620629462324314));
#2230=DIRECTION('',(0.363308620669147,0.694856759801986,-0.620629462324314));
#2231=DIRECTION('',(-0.757737381390098,0.607960721193241,0.237102978324336));
#2232=DIRECTION('center_axis',(0.305033246446941,0.00878617504884949,0.952301171736153));
#2233=DIRECTION('ref_axis',(0.576878478889719,0.793918487386586,-0.192105845771748));
#2234=DIRECTION('',(0.576878478889719,0.793918487386586,-0.192105845771748));
#2235=DIRECTION('',(-0.757737381390098,0.607960721193241,0.237102978324336));
#2236=DIRECTION('center_axis',(0.330797870479228,0.044664387609693,0.942644079897529));
#2237=DIRECTION('ref_axis',(0.56250051531575,0.792709816998405,-0.234955988014501));
#2238=DIRECTION('',(0.56250051531575,0.792709816998405,-0.234955988014501));
#2239=DIRECTION('',(-0.757737381390098,0.607960721193241,0.237102978324336));
#2240=DIRECTION('center_axis',(0.163779764103376,-0.174533428808966,0.970934740906117));
#2241=DIRECTION('ref_axis',(0.63167258110062,0.774546217933042,0.0326788398095939));
#2242=DIRECTION('',(0.63167258110062,0.774546217933042,0.0326788398095939));
#2243=DIRECTION('',(-0.757737381390098,0.607960721193241,0.237102978324336));
#2244=DIRECTION('center_axis',(0.640200028852932,0.762960684364398,0.0896376994958905));
#2245=DIRECTION('ref_axis',(-0.126404050175548,0.219715169254205,-0.967340302323238));
#2246=DIRECTION('',(-0.126404050175548,0.219715169254205,-0.967340302323238));
#2247=DIRECTION('',(-0.757737381390098,0.607960721193241,0.237102978324336));
#2248=DIRECTION('center_axis',(-0.126404050175548,0.219715169254205,-0.967340302323238));
#2249=DIRECTION('ref_axis',(-0.640200028852932,-0.762960684364398,-0.0896376994958905));
#2250=DIRECTION('',(-0.640200028852931,-0.762960684364398,-0.0896376994958905));
#2251=DIRECTION('',(-0.757737381390098,0.607960721193241,0.237102978324336));
#2252=DIRECTION('center_axis',(-0.355127535939084,-0.0793560713112304,-0.931443528703636));
#2253=DIRECTION('ref_axis',(-0.547465518605423,-0.789991376808791,0.27603465453788));
#2254=DIRECTION('',(-0.547465518605423,-0.789991376808791,0.27603465453788));
#2255=DIRECTION('',(-0.757737381390098,0.607960721193241,0.237102978324336));
#2256=DIRECTION('center_axis',(0.120401107496093,0.487356897884095,-0.864862317018441));
#2257=DIRECTION('ref_axis',(-0.641356089982624,-0.626791046179649,-0.442487683750883));
#2258=DIRECTION('',(-0.641356089982624,-0.626791046179649,-0.442487683750883));
#2259=DIRECTION('',(-0.757737381390098,0.607960721193241,0.237102978324336));
#2260=DIRECTION('center_axis',(-0.126404050175548,0.219715169254205,-0.967340302323238));
#2261=DIRECTION('ref_axis',(-0.640200028852932,-0.762960684364398,-0.0896376994958905));
#2262=DIRECTION('',(-0.640200028852931,-0.762960684364398,-0.0896376994958905));
#2263=DIRECTION('',(-0.757737381390098,0.607960721193241,0.237102978324336));
#2264=DIRECTION('center_axis',(0.640200028852932,0.762960684364398,0.0896376994958905));
#2265=DIRECTION('ref_axis',(-0.12640405017555,0.219715169254206,-0.967340302323237));
#2266=DIRECTION('',(-0.12640405017555,0.219715169254206,-0.967340302323237));
#2267=DIRECTION('',(-0.757737381390098,0.607960721193241,0.237102978324336));
#2268=DIRECTION('center_axis',(0.126404050175548,-0.219715169254205,0.967340302323238));
#2269=DIRECTION('ref_axis',(0.640200028852932,0.762960684364398,0.0896376994958905));
#2270=DIRECTION('',(0.640200028852931,0.762960684364398,0.0896376994958905));
#2271=DIRECTION('center_axis',(-0.757737381390098,0.607960721193241,0.237102978324336));
#2272=DIRECTION('ref_axis',(0.640200028852932,0.762960684364398,0.0896376994958905));
#2273=DIRECTION('center_axis',(0.533051228646386,0.367075694239655,0.762306908231228));
#2274=DIRECTION('ref_axis',(0.376417917324151,0.704016474370219,-0.602221184725908));
#2275=DIRECTION('',(-0.376417917324151,-0.704016474370218,0.602221184725908));
#2276=DIRECTION('',(-0.757737381390099,0.607960721193243,0.237102978324332));
#2277=DIRECTION('',(0.376417917324151,0.704016474370218,-0.602221184725908));
#2278=DIRECTION('center_axis',(0.757737381390099,-0.607960721193243,-0.237102978324332));
#2279=DIRECTION('ref_axis',(-0.640200028852932,-0.762960684364398,-0.0896376994958905));
#2280=DIRECTION('',(0.377986049962425,0.112729127197648,0.918922570141282));
#2281=DIRECTION('',(0.640200028852931,0.762960684364398,0.0896376994958905));
#2282=DIRECTION('',(0.126404050175549,-0.219715169254206,0.967340302323238));
#2283=DIRECTION('',(-0.624445164790385,-0.781036732076767,0.007061112996794));
#2284=DIRECTION('',(-0.516082703720229,-0.780672392587476,0.352433338906188));
#2285=DIRECTION('',(-0.57241942519039,-0.793709212262818,0.20581955211748));
#2286=DIRECTION('',(0.126404050175548,-0.219715169254205,0.967340302323238));
#2287=DIRECTION('',(0.640200028852931,0.762960684364398,0.0896376994958905));
#2288=DIRECTION('',(0.547465518605421,0.789991376808781,-0.276034654537911));
#2289=DIRECTION('',(0.641356089982611,0.626791046179642,0.442487683750913));
#2290=DIRECTION('',(0.640200028852931,0.762960684364398,0.0896376994958905));
#2291=DIRECTION('',(0.126404050175548,-0.219715169254205,0.967340302323238));
#2292=DIRECTION('',(-0.640200028852931,-0.762960684364398,-0.0896376994958905));
#2293=DIRECTION('center_axis',(0.531940416661377,0.785923600210255,-0.315219745185279));
#2294=DIRECTION('ref_axis',(-0.377986049962425,-0.112729127197648,-0.918922570141282));
#2295=DIRECTION('',(-0.377986049962425,-0.112729127197648,-0.918922570141282));
#2296=DIRECTION('',(-0.757737381390099,0.607960721193243,0.237102978324332));
#2297=DIRECTION('center_axis',(-0.126404050175544,0.219715169254202,-0.967340302323239));
#2298=DIRECTION('ref_axis',(-0.640200028852932,-0.762960684364398,-0.0896376994958905));
#2299=DIRECTION('',(-0.640200028852931,-0.762960684364398,-0.0896376994958905));
#2300=DIRECTION('',(-0.757737381390099,0.607960721193243,0.237102978324332));
#2301=DIRECTION('center_axis',(0.640200028852932,0.762960684364398,0.0896376994958905));
#2302=DIRECTION('ref_axis',(-0.126404050175549,0.219715169254206,-0.967340302323238));
#2303=DIRECTION('',(-0.126404050175549,0.219715169254206,-0.967340302323238));
#2304=DIRECTION('',(-0.757737381390099,0.607960721193243,0.237102978324332));
#2305=DIRECTION('center_axis',(0.189479014706062,-0.142707339100138,0.971458860864925));
#2306=DIRECTION('ref_axis',(0.624445164790385,0.781036732076767,-0.007061112996794));
#2307=DIRECTION('',(0.624445164790385,0.781036732076767,-0.007061112996794));
#2308=DIRECTION('',(-0.757737381390099,0.607960721193243,0.237102978324332));
#2309=DIRECTION('center_axis',(0.399365376272021,0.144687169223604,0.905302667231886));
#2310=DIRECTION('ref_axis',(0.516082703720229,0.780672392587476,-0.352433338906188));
#2311=DIRECTION('',(0.516082703720229,0.780672392587476,-0.352433338906188));
#2312=DIRECTION('',(-0.757737381390099,0.607960721193243,0.237102978324332));
#2313=DIRECTION('center_axis',(0.313321021491987,0.0202348178970387,0.949431666648997));
#2314=DIRECTION('ref_axis',(0.57241942519039,0.793709212262818,-0.20581955211748));
#2315=DIRECTION('',(0.57241942519039,0.793709212262818,-0.20581955211748));
#2316=DIRECTION('',(-0.757737381390099,0.607960721193243,0.237102978324332));
#2317=DIRECTION('center_axis',(0.640200028852932,0.762960684364398,0.0896376994958905));
#2318=DIRECTION('ref_axis',(-0.126404050175548,0.219715169254205,-0.967340302323238));
#2319=DIRECTION('',(-0.126404050175548,0.219715169254205,-0.967340302323238));
#2320=DIRECTION('',(-0.757737381390099,0.607960721193243,0.237102978324332));
#2321=DIRECTION('center_axis',(-0.126404050175544,0.219715169254202,-0.967340302323239));
#2322=DIRECTION('ref_axis',(-0.640200028852932,-0.762960684364398,-0.0896376994958905));
#2323=DIRECTION('',(-0.640200028852931,-0.762960684364398,-0.0896376994958905));
#2324=DIRECTION('',(-0.757737381390099,0.607960721193243,0.237102978324332));
#2325=DIRECTION('center_axis',(-0.355127535939097,-0.0793560713112573,-0.931443528703629));
#2326=DIRECTION('ref_axis',(-0.547465518605421,-0.789991376808781,0.276034654537911));
#2327=DIRECTION('',(-0.547465518605421,-0.789991376808781,0.276034654537911));
#2328=DIRECTION('',(-0.757737381390099,0.607960721193243,0.237102978324332));
#2329=DIRECTION('center_axis',(0.120401107496116,0.487356897884112,-0.864862317018428));
#2330=DIRECTION('ref_axis',(-0.641356089982611,-0.626791046179642,-0.442487683750913));
#2331=DIRECTION('',(-0.641356089982611,-0.626791046179642,-0.442487683750913));
#2332=DIRECTION('',(-0.757737381390099,0.607960721193243,0.237102978324332));
#2333=DIRECTION('center_axis',(-0.126404050175544,0.219715169254202,-0.967340302323239));
#2334=DIRECTION('ref_axis',(-0.640200028852932,-0.762960684364398,-0.0896376994958905));
#2335=DIRECTION('',(-0.640200028852931,-0.762960684364398,-0.0896376994958905));
#2336=DIRECTION('',(-0.757737381390099,0.607960721193243,0.237102978324332));
#2337=DIRECTION('center_axis',(0.640200028852932,0.762960684364398,0.0896376994958905));
#2338=DIRECTION('ref_axis',(-0.126404050175548,0.219715169254205,-0.967340302323238));
#2339=DIRECTION('',(-0.126404050175548,0.219715169254205,-0.967340302323238));
#2340=DIRECTION('',(-0.757737381390099,0.607960721193243,0.237102978324332));
#2341=DIRECTION('center_axis',(0.126404050175544,-0.219715169254202,0.967340302323239));
#2342=DIRECTION('ref_axis',(0.640200028852932,0.762960684364398,0.0896376994958905));
#2343=DIRECTION('',(0.640200028852931,0.762960684364398,0.0896376994958905));
#2344=DIRECTION('center_axis',(-0.757737381390099,0.607960721193243,0.237102978324332));
#2345=DIRECTION('ref_axis',(0.640200028852932,0.762960684364398,0.0896376994958905));
#2346=DIRECTION('center_axis',(0.551205379847742,0.401817359420658,0.731242394076764));
#2347=DIRECTION('ref_axis',(0.349294560608921,0.684782134079452,-0.63958325398232));
#2348=DIRECTION('',(-0.349294560608921,-0.684782134079452,0.63958325398232));
#2349=DIRECTION('',(-0.757737381390099,0.607960721193243,0.237102978324332));
#2350=DIRECTION('',(0.349294560608921,0.684782134079452,-0.63958325398232));
#2351=DIRECTION('center_axis',(0.757737381390099,-0.607960721193243,-0.237102978324332));
#2352=DIRECTION('ref_axis',(-0.640200028852932,-0.762960684364398,-0.0896376994958905));
#2353=DIRECTION('',(0.419281637193872,0.175167132456079,0.890797050073214));
#2354=DIRECTION('',(0.640200028852931,0.762960684364398,0.0896376994958905));
#2355=DIRECTION('',(0.126404050175548,-0.219715169254205,0.967340302323238));
#2356=DIRECTION('',(-0.501274886933143,-0.774917852189865,0.385001052060396));
#2357=DIRECTION('',(-0.516082703720217,-0.780672392587472,0.352433338906214));
#2358=DIRECTION('',(-0.443937842197479,-0.746565116510134,0.495539825922453));
#2359=DIRECTION('',(0.126404050175548,-0.219715169254205,0.967340302323238));
#2360=DIRECTION('',(0.640200028852931,0.762960684364398,0.0896376994958905));
#2361=DIRECTION('',(0.547465518605418,0.789991376808783,-0.27603465453791));
#2362=DIRECTION('',(0.641356089982614,0.626791046179639,0.442487683750912));
#2363=DIRECTION('',(0.640200028852931,0.762960684364398,0.0896376994958905));
#2364=DIRECTION('',(0.126404050175548,-0.219715169254205,0.967340302323238));
#2365=DIRECTION('',(-0.640200028852931,-0.762960684364398,-0.0896376994958905));
#2366=DIRECTION('center_axis',(0.500036968189455,0.774403149007871,-0.387637450784352));
#2367=DIRECTION('ref_axis',(-0.419281637193872,-0.175167132456079,-0.890797050073214));
#2368=DIRECTION('',(-0.419281637193872,-0.175167132456079,-0.890797050073214));
#2369=DIRECTION('',(-0.757737381390099,0.607960721193243,0.237102978324332));
#2370=DIRECTION('center_axis',(-0.126404050175544,0.219715169254202,-0.967340302323239));
#2371=DIRECTION('ref_axis',(-0.640200028852932,-0.762960684364398,-0.0896376994958905));
#2372=DIRECTION('',(-0.640200028852931,-0.762960684364398,-0.0896376994958905));
#2373=DIRECTION('',(-0.757737381390099,0.607960721193243,0.237102978324332));
#2374=DIRECTION('center_axis',(0.640200028852932,0.762960684364398,0.0896376994958905));
#2375=DIRECTION('ref_axis',(-0.126404050175548,0.219715169254205,-0.967340302323238));
#2376=DIRECTION('',(-0.126404050175548,0.219715169254205,-0.967340302323238));
#2377=DIRECTION('',(-0.757737381390099,0.607960721193243,0.237102978324332));
#2378=DIRECTION('center_axis',(0.417800847981706,0.172875920369636,0.891939665886723));
#2379=DIRECTION('ref_axis',(0.501274886933143,0.774917852189865,-0.385001052060395));
#2380=DIRECTION('',(0.501274886933143,0.774917852189865,-0.385001052060396));
#2381=DIRECTION('',(-0.757737381390099,0.607960721193243,0.237102978324332));
#2382=DIRECTION('center_axis',(0.399365376272035,0.144687169223626,0.905302667231876));
#2383=DIRECTION('ref_axis',(0.516082703720217,0.780672392587472,-0.352433338906213));
#2384=DIRECTION('',(0.516082703720217,0.780672392587472,-0.352433338906214));
#2385=DIRECTION('',(-0.757737381390099,0.607960721193243,0.237102978324332));
#2386=DIRECTION('center_axis',(0.478281562585393,0.270230065493086,0.835597067128935));
#2387=DIRECTION('ref_axis',(0.443937842197479,0.746565116510135,-0.495539825922453));
#2388=DIRECTION('',(0.443937842197479,0.746565116510134,-0.495539825922453));
#2389=DIRECTION('',(-0.757737381390099,0.607960721193243,0.237102978324332));
#2390=DIRECTION('center_axis',(0.640200028852932,0.762960684364398,0.0896376994958905));
#2391=DIRECTION('ref_axis',(-0.126404050175548,0.219715169254205,-0.967340302323238));
#2392=DIRECTION('',(-0.126404050175548,0.219715169254205,-0.967340302323238));
#2393=DIRECTION('',(-0.757737381390099,0.607960721193243,0.237102978324332));
#2394=DIRECTION('center_axis',(-0.126404050175544,0.219715169254202,-0.967340302323239));
#2395=DIRECTION('ref_axis',(-0.640200028852932,-0.762960684364398,-0.0896376994958905));
#2396=DIRECTION('',(-0.640200028852931,-0.762960684364398,-0.0896376994958905));
#2397=DIRECTION('',(-0.757737381390099,0.607960721193243,0.237102978324332));
#2398=DIRECTION('center_axis',(-0.355127535939097,-0.0793560713112572,-0.931443528703629));
#2399=DIRECTION('ref_axis',(-0.547465518605418,-0.789991376808783,0.27603465453791));
#2400=DIRECTION('',(-0.547465518605418,-0.789991376808783,0.27603465453791));
#2401=DIRECTION('',(-0.757737381390099,0.607960721193243,0.237102978324332));
#2402=DIRECTION('center_axis',(0.120401107496116,0.487356897884112,-0.864862317018428));
#2403=DIRECTION('ref_axis',(-0.641356089982614,-0.626791046179639,-0.442487683750912));
#2404=DIRECTION('',(-0.641356089982614,-0.626791046179639,-0.442487683750912));
#2405=DIRECTION('',(-0.757737381390099,0.607960721193243,0.237102978324332));
#2406=DIRECTION('center_axis',(-0.126404050175544,0.219715169254202,-0.967340302323239));
#2407=DIRECTION('ref_axis',(-0.640200028852932,-0.762960684364398,-0.0896376994958905));
#2408=DIRECTION('',(-0.640200028852931,-0.762960684364398,-0.0896376994958905));
#2409=DIRECTION('',(-0.757737381390099,0.607960721193243,0.237102978324332));
#2410=DIRECTION('center_axis',(0.640200028852932,0.762960684364398,0.0896376994958905));
#2411=DIRECTION('ref_axis',(-0.126404050175548,0.219715169254205,-0.967340302323238));
#2412=DIRECTION('',(-0.126404050175548,0.219715169254205,-0.967340302323238));
#2413=DIRECTION('',(-0.757737381390099,0.607960721193243,0.237102978324332));
#2414=DIRECTION('center_axis',(0.126404050175544,-0.219715169254202,0.967340302323239));
#2415=DIRECTION('ref_axis',(0.640200028852932,0.762960684364398,0.0896376994958905));
#2416=DIRECTION('',(0.640200028852931,0.762960684364398,0.0896376994958905));
#2417=DIRECTION('center_axis',(-0.757737381390099,0.607960721193243,0.237102978324332));
#2418=DIRECTION('ref_axis',(0.640200028852932,0.762960684364398,0.0896376994958905));
#2419=DIRECTION('center_axis',(0.542070942766304,0.384132587583589,0.747396312651318));
#2420=DIRECTION('ref_axis',(0.363308620669162,0.694856759801996,-0.620629462324294));
#2421=DIRECTION('',(-0.363308620669162,-0.694856759801996,0.620629462324294));
#2422=DIRECTION('',(-0.757737381390098,0.607960721193241,0.237102978324339));
#2423=DIRECTION('',(0.363308620669162,0.694856759801996,-0.620629462324294));
#2424=DIRECTION('center_axis',(0.757737381390098,-0.607960721193241,-0.237102978324337));
#2425=DIRECTION('ref_axis',(-0.640200028852932,-0.762960684364398,-0.0896376994958905));
#2426=DIRECTION('',(0.470684842194186,0.257531542637388,0.843879898963971));
#2427=DIRECTION('',(0.640200028852932,0.762960684364398,0.0896376994958905));
#2428=DIRECTION('',(0.126404050175549,-0.219715169254205,0.967340302323238));
#2429=DIRECTION('',(-0.559540635562739,-0.792281908970439,0.243318009757198));
#2430=DIRECTION('',(-0.4646882800211,-0.757802553043051,0.458039401157221));
#2431=DIRECTION('',(-0.613284051217149,-0.787611506069439,0.0595884890705522));
#2432=DIRECTION('',(-0.589115029684384,-0.793592701581124,0.152164732435411));
#2433=DIRECTION('',(-0.600555785966926,-0.791829395438946,0.111080855508233));
#2434=DIRECTION('',(-0.582407278571094,-0.793945472221044,0.174506014243395));
#2435=DIRECTION('',(-0.223716303987708,-0.583343768323539,0.780807955446262));
#2436=DIRECTION('',(-0.137330075845804,-0.503771961981111,0.852850667227204));
#2437=DIRECTION('',(-0.410114770267647,-0.726289371062039,0.551642660325163));
#2438=DIRECTION('',(0.126404050175549,-0.219715169254206,0.967340302323238));
#2439=DIRECTION('',(0.651485625470689,0.683950838761685,0.328295187235897));
#2440=DIRECTION('',(0.640200028852932,0.762960684364398,0.0896376994958905));
#2441=DIRECTION('',(0.433968358754368,0.740826664980444,-0.512686372018989));
#2442=DIRECTION('',(0.651290130429967,0.681923812456011,0.332867961825669));
#2443=DIRECTION('',(0.640200028852932,0.762960684364398,0.0896376994958905));
#2444=DIRECTION('',(0.126404050175549,-0.219715169254205,0.967340302323238));
#2445=DIRECTION('',(-0.640200028852932,-0.762960684364398,-0.0896376994958905));
#2446=DIRECTION('center_axis',(0.451984336202829,0.751040122785062,-0.481299172858511));
#2447=DIRECTION('ref_axis',(-0.470684842194186,-0.257531542637388,-0.843879898963971));
#2448=DIRECTION('',(-0.470684842194186,-0.257531542637388,-0.843879898963971));
#2449=DIRECTION('',(-0.757737381390098,0.607960721193241,0.237102978324339));
#2450=DIRECTION('center_axis',(-0.12640405017555,0.219715169254206,-0.967340302323238));
#2451=DIRECTION('ref_axis',(-0.640200028852932,-0.762960684364398,-0.0896376994958905));
#2452=DIRECTION('',(-0.640200028852932,-0.762960684364398,-0.0896376994958905));
#2453=DIRECTION('',(-0.757737381390098,0.607960721193241,0.237102978324339));
#2454=DIRECTION('center_axis',(0.640200028852932,0.762960684364398,0.0896376994958905));
#2455=DIRECTION('ref_axis',(-0.126404050175549,0.219715169254205,-0.967340302323238));
#2456=DIRECTION('',(-0.126404050175549,0.219715169254205,-0.967340302323238));
#2457=DIRECTION('',(-0.757737381390098,0.607960721193241,0.237102978324339));
#2458=DIRECTION('center_axis',(0.335780192980674,0.0517024003730505,0.940520347359655));
#2459=DIRECTION('ref_axis',(0.559540635562739,0.792281908970439,-0.243318009757198));
#2460=DIRECTION('',(0.559540635562739,0.792281908970439,-0.243318009757198));
#2461=DIRECTION('',(-0.757737381390098,0.607960721193241,0.237102978324339));
#2462=DIRECTION('center_axis',(0.458147206970759,0.236894601220944,0.856727544005247));
#2463=DIRECTION('ref_axis',(0.4646882800211,0.757802553043051,-0.458039401157221));
#2464=DIRECTION('',(0.4646882800211,0.757802553043051,-0.458039401157221));
#2465=DIRECTION('',(-0.757737381390098,0.607960721193241,0.237102978324339));
#2466=DIRECTION('center_axis',(0.22297249464173,-0.10025904943309,0.969655294236058));
#2467=DIRECTION('ref_axis',(0.613284051217149,0.787611506069439,-0.0595884890705522));
#2468=DIRECTION('',(0.613284051217149,0.787611506069439,-0.0595884890705522));
#2469=DIRECTION('',(-0.757737381390098,0.607960721193241,0.237102978324339));
#2470=DIRECTION('center_axis',(0.280673373592952,-0.0243800222182652,0.95949365389907));
#2471=DIRECTION('ref_axis',(0.589115029684384,0.793592701581124,-0.152164732435411));
#2472=DIRECTION('',(0.589115029684384,0.793592701581124,-0.152164732435411));
#2473=DIRECTION('',(-0.757737381390098,0.607960721193241,0.237102978324339));
#2474=DIRECTION('center_axis',(0.255277905008882,-0.0582234489272918,0.965113061360837));
#2475=DIRECTION('ref_axis',(0.600555785966926,0.791829395438946,-0.111080855508233));
#2476=DIRECTION('',(0.600555785966926,0.791829395438946,-0.111080855508233));
#2477=DIRECTION('',(-0.757737381390098,0.607960721193241,0.237102978324339));
#2478=DIRECTION('center_axis',(0.294339638362705,-0.00586077007736571,0.955682912195573));
#2479=DIRECTION('ref_axis',(0.582407278571094,0.793945472221044,-0.174506014243395));
#2480=DIRECTION('',(0.582407278571094,0.793945472221044,-0.174506014243395));
#2481=DIRECTION('',(-0.757737381390098,0.607960721193241,0.237102978324339));
#2482=DIRECTION('center_axis',(0.613013112562984,0.538603573553208,0.578032104974764));
#2483=DIRECTION('ref_axis',(0.223716303987708,0.583343768323539,-0.780807955446262));
#2484=DIRECTION('',(0.223716303987708,0.583343768323539,-0.780807955446262));
#2485=DIRECTION('',(-0.757737381390098,0.607960721193241,0.237102978324339));
#2486=DIRECTION('center_axis',(0.637945539299605,0.613675461304992,0.465218139242057));
#2487=DIRECTION('ref_axis',(0.137330075845804,0.503771961981111,-0.852850667227204));
#2488=DIRECTION('',(0.137330075845804,0.503771961981111,-0.852850667227204));
#2489=DIRECTION('',(-0.757737381390098,0.607960721193241,0.237102978324339));
#2490=DIRECTION('center_axis',(0.507582442616364,0.320760831412595,0.799670277663929));
#2491=DIRECTION('ref_axis',(0.410114770267647,0.726289371062038,-0.551642660325163));
#2492=DIRECTION('',(0.410114770267647,0.726289371062039,-0.551642660325163));
#2493=DIRECTION('',(-0.757737381390098,0.607960721193241,0.237102978324339));
#2494=DIRECTION('center_axis',(0.640200028852932,0.762960684364398,0.0896376994958905));
#2495=DIRECTION('ref_axis',(-0.126404050175549,0.219715169254206,-0.967340302323238));
#2496=DIRECTION('',(-0.126404050175549,0.219715169254206,-0.967340302323238));
#2497=DIRECTION('',(-0.757737381390098,0.607960721193241,0.237102978324339));
#2498=DIRECTION('center_axis',(0.0374237978983805,0.403230717633695,-0.91433278827103));
#2499=DIRECTION('ref_axis',(-0.651485625470689,-0.683950838761685,-0.328295187235897));
#2500=DIRECTION('',(-0.651485625470689,-0.683950838761685,-0.328295187235897));
#2501=DIRECTION('',(-0.757737381390098,0.607960721193241,0.237102978324339));
#2502=DIRECTION('center_axis',(-0.12640405017555,0.219715169254206,-0.967340302323238));
#2503=DIRECTION('ref_axis',(-0.640200028852932,-0.762960684364398,-0.0896376994958905));
#2504=DIRECTION('',(-0.640200028852932,-0.762960684364398,-0.0896376994958905));
#2505=DIRECTION('',(-0.757737381390098,0.607960721193241,0.237102978324339));
#2506=DIRECTION('center_axis',(-0.487345385167561,-0.285586438648873,-0.825187773549594));
#2507=DIRECTION('ref_axis',(-0.433968358754368,-0.740826664980444,0.512686372018989));
#2508=DIRECTION('',(-0.433968358754368,-0.740826664980444,0.512686372018989));
#2509=DIRECTION('',(-0.757737381390098,0.607960721193241,0.237102978324339));
#2510=DIRECTION('center_axis',(0.0406844792100496,0.406649327420633,-0.912677981360213));
#2511=DIRECTION('ref_axis',(-0.651290130429967,-0.681923812456011,-0.332867961825669));
#2512=DIRECTION('',(-0.651290130429967,-0.681923812456011,-0.332867961825669));
#2513=DIRECTION('',(-0.757737381390098,0.607960721193241,0.237102978324339));
#2514=DIRECTION('center_axis',(-0.12640405017555,0.219715169254206,-0.967340302323238));
#2515=DIRECTION('ref_axis',(-0.640200028852932,-0.762960684364398,-0.0896376994958905));
#2516=DIRECTION('',(-0.640200028852932,-0.762960684364398,-0.0896376994958905));
#2517=DIRECTION('',(-0.757737381390098,0.607960721193241,0.237102978324339));
#2518=DIRECTION('center_axis',(0.640200028852932,0.762960684364398,0.0896376994958905));
#2519=DIRECTION('ref_axis',(-0.126404050175549,0.219715169254205,-0.967340302323238));
#2520=DIRECTION('',(-0.126404050175549,0.219715169254205,-0.967340302323238));
#2521=DIRECTION('',(-0.757737381390098,0.607960721193241,0.237102978324339));
#2522=DIRECTION('center_axis',(0.12640405017555,-0.219715169254206,0.967340302323238));
#2523=DIRECTION('ref_axis',(0.640200028852932,0.762960684364398,0.0896376994958905));
#2524=DIRECTION('',(0.640200028852932,0.762960684364398,0.0896376994958905));
#2525=DIRECTION('center_axis',(-0.757737381390098,0.607960721193241,0.237102978324339));
#2526=DIRECTION('ref_axis',(0.640200028852932,0.762960684364398,0.0896376994958905));
#2527=DIRECTION('center_axis',(0.560416785375329,0.42012251127127,0.7137437230496));
#2528=DIRECTION('ref_axis',(0.334315849928866,0.673706788602664,-0.659053924559307));
#2529=DIRECTION('',(-0.334315849928866,-0.673706788602664,0.659053924559307));
#2530=DIRECTION('',(-0.757737381390098,0.607960721193241,0.237102978324337));
#2531=DIRECTION('',(0.334315849928866,0.673706788602664,-0.659053924559307));
#2532=DIRECTION('center_axis',(0.757737381390098,-0.607960721193241,-0.237102978324337));
#2533=DIRECTION('ref_axis',(-0.640200028852932,-0.762960684364398,-0.0896376994958905));
#2534=DIRECTION('',(0.470684842194184,0.257531542637389,0.843879898963971));
#2535=DIRECTION('',(0.640200028852931,0.762960684364398,0.0896376994958905));
#2536=DIRECTION('',(0.126404050175548,-0.219715169254205,0.967340302323238));
#2537=DIRECTION('',(-0.200411598360574,-0.562592077006612,0.802075648634184));
#2538=DIRECTION('',(-0.576878478889726,-0.793918487386581,0.19210584577175));
#2539=DIRECTION('',(-0.602977903083706,-0.791234193225016,0.101814045516002));
#2540=DIRECTION('',(-0.576878478889714,-0.793918487386586,0.192105845771764));
#2541=DIRECTION('',(-0.500036968189444,-0.774403149007872,0.387637450784363));
#2542=DIRECTION('',(-0.312739789964252,-0.65722539615884,0.685746748017788));
#2543=DIRECTION('',(-0.232114916513824,-0.590686444868991,0.772795050048726));
#2544=DIRECTION('',(-0.443405579720558,-0.746264080455352,0.496468945750692));
#2545=DIRECTION('',(0.126404050175548,-0.219715169254205,0.967340302323238));
#2546=DIRECTION('',(0.622557619862866,0.564588730171019,0.541905504414339));
#2547=DIRECTION('',(0.640200028852931,0.762960684364398,0.0896376994958905));
#2548=DIRECTION('',(0.410893384386886,0.726780856951091,-0.550414582507157));
#2549=DIRECTION('',(0.652133198685516,0.69235561294846,0.308813853949202));
#2550=DIRECTION('',(0.640200028852931,0.762960684364398,0.0896376994958905));
#2551=DIRECTION('',(0.126404050175546,-0.219715169254203,0.967340302323239));
#2552=DIRECTION('',(-0.640200028852931,-0.762960684364398,-0.0896376994958905));
#2553=DIRECTION('center_axis',(0.45198433620283,0.751040122785062,-0.481299172858511));
#2554=DIRECTION('ref_axis',(-0.470684842194184,-0.257531542637389,-0.843879898963971));
#2555=DIRECTION('',(-0.470684842194184,-0.257531542637389,-0.843879898963971));
#2556=DIRECTION('',(-0.757737381390098,0.607960721193241,0.237102978324337));
#2557=DIRECTION('center_axis',(-0.126404050175549,0.219715169254205,-0.967340302323238));
#2558=DIRECTION('ref_axis',(-0.640200028852932,-0.762960684364398,-0.0896376994958905));
#2559=DIRECTION('',(-0.640200028852931,-0.762960684364398,-0.0896376994958905));
#2560=DIRECTION('',(-0.757737381390098,0.607960721193241,0.237102978324337));
#2561=DIRECTION('center_axis',(0.640200028852932,0.762960684364398,0.0896376994958905));
#2562=DIRECTION('ref_axis',(-0.126404050175548,0.219715169254205,-0.967340302323238));
#2563=DIRECTION('',(-0.126404050175548,0.219715169254205,-0.967340302323238));
#2564=DIRECTION('',(-0.757737381390098,0.607960721193241,0.237102978324337));
#2565=DIRECTION('center_axis',(0.621022746835118,0.560244514810798,0.548139427096591));
#2566=DIRECTION('ref_axis',(0.200411598360574,0.562592077006612,-0.802075648634184));
#2567=DIRECTION('',(0.200411598360574,0.562592077006612,-0.802075648634184));
#2568=DIRECTION('',(-0.757737381390098,0.607960721193241,0.237102978324337));
#2569=DIRECTION('center_axis',(0.305033246446942,0.00878617504884879,0.952301171736153));
#2570=DIRECTION('ref_axis',(0.576878478889726,0.793918487386581,-0.19210584577175));
#2571=DIRECTION('',(0.576878478889726,0.793918487386581,-0.19210584577175));
#2572=DIRECTION('',(-0.757737381390098,0.607960721193241,0.237102978324337));
#2573=DIRECTION('center_axis',(0.249502924305216,-0.0658195484468824,0.966134606462989));
#2574=DIRECTION('ref_axis',(0.602977903083706,0.791234193225016,-0.101814045516002));
#2575=DIRECTION('',(0.602977903083706,0.791234193225016,-0.101814045516002));
#2576=DIRECTION('',(-0.757737381390098,0.607960721193241,0.237102978324337));
#2577=DIRECTION('center_axis',(0.305033246446952,0.00878617504886173,0.95230117173615));
#2578=DIRECTION('ref_axis',(0.576878478889714,0.793918487386586,-0.192105845771764));
#2579=DIRECTION('',(0.576878478889714,0.793918487386586,-0.192105845771764));
#2580=DIRECTION('',(-0.757737381390098,0.607960721193241,0.237102978324337));
#2581=DIRECTION('center_axis',(0.419281637193883,0.175167132456087,0.890797050073208));
#2582=DIRECTION('ref_axis',(0.500036968189444,0.774403149007872,-0.387637450784363));
#2583=DIRECTION('',(0.500036968189444,0.774403149007872,-0.387637450784363));
#2584=DIRECTION('',(-0.757737381390098,0.607960721193241,0.237102978324337));
#2585=DIRECTION('center_axis',(0.572737186340468,0.445464409498722,0.688137758920959));
#2586=DIRECTION('ref_axis',(0.312739789964252,0.65722539615884,-0.685746748017788));
#2587=DIRECTION('',(0.312739789964252,0.65722539615884,-0.685746748017788));
#2588=DIRECTION('',(-0.757737381390098,0.607960721193241,0.237102978324337));
#2589=DIRECTION('center_axis',(0.609882551296443,0.530540559556219,0.588701952001109));
#2590=DIRECTION('ref_axis',(0.232114916513824,0.590686444868991,-0.772795050048726));
#2591=DIRECTION('',(0.232114916513824,0.590686444868991,-0.772795050048726));
#2592=DIRECTION('',(-0.757737381390098,0.607960721193241,0.237102978324337));
#2593=DIRECTION('center_axis',(0.478775054401076,0.271060295337259,0.835045366177745));
#2594=DIRECTION('ref_axis',(0.443405579720558,0.746264080455352,-0.496468945750692));
#2595=DIRECTION('',(0.443405579720558,0.746264080455352,-0.496468945750692));
#2596=DIRECTION('',(-0.757737381390098,0.607960721193241,0.237102978324337));
#2597=DIRECTION('center_axis',(0.640200028852932,0.762960684364398,0.0896376994958905));
#2598=DIRECTION('ref_axis',(-0.126404050175548,0.219715169254205,-0.967340302323238));
#2599=DIRECTION('',(-0.126404050175548,0.219715169254205,-0.967340302323238));
#2600=DIRECTION('',(-0.757737381390098,0.607960721193241,0.237102978324337));
#2601=DIRECTION('center_axis',(0.195591591830425,0.558232323723798,-0.806300565518324));
#2602=DIRECTION('ref_axis',(-0.622557619862866,-0.564588730171019,-0.541905504414339));
#2603=DIRECTION('',(-0.622557619862866,-0.564588730171019,-0.541905504414339));
#2604=DIRECTION('',(-0.757737381390098,0.607960721193241,0.237102978324337));
#2605=DIRECTION('center_axis',(-0.126404050175549,0.219715169254205,-0.967340302323238));
#2606=DIRECTION('ref_axis',(-0.640200028852932,-0.762960684364398,-0.0896376994958905));
#2607=DIRECTION('',(-0.640200028852931,-0.762960684364398,-0.0896376994958905));
#2608=DIRECTION('',(-0.757737381390098,0.607960721193241,0.237102978324337));
#2609=DIRECTION('center_axis',(-0.506952352308546,-0.319645659216,-0.800516061695954));
#2610=DIRECTION('ref_axis',(-0.410893384386886,-0.726780856951091,0.550414582507157));
#2611=DIRECTION('',(-0.410893384386886,-0.726780856951091,0.550414582507157));
#2612=DIRECTION('',(-0.757737381390098,0.607960721193241,0.237102978324337));
#2613=DIRECTION('center_axis',(0.0235871154717692,0.388622524700965,-0.921095098933204));
#2614=DIRECTION('ref_axis',(-0.652133198685516,-0.69235561294846,-0.308813853949202));
#2615=DIRECTION('',(-0.652133198685516,-0.69235561294846,-0.308813853949202));
#2616=DIRECTION('',(-0.757737381390098,0.607960721193241,0.237102978324337));
#2617=DIRECTION('center_axis',(-0.126404050175549,0.219715169254205,-0.967340302323238));
#2618=DIRECTION('ref_axis',(-0.640200028852932,-0.762960684364398,-0.0896376994958905));
#2619=DIRECTION('',(-0.640200028852931,-0.762960684364398,-0.0896376994958905));
#2620=DIRECTION('',(-0.757737381390098,0.607960721193241,0.237102978324337));
#2621=DIRECTION('center_axis',(0.640200028852932,0.762960684364398,0.0896376994958905));
#2622=DIRECTION('ref_axis',(-0.126404050175546,0.219715169254203,-0.967340302323239));
#2623=DIRECTION('',(-0.126404050175546,0.219715169254203,-0.967340302323239));
#2624=DIRECTION('',(-0.757737381390098,0.607960721193241,0.237102978324337));
#2625=DIRECTION('center_axis',(0.126404050175549,-0.219715169254205,0.967340302323238));
#2626=DIRECTION('ref_axis',(0.640200028852932,0.762960684364398,0.0896376994958905));
#2627=DIRECTION('',(0.640200028852931,0.762960684364398,0.0896376994958905));
#2628=DIRECTION('center_axis',(-0.757737381390098,0.607960721193241,0.237102978324337));
#2629=DIRECTION('ref_axis',(0.640200028852932,0.762960684364398,0.0896376994958905));
#2630=DIRECTION('center_axis',(0.55683119166145,0.428331923605931,0.711667610063106));
#2631=DIRECTION('ref_axis',(0.353197500248077,0.653369434859244,-0.669596824522205));
#2632=DIRECTION('center_axis',(0.353197500248083,0.65336943485925,-0.669596824522197));
#2633=DIRECTION('ref_axis',(0.887813551375096,-0.459783125995154,0.0196615117644529));
#2634=CARTESIAN_POINT('',(0.,0.,0.));
#2635=CARTESIAN_POINT('Origin',(85.6272996920039,55.8874870409391,181.478419287435));
#2636=CARTESIAN_POINT('',(130.763575862588,20.0841064866065,181.532822614268));
#2637=CARTESIAN_POINT('Ctrl Pts',(130.763575862578,20.0841064865988,181.532822614274));
#2638=CARTESIAN_POINT('Ctrl Pts',(130.952647552314,20.2318184256842,181.40985952659));
#2639=CARTESIAN_POINT('Ctrl Pts',(131.129675391492,20.3812253153118,181.290133992623));
#2640=CARTESIAN_POINT('Ctrl Pts',(131.294392640157,20.5297134499028,181.174814865445));
#2641=CARTESIAN_POINT('Ctrl Pts',(131.620784841784,20.82394717198,180.946306533045));
#2642=CARTESIAN_POINT('Ctrl Pts',(131.887469152617,21.1153404262806,180.73850124196));
#2643=CARTESIAN_POINT('Ctrl Pts',(132.079907001179,21.3469860783918,180.579703424013));
#2644=CARTESIAN_POINT('Ctrl Pts',(132.09514031061,21.3653230631552,180.567133047053));
#2645=CARTESIAN_POINT('Ctrl Pts',(132.110049077559,21.3834410231117,180.554759450184));
#2646=CARTESIAN_POINT('Ctrl Pts',(132.124667784439,21.4013669340713,180.542560192614));
#2647=CARTESIAN_POINT('Ctrl Pts',(132.371723312105,21.7043140707501,180.336393255905));
#2648=CARTESIAN_POINT('Ctrl Pts',(132.597038138325,21.9924183599221,180.143478992496));
#2649=CARTESIAN_POINT('Ctrl Pts',(132.829044325227,22.3014525323753,179.939715008967));
#2650=CARTESIAN_POINT('Ctrl Pts',(133.147223141912,22.7252693651046,179.660268223397));
#2651=CARTESIAN_POINT('Ctrl Pts',(133.462134138961,23.1725014552321,179.372200379223));
#2652=CARTESIAN_POINT('Ctrl Pts',(133.714123002701,23.548172654234,179.134324991113));
#2653=CARTESIAN_POINT('Ctrl Pts',(133.888934548079,23.8087860078433,178.96930434859));
#2654=CARTESIAN_POINT('Ctrl Pts',(134.045726873036,24.0511049494259,178.817747603208));
#2655=CARTESIAN_POINT('Ctrl Pts',(134.202007488942,24.3004003151517,178.663471198538));
#2656=CARTESIAN_POINT('Ctrl Pts',(134.245335260369,24.3695158133308,178.620699081475));
#2657=CARTESIAN_POINT('Ctrl Pts',(134.288896589032,24.4389860004307,178.577703800105));
#2658=CARTESIAN_POINT('Ctrl Pts',(134.33304144239,24.5093679711286,178.534140357474));
#2659=CARTESIAN_POINT('Ctrl Pts',(134.438958238559,24.6782355123555,178.429618540713));
#2660=CARTESIAN_POINT('Ctrl Pts',(134.549375974961,24.851592365607,178.321766895349));
#2661=CARTESIAN_POINT('Ctrl Pts',(134.669616983407,25.0367792988856,178.205806952849));
#2662=CARTESIAN_POINT('Ctrl Pts',(134.69840178521,25.0811116713407,178.178047006347));
#2663=CARTESIAN_POINT('Ctrl Pts',(134.728768868946,25.1276990187956,178.148836407589));
#2664=CARTESIAN_POINT('Ctrl Pts',(134.763125226341,25.1801134450704,178.11590972123));
#2665=CARTESIAN_POINT('Ctrl Pts',(134.946758518086,25.4602663588735,177.939917961309));
#2666=CARTESIAN_POINT('Ctrl Pts',(135.204126037794,25.8828831103828,177.680856256238));
#2667=CARTESIAN_POINT('Ctrl Pts',(135.419546764396,26.284428133403,177.44423333072));
#2668=CARTESIAN_POINT('Ctrl Pts',(135.690132703774,26.7888013149945,177.147015706447));
#2669=CARTESIAN_POINT('Ctrl Pts',(135.932931697963,27.3124147209867,176.850923783795));
#2670=CARTESIAN_POINT('Ctrl Pts',(136.144789959713,27.8524565571397,176.558152604416));
#2671=CARTESIAN_POINT('Ctrl Pts',(136.297737334549,28.2423303362335,176.346791560747));
#2672=CARTESIAN_POINT('Ctrl Pts',(136.434561926811,28.6407664265991,176.137160212092));
#2673=CARTESIAN_POINT('Ctrl Pts',(136.554036640644,29.0467248598451,175.930090246961));
#2674=CARTESIAN_POINT('Ctrl Pts',(136.600054830648,29.203088258556,175.850332910083));
#2675=CARTESIAN_POINT('Ctrl Pts',(136.641970923524,29.3532642265581,175.774477682366));
#2676=CARTESIAN_POINT('Ctrl Pts',(136.690819156611,29.5445619615558,175.679338092267));
#2677=CARTESIAN_POINT('Ctrl Pts',(136.823642861249,30.0647214892542,175.420643109537));
#2678=CARTESIAN_POINT('Ctrl Pts',(136.973328153733,30.826367907725,175.056500334735));
#2679=CARTESIAN_POINT('Ctrl Pts',(136.991030342681,31.7784173061482,174.656729495414));
#2680=CARTESIAN_POINT('Ctrl Pts',(136.99964136568,32.2415306131573,174.462265641174));
#2681=CARTESIAN_POINT('Ctrl Pts',(136.975746445258,32.7583081192617,174.256225364649));
#2682=CARTESIAN_POINT('Ctrl Pts',(136.904305206655,33.2970145865199,174.05666046765));
#2683=CARTESIAN_POINT('Ctrl Pts',(136.866181330466,33.5844897067891,173.950164729706));
#2684=CARTESIAN_POINT('Ctrl Pts',(136.817575884571,33.8581275457741,173.8528232154));
#2685=CARTESIAN_POINT('Ctrl Pts',(136.76159787667,34.1181874157002,173.763511807747));
#2686=CARTESIAN_POINT('Ctrl Pts',(136.584582913049,34.9405548085367,173.481089189128));
#2687=CARTESIAN_POINT('Ctrl Pts',(136.318114439835,35.6248334612628,173.2850670162));
#2688=CARTESIAN_POINT('Ctrl Pts',(136.053197733927,36.1749919414055,173.144039539034));
#2689=CARTESIAN_POINT('Ctrl Pts',(135.899646760547,36.4938747006088,173.062297218111));
#2690=CARTESIAN_POINT('Ctrl Pts',(135.751415460261,36.7664391163714,172.997982749572));
#2691=CARTESIAN_POINT('Ctrl Pts',(135.546341672386,37.0956585617462,172.928813495956));
#2692=CARTESIAN_POINT('Ctrl Pts',(135.438696661189,37.2684687060897,172.892505954377));
#2693=CARTESIAN_POINT('Ctrl Pts',(135.319629024981,37.4475103084508,172.857355475809));
#2694=CARTESIAN_POINT('Ctrl Pts',(135.191093702892,37.6271367597656,172.825059398255));
#2695=CARTESIAN_POINT('Ctrl Pts',(134.768980004284,38.2170351977979,172.71899814968));
#2696=CARTESIAN_POINT('Ctrl Pts',(134.294716160362,38.8435104403761,172.614856336111));
#2697=CARTESIAN_POINT('Ctrl Pts',(133.891935857239,39.3517315401181,172.536272139693));
#2698=CARTESIAN_POINT('Ctrl Pts',(133.552188954618,39.780418204151,172.469986035032));
#2699=CARTESIAN_POINT('Ctrl Pts',(133.270156234417,40.1225264253474,172.420652665409));
#2700=CARTESIAN_POINT('Ctrl Pts',(132.959479842749,40.4885905924886,172.370773710673));
#2701=CARTESIAN_POINT('Ctrl Pts',(131.542759830595,42.1578852194079,172.143319950893));
#2702=CARTESIAN_POINT('Ctrl Pts',(129.996636967965,43.7255143396415,172.000259325545));
#2703=CARTESIAN_POINT('Ctrl Pts',(128.328838269887,45.1711958624278,171.947457923463));
#2704=CARTESIAN_POINT('Ctrl Pts',(127.494938920848,45.8940366238209,171.921057222422));
#2705=CARTESIAN_POINT('Ctrl Pts',(126.630611745958,46.5863764417416,171.91723003896));
#2706=CARTESIAN_POINT('Ctrl Pts',(125.736846234903,47.2456854738538,171.936699669047));
#2707=CARTESIAN_POINT('Ctrl Pts',(125.289963479376,47.5753399899098,171.94643448409));
#2708=CARTESIAN_POINT('Ctrl Pts',(124.835721980554,47.8967376118351,171.961992895532));
#2709=CARTESIAN_POINT('Ctrl Pts',(124.374251005819,48.2095718098498,171.983459475728));
#2710=CARTESIAN_POINT('Ctrl Pts',(124.141497114449,48.3673571981585,171.994286657389));
#2711=CARTESIAN_POINT('Ctrl Pts',(123.906904157924,48.5229642539536,172.006616756243));
#2712=CARTESIAN_POINT('Ctrl Pts',(123.670489087048,48.6763547217881,172.020460059534));
#2713=CARTESIAN_POINT('Ctrl Pts',(123.495251781049,48.7900519249723,172.030721093934));
#2714=CARTESIAN_POINT('Ctrl Pts',(123.319013378022,48.9025313097335,172.041813502159));
#2715=CARTESIAN_POINT('Ctrl Pts',(123.141780858673,49.0137776223697,172.053741313509));
#2716=CARTESIAN_POINT('Ctrl Pts',(123.084053528746,49.0500122401263,172.057626383267));
#2717=CARTESIAN_POINT('Ctrl Pts',(123.027630356771,49.085307658661,172.061473589118));
#2718=CARTESIAN_POINT('Ctrl Pts',(122.944287643255,49.1369752951168,172.067349661629));
#2719=CARTESIAN_POINT('Ctrl Pts',(121.934305607555,49.763105432301,172.138558378347));
#2720=CARTESIAN_POINT('Ctrl Pts',(117.985574541946,52.2072860842786,172.4185371804));
#2721=CARTESIAN_POINT('Ctrl Pts',(112.423285049916,55.6999114195909,172.792361499832));
#2722=CARTESIAN_POINT('Ctrl Pts',(110.83615538926,56.6964883275668,172.899027588696));
#2723=CARTESIAN_POINT('Ctrl Pts',(109.103945886604,57.7875446299146,173.014044451253));
#2724=CARTESIAN_POINT('Ctrl Pts',(107.413538304731,58.856205134797,173.124657839333));
#2725=CARTESIAN_POINT('Ctrl Pts',(103.010167059303,61.6399769237944,173.412796521183));
#2726=CARTESIAN_POINT('Ctrl Pts',(98.5897993304788,64.4602777464531,173.691377330625));
#2727=CARTESIAN_POINT('Ctrl Pts',(94.1446404241636,67.3242818122311,173.959980674955));
#2728=CARTESIAN_POINT('Ctrl Pts',(89.0193312361004,70.6265048963436,174.269682806567));
#2729=CARTESIAN_POINT('Ctrl Pts',(83.9271448284557,73.9439107340263,174.562269071515));
#2730=CARTESIAN_POINT('Ctrl Pts',(78.7539103211398,77.3479786789049,174.845499383862));
#2731=CARTESIAN_POINT('Ctrl Pts',(75.3500661781455,79.5877605252805,175.031857036591));
#2732=CARTESIAN_POINT('Ctrl Pts',(71.9468821483978,81.8415875386913,175.212186564662));
#2733=CARTESIAN_POINT('Ctrl Pts',(68.5372774545196,84.111710860339,175.387872173393));
#2734=CARTESIAN_POINT('Ctrl Pts',(66.9265889353187,85.1841112995785,175.470865604708));
#2735=CARTESIAN_POINT('Ctrl Pts',(65.3130679481594,86.261067724642,175.552900022141));
#2736=CARTESIAN_POINT('Ctrl Pts',(63.6939014685604,87.344166523406,175.634238944971));
#2737=CARTESIAN_POINT('Ctrl Pts',(62.7130652568191,88.0002710908525,175.68351130945));
#2738=CARTESIAN_POINT('Ctrl Pts',(61.7301573482685,88.658629510961,175.732528527258));
#2739=CARTESIAN_POINT('Ctrl Pts',(60.7445515847744,89.3195930945925,175.781350003658));
#2740=CARTESIAN_POINT('Ctrl Pts',(59.9948462807786,89.822357914717,175.818486271689));
#2741=CARTESIAN_POINT('Ctrl Pts',(59.2831128579997,90.3001147779615,175.853552662812));
#2742=CARTESIAN_POINT('Ctrl Pts',(58.6062997907751,90.7547573119969,175.886763555264));
#2743=CARTESIAN_POINT('Ctrl Pts',(57.6025206605783,91.4290360892019,175.936018515538));
#2744=CARTESIAN_POINT('Ctrl Pts',(56.6250904760279,92.0355605362971,176.004694397142));
#2745=CARTESIAN_POINT('Ctrl Pts',(55.524704944542,92.6616947525941,176.105468071815));
#2746=CARTESIAN_POINT('Ctrl Pts',(54.974512178799,92.9747618607426,176.155854909152));
#2747=CARTESIAN_POINT('Ctrl Pts',(54.3930106231525,93.2921811849052,176.214680296172));
#2748=CARTESIAN_POINT('Ctrl Pts',(53.7587019104632,93.6207557282394,176.28616006837));
#2749=CARTESIAN_POINT('Ctrl Pts',(53.378416158649,93.8177453245342,176.329014183986));
#2750=CARTESIAN_POINT('Ctrl Pts',(52.9791194184123,94.0186832267409,176.376451976329));
#2751=CARTESIAN_POINT('Ctrl Pts',(52.5559892026123,94.224406452103,176.429704271376));
#2752=CARTESIAN_POINT('Ctrl Pts',(52.2973955350023,94.3501330520301,176.462249114006));
#2753=CARTESIAN_POINT('Ctrl Pts',(52.049594593583,94.4684866918851,176.494315284747));
#2754=CARTESIAN_POINT('Ctrl Pts',(51.7479521834738,94.6090795041267,176.534787303723));
#2755=CARTESIAN_POINT('Ctrl Pts',(51.7199002655796,94.6221542505594,176.538551090628));
#2756=CARTESIAN_POINT('Ctrl Pts',(51.6909133915869,94.6356361572485,176.542452163953));
#2757=CARTESIAN_POINT('Ctrl Pts',(51.6609994721705,94.6495158364107,176.546491821389));
#2758=CARTESIAN_POINT('Ctrl Pts',(51.3373117625909,94.799702827796,176.590203494361));
#2759=CARTESIAN_POINT('Ctrl Pts',(50.9009359618233,94.9852827779247,176.656123564196));
#2760=CARTESIAN_POINT('Ctrl Pts',(50.3503197120966,95.1601514979797,176.763838772443));
#2761=CARTESIAN_POINT('Ctrl Pts',(50.1739981420144,95.2161489867818,176.798331969201));
#2762=CARTESIAN_POINT('Ctrl Pts',(49.9912101989154,95.2698636081308,176.835884712651));
#2763=CARTESIAN_POINT('Ctrl Pts',(49.7718633129561,95.3261378333946,176.884334905606));
#2764=CARTESIAN_POINT('Ctrl Pts',(49.026934365308,95.5172520095642,177.048877707723));
#2765=CARTESIAN_POINT('Ctrl Pts',(47.9234304995483,95.7307513325387,177.321429640757));
#2766=CARTESIAN_POINT('Ctrl Pts',(46.6003710774014,95.7115073902659,177.762102512017));
#2767=CARTESIAN_POINT('Ctrl Pts',(45.7598849846457,95.6992824927447,178.042044148462));
#2768=CARTESIAN_POINT('Ctrl Pts',(44.8319986405658,95.5818005463391,178.39412815232));
#2769=CARTESIAN_POINT('Ctrl Pts',(43.9777342751294,95.3548351128771,178.767440881253));
#2770=CARTESIAN_POINT('Ctrl Pts',(43.1910732395329,95.1458308863687,179.111211018257));
#2771=CARTESIAN_POINT('Ctrl Pts',(42.4370124632792,94.8460505915697,179.481884529568));
#2772=CARTESIAN_POINT('Ctrl Pts',(41.7305691652663,94.4575181166943,179.873712469004));
#2773=CARTESIAN_POINT('Ctrl Pts',(41.1426119844326,94.1341511044617,180.199822223729));
#2774=CARTESIAN_POINT('Ctrl Pts',(40.6604416428841,93.7913592592467,180.499372649382));
#2775=CARTESIAN_POINT('Ctrl Pts',(40.2534922018348,93.4551605363858,180.771593532393));
#2776=CARTESIAN_POINT('Ctrl Pts',(40.0738890432177,93.3067825157817,180.891735558647));
#2777=CARTESIAN_POINT('Ctrl Pts',(39.9087312068895,93.1591893834393,181.006828407114));
#2778=CARTESIAN_POINT('Ctrl Pts',(39.755662157141,93.0132980942486,181.117263329222));
#2779=CARTESIAN_POINT('Ctrl Pts',(39.4342029968009,92.7069128948811,181.349186878701));
#2780=CARTESIAN_POINT('Ctrl Pts',(39.1717111671657,92.4025623562122,181.560983051197));
#2781=CARTESIAN_POINT('Ctrl Pts',(38.9511232279126,92.109530278888,181.754390615811));
#2782=CARTESIAN_POINT('Ctrl Pts',(38.5327041241384,91.5536965393541,182.121253011474));
#2783=CARTESIAN_POINT('Ctrl Pts',(38.2049703989681,91.089569427241,182.42050612769));
#2784=CARTESIAN_POINT('Ctrl Pts',(37.8642426374351,90.5820725746116,182.741956428044));
#2785=CARTESIAN_POINT('Ctrl Pts',(37.5463563223158,90.1085969068492,183.041857589645));
#2786=CARTESIAN_POINT('Ctrl Pts',(37.2373338456947,89.6224026003341,183.344123098425));
#2787=CARTESIAN_POINT('Ctrl Pts',(36.9421879678866,89.1301016547226,183.644377313983));
#2788=CARTESIAN_POINT('Ctrl Pts',(36.8995048561061,89.0589065682548,183.68779917825));
#2789=CARTESIAN_POINT('Ctrl Pts',(36.8569419404707,88.9879293352402,183.731091579043));
#2790=CARTESIAN_POINT('Ctrl Pts',(36.814396035897,88.9169976872191,183.77435955215));
#2791=CARTESIAN_POINT('Ctrl Pts',(36.6776701127482,88.6890510692466,183.913405921598));
#2792=CARTESIAN_POINT('Ctrl Pts',(36.5386424677475,88.463284494356,184.052302918736));
#2793=CARTESIAN_POINT('Ctrl Pts',(36.3936395877929,88.2339565270515,184.194627919739));
#2794=CARTESIAN_POINT('Ctrl Pts',(36.0151682703579,87.635388705932,184.566109718239));
#2795=CARTESIAN_POINT('Ctrl Pts',(35.6486465098442,86.9579738382329,184.966312224357));
#2796=CARTESIAN_POINT('Ctrl Pts',(35.3064758601116,86.1166607162515,185.42637575266));
#2797=CARTESIAN_POINT('Ctrl Pts',(35.0166587711204,85.4040720704008,185.816047609752));
#2798=CARTESIAN_POINT('Ctrl Pts',(34.7662145816638,84.6141030442973,186.22486437248));
#2799=CARTESIAN_POINT('Ctrl Pts',(34.5853757734442,83.7681810819558,186.634071246733));
#2800=CARTESIAN_POINT('Ctrl Pts',(34.3835877398411,82.8242635067233,187.090682586441));
#2801=CARTESIAN_POINT('Ctrl Pts',(34.3238871837974,81.7528504369207,187.553584680244));
#2802=CARTESIAN_POINT('Ctrl Pts',(34.387915293022,80.8604229157658,187.901952470815));
#2803=CARTESIAN_POINT('Ctrl Pts',(34.4361876754939,80.1875996331263,188.164595604136));
#2804=CARTESIAN_POINT('Ctrl Pts',(34.5428647834503,79.5942706371016,188.37524067586));
#2805=CARTESIAN_POINT('Ctrl Pts',(34.6573118937581,79.1120706708734,188.537356644849));
#2806=CARTESIAN_POINT('Ctrl Pts',(34.7668984236643,78.650349786198,188.692587532165));
#2807=CARTESIAN_POINT('Ctrl Pts',(34.8802008736194,78.293858285407,188.803056630181));
#2808=CARTESIAN_POINT('Ctrl Pts',(35.0254844038658,77.909088939934,188.914768314304));
#2809=CARTESIAN_POINT('Ctrl Pts',(35.176468588009,77.5092219652602,189.030863355896));
#2810=CARTESIAN_POINT('Ctrl Pts',(35.3548950333593,77.1157401805641,189.13534100288));
#2811=CARTESIAN_POINT('Ctrl Pts',(35.5610576081455,76.732622180045,189.226458705568));
#2812=CARTESIAN_POINT('Ctrl Pts',(35.7011868701013,76.4722158346624,189.288391655533));
#2813=CARTESIAN_POINT('Ctrl Pts',(35.8541282789925,76.216592965832,189.344154847477));
#2814=CARTESIAN_POINT('Ctrl Pts',(36.0200376593544,75.9670289014538,189.393169556828));
#2815=CARTESIAN_POINT('Ctrl Pts',(36.0805020479007,75.8760772113031,189.411032587985));
#2816=CARTESIAN_POINT('Ctrl Pts',(36.1426896418283,75.7859308290959,189.427998785236));
#2817=CARTESIAN_POINT('Ctrl Pts',(36.206611131514,75.6966545072286,189.444037856149));
#2818=CARTESIAN_POINT('Ctrl Pts',(36.2253414606292,75.6704946836859,189.448737638309));
#2819=CARTESIAN_POINT('Ctrl Pts',(36.2446573055813,75.6437504705695,189.453487761016));
#2820=CARTESIAN_POINT('Ctrl Pts',(36.2688978614362,75.6106881288162,189.459241843072));
#2821=CARTESIAN_POINT('Ctrl Pts',(36.3184206269988,75.5431427057905,189.470997268912));
#2822=CARTESIAN_POINT('Ctrl Pts',(36.3593430133494,75.4878422511385,189.480498199057));
#2823=CARTESIAN_POINT('Ctrl Pts',(36.3674962907081,75.4768232879758,189.482391569405));
#2824=CARTESIAN_POINT('Ctrl Pts',(37.4092998449445,74.0688502138461,189.724321270951));
#2825=CARTESIAN_POINT('Ctrl Pts',(38.5984440073336,72.6703622540409,189.914137756784));
#2826=CARTESIAN_POINT('Ctrl Pts',(39.8711210690279,71.353276735305,190.042948320055));
#2827=CARTESIAN_POINT('Ctrl Pts',(40.70413206319,70.4911988756647,190.127259272612));
#2828=CARTESIAN_POINT('Ctrl Pts',(41.577765773061,69.6571174821281,190.186698862186));
#2829=CARTESIAN_POINT('Ctrl Pts',(42.4853196317626,68.8553262556569,190.221682338455));
#2830=CARTESIAN_POINT('Ctrl Pts',(43.2262666071084,68.2007262245772,190.250243619617));
#2831=CARTESIAN_POINT('Ctrl Pts',(44.02567205087,67.5415075281274,190.261597257124));
#2832=CARTESIAN_POINT('Ctrl Pts',(44.7136278395796,67.0041664397343,190.258964797473));
#2833=CARTESIAN_POINT('Ctrl Pts',(45.8925763902437,66.0833260197974,190.254453556284));
#2834=CARTESIAN_POINT('Ctrl Pts',(46.8403344952815,65.3771805062459,190.236707619607));
#2835=CARTESIAN_POINT('Ctrl Pts',(48.6424660539005,64.2365052037856,190.119356161939));
#2836=CARTESIAN_POINT('Ctrl Pts',(49.7802599378971,63.5163283795365,190.045265138909));
#2837=CARTESIAN_POINT('Ctrl Pts',(51.2392287870738,62.5925259773178,189.950398433842));
#2838=CARTESIAN_POINT('Ctrl Pts',(53.2865065476166,61.2930537388614,189.818585467452));
#2839=CARTESIAN_POINT('Ctrl Pts',(54.2384235984046,60.6888417434728,189.757296758787));
#2840=CARTESIAN_POINT('Ctrl Pts',(55.3174802335946,60.0033911941219,189.688045290654));
#2841=CARTESIAN_POINT('Ctrl Pts',(56.5502795815921,59.2190785289004,189.609423516664));
#2842=CARTESIAN_POINT('Ctrl Pts',(57.730671131424,58.4681079480371,189.534144049814));
#2843=CARTESIAN_POINT('Ctrl Pts',(59.0817838502479,57.6074004270826,189.448441706669));
#2844=CARTESIAN_POINT('Ctrl Pts',(60.3875668843164,56.7741077322879,189.366219603633));
#2845=CARTESIAN_POINT('Ctrl Pts',(64.3969626970224,54.215489528421,189.11375732849));
#2846=CARTESIAN_POINT('Ctrl Pts',(68.3946368874494,51.6514270777985,188.867381595929));
#2847=CARTESIAN_POINT('Ctrl Pts',(72.4553193060967,49.0301019631498,188.624095584479));
#2848=CARTESIAN_POINT('Ctrl Pts',(76.1994748064681,46.6131070262389,188.399773521332));
#2849=CARTESIAN_POINT('Ctrl Pts',(79.9094568587568,44.2040289890505,188.183351746901));
#2850=CARTESIAN_POINT('Ctrl Pts',(83.6420441773763,41.7652631313735,187.97182241992));
#2851=CARTESIAN_POINT('Ctrl Pts',(88.1453369410673,38.8229403665641,187.716616471287));
#2852=CARTESIAN_POINT('Ctrl Pts',(92.716987260383,35.8135904372942,187.466791524284));
#2853=CARTESIAN_POINT('Ctrl Pts',(97.260285154016,32.8024905820961,187.226963457503));
#2854=CARTESIAN_POINT('Ctrl Pts',(100.61946662352,30.5761714911592,187.049641605258));
#2855=CARTESIAN_POINT('Ctrl Pts',(103.982755059782,28.3362429640907,186.876608478429));
#2856=CARTESIAN_POINT('Ctrl Pts',(107.396696699804,26.0535185992986,186.704719082234));
#2857=CARTESIAN_POINT('Ctrl Pts',(108.050932575168,25.6160652592923,186.67177879753));
#2858=CARTESIAN_POINT('Ctrl Pts',(108.683998665044,25.192423960316,186.640046373901));
#2859=CARTESIAN_POINT('Ctrl Pts',(109.235516760392,24.8231511009912,186.61248539796));
#2860=CARTESIAN_POINT('Ctrl Pts',(110.77621064835,23.7915685615443,186.535492407999));
#2861=CARTESIAN_POINT('Ctrl Pts',(111.841849024498,23.0766299738537,186.482832279354));
#2862=CARTESIAN_POINT('Ctrl Pts',(112.666579599004,22.523154413718,186.442144188226));
#2863=CARTESIAN_POINT('Ctrl Pts',(113.512277377512,21.9556077916653,186.40042167988));
#2864=CARTESIAN_POINT('Ctrl Pts',(114.119577308561,21.5819770373641,186.356420545263));
#2865=CARTESIAN_POINT('Ctrl Pts',(114.731282662712,21.2191749536396,186.306497439654));
#2866=CARTESIAN_POINT('Ctrl Pts',(115.167324716124,20.960558669679,186.270910742015));
#2867=CARTESIAN_POINT('Ctrl Pts',(115.606849094439,20.7085414079021,186.231454306365));
#2868=CARTESIAN_POINT('Ctrl Pts',(116.147956662501,20.4148579177816,186.176017386547));
#2869=CARTESIAN_POINT('Ctrl Pts',(116.587935665159,20.1760614626827,186.130941172256));
#2870=CARTESIAN_POINT('Ctrl Pts',(117.007096517955,19.9588407763122,186.083744995686));
#2871=CARTESIAN_POINT('Ctrl Pts',(117.390505252368,19.7671276020672,186.037685989936));
#2872=CARTESIAN_POINT('Ctrl Pts',(118.373905239889,19.2754050192502,185.919549855794));
#2873=CARTESIAN_POINT('Ctrl Pts',(119.130723327723,18.9460017761601,185.808346081085));
#2874=CARTESIAN_POINT('Ctrl Pts',(119.475214358593,18.7978082044356,185.757005714082));
#2875=CARTESIAN_POINT('Ctrl Pts',(119.648775126285,18.723145621754,185.73113951522));
#2876=CARTESIAN_POINT('Ctrl Pts',(119.697708785796,18.7046386653694,185.722794293723));
#2877=CARTESIAN_POINT('Ctrl Pts',(119.779659653575,18.6723063392141,185.709372003348));
#2878=CARTESIAN_POINT('Ctrl Pts',(120.285610913267,18.4726918434739,185.62650497695));
#2879=CARTESIAN_POINT('Ctrl Pts',(120.798267412877,18.3138909706687,185.524555313911));
#2880=CARTESIAN_POINT('Ctrl Pts',(121.321762318731,18.1925768485529,185.403547994851));
#2881=CARTESIAN_POINT('Ctrl Pts',(122.991819999963,17.8055595553266,185.017509467213));
#2882=CARTESIAN_POINT('Ctrl Pts',(124.730172198025,17.764027552208,184.466164825484));
#2883=CARTESIAN_POINT('Ctrl Pts',(126.370177637669,18.0922941374459,183.79395299863));
#2884=CARTESIAN_POINT('Ctrl Pts',(127.497926308911,18.3180264407455,183.331706974194));
#2885=CARTESIAN_POINT('Ctrl Pts',(128.578613278821,18.7210032249876,182.811504477427));
#2886=CARTESIAN_POINT('Ctrl Pts',(129.532304299167,19.2614514706127,182.275947213024));
#2887=CARTESIAN_POINT('Ctrl Pts',(129.985323998448,19.518173717637,182.021548266519));
#2888=CARTESIAN_POINT('Ctrl Pts',(130.397162361242,19.7978465559598,181.7711202439));
#2889=CARTESIAN_POINT('Ctrl Pts',(130.763575862578,20.0841064865988,181.532822614274));
#2890=CARTESIAN_POINT('',(128.787758883393,21.6848999549908,181.516570100528));
#2891=CARTESIAN_POINT('Ctrl Pts',(128.787758883393,21.6848999549908,181.516570100528));
#2892=CARTESIAN_POINT('Ctrl Pts',(128.228541280864,21.2929570537438,181.86165889649));
#2893=CARTESIAN_POINT('Ctrl Pts',(127.521051609676,20.9059362210366,182.253203499924));
#2894=CARTESIAN_POINT('Ctrl Pts',(126.667951825102,20.6214451835914,182.649940850794));
#2895=CARTESIAN_POINT('Ctrl Pts',(125.975548830625,20.3905431838596,182.971945538557));
#2896=CARTESIAN_POINT('Ctrl Pts',(125.246615777545,20.2463441940405,183.270017631879));
#2897=CARTESIAN_POINT('Ctrl Pts',(124.497238896864,20.1931027510385,183.537135465078));
#2898=CARTESIAN_POINT('Ctrl Pts',(123.765036479227,20.141081512741,183.798131404911));
#2899=CARTESIAN_POINT('Ctrl Pts',(123.097546355808,20.1851355539511,183.99820476006));
#2900=CARTESIAN_POINT('Ctrl Pts',(122.584883225629,20.252835709691,184.137856294242));
#2901=CARTESIAN_POINT('Ctrl Pts',(122.401200121034,20.2770921347308,184.187892323458));
#2902=CARTESIAN_POINT('Ctrl Pts',(122.235706485374,20.3042483868254,184.230779430814));
#2903=CARTESIAN_POINT('Ctrl Pts',(122.090667993259,20.330966675282,184.267157882189));
#2904=CARTESIAN_POINT('Ctrl Pts',(121.663835977985,20.4095956015784,184.374215584506));
#2905=CARTESIAN_POINT('Ctrl Pts',(121.344144210812,20.4985536615034,184.441958404294));
#2906=CARTESIAN_POINT('Ctrl Pts',(121.064611368453,20.5874944109223,184.496574330076));
#2907=CARTESIAN_POINT('Ctrl Pts',(120.818456149255,20.6658151888463,184.544668840435));
#2908=CARTESIAN_POINT('Ctrl Pts',(120.622121065774,20.7406747918635,184.577901893472));
#2909=CARTESIAN_POINT('Ctrl Pts',(120.483182473528,20.7965722334793,184.600210313752));
#2910=CARTESIAN_POINT('Ctrl Pts',(120.304323512604,20.8685303421958,184.628928474823));
#2911=CARTESIAN_POINT('Ctrl Pts',(120.177145400364,20.9210732390263,184.648778798945));
#2912=CARTESIAN_POINT('Ctrl Pts',(120.027309714386,20.9839986683082,184.671742782739));
#2913=CARTESIAN_POINT('Ctrl Pts',(118.970619166959,21.427769495538,184.833692350685));
#2914=CARTESIAN_POINT('Ctrl Pts',(117.921608849031,21.9334824748355,184.967496908084));
#2915=CARTESIAN_POINT('Ctrl Pts',(116.896359783228,22.4911399766312,185.072034387377));
#2916=CARTESIAN_POINT('Ctrl Pts',(116.469876628228,22.723114370667,185.11551989297));
#2917=CARTESIAN_POINT('Ctrl Pts',(116.091944413976,22.939302877253,185.149659301201));
#2918=CARTESIAN_POINT('Ctrl Pts',(115.732441232345,23.1523201232953,185.179083802168));
#2919=CARTESIAN_POINT('Ctrl Pts',(115.227712622407,23.4513881259767,185.220394667355));
#2920=CARTESIAN_POINT('Ctrl Pts',(114.71503343559,23.7640199320835,185.258692751514));
#2921=CARTESIAN_POINT('Ctrl Pts',(113.946173596608,24.28059746062,185.296377512692));
#2922=CARTESIAN_POINT('Ctrl Pts',(113.293556345731,24.7190745268495,185.328364780063));
#2923=CARTESIAN_POINT('Ctrl Pts',(112.446315466673,25.2881808255107,185.369946530275));
#2924=CARTESIAN_POINT('Ctrl Pts',(111.245804065542,26.0934325570554,185.42934336874));
#2925=CARTESIAN_POINT('Ctrl Pts',(110.271995521116,26.7466217028253,185.477523793144));
#2926=CARTESIAN_POINT('Ctrl Pts',(109.06578573631,27.555196217639,185.537409250603));
#2927=CARTESIAN_POINT('Ctrl Pts',(107.542030107265,28.5745735380322,185.613913366613));
#2928=CARTESIAN_POINT('Ctrl Pts',(106.721491506625,29.1235056791553,185.655110642014));
#2929=CARTESIAN_POINT('Ctrl Pts',(105.880754795938,29.6854192585474,185.697541713791));
#2930=CARTESIAN_POINT('Ctrl Pts',(105.052281925501,30.2385589873457,185.739592705578));
#2931=CARTESIAN_POINT('Ctrl Pts',(100.245560365672,33.4478235932141,185.983568599116));
#2932=CARTESIAN_POINT('Ctrl Pts',(95.4910649587488,36.6030322448103,186.232833498439));
#2933=CARTESIAN_POINT('Ctrl Pts',(90.6358846192712,39.799225896133,186.498067014146));
#2934=CARTESIAN_POINT('Ctrl Pts',(87.6602050877963,41.7581331584519,186.660625330947));
#2935=CARTESIAN_POINT('Ctrl Pts',(84.6947379723078,43.7006581560571,186.826623037871));
#2936=CARTESIAN_POINT('Ctrl Pts',(81.7668742070672,45.6091029440216,186.994425716541));
#2937=CARTESIAN_POINT('Ctrl Pts',(74.8629283637392,50.1092438377037,187.390106902141));
#2938=CARTESIAN_POINT('Ctrl Pts',(68.059999017255,54.4911639110668,187.801673102263));
#2939=CARTESIAN_POINT('Ctrl Pts',(60.8887639793127,59.0670060786777,188.253444722346));
#2940=CARTESIAN_POINT('Ctrl Pts',(59.881188103757,59.7099229757033,188.316919728151));
#2941=CARTESIAN_POINT('Ctrl Pts',(58.9368968652774,60.3116451737752,188.376744738453));
#2942=CARTESIAN_POINT('Ctrl Pts',(58.0877561709143,60.8522626628822,188.430737192565));
#2943=CARTESIAN_POINT('Ctrl Pts',(52.8932949417984,64.1593902161728,188.761026049773));
#2944=CARTESIAN_POINT('Ctrl Pts',(50.76707559551,65.5016561181163,188.900947957778));
#2945=CARTESIAN_POINT('Ctrl Pts',(49.4812241730077,66.3158908737414,188.984538027846));
#2946=CARTESIAN_POINT('Ctrl Pts',(48.8681655075987,66.704095656874,189.024391478952));
#2947=CARTESIAN_POINT('Ctrl Pts',(48.4431772954859,66.9905170669701,189.044856554894));
#2948=CARTESIAN_POINT('Ctrl Pts',(47.978172796016,67.3140775181209,189.06303999587));
#2949=CARTESIAN_POINT('Ctrl Pts',(46.1146490433188,68.6107587047337,189.135910848097));
#2950=CARTESIAN_POINT('Ctrl Pts',(44.3350514726283,70.0752949821026,189.111870935108));
#2951=CARTESIAN_POINT('Ctrl Pts',(42.7037026869479,71.6770072841998,188.98257916671));
#2952=CARTESIAN_POINT('Ctrl Pts',(41.8880282941077,72.4778634352484,188.917933282511));
#2953=CARTESIAN_POINT('Ctrl Pts',(41.1093888687816,73.3130030265804,188.826987712101));
#2954=CARTESIAN_POINT('Ctrl Pts',(40.3759075295245,74.1786986254679,188.708628275876));
#2955=CARTESIAN_POINT('Ctrl Pts',(40.1063887578479,74.4967997167573,188.665136931025));
#2956=CARTESIAN_POINT('Ctrl Pts',(39.842969547829,74.8190280919418,188.617942741288));
#2957=CARTESIAN_POINT('Ctrl Pts',(39.5860643873965,75.1452042869387,188.566984414175));
#2958=CARTESIAN_POINT('Ctrl Pts',(39.370788253957,75.4185267455485,188.524283397157));
#2959=CARTESIAN_POINT('Ctrl Pts',(39.1711919503144,75.6777226690155,188.482300165515));
#2960=CARTESIAN_POINT('Ctrl Pts',(38.9017050741156,76.0446728248806,188.418583452724));
#2961=CARTESIAN_POINT('Ctrl Pts',(38.6175761350586,76.4315605277009,188.351404812114));
#2962=CARTESIAN_POINT('Ctrl Pts',(38.2937916918959,76.8941633083974,188.265862835075));
#2963=CARTESIAN_POINT('Ctrl Pts',(38.0190868339178,77.3088260982282,188.184108020065));
#2964=CARTESIAN_POINT('Ctrl Pts',(37.7143428364855,77.7688325105267,188.093413267453));
#2965=CARTESIAN_POINT('Ctrl Pts',(37.5075489226118,78.1836226024891,187.9893953602));
#2966=CARTESIAN_POINT('Ctrl Pts',(37.3287093801336,78.6391377903368,187.85938187957));
#2967=CARTESIAN_POINT('Ctrl Pts',(37.0705941298318,79.2965730258464,187.671736230121));
#2968=CARTESIAN_POINT('Ctrl Pts',(36.924984222566,79.9557907349189,187.446557849761));
#2969=CARTESIAN_POINT('Ctrl Pts',(36.8613453313426,80.5471974027855,187.22263254864));
#2970=CARTESIAN_POINT('Ctrl Pts',(36.8124734519705,81.0013718042593,187.050667731303));
#2971=CARTESIAN_POINT('Ctrl Pts',(36.8054512021909,81.4214040669487,186.879144759264));
#2972=CARTESIAN_POINT('Ctrl Pts',(36.821938059766,81.7900355588547,186.72120398099));
#2973=CARTESIAN_POINT('Ctrl Pts',(36.8311227553246,81.9953971937834,186.633216445577));
#2974=CARTESIAN_POINT('Ctrl Pts',(36.8478311444908,82.2018504874265,186.542316515917));
#2975=CARTESIAN_POINT('Ctrl Pts',(36.8755418226366,82.4234889418629,186.441534274854));
#2976=CARTESIAN_POINT('Ctrl Pts',(36.9597629656922,83.0971153280337,186.135226522392));
#2977=CARTESIAN_POINT('Ctrl Pts',(37.1221063681157,83.8676346214708,185.7632720747));
#2978=CARTESIAN_POINT('Ctrl Pts',(37.4060190889806,84.6692084632747,185.33870700486));
#2979=CARTESIAN_POINT('Ctrl Pts',(37.5389431894489,85.0444945073662,185.139931374706));
#2980=CARTESIAN_POINT('Ctrl Pts',(37.6982225578207,85.4265559629524,184.929732370102));
#2981=CARTESIAN_POINT('Ctrl Pts',(37.8871101747492,85.8088164712477,184.709767555098));
#2982=CARTESIAN_POINT('Ctrl Pts',(38.0424406694149,86.1231658966371,184.528880930134));
#2983=CARTESIAN_POINT('Ctrl Pts',(38.2089757432018,86.4147006269375,184.353771103189));
#2984=CARTESIAN_POINT('Ctrl Pts',(38.3322027247382,86.6161006519851,184.230125218645));
#2985=CARTESIAN_POINT('Ctrl Pts',(38.379188873845,86.6928939929323,184.182979342838));
#2986=CARTESIAN_POINT('Ctrl Pts',(38.421282045945,86.7594184911592,184.141683223067));
#2987=CARTESIAN_POINT('Ctrl Pts',(38.4574446915971,86.8155419851963,184.106630883618));
#2988=CARTESIAN_POINT('Ctrl Pts',(38.5597369595607,86.9742969487112,184.007479307871));
#2989=CARTESIAN_POINT('Ctrl Pts',(38.6286499908392,87.0842054315581,183.939458346112));
#2990=CARTESIAN_POINT('Ctrl Pts',(38.7057089442424,87.208904572309,183.862652508436));
#2991=CARTESIAN_POINT('Ctrl Pts',(38.7620074781747,87.3000085712194,183.806538898433));
#2992=CARTESIAN_POINT('Ctrl Pts',(38.8163753710152,87.3893201496807,183.751798455876));
#2993=CARTESIAN_POINT('Ctrl Pts',(38.8696920867203,87.4781659396955,183.697594557566));
#2994=CARTESIAN_POINT('Ctrl Pts',(38.9486199862036,87.6096896371151,183.617353309003));
#2995=CARTESIAN_POINT('Ctrl Pts',(39.0264395713515,87.7394257176716,183.538214296418));
#2996=CARTESIAN_POINT('Ctrl Pts',(39.1058151281944,87.8718171467258,183.45746755206));
#2997=CARTESIAN_POINT('Ctrl Pts',(39.3110874287061,88.2141932419731,183.2486492378));
#2998=CARTESIAN_POINT('Ctrl Pts',(39.5328074717072,88.5704012910108,183.028727655684));
#2999=CARTESIAN_POINT('Ctrl Pts',(39.826387333198,89.0111223572654,182.750330623265));
#3000=CARTESIAN_POINT('Ctrl Pts',(39.9786372699621,89.2396794324242,182.605954471693));
#3001=CARTESIAN_POINT('Ctrl Pts',(40.1575384607005,89.5019748653183,182.438900216884));
#3002=CARTESIAN_POINT('Ctrl Pts',(40.3848529174966,89.819328870853,182.233227722959));
#3003=CARTESIAN_POINT('Ctrl Pts',(40.581737966365,90.0942003408376,182.055087539585));
#3004=CARTESIAN_POINT('Ctrl Pts',(40.8023089179845,90.3908787611381,181.860176584996));
#3005=CARTESIAN_POINT('Ctrl Pts',(41.0116294956461,90.6622166016772,181.679431639001));
#3006=CARTESIAN_POINT('Ctrl Pts',(41.2045114364575,90.9122453847211,181.512881191049));
#3007=CARTESIAN_POINT('Ctrl Pts',(41.3930837522022,91.1149269223203,181.367333661692));
#3008=CARTESIAN_POINT('Ctrl Pts',(41.5697112438191,91.2851176829995,181.239138188546));
#3009=CARTESIAN_POINT('Ctrl Pts',(41.643487858221,91.3562056999919,181.185591439376));
#3010=CARTESIAN_POINT('Ctrl Pts',(41.7232544823108,91.4292408873028,181.129279858778));
#3011=CARTESIAN_POINT('Ctrl Pts',(41.8092074000407,91.5031817587724,181.07057024411));
#3012=CARTESIAN_POINT('Ctrl Pts',(42.3374453073734,91.9575976441554,180.70976057282));
#3013=CARTESIAN_POINT('Ctrl Pts',(43.0827524699543,92.4650526985108,180.256009058894));
#3014=CARTESIAN_POINT('Ctrl Pts',(44.0491400810471,92.8370642091942,179.786002585191));
#3015=CARTESIAN_POINT('Ctrl Pts',(44.8522458103874,93.1462202581552,179.395408906708));
#3016=CARTESIAN_POINT('Ctrl Pts',(45.737863735267,93.3327166695369,179.02858900292));
#3017=CARTESIAN_POINT('Ctrl Pts',(46.6427179652351,93.3769833057169,178.714335982781));
#3018=CARTESIAN_POINT('Ctrl Pts',(47.3021973767651,93.4092458892486,178.485300863169));
#3019=CARTESIAN_POINT('Ctrl Pts',(47.964091225893,93.3774261106391,178.28199494405));
#3020=CARTESIAN_POINT('Ctrl Pts',(48.7436429246443,93.2367588620551,178.085252530004));
#3021=CARTESIAN_POINT('Ctrl Pts',(48.831374579034,93.2209280063768,178.063110910018));
#3022=CARTESIAN_POINT('Ctrl Pts',(48.9201684412998,93.203661319522,178.041216074823));
#3023=CARTESIAN_POINT('Ctrl Pts',(49.0099670805532,93.1848754199876,178.019621312609));
#3024=CARTESIAN_POINT('Ctrl Pts',(49.3577659520266,93.1121158023365,177.935982696366));
#3025=CARTESIAN_POINT('Ctrl Pts',(49.7200938203233,93.0121256719859,177.858860993833));
#3026=CARTESIAN_POINT('Ctrl Pts',(50.0923622218503,92.8791795072287,177.792126232076));
#3027=CARTESIAN_POINT('Ctrl Pts',(50.2706440240427,92.8155107087214,177.760166512836));
#3028=CARTESIAN_POINT('Ctrl Pts',(50.4290398890036,92.7547445620253,177.733509341314));
#3029=CARTESIAN_POINT('Ctrl Pts',(50.6582030214618,92.6540339532429,177.700237586325));
#3030=CARTESIAN_POINT('Ctrl Pts',(50.9234754546242,92.5374543448637,177.661723191332));
#3031=CARTESIAN_POINT('Ctrl Pts',(51.2413636947933,92.3940866815536,177.617086241975));
#3032=CARTESIAN_POINT('Ctrl Pts',(51.5180780439304,92.265677054559,177.579725295988));
#3033=CARTESIAN_POINT('Ctrl Pts',(52.5373657067052,91.7926753870083,177.442104852981));
#3034=CARTESIAN_POINT('Ctrl Pts',(53.5490945879409,91.2770238983546,177.324606062795));
#3035=CARTESIAN_POINT('Ctrl Pts',(54.5423334376878,90.7184849306002,177.230902361502));
#3036=CARTESIAN_POINT('Ctrl Pts',(54.9551688110984,90.4863306573596,177.191954828869));
#3037=CARTESIAN_POINT('Ctrl Pts',(55.3410275776121,90.2600757561872,177.159388745736));
#3038=CARTESIAN_POINT('Ctrl Pts',(55.6908936683666,90.0483971631551,177.132562107493));
#3039=CARTESIAN_POINT('Ctrl Pts',(56.1827689009768,89.7507991394033,177.094846652138));
#3040=CARTESIAN_POINT('Ctrl Pts',(56.6583021121709,89.4544800817945,177.061946620473));
#3041=CARTESIAN_POINT('Ctrl Pts',(57.3388438072614,88.9969356085997,177.02871716607));
#3042=CARTESIAN_POINT('Ctrl Pts',(58.2350552573782,88.3943911961517,176.984957000114));
#3043=CARTESIAN_POINT('Ctrl Pts',(59.5045769494573,87.5407167575907,176.923028705816));
#3044=CARTESIAN_POINT('Ctrl Pts',(61.6686898543755,86.090602270156,176.815344012643));
#3045=CARTESIAN_POINT('Ctrl Pts',(62.6919255853278,85.40495922716,176.764428542622));
#3046=CARTESIAN_POINT('Ctrl Pts',(63.9151876444196,84.5860603858335,176.703238562965));
#3047=CARTESIAN_POINT('Ctrl Pts',(65.3941766215043,83.5983606664379,176.62826650567));
#3048=CARTESIAN_POINT('Ctrl Pts',(66.159168710109,83.0874829770422,176.589487967367));
#3049=CARTESIAN_POINT('Ctrl Pts',(66.9788313324715,82.5406973674519,176.547688895237));
#3050=CARTESIAN_POINT('Ctrl Pts',(67.776134271686,82.0095051773588,176.506749664682));
#3051=CARTESIAN_POINT('Ctrl Pts',(72.0500126788819,79.1620920804667,176.287298205432));
#3052=CARTESIAN_POINT('Ctrl Pts',(76.3041833665602,76.3466414900826,176.061065329538));
#3053=CARTESIAN_POINT('Ctrl Pts',(80.6064697030988,73.5240473565415,175.822052306146));
#3054=CARTESIAN_POINT('Ctrl Pts',(84.049743424421,71.2650242591156,175.630761629952));
#3055=CARTESIAN_POINT('Ctrl Pts',(87.522276336396,69.0028325063203,175.431212943338));
#3056=CARTESIAN_POINT('Ctrl Pts',(90.945911382993,66.7893640058499,175.227493530136));
#3057=CARTESIAN_POINT('Ctrl Pts',(97.3455851725552,62.6518095779729,174.846688400108));
#3058=CARTESIAN_POINT('Ctrl Pts',(103.680305517717,58.6146164729386,174.445594457796));
#3059=CARTESIAN_POINT('Ctrl Pts',(110.227338514431,54.4988418015915,174.007582205873));
#3060=CARTESIAN_POINT('Ctrl Pts',(111.09334806774,53.954427226861,173.949644084158));
#3061=CARTESIAN_POINT('Ctrl Pts',(111.963072384515,53.4086377499448,173.891060009663));
#3062=CARTESIAN_POINT('Ctrl Pts',(112.837152356279,52.8610578695761,173.831792322095));
#3063=CARTESIAN_POINT('Ctrl Pts',(113.728859596053,52.3024351354412,173.771329403602));
#3064=CARTESIAN_POINT('Ctrl Pts',(114.546689802197,51.7910655845737,173.715473596473));
#3065=CARTESIAN_POINT('Ctrl Pts',(115.281649326978,51.3320778263826,173.665043947493));
#3066=CARTESIAN_POINT('Ctrl Pts',(119.27271679216,48.8396261377252,173.391194674796));
#3067=CARTESIAN_POINT('Ctrl Pts',(121.000839556225,47.772260787997,173.267710493315));
#3068=CARTESIAN_POINT('Ctrl Pts',(122.100496357571,47.0909391534953,173.190013053363));
#3069=CARTESIAN_POINT('Ctrl Pts',(122.711319469295,46.7124874398681,173.146854686147));
#3070=CARTESIAN_POINT('Ctrl Pts',(123.139289240966,46.4273560292608,173.12488065182));
#3071=CARTESIAN_POINT('Ctrl Pts',(123.6038167861,46.1058226994703,173.106014327375));
#3072=CARTESIAN_POINT('Ctrl Pts',(125.500093238012,44.7932717255329,173.028998944424));
#3073=CARTESIAN_POINT('Ctrl Pts',(127.26135750657,43.3002265274197,173.070832488893));
#3074=CARTESIAN_POINT('Ctrl Pts',(128.864751740537,41.6567961313026,173.226530816532));
#3075=CARTESIAN_POINT('Ctrl Pts',(129.666448857521,40.8350809332441,173.304379980352));
#3076=CARTESIAN_POINT('Ctrl Pts',(130.428726656812,39.97583438953,173.410652699527));
#3077=CARTESIAN_POINT('Ctrl Pts',(131.148856245569,39.0829205037897,173.544642444863));
#3078=CARTESIAN_POINT('Ctrl Pts',(131.538187052841,38.6001756070558,173.61708265081));
#3079=CARTESIAN_POINT('Ctrl Pts',(131.91519854799,38.1075887010968,173.697624776572));
#3080=CARTESIAN_POINT('Ctrl Pts',(132.279439043679,37.605754121544,173.786170596798));
#3081=CARTESIAN_POINT('Ctrl Pts',(132.461278480844,37.3552237204049,173.83037524264));
#3082=CARTESIAN_POINT('Ctrl Pts',(132.691428877421,37.0306665636662,173.889413771752));
#3083=CARTESIAN_POINT('Ctrl Pts',(132.929569913869,36.6802403328027,173.956544200882));
#3084=CARTESIAN_POINT('Ctrl Pts',(133.096731599144,36.434260722612,174.003666006657));
#3085=CARTESIAN_POINT('Ctrl Pts',(133.264966363326,36.1797776480441,174.053955801133));
#3086=CARTESIAN_POINT('Ctrl Pts',(133.417198228098,35.9436495782711,174.101883626746));
#3087=CARTESIAN_POINT('Ctrl Pts',(133.763480987084,35.4065276058281,174.210905346413));
#3088=CARTESIAN_POINT('Ctrl Pts',(133.946105466273,35.0065818294329,174.316684975647));
#3089=CARTESIAN_POINT('Ctrl Pts',(134.11330225214,34.5542207890061,174.449200980087));
#3090=CARTESIAN_POINT('Ctrl Pts',(134.286585666299,34.0853920067365,174.586541094377));
#3091=CARTESIAN_POINT('Ctrl Pts',(134.406795784628,33.6038194347303,174.746512628888));
#3092=CARTESIAN_POINT('Ctrl Pts',(134.472456208493,33.1169590451719,174.926512979312));
#3093=CARTESIAN_POINT('Ctrl Pts',(134.490119629857,32.985987910656,174.974935177162));
#3094=CARTESIAN_POINT('Ctrl Pts',(134.503939875115,32.8566736275955,175.023928647909));
#3095=CARTESIAN_POINT('Ctrl Pts',(134.514447472159,32.7111548090471,175.080711359663));
#3096=CARTESIAN_POINT('Ctrl Pts',(134.548737172498,32.2362796628908,175.266011782056));
#3097=CARTESIAN_POINT('Ctrl Pts',(134.55406659885,31.6256560469443,175.516959754146));
#3098=CARTESIAN_POINT('Ctrl Pts',(134.426110544854,30.8781619457843,175.868139362899));
#3099=CARTESIAN_POINT('Ctrl Pts',(134.360469999991,30.4947027928142,176.04829200237));
#3100=CARTESIAN_POINT('Ctrl Pts',(134.260129077527,30.0511417522567,176.264665100023));
#3101=CARTESIAN_POINT('Ctrl Pts',(134.132696566216,29.6222801938523,176.483815551688));
#3102=CARTESIAN_POINT('Ctrl Pts',(133.748775295971,28.3302309940907,177.144059306698));
#3103=CARTESIAN_POINT('Ctrl Pts',(133.29438416186,27.4961045611442,177.637850743685));
#3104=CARTESIAN_POINT('Ctrl Pts',(132.800122271729,26.7311222582572,178.116068461572));
#3105=CARTESIAN_POINT('Ctrl Pts',(132.770389159986,26.685103528616,178.144836410564));
#3106=CARTESIAN_POINT('Ctrl Pts',(132.740398860998,26.6394206330648,178.173549496812));
#3107=CARTESIAN_POINT('Ctrl Pts',(132.710119349995,26.594016835494,178.20224167287));
#3108=CARTESIAN_POINT('Ctrl Pts',(132.567257319622,26.379796774048,178.337614484112));
#3109=CARTESIAN_POINT('Ctrl Pts',(132.429392353803,26.1669001801816,178.470805312072));
#3110=CARTESIAN_POINT('Ctrl Pts',(132.288983451795,25.9433547827391,178.609234874608));
#3111=CARTESIAN_POINT('Ctrl Pts',(132.217986754854,25.8303207470919,178.679230733549));
#3112=CARTESIAN_POINT('Ctrl Pts',(132.137519284352,25.7021597637418,178.758583928681));
#3113=CARTESIAN_POINT('Ctrl Pts',(132.046766339175,25.5575266728256,178.848117569667));
#3114=CARTESIAN_POINT('Ctrl Pts',(131.889889645809,25.3075120753916,179.002886558329));
#3115=CARTESIAN_POINT('Ctrl Pts',(131.698050910753,25.011072424312,179.188301774889));
#3116=CARTESIAN_POINT('Ctrl Pts',(131.45998954286,24.665931134777,179.408988124857));
#3117=CARTESIAN_POINT('Ctrl Pts',(131.295787688171,24.427871342157,179.561205632006));
#3118=CARTESIAN_POINT('Ctrl Pts',(131.103038079392,24.1563409434655,179.736610694408));
#3119=CARTESIAN_POINT('Ctrl Pts',(130.857351362527,23.8305305751646,179.951791322645));
#3120=CARTESIAN_POINT('Ctrl Pts',(130.613533633358,23.5071987111047,180.165335029066));
#3121=CARTESIAN_POINT('Ctrl Pts',(130.334249045221,23.1561692425571,180.401940188865));
#3122=CARTESIAN_POINT('Ctrl Pts',(130.073921167346,22.8460302811627,180.615424027318));
#3123=CARTESIAN_POINT('Ctrl Pts',(129.87401063936,22.6078689131685,180.779362162604));
#3124=CARTESIAN_POINT('Ctrl Pts',(129.686381881613,22.4193177822662,180.918753591869));
#3125=CARTESIAN_POINT('Ctrl Pts',(129.503460193,22.2530387212459,181.047388837967));
#3126=CARTESIAN_POINT('Ctrl Pts',(129.425202023513,22.1819006564367,181.102421999795));
#3127=CARTESIAN_POINT('Ctrl Pts',(129.34139510442,22.1093669429996,181.159847444897));
#3128=CARTESIAN_POINT('Ctrl Pts',(129.251920231449,22.0362939597935,181.219349768775));
#3129=CARTESIAN_POINT('Ctrl Pts',(129.110425591948,21.9207370992723,181.313446128872));
#3130=CARTESIAN_POINT('Ctrl Pts',(128.955747875883,21.8026396198301,181.412905410985));
#3131=CARTESIAN_POINT('Ctrl Pts',(128.787758883393,21.6848999549908,181.516570100528));
#3132=CARTESIAN_POINT('Ctrl Pts',(118.96993107256,38.5215092897704,13.3400313308898));
#3133=CARTESIAN_POINT('Ctrl Pts',(122.393717402182,33.4342502371147,27.5663626786569));
#3134=CARTESIAN_POINT('Ctrl Pts',(124.670435562102,28.3364705030223,41.7535670760118));
#3135=CARTESIAN_POINT('Ctrl Pts',(126.844611724707,18.5048013213961,68.9836055818728));
#3136=CARTESIAN_POINT('Ctrl Pts',(126.159176667671,13.153055571994,81.8809749189188));
#3137=CARTESIAN_POINT('Ctrl Pts',(125.92990089476,7.51552968617283,99.8880574664673));
#3138=CARTESIAN_POINT('Ctrl Pts',(125.725972260645,5.56532045113054,104.230264072246));
#3139=CARTESIAN_POINT('Ctrl Pts',(125.684162803062,2.92846357937654,121.276684522266));
#3140=CARTESIAN_POINT('Ctrl Pts',(126.152465677797,4.4947974468299,138.883290719609));
#3141=CARTESIAN_POINT('Ctrl Pts',(127.220450845019,10.3379673393317,162.532362257718));
#3142=CARTESIAN_POINT('Ctrl Pts',(127.952899704603,15.646014999266,172.346012409953));
#3143=CARTESIAN_POINT('Ctrl Pts',(128.792160006052,21.7167351994974,181.564930789246));
#3144=CARTESIAN_POINT('Ctrl Pts',(119.11445387875,38.6432953979806,13.5248368388379));
#3145=CARTESIAN_POINT('Ctrl Pts',(122.559110390073,33.6064624024008,27.6707313858783));
#3146=CARTESIAN_POINT('Ctrl Pts',(124.848938670996,28.5411252432157,41.8049149225806));
#3147=CARTESIAN_POINT('Ctrl Pts',(127.033414852011,18.7372819791059,68.9856727204223));
#3148=CARTESIAN_POINT('Ctrl Pts',(126.326485033613,13.3860320075721,81.9120284385042));
#3149=CARTESIAN_POINT('Ctrl Pts',(126.112922383586,7.72130792712126,99.9108799145623));
#3150=CARTESIAN_POINT('Ctrl Pts',(125.919312086833,5.75773391235646,104.252025770216));
#3151=CARTESIAN_POINT('Ctrl Pts',(125.888492559621,3.09395069562701,121.280378859343));
#3152=CARTESIAN_POINT('Ctrl Pts',(126.343090296142,4.65303168434818,138.84394616159));
#3153=CARTESIAN_POINT('Ctrl Pts',(127.398790232809,10.4738352964194,162.457395565578));
#3154=CARTESIAN_POINT('Ctrl Pts',(128.122058438739,15.7701478272785,172.259441263099));
#3155=CARTESIAN_POINT('Ctrl Pts',(128.951658037763,21.8303104358294,181.469639227671));
#3156=CARTESIAN_POINT('Ctrl Pts',(119.258977003689,38.7650813141304,13.7096423277648));
#3157=CARTESIAN_POINT('Ctrl Pts',(122.724503710939,33.7786743620792,27.775100069818));
#3158=CARTESIAN_POINT('Ctrl Pts',(125.02744515436,28.7457771693209,41.856262411067));
#3159=CARTESIAN_POINT('Ctrl Pts',(127.22222351706,18.9697579731059,68.9877393357094));
#3160=CARTESIAN_POINT('Ctrl Pts',(126.501306926367,13.6112112899775,81.9403312376222));
#3161=CARTESIAN_POINT('Ctrl Pts',(126.293196220101,7.92994032440876,99.9347123247661));
#3162=CARTESIAN_POINT('Ctrl Pts',(126.103699577558,5.95935726063392,104.277160567087));
#3163=CARTESIAN_POINT('Ctrl Pts',(126.076414957184,3.27665416113818,121.289895843946));
#3164=CARTESIAN_POINT('Ctrl Pts',(126.525772810894,4.82103118954338,138.806073169885));
#3165=CARTESIAN_POINT('Ctrl Pts',(127.571429636952,10.6175395265442,162.382374501303));
#3166=CARTESIAN_POINT('Ctrl Pts',(128.286228583551,15.9010546146027,172.172478356276));
#3167=CARTESIAN_POINT('Ctrl Pts',(129.106743914013,21.9496493407837,181.373756640628));
#3168=CARTESIAN_POINT('Ctrl Pts',(119.693270816067,39.1310498469464,14.2649854476253));
#3169=CARTESIAN_POINT('Ctrl Pts',(123.22151270717,34.2961739160791,28.0887294685785));
#3170=CARTESIAN_POINT('Ctrl Pts',(125.563850776436,29.3607666287877,42.0105629463014));
#3171=CARTESIAN_POINT('Ctrl Pts',(127.789580815641,19.6683647524597,68.9939504863129));
#3172=CARTESIAN_POINT('Ctrl Pts',(127.052011515622,14.2675283574664,82.0174385281041));
#3173=CARTESIAN_POINT('Ctrl Pts',(126.825554212675,8.5644020194063,100.009252173231));
#3174=CARTESIAN_POINT('Ctrl Pts',(126.627401612994,6.5893151800611,104.362403784201));
#3175=CARTESIAN_POINT('Ctrl Pts',(126.585579658759,3.87091628306006,121.335404363694));
#3176=CARTESIAN_POINT('Ctrl Pts',(127.048114146815,5.35261287215469,138.697181071889));
#3177=CARTESIAN_POINT('Ctrl Pts',(128.071393406343,11.0715043294336,162.157650508312));
#3178=CARTESIAN_POINT('Ctrl Pts',(128.763212115347,16.313711925575,171.910791498039));
#3179=CARTESIAN_POINT('Ctrl Pts',(129.55844457401,22.3247487528154,181.0845519381));
#3180=CARTESIAN_POINT('Ctrl Pts',(119.983041925991,39.3752322090478,14.6355230533307));
#3181=CARTESIAN_POINT('Ctrl Pts',(123.55312887034,34.6414611936345,28.2979901386095));
#3182=CARTESIAN_POINT('Ctrl Pts',(125.92175856075,29.7710971178655,42.1135155371291));
#3183=CARTESIAN_POINT('Ctrl Pts',(128.168144175462,20.1344834458145,68.9980943940558));
#3184=CARTESIAN_POINT('Ctrl Pts',(127.419468018148,14.7054272130441,82.0688864669604));
#3185=CARTESIAN_POINT('Ctrl Pts',(127.180775742251,8.98771302540447,100.058986226336));
#3186=CARTESIAN_POINT('Ctrl Pts',(126.978306645172,7.00803916511112,104.419109754883));
#3187=CARTESIAN_POINT('Ctrl Pts',(126.922181547165,4.27081757954835,121.366132999236));
#3188=CARTESIAN_POINT('Ctrl Pts',(127.371419982895,5.73474026106266,138.627853867298));
#3189=CARTESIAN_POINT('Ctrl Pts',(128.371368849037,11.4107965896339,162.011299626643));
#3190=CARTESIAN_POINT('Ctrl Pts',(129.051253624654,16.6215465058631,171.738306432018));
#3191=CARTESIAN_POINT('Ctrl Pts',(129.834437340758,22.6020696197272,180.892076860298));
#3192=CARTESIAN_POINT('Ctrl Pts',(121.118064306772,40.331683423914,16.0869030677794));
#3193=CARTESIAN_POINT('Ctrl Pts',(124.852056316141,35.9939362974921,29.11765530551));
#3194=CARTESIAN_POINT('Ctrl Pts',(127.323653271848,31.3783563278347,42.5167757410123));
#3195=CARTESIAN_POINT('Ctrl Pts',(129.650933329699,21.9602729699741,69.0143246421587));
#3196=CARTESIAN_POINT('Ctrl Pts',(128.858735714981,16.4206934560982,82.2704028559314));
#3197=CARTESIAN_POINT('Ctrl Pts',(128.572102506581,10.6458542090587,100.253790383668));
#3198=CARTESIAN_POINT('Ctrl Pts',(128.359392947377,8.6431613579332,104.640209979272));
#3199=CARTESIAN_POINT('Ctrl Pts',(128.226114459533,5.84822633668517,121.488688191881));
#3200=CARTESIAN_POINT('Ctrl Pts',(128.521636224074,7.31910499547511,138.375349941346));
#3201=CARTESIAN_POINT('Ctrl Pts',(129.392417486574,12.8568230106213,161.460269529757));
#3202=CARTESIAN_POINT('Ctrl Pts',(130.042129640536,17.9330629271808,171.078528629081));
#3203=CARTESIAN_POINT('Ctrl Pts',(130.801299768771,23.7777316870227,180.146650972597));
#3204=CARTESIAN_POINT('Ctrl Pts',(121.963324522154,41.0439468872466,17.1677449422103));
#3205=CARTESIAN_POINT('Ctrl Pts',(125.819376887528,37.0011184065715,29.7280591649802));
#3206=CARTESIAN_POINT('Ctrl Pts',(128.367663369439,32.575269152765,42.8170796890526));
#3207=CARTESIAN_POINT('Ctrl Pts',(130.755187969091,23.3199245115896,69.0264069989652));
#3208=CARTESIAN_POINT('Ctrl Pts',(129.930581955167,17.6980394495025,82.4204681109286));
#3209=CARTESIAN_POINT('Ctrl Pts',(129.608248256911,11.8806588398581,100.398857167459));
#3210=CARTESIAN_POINT('Ctrl Pts',(129.387911387019,9.86082444341846,104.804859592979));
#3211=CARTESIAN_POINT('Ctrl Pts',(129.197183669385,7.02290529726663,121.579950545212));
#3212=CARTESIAN_POINT('Ctrl Pts',(129.38764192114,8.49086071951657,138.189004483492));
#3213=CARTESIAN_POINT('Ctrl Pts',(130.145400245365,13.9400674644697,161.04855186722));
#3214=CARTESIAN_POINT('Ctrl Pts',(130.747579998512,18.9378761729353,170.581175737772));
#3215=CARTESIAN_POINT('Ctrl Pts',(131.463816715346,24.7030273856813,179.580922353683));
#3216=CARTESIAN_POINT('Ctrl Pts',(122.923260506701,41.8528581922279,18.3952382387555));
#3217=CARTESIAN_POINT('Ctrl Pts',(126.917934118597,38.1449639831566,30.4212846311474));
#3218=CARTESIAN_POINT('Ctrl Pts',(129.553312987102,33.9345901888088,43.1581345342574));
#3219=CARTESIAN_POINT('Ctrl Pts',(132.009261089339,24.8640604270895,69.040134574545));
#3220=CARTESIAN_POINT('Ctrl Pts',(131.147858202643,19.1486929891717,82.5909004789068));
#3221=CARTESIAN_POINT('Ctrl Pts',(130.784987755999,13.2829933199741,100.563612790472));
#3222=CARTESIAN_POINT('Ctrl Pts',(130.555991699189,11.2436899859292,104.991854854896));
#3223=CARTESIAN_POINT('Ctrl Pts',(130.300023108825,8.35695227401678,121.683602303593));
#3224=CARTESIAN_POINT('Ctrl Pts',(130.383589428537,9.81473826321508,137.977019282949));
#3225=CARTESIAN_POINT('Ctrl Pts',(130.990660045328,15.1757263383263,160.581280127437));
#3226=CARTESIAN_POINT('Ctrl Pts',(131.505536994095,20.1027874401614,170.017658656702));
#3227=CARTESIAN_POINT('Ctrl Pts',(132.13976739253,25.7959381553054,178.940745240574));
#3228=CARTESIAN_POINT('Ctrl Pts',(123.037945314824,41.9495005876487,18.541889119533));
#3229=CARTESIAN_POINT('Ctrl Pts',(127.049180944839,38.2816209307552,30.5041053588307));
#3230=CARTESIAN_POINT('Ctrl Pts',(129.694963968251,34.0969911788863,43.1988806987329));
#3231=CARTESIAN_POINT('Ctrl Pts',(132.159083958808,25.0485431727826,69.0417747541567));
#3232=CARTESIAN_POINT('Ctrl Pts',(131.293282413929,19.322009782132,82.6112628294432));
#3233=CARTESIAN_POINT('Ctrl Pts',(130.925563415906,13.4505393957532,100.583297755899));
#3234=CARTESIAN_POINT('Ctrl Pts',(130.695530024294,11.4089109085006,105.014197319904));
#3235=CARTESIAN_POINT('Ctrl Pts',(130.43176376836,8.51634185480898,121.695987819886));
#3236=CARTESIAN_POINT('Ctrl Pts',(130.502560037446,9.97291449855984,137.951692991405));
#3237=CARTESIAN_POINT('Ctrl Pts',(131.091634297695,15.3233589921926,160.525453917147));
#3238=CARTESIAN_POINT('Ctrl Pts',(131.59610108595,20.2419551909119,169.950334391279));
#3239=CARTESIAN_POINT('Ctrl Pts',(132.220552019603,25.9264924902071,178.864262843526));
#3240=CARTESIAN_POINT('Ctrl Pts',(123.347609727602,42.2104471095924,18.9378653557944));
#3241=CARTESIAN_POINT('Ctrl Pts',(127.403561276011,38.6506153869007,30.7277330559192));
#3242=CARTESIAN_POINT('Ctrl Pts',(130.077435412405,34.5354979423981,43.3089027074894));
#3243=CARTESIAN_POINT('Ctrl Pts',(132.563631257836,25.5466676181551,69.0462034589303));
#3244=CARTESIAN_POINT('Ctrl Pts',(131.68595914386,19.7899752087499,82.6662419478142));
#3245=CARTESIAN_POINT('Ctrl Pts',(131.305175049603,13.9029138635535,100.636442993023));
#3246=CARTESIAN_POINT('Ctrl Pts',(131.072355462446,11.8550028355322,105.074515349324));
#3247=CARTESIAN_POINT('Ctrl Pts',(130.787548004602,8.94668451609905,121.72941905994));
#3248=CARTESIAN_POINT('Ctrl Pts',(130.823835606523,10.3999877505138,137.883307536988));
#3249=CARTESIAN_POINT('Ctrl Pts',(131.364295728457,15.7219742406155,160.374717903841));
#3250=CARTESIAN_POINT('Ctrl Pts',(131.840689191827,20.6176959773868,169.768549721863));
#3251=CARTESIAN_POINT('Ctrl Pts',(132.438735190364,26.278977450812,178.657748462654));
#3252=CARTESIAN_POINT('Ctrl Pts',(123.542589471734,42.3747511534307,19.1871906849101));
#3253=CARTESIAN_POINT('Ctrl Pts',(127.626701489973,38.8829465645696,30.8685380323854));
#3254=CARTESIAN_POINT('Ctrl Pts',(130.31826839472,34.8115949102864,43.3781746182436));
#3255=CARTESIAN_POINT('Ctrl Pts',(132.818351024129,25.8603097896438,69.0489920333041));
#3256=CARTESIAN_POINT('Ctrl Pts',(131.948577983949,20.0723014358793,82.6960504397855));
#3257=CARTESIAN_POINT('Ctrl Pts',(131.538496511324,14.1923104609694,100.671685600758));
#3258=CARTESIAN_POINT('Ctrl Pts',(131.290515468398,12.1511887934387,105.118466813034));
#3259=CARTESIAN_POINT('Ctrl Pts',(130.979279256231,9.243518557273,121.760562807872));
#3260=CARTESIAN_POINT('Ctrl Pts',(131.021365463744,10.6727055505485,137.841733755));
#3261=CARTESIAN_POINT('Ctrl Pts',(131.539747830992,15.969937943704,160.278625062674));
#3262=CARTESIAN_POINT('Ctrl Pts',(131.998477607395,20.8512556442286,169.652916837946));
#3263=CARTESIAN_POINT('Ctrl Pts',(132.578966407524,26.4986469238991,178.52684430607));
#3264=CARTESIAN_POINT('Ctrl Pts',(123.814872639029,42.6041974997982,19.5353666090776));
#3265=CARTESIAN_POINT('Ctrl Pts',(127.938299000151,39.2074013032568,31.0651716022553));
#3266=CARTESIAN_POINT('Ctrl Pts',(130.654563005297,35.1971722169717,43.4749170612087));
#3267=CARTESIAN_POINT('Ctrl Pts',(133.174066372532,26.2983029225029,69.0528853129693));
#3268=CARTESIAN_POINT('Ctrl Pts',(132.33963821812,20.453101806667,82.7314422243435));
#3269=CARTESIAN_POINT('Ctrl Pts',(131.855486737562,14.6013337862698,100.723166619668));
#3270=CARTESIAN_POINT('Ctrl Pts',(131.565225785348,12.5813753943645,105.187520967936));
#3271=CARTESIAN_POINT('Ctrl Pts',(131.196316851708,9.68610268238889,121.817055682494));
#3272=CARTESIAN_POINT('Ctrl Pts',(131.289776503713,11.0576608626755,137.785586368751));
#3273=CARTESIAN_POINT('Ctrl Pts',(131.790713068707,16.3129181661826,160.142911967107));
#3274=CARTESIAN_POINT('Ctrl Pts',(132.224789883788,21.1741164375657,169.489926589164));
#3275=CARTESIAN_POINT('Ctrl Pts',(132.779271140049,26.8029351945994,178.342914747695));
#3276=CARTESIAN_POINT('Ctrl Pts',(123.89217640018,42.6693396068466,19.6342170752371));
#3277=CARTESIAN_POINT('Ctrl Pts',(128.026777054183,39.2995057565131,31.120994009217));
#3278=CARTESIAN_POINT('Ctrl Pts',(130.750063549649,35.3066247135182,43.5023768195603));
#3279=CARTESIAN_POINT('Ctrl Pts',(133.275049171977,26.4226532623864,69.0539923571511));
#3280=CARTESIAN_POINT('Ctrl Pts',(132.453300503666,20.5597800367874,82.7408204006846));
#3281=CARTESIAN_POINT('Ctrl Pts',(131.944397221795,14.7180517741991,100.738059558413));
#3282=CARTESIAN_POINT('Ctrl Pts',(131.639890657737,12.7052957214584,105.207985588592));
#3283=CARTESIAN_POINT('Ctrl Pts',(131.251912372763,9.81509134854783,121.834599977667));
#3284=CARTESIAN_POINT('Ctrl Pts',(131.362931167984,11.1690789603179,137.770196491829));
#3285=CARTESIAN_POINT('Ctrl Pts',(131.859898794792,16.4119985848436,160.104625874027));
#3286=CARTESIAN_POINT('Ctrl Pts',(132.287482379739,21.2670984595528,169.443821197002));
#3287=CARTESIAN_POINT('Ctrl Pts',(132.835046096567,26.8902571061634,178.290811693975));
#3288=CARTESIAN_POINT('Ctrl Pts',(124.476062116157,43.1613654562602,20.3808480600223));
#3289=CARTESIAN_POINT('Ctrl Pts',(128.69489524392,39.9953266870949,31.5426774921286));
#3290=CARTESIAN_POINT('Ctrl Pts',(131.471098016959,36.1335407294804,43.7098637987875));
#3291=CARTESIAN_POINT('Ctrl Pts',(134.037899614587,27.3618811346494,69.0623294637337));
#3292=CARTESIAN_POINT('Ctrl Pts',(133.334202058844,21.354714892471,82.806264354379));
#3293=CARTESIAN_POINT('Ctrl Pts',(132.609223266955,15.6027848478208,100.852134182308));
#3294=CARTESIAN_POINT('Ctrl Pts',(132.179449196889,13.6527261497331,105.368454883896));
#3295=CARTESIAN_POINT('Ctrl Pts',(131.626006293286,10.8117182892931,121.977916949393));
#3296=CARTESIAN_POINT('Ctrl Pts',(131.892291285711,12.0252302702449,137.65816346433));
#3297=CARTESIAN_POINT('Ctrl Pts',(132.366485577551,17.1724136883572,159.817600422467));
#3298=CARTESIAN_POINT('Ctrl Pts',(132.749029242076,21.9787408754458,169.097100704055));
#3299=CARTESIAN_POINT('Ctrl Pts',(133.247863207303,27.5564555929638,177.898333477132));
#3300=CARTESIAN_POINT('Ctrl Pts',(124.984915146259,43.5864327997448,21.0279155519552));
#3301=CARTESIAN_POINT('Ctrl Pts',(129.307597695652,40.5725623357414,31.8982096127761));
#3302=CARTESIAN_POINT('Ctrl Pts',(132.128959813067,36.8250977369986,43.8797883110583));
#3303=CARTESIAN_POINT('Ctrl Pts',(134.669605067543,28.2006327468127,69.0789325191823));
#3304=CARTESIAN_POINT('Ctrl Pts',(133.952597483092,22.2018433104119,82.9178694133509));
#3305=CARTESIAN_POINT('Ctrl Pts',(133.005443018613,16.499135776226,101.003950575399));
#3306=CARTESIAN_POINT('Ctrl Pts',(132.46096437261,14.5730107205203,105.555073814971));
#3307=CARTESIAN_POINT('Ctrl Pts',(131.764589512245,11.7369701795606,122.138846431874));
#3308=CARTESIAN_POINT('Ctrl Pts',(132.215766641144,12.8524727374985,137.585583398312));
#3309=CARTESIAN_POINT('Ctrl Pts',(132.714090046204,17.9016426024808,159.580984735648));
#3310=CARTESIAN_POINT('Ctrl Pts',(133.080321891748,22.6500730694277,168.80510719681));
#3311=CARTESIAN_POINT('Ctrl Pts',(133.557419659704,28.1726519189234,177.563954380589));
#3312=CARTESIAN_POINT('Ctrl Pts',(125.558742806894,44.0622705299067,21.7528265660507));
#3313=CARTESIAN_POINT('Ctrl Pts',(130.04203306644,41.2090796957013,32.2882029112705));
#3314=CARTESIAN_POINT('Ctrl Pts',(132.913106541802,37.5900062331765,44.0618439993128));
#3315=CARTESIAN_POINT('Ctrl Pts',(135.335896923554,29.1505942491195,69.1051915399258));
#3316=CARTESIAN_POINT('Ctrl Pts',(134.419003314327,23.2372777987182,83.0921046511995));
#3317=CARTESIAN_POINT('Ctrl Pts',(133.201210162026,17.5477061619556,101.216535049193));
#3318=CARTESIAN_POINT('Ctrl Pts',(132.536578605304,15.6161735901596,105.798213421895));
#3319=CARTESIAN_POINT('Ctrl Pts',(131.700364595467,12.7532170480576,122.34325760705));
#3320=CARTESIAN_POINT('Ctrl Pts',(132.404648143015,13.8172349773498,137.536066372911));
#3321=CARTESIAN_POINT('Ctrl Pts',(132.984091096361,18.7653828616526,159.342672074769));
#3322=CARTESIAN_POINT('Ctrl Pts',(133.361380725788,23.4401206453828,168.498776227371));
#3323=CARTESIAN_POINT('Ctrl Pts',(133.8408668449,28.8902024330732,177.20400949507));
#3324=CARTESIAN_POINT('Ctrl Pts',(125.620582127263,44.1138872004103,21.8312570035544));
#3325=CARTESIAN_POINT('Ctrl Pts',(130.118546922269,41.2802565788081,32.3312922870844));
#3326=CARTESIAN_POINT('Ctrl Pts',(132.993536324677,37.6761685907866,44.082892112124));
#3327=CARTESIAN_POINT('Ctrl Pts',(135.402794591604,29.2567483760579,69.109500979357));
#3328=CARTESIAN_POINT('Ctrl Pts',(134.466179302178,23.3505319319415,83.1116683423006));
#3329=CARTESIAN_POINT('Ctrl Pts',(133.219432728683,17.6614271410022,101.239986315434));
#3330=CARTESIAN_POINT('Ctrl Pts',(132.54176301419,15.7290219347459,105.824907902071));
#3331=CARTESIAN_POINT('Ctrl Pts',(131.690679515559,12.862763081883,122.365644920497));
#3332=CARTESIAN_POINT('Ctrl Pts',(132.422856532578,13.9219944682733,137.531120413956));
#3333=CARTESIAN_POINT('Ctrl Pts',(133.011737806801,18.859357011926,159.317261333298));
#3334=CARTESIAN_POINT('Ctrl Pts',(133.390589029495,23.5260143959582,168.465934579961));
#3335=CARTESIAN_POINT('Ctrl Pts',(133.870681691519,28.9681223346373,177.165291049817));
#3336=CARTESIAN_POINT('Ctrl Pts',(126.204214047973,44.602944571112,22.5733235407692));
#3337=CARTESIAN_POINT('Ctrl Pts',(130.824478496499,41.9716453198547,32.7449808496584));
#3338=CARTESIAN_POINT('Ctrl Pts',(133.724374028547,38.5178732783253,44.2917484425135));
#3339=CARTESIAN_POINT('Ctrl Pts',(135.997116039684,30.2878250956183,69.1612023869778));
#3340=CARTESIAN_POINT('Ctrl Pts',(134.880758865736,24.4331111896482,83.3033496779099));
#3341=CARTESIAN_POINT('Ctrl Pts',(133.362131103039,18.740108050612,101.466322662054));
#3342=CARTESIAN_POINT('Ctrl Pts',(132.561242434422,16.7966249968108,106.081249177565));
#3343=CARTESIAN_POINT('Ctrl Pts',(131.572187335828,13.8954425390399,122.580139306481));
#3344=CARTESIAN_POINT('Ctrl Pts',(132.573441671503,14.9163698498859,137.488297251939));
#3345=CARTESIAN_POINT('Ctrl Pts',(133.258050186866,19.7529897143007,159.08045175611));
#3346=CARTESIAN_POINT('Ctrl Pts',(133.655595187155,24.3423230343885,168.158107592819));
#3347=CARTESIAN_POINT('Ctrl Pts',(134.144682016583,29.7078596974248,176.801139830017));
#3348=CARTESIAN_POINT('Ctrl Pts',(126.539772698766,45.1878431648269,23.2840429169471));
#3349=CARTESIAN_POINT('Ctrl Pts',(131.163789453601,42.8079277298174,33.1974779511425));
#3350=CARTESIAN_POINT('Ctrl Pts',(134.032415490208,39.5125810964732,44.5770523953996));
#3351=CARTESIAN_POINT('Ctrl Pts',(136.175592692418,31.408251379922,69.300384543091));
#3352=CARTESIAN_POINT('Ctrl Pts',(135.002708640833,25.4872663605305,83.5268724996495));
#3353=CARTESIAN_POINT('Ctrl Pts',(133.266065434744,19.7237372592872,101.702304564411));
#3354=CARTESIAN_POINT('Ctrl Pts',(132.353236843387,17.7480511380579,106.339087981923));
#3355=CARTESIAN_POINT('Ctrl Pts',(131.262036234067,14.7871604591465,122.791734345612));
#3356=CARTESIAN_POINT('Ctrl Pts',(132.544179275614,15.8328113557027,137.480077064563));
#3357=CARTESIAN_POINT('Ctrl Pts',(133.364806804947,20.5912537810667,158.895483893784));
#3358=CARTESIAN_POINT('Ctrl Pts',(133.806642907153,25.1043382347169,167.903882047936));
#3359=CARTESIAN_POINT('Ctrl Pts',(134.329233918477,30.3922774181204,176.490462635301));
#3360=CARTESIAN_POINT('Ctrl Pts',(126.749379063272,46.4353368614684,24.5667818560051));
#3361=CARTESIAN_POINT('Ctrl Pts',(131.140360707927,44.3900077177207,34.0665914669521));
#3362=CARTESIAN_POINT('Ctrl Pts',(133.833454545095,41.3025087674426,45.1740462856068));
#3363=CARTESIAN_POINT('Ctrl Pts',(135.748627888603,33.3544469336277,69.6461991831205));
#3364=CARTESIAN_POINT('Ctrl Pts',(134.735270845917,27.3999902843172,83.9962665916676));
#3365=CARTESIAN_POINT('Ctrl Pts',(132.681606184167,21.4431905379668,102.169223657053));
#3366=CARTESIAN_POINT('Ctrl Pts',(131.571370886759,19.3624566539715,106.833776468372));
#3367=CARTESIAN_POINT('Ctrl Pts',(130.345828557935,16.2664381865916,123.191539995413));
#3368=CARTESIAN_POINT('Ctrl Pts',(132.183542464994,17.5082391475497,137.521538418149));
#3369=CARTESIAN_POINT('Ctrl Pts',(133.339511685439,22.1846716930113,158.61489931302));
#3370=CARTESIAN_POINT('Ctrl Pts',(133.918891421784,26.5574874302648,167.479116001022));
#3371=CARTESIAN_POINT('Ctrl Pts',(134.55587510908,31.6960626110841,175.942911789547));
#3372=CARTESIAN_POINT('Ctrl Pts',(126.670062741426,47.0812185772292,25.1445596703243));
#3373=CARTESIAN_POINT('Ctrl Pts',(130.854230791975,45.1296927625254,34.4794500606705));
#3374=CARTESIAN_POINT('Ctrl Pts',(133.417247604873,42.099147767889,45.4766405522393));
#3375=CARTESIAN_POINT('Ctrl Pts',(135.231955958973,34.191043483582,69.8412989843938));
#3376=CARTESIAN_POINT('Ctrl Pts',(134.401089877586,28.2655408210872,84.2364837125582));
#3377=CARTESIAN_POINT('Ctrl Pts',(132.237463712327,22.1937333244547,102.397704696371));
#3378=CARTESIAN_POINT('Ctrl Pts',(131.040407436663,20.0448810940146,107.069601675186));
#3379=CARTESIAN_POINT('Ctrl Pts',(129.77616594825,16.8761717286665,123.379630151962));
#3380=CARTESIAN_POINT('Ctrl Pts',(131.888734822441,18.2714292968952,137.564879378658));
#3381=CARTESIAN_POINT('Ctrl Pts',(133.22940088131,22.9402854533777,158.511867192632));
#3382=CARTESIAN_POINT('Ctrl Pts',(133.887244663095,27.2536965524929,167.30285735271));
#3383=CARTESIAN_POINT('Ctrl Pts',(134.590709849071,32.3257031882157,175.702312076972));
#3384=CARTESIAN_POINT('Ctrl Pts',(126.416684963557,47.7363093140861,25.6532339008895));
#3385=CARTESIAN_POINT('Ctrl Pts',(130.345715813762,45.7291880804914,34.8434849371685));
#3386=CARTESIAN_POINT('Ctrl Pts',(132.758040397358,42.6742668444432,45.7458607984498));
#3387=CARTESIAN_POINT('Ctrl Pts',(134.481630354245,34.7777190880678,70.0243658452151));
#3388=CARTESIAN_POINT('Ctrl Pts',(133.88230251205,29.0260537995771,84.47706264428));
#3389=CARTESIAN_POINT('Ctrl Pts',(131.646289921843,22.8394623331311,102.621651394102));
#3390=CARTESIAN_POINT('Ctrl Pts',(130.375025902069,20.6042220663537,107.294115505763));
#3391=CARTESIAN_POINT('Ctrl Pts',(129.096990039553,17.365104808576,123.556738273054));
#3392=CARTESIAN_POINT('Ctrl Pts',(131.476209574282,18.9848627446598,137.631066241626));
#3393=CARTESIAN_POINT('Ctrl Pts',(133.018552215317,23.6894063017261,158.441564090711));
#3394=CARTESIAN_POINT('Ctrl Pts',(133.768061931012,27.9543120536355,167.152927805377));
#3395=CARTESIAN_POINT('Ctrl Pts',(134.551654201897,32.9671433061349,175.479799506174));
#3396=CARTESIAN_POINT('Ctrl Pts',(126.411245649362,47.7501892230779,25.6639788471116));
#3397=CARTESIAN_POINT('Ctrl Pts',(130.335007691318,45.7418955819904,34.8511641659374));
#3398=CARTESIAN_POINT('Ctrl Pts',(132.74416130452,42.6864289557665,45.7515371931292));
#3399=CARTESIAN_POINT('Ctrl Pts',(134.465818585955,34.7901158446249,70.0282266198849));
#3400=CARTESIAN_POINT('Ctrl Pts',(133.871213183635,29.0420810878161,84.4821512335023));
#3401=CARTESIAN_POINT('Ctrl Pts',(131.633708471739,22.8531149178032,102.62639581045));
#3402=CARTESIAN_POINT('Ctrl Pts',(130.360912487741,20.6160804191973,107.298874501174));
#3403=CARTESIAN_POINT('Ctrl Pts',(129.082621529346,17.3755116188578,123.560498868601));
#3404=CARTESIAN_POINT('Ctrl Pts',(131.467424718742,18.9999656776555,137.632479248012));
#3405=CARTESIAN_POINT('Ctrl Pts',(133.014024981654,23.7052559120541,158.440086830821));
#3406=CARTESIAN_POINT('Ctrl Pts',(133.765490839973,27.9691436749407,167.149761505721));
#3407=CARTESIAN_POINT('Ctrl Pts',(134.55078673025,32.9807286528458,175.475093316513));
#3408=CARTESIAN_POINT('Ctrl Pts',(126.295371022088,48.0415316006847,25.8887633666811));
#3409=CARTESIAN_POINT('Ctrl Pts',(130.10583499982,46.0062024297886,35.0118754756338));
#3410=CARTESIAN_POINT('Ctrl Pts',(132.447904984383,42.9384319073443,45.8704150856499));
#3411=CARTESIAN_POINT('Ctrl Pts',(134.129154844342,35.0467176561755,70.1091976429918));
#3412=CARTESIAN_POINT('Ctrl Pts',(133.635782126437,29.3764324388602,84.5888391323884));
#3413=CARTESIAN_POINT('Ctrl Pts',(131.36858813536,23.1387756934253,102.72591227343));
#3414=CARTESIAN_POINT('Ctrl Pts',(130.064312343553,20.8645333947045,107.398701401202));
#3415=CARTESIAN_POINT('Ctrl Pts',(128.781554279501,17.5942021701694,123.639449978916));
#3416=CARTESIAN_POINT('Ctrl Pts',(131.282208864428,19.3166646867683,137.662385317701));
#3417=CARTESIAN_POINT('Ctrl Pts',(132.917973914228,24.0376680004191,158.409398063041));
#3418=CARTESIAN_POINT('Ctrl Pts',(133.710486049386,28.2802319246462,167.083569156228));
#3419=CARTESIAN_POINT('Ctrl Pts',(134.531730919147,33.2657609141349,175.376499166714));
#3420=CARTESIAN_POINT('Ctrl Pts',(126.155882753454,48.3200275682377,26.0880190640112));
#3421=CARTESIAN_POINT('Ctrl Pts',(129.878459279782,46.2627118890728,35.1580896971414));
#3422=CARTESIAN_POINT('Ctrl Pts',(132.166337362342,43.1828796749024,45.9816791394526));
#3423=CARTESIAN_POINT('Ctrl Pts',(133.808542334835,35.2871834683586,70.1883820283747));
#3424=CARTESIAN_POINT('Ctrl Pts',(133.369820874858,29.6597068788037,84.6879674163472));
#3425=CARTESIAN_POINT('Ctrl Pts',(131.095199856138,23.3932224753169,102.819447848926));
#3426=CARTESIAN_POINT('Ctrl Pts',(129.776813655015,21.0964943440555,107.493170749008));
#3427=CARTESIAN_POINT('Ctrl Pts',(128.506063305164,17.8127424131646,123.716006353235));
#3428=CARTESIAN_POINT('Ctrl Pts',(131.089837090199,19.6111061404141,137.695464766534));
#3429=CARTESIAN_POINT('Ctrl Pts',(132.80516350781,24.3458003080367,158.386082961819));
#3430=CARTESIAN_POINT('Ctrl Pts',(133.638927115489,28.570381341735,167.025561371849));
#3431=CARTESIAN_POINT('Ctrl Pts',(134.497474305421,33.533797461597,175.286513048295));
#3432=CARTESIAN_POINT('Ctrl Pts',(125.563506430942,49.299695255806,26.733706271954));
#3433=CARTESIAN_POINT('Ctrl Pts',(129.035518838566,47.1876317514475,35.6487090274332));
#3434=CARTESIAN_POINT('Ctrl Pts',(131.162370891714,44.0689162429556,46.3693188309618));
#3435=CARTESIAN_POINT('Ctrl Pts',(132.666234890156,36.1286739868133,70.4773684756475));
#3436=CARTESIAN_POINT('Ctrl Pts',(132.297538245562,30.5198371683247,85.0233836944306));
#3437=CARTESIAN_POINT('Ctrl Pts',(130.058649399734,24.2247130334506,103.143719452172));
#3438=CARTESIAN_POINT('Ctrl Pts',(128.73753194792,21.9026328075738,107.826090008905));
#3439=CARTESIAN_POINT('Ctrl Pts',(127.55705171779,18.6336447073727,123.996057470601));
#3440=CARTESIAN_POINT('Ctrl Pts',(130.351585502744,20.6271650607988,137.829347142491));
#3441=CARTESIAN_POINT('Ctrl Pts',(132.33234771393,25.4041713236955,158.323954247035));
#3442=CARTESIAN_POINT('Ctrl Pts',(133.319651706273,29.5742148671492,166.837129072499));
#3443=CARTESIAN_POINT('Ctrl Pts',(134.32072974607,34.4701025370042,174.980485712254));
#3444=CARTESIAN_POINT('Ctrl Pts',(124.956036279225,49.9781729257235,27.0769158448892));
#3445=CARTESIAN_POINT('Ctrl Pts',(128.339945956938,47.8400091263175,35.9419203021434));
#3446=CARTESIAN_POINT('Ctrl Pts',(130.411442399898,44.7020254382071,46.628808565074));
#3447=CARTESIAN_POINT('Ctrl Pts',(131.871794170773,36.7378129795934,70.7032762920963));
#3448=CARTESIAN_POINT('Ctrl Pts',(131.526513785614,31.138510861893,85.2646418807537));
#3449=CARTESIAN_POINT('Ctrl Pts',(129.313310079096,24.8227776731641,103.37693714076));
#3450=CARTESIAN_POINT('Ctrl Pts',(127.995940866646,22.4857563341766,108.063817860261));
#3451=CARTESIAN_POINT('Ctrl Pts',(126.862291351974,19.21693965094,124.201140100682));
#3452=CARTESIAN_POINT('Ctrl Pts',(129.722034130811,21.2969840666359,137.955602226712));
#3453=CARTESIAN_POINT('Ctrl Pts',(131.860170360845,26.0922217272031,158.318218724398));
#3454=CARTESIAN_POINT('Ctrl Pts',(132.970368066029,30.2408955438777,166.735327401983));
#3455=CARTESIAN_POINT('Ctrl Pts',(134.09201339724,35.1092973202989,174.787233518722));
#3456=CARTESIAN_POINT('Ctrl Pts',(124.017696032129,50.7293639297594,27.3170173779735));
#3457=CARTESIAN_POINT('Ctrl Pts',(127.365693951624,48.6211394355027,36.2206509263462));
#3458=CARTESIAN_POINT('Ctrl Pts',(129.416744182245,45.5000516873546,46.9317029852166));
#3459=CARTESIAN_POINT('Ctrl Pts',(130.86819297171,37.5435575256211,71.0255081019497));
#3460=CARTESIAN_POINT('Ctrl Pts',(130.530295341827,31.9379199221463,85.5764691487571));
#3461=CARTESIAN_POINT('Ctrl Pts',(128.350253122841,25.5955608165765,103.678359936359));
#3462=CARTESIAN_POINT('Ctrl Pts',(127.043371909098,23.2456959669832,108.369033922685));
#3463=CARTESIAN_POINT('Ctrl Pts',(125.952356173903,19.9566854606117,124.470609742129));
#3464=CARTESIAN_POINT('Ctrl Pts',(128.812312739731,22.0449253651751,138.154047910689));
#3465=CARTESIAN_POINT('Ctrl Pts',(131.118249128715,26.8366975453581,158.357930873165));
#3466=CARTESIAN_POINT('Ctrl Pts',(132.39586752156,30.9879351665199,166.646351450993));
#3467=CARTESIAN_POINT('Ctrl Pts',(133.687613883803,35.85736402379,174.573472903452));
#3468=CARTESIAN_POINT('Ctrl Pts',(123.805686883125,50.8992072083547,27.37138204302));
#3469=CARTESIAN_POINT('Ctrl Pts',(127.145420038185,48.7976833487705,36.2836035870738));
#3470=CARTESIAN_POINT('Ctrl Pts',(129.191865865631,45.6804120591651,47.0001006833118));
#3471=CARTESIAN_POINT('Ctrl Pts',(130.641272290521,37.7256399861164,71.0982200972639));
#3472=CARTESIAN_POINT('Ctrl Pts',(130.305146819608,32.1186037199192,85.6468872853517));
#3473=CARTESIAN_POINT('Ctrl Pts',(128.132629699875,25.7702284068964,103.746426778717));
#3474=CARTESIAN_POINT('Ctrl Pts',(126.828486662224,23.4178786515964,108.43782606086));
#3475=CARTESIAN_POINT('Ctrl Pts',(125.745984742917,20.1229780362912,124.53173111754));
#3476=CARTESIAN_POINT('Ctrl Pts',(128.60072870319,22.2063574674504,138.201046947556));
#3477=CARTESIAN_POINT('Ctrl Pts',(130.94223294335,26.9955858505486,158.369849408602));
#3478=CARTESIAN_POINT('Ctrl Pts',(132.258150502901,31.1493573747055,166.628935437933));
#3479=CARTESIAN_POINT('Ctrl Pts',(133.589057831228,36.0213755895085,174.527516051615));
#3480=CARTESIAN_POINT('Ctrl Pts',(120.99371769084,53.1511539593964,28.0917048135579));
#3481=CARTESIAN_POINT('Ctrl Pts',(124.224798606782,51.1389110796443,37.11872802809));
#3482=CARTESIAN_POINT('Ctrl Pts',(126.209573343755,48.0722211622269,47.9077642601269));
#3483=CARTESIAN_POINT('Ctrl Pts',(127.631687437253,40.1403984040523,72.0636396819241));
#3484=CARTESIAN_POINT('Ctrl Pts',(127.317795842287,34.5145576155767,86.5817944069009));
#3485=CARTESIAN_POINT('Ctrl Pts',(125.24446558332,28.0863591888848,104.650340703105));
#3486=CARTESIAN_POINT('Ctrl Pts',(123.980909743081,25.7071434956273,109.349699380696));
#3487=CARTESIAN_POINT('Ctrl Pts',(122.996805833039,22.314842126332,125.347516538659));
#3488=CARTESIAN_POINT('Ctrl Pts',(125.714616288797,24.2361094340994,138.856527385374));
#3489=CARTESIAN_POINT('Ctrl Pts',(128.500520391815,28.9657597807073,158.569711538259));
#3490=CARTESIAN_POINT('Ctrl Pts',(130.331381269238,33.1809448429994,166.435654844081));
#3491=CARTESIAN_POINT('Ctrl Pts',(132.195436847697,38.1213350978972,173.948821985069));
#3492=CARTESIAN_POINT('Ctrl Pts',(117.09397559511,56.2743888458117,29.0908258891491));
#3493=CARTESIAN_POINT('Ctrl Pts',(120.17433288248,54.3859520369688,38.2770306384918));
#3494=CARTESIAN_POINT('Ctrl Pts',(122.074271383759,51.3894367266518,49.166280461539));
#3495=CARTESIAN_POINT('Ctrl Pts',(123.459101311792,43.4894716740329,73.4019506930253));
#3496=CARTESIAN_POINT('Ctrl Pts',(123.176955134705,37.8376223631147,87.8773773065387));
#3497=CARTESIAN_POINT('Ctrl Pts',(121.24180486073,31.2987645449963,105.902653299195));
#3498=CARTESIAN_POINT('Ctrl Pts',(120.034637353583,28.8822949984391,110.613005049273));
#3499=CARTESIAN_POINT('Ctrl Pts',(119.187758750142,25.3549688648687,126.477211861146));
#3500=CARTESIAN_POINT('Ctrl Pts',(121.805882453884,27.037956681382,139.736583408946));
#3501=CARTESIAN_POINT('Ctrl Pts',(125.051508651014,31.709568594842,158.864450016799));
#3502=CARTESIAN_POINT('Ctrl Pts',(127.362780088619,36.0460204247985,166.25526012935));
#3503=CARTESIAN_POINT('Ctrl Pts',(129.730376035774,41.1173420134727,173.304773358169));
#3504=CARTESIAN_POINT('Ctrl Pts',(111.894267101994,60.4386889479555,30.4229420720763));
#3505=CARTESIAN_POINT('Ctrl Pts',(114.77367989998,58.715336075337,39.8214086959917));
#3506=CARTESIAN_POINT('Ctrl Pts',(116.560076146345,55.8123960136418,50.844502396719));
#3507=CARTESIAN_POINT('Ctrl Pts',(117.894842317895,47.9548958238748,75.1867438405453));
#3508=CARTESIAN_POINT('Ctrl Pts',(117.654462149145,42.2683306489028,89.6054418717375));
#3509=CARTESIAN_POINT('Ctrl Pts',(115.903170268509,35.5819035374948,107.573194021759));
#3510=CARTESIAN_POINT('Ctrl Pts',(114.771126491239,33.1157596032173,112.298230529379));
#3511=CARTESIAN_POINT('Ctrl Pts',(114.106749736121,29.4083734933025,127.984497556573));
#3512=CARTESIAN_POINT('Ctrl Pts',(116.730486257081,30.8306114239031,140.816333196039));
#3513=CARTESIAN_POINT('Ctrl Pts',(120.336893359556,35.3223337310168,159.335348566907));
#3514=CARTESIAN_POINT('Ctrl Pts',(122.914195767606,39.6616860598094,166.352379261382));
#3515=CARTESIAN_POINT('Ctrl Pts',(125.580335872275,44.7522460301925,173.040143070872));
#3516=CARTESIAN_POINT('Ctrl Pts',(109.294422307216,62.5208420125493,31.0890087747406));
#3517=CARTESIAN_POINT('Ctrl Pts',(112.073357823485,60.8800288362515,40.5936014289636));
#3518=CARTESIAN_POINT('Ctrl Pts',(113.803019388582,58.0238566238448,51.6836027380445));
#3519=CARTESIAN_POINT('Ctrl Pts',(115.112783884345,50.1875752607276,76.0791181442051));
#3520=CARTESIAN_POINT('Ctrl Pts',(114.893339075014,44.483635378697,90.4694402428327));
#3521=CARTESIAN_POINT('Ctrl Pts',(113.234011172858,37.7234114547338,108.408421471848));
#3522=CARTESIAN_POINT('Ctrl Pts',(112.139534761022,35.2324281807648,113.140798866478));
#3523=CARTESIAN_POINT('Ctrl Pts',(111.566451134295,31.4349970903976,128.738085053007));
#3524=CARTESIAN_POINT('Ctrl Pts',(114.228363199407,32.758193329862,141.320557463539));
#3525=CARTESIAN_POINT('Ctrl Pts',(117.951944660064,37.1035876428133,159.598998087709));
#3526=CARTESIAN_POINT('Ctrl Pts',(120.570018469053,41.3580972335881,166.525289156604));
#3527=CARTESIAN_POINT('Ctrl Pts',(123.292189558364,46.3733461210218,173.127693269755));
#3528=CARTESIAN_POINT('Ctrl Pts',(96.0156297128963,73.1554975437499,34.4909524502475));
#3529=CARTESIAN_POINT('Ctrl Pts',(98.2813860430404,71.936263494748,44.5375981259833));
#3530=CARTESIAN_POINT('Ctrl Pts',(99.7215294784736,69.3191969913574,55.9691318852362));
#3531=CARTESIAN_POINT('Ctrl Pts',(100.90379131022,61.5914706728,80.6365864400344));
#3532=CARTESIAN_POINT('Ctrl Pts',(100.791548563943,55.7990482564525,94.8817253608224));
#3533=CARTESIAN_POINT('Ctrl Pts',(99.6021210787554,48.6620847856554,112.673587638936));
#3534=CARTESIAN_POINT('Ctrl Pts',(98.6995518698554,46.0442630451866,117.443431962933));
#3535=CARTESIAN_POINT('Ctrl Pts',(98.5929885610344,41.7871466487196,132.586037015457));
#3536=CARTESIAN_POINT('Ctrl Pts',(101.505873675326,42.7102071733777,143.800506623265));
#3537=CARTESIAN_POINT('Ctrl Pts',(105.728960608959,46.1198577243243,161.018299351691));
#3538=CARTESIAN_POINT('Ctrl Pts',(108.409026263128,49.6505731705248,167.737918417124));
#3539=CARTESIAN_POINT('Ctrl Pts',(111.26995827327,53.9954328721861,174.15817155103));
#3540=CARTESIAN_POINT('Ctrl Pts',(72.0578233278065,92.3426332718993,40.628737861896));
#3541=CARTESIAN_POINT('Ctrl Pts',(73.3976947905627,91.8840160489911,51.6533599023826));
#3542=CARTESIAN_POINT('Ctrl Pts',(74.314776387743,89.69768262749,63.7016957802935));
#3543=CARTESIAN_POINT('Ctrl Pts',(75.2664902560845,82.1653263135907,88.8602671282479));
#3544=CARTESIAN_POINT('Ctrl Pts',(75.3469240095611,76.2125494519593,102.8441866901));
#3545=CARTESIAN_POINT('Ctrl Pts',(75.0047845954446,68.3953769000956,120.371108829838));
#3546=CARTESIAN_POINT('Ctrl Pts',(74.4483732692316,65.548632463645,125.20862933235));
#3547=CARTESIAN_POINT('Ctrl Pts',(75.1828698614599,60.4615343322573,139.531496559739));
#3548=CARTESIAN_POINT('Ctrl Pts',(78.5468735866193,60.6610652434279,148.27937494959));
#3549=CARTESIAN_POINT('Ctrl Pts',(83.6697391927172,62.3810403317058,163.584876581569));
#3550=CARTESIAN_POINT('Ctrl Pts',(86.6583207449923,64.6310039036181,169.846567867468));
#3551=CARTESIAN_POINT('Ctrl Pts',(89.8666380650536,67.7796564736415,175.895664117161));
#3552=CARTESIAN_POINT('Ctrl Pts',(48.1001842346035,111.529835830345,46.7666231290311));
#3553=CARTESIAN_POINT('Ctrl Pts',(48.5141717006887,111.831835863866,58.7692223415292));
#3554=CARTESIAN_POINT('Ctrl Pts',(48.9086129540556,110.077189163306,71.4337636540118));
#3555=CARTESIAN_POINT('Ctrl Pts',(49.6299574738604,102.7408361086,97.082981250817));
#3556=CARTESIAN_POINT('Ctrl Pts',(49.9032776659155,96.6286062059506,110.804983791724));
#3557=CARTESIAN_POINT('Ctrl Pts',(50.4085784946529,88.1318476515391,128.066492033719));
#3558=CARTESIAN_POINT('Ctrl Pts',(50.1983542840084,85.0562833167081,132.971614374955));
#3559=CARTESIAN_POINT('Ctrl Pts',(51.7741328888149,79.1399951722605,146.474168696574));
#3560=CARTESIAN_POINT('Ctrl Pts',(55.589871369597,78.6180574374904,152.753971385774));
#3561=CARTESIAN_POINT('Ctrl Pts',(61.6130140296763,78.6502110159475,166.145887986826));
#3562=CARTESIAN_POINT('Ctrl Pts',(65.0458022321663,79.921548074535,171.721396288011));
#3563=CARTESIAN_POINT('Ctrl Pts',(68.6672275475779,82.0199409752158,177.28902138196));
#3564=CARTESIAN_POINT('Ctrl Pts',(34.9416272273968,122.068284539802,50.1378259876226));
#3565=CARTESIAN_POINT('Ctrl Pts',(34.8470786373102,122.788048376899,62.677572387158));
#3566=CARTESIAN_POINT('Ctrl Pts',(34.9544965444373,121.269992039647,75.6808563161407));
#3567=CARTESIAN_POINT('Ctrl Pts',(35.5493251277133,114.040875238249,101.599797606304));
#3568=CARTESIAN_POINT('Ctrl Pts',(35.9286022151376,107.840435151932,115.178307016463));
#3569=CARTESIAN_POINT('Ctrl Pts',(36.8993653101788,98.969984568583,132.294288332146));
#3570=CARTESIAN_POINT('Ctrl Pts',(36.8792844090034,95.7686738909145,137.236580138964));
#3571=CARTESIAN_POINT('Ctrl Pts',(38.917148600018,89.3964285466041,150.288889725012));
#3572=CARTESIAN_POINT('Ctrl Pts',(42.9810320241371,88.4768647152945,155.213915668453));
#3573=CARTESIAN_POINT('Ctrl Pts',(49.4987181898376,87.5807742914112,167.555500708088));
#3574=CARTESIAN_POINT('Ctrl Pts',(53.1172638045649,88.4109305444104,172.717506132223));
#3575=CARTESIAN_POINT('Ctrl Pts',(56.9371861801741,89.9803367857892,178.002301050342));
#3576=CARTESIAN_POINT('Ctrl Pts',(32.5821000111906,123.957965237565,50.742317553068));
#3577=CARTESIAN_POINT('Ctrl Pts',(32.396364157789,124.752639987804,63.3783817912993));
#3578=CARTESIAN_POINT('Ctrl Pts',(32.4522709188727,123.277093017289,76.4423621415596));
#3579=CARTESIAN_POINT('Ctrl Pts',(33.0243950431657,116.067286124868,102.409631279669));
#3580=CARTESIAN_POINT('Ctrl Pts',(33.4226496565927,109.851155594392,115.962352630912));
#3581=CARTESIAN_POINT('Ctrl Pts',(34.4768605491407,100.913783858698,133.052198697747));
#3582=CARTESIAN_POINT('Ctrl Pts',(34.4908718290596,97.6899385237437,138.001149069635));
#3583=CARTESIAN_POINT('Ctrl Pts',(36.6115710243553,91.23603775856,150.972673654972));
#3584=CARTESIAN_POINT('Ctrl Pts',(40.7287475852794,90.2623861610613,155.639543600576));
#3585=CARTESIAN_POINT('Ctrl Pts',(47.3191381565041,89.1696440904226,167.819793175304));
#3586=CARTESIAN_POINT('Ctrl Pts',(50.9458177372108,89.8746646522523,172.949131081782));
#3587=CARTESIAN_POINT('Ctrl Pts',(54.7769903545364,91.3034368721339,178.224156759762));
#3588=CARTESIAN_POINT('Ctrl Pts',(30.2226022265989,125.847656039594,51.3468260751495));
#3589=CARTESIAN_POINT('Ctrl Pts',(29.9456787318596,126.717241224035,64.0792081194724));
#3590=CARTESIAN_POINT('Ctrl Pts',(29.9501372167951,125.284130358479,77.2039212383324));
#3591=CARTESIAN_POINT('Ctrl Pts',(30.4995811077959,118.093555115529,103.219549475892));
#3592=CARTESIAN_POINT('Ctrl Pts',(30.9168408261106,111.861608858711,116.746532286246));
#3593=CARTESIAN_POINT('Ctrl Pts',(32.0545196237779,102.857230185961,133.81027804328));
#3594=CARTESIAN_POINT('Ctrl Pts',(32.1026271668365,99.6108372302137,138.765892583086));
#3595=CARTESIAN_POINT('Ctrl Pts',(34.306191750017,93.0751799655554,151.656675952174));
#3596=CARTESIAN_POINT('Ctrl Pts',(38.4828631456588,92.0859551591948,156.036683505264));
#3597=CARTESIAN_POINT('Ctrl Pts',(45.1350456542485,90.7266908259037,168.107465524647));
#3598=CARTESIAN_POINT('Ctrl Pts',(48.7506284836602,91.2032148740107,173.282321740758));
#3599=CARTESIAN_POINT('Ctrl Pts',(52.5752535223905,92.3881254419544,178.62501981116));
#3600=CARTESIAN_POINT('Ctrl Pts',(28.8556485195115,126.942423454682,51.6970369414502));
#3601=CARTESIAN_POINT('Ctrl Pts',(28.5258970808461,127.855407805819,64.4852195517953));
#3602=CARTESIAN_POINT('Ctrl Pts',(28.5005251597591,126.446929774878,77.645093605254));
#3603=CARTESIAN_POINT('Ctrl Pts',(29.0368161061714,119.267539244385,103.688718424774));
#3604=CARTESIAN_POINT('Ctrl Pts',(29.4650676576929,113.026496477052,117.200759697208));
#3605=CARTESIAN_POINT('Ctrl Pts',(30.6510898407138,103.983343777565,134.2493635793));
#3606=CARTESIAN_POINT('Ctrl Pts',(30.7189484186938,100.723895213825,139.208835580814));
#3607=CARTESIAN_POINT('Ctrl Pts',(32.9705032061734,94.1409283842967,152.052816587608));
#3608=CARTESIAN_POINT('Ctrl Pts',(37.1798701013997,93.1547464931212,156.259162063976));
#3609=CARTESIAN_POINT('Ctrl Pts',(43.8709123912118,91.619784805619,168.279766119942));
#3610=CARTESIAN_POINT('Ctrl Pts',(47.484178413421,91.93159127517,173.501322702005));
#3611=CARTESIAN_POINT('Ctrl Pts',(51.3094065782964,92.9430639303485,178.90330425476));
#3612=CARTESIAN_POINT('Ctrl Pts',(28.6684483594251,127.092346897029,51.7449960238879));
#3613=CARTESIAN_POINT('Ctrl Pts',(28.3314604265978,128.011271934208,64.5408203755784));
#3614=CARTESIAN_POINT('Ctrl Pts',(28.3020047763167,126.606156584575,77.7055144016179));
#3615=CARTESIAN_POINT('Ctrl Pts',(28.8364970366633,119.428290388622,103.752977225073));
#3616=CARTESIAN_POINT('Ctrl Pts',(29.2662600947142,113.185993619301,117.262978122595));
#3617=CARTESIAN_POINT('Ctrl Pts',(30.4589057004791,104.137524025225,134.309512337752));
#3618=CARTESIAN_POINT('Ctrl Pts',(30.5297242282005,100.876642567976,139.269414298995));
#3619=CARTESIAN_POINT('Ctrl Pts',(32.7870479729326,94.2860606878905,152.107303722513));
#3620=CARTESIAN_POINT('Ctrl Pts',(36.9968223838789,93.2948714248617,156.291291722394));
#3621=CARTESIAN_POINT('Ctrl Pts',(43.6921065730903,91.7337666301478,168.305763820115));
#3622=CARTESIAN_POINT('Ctrl Pts',(47.3061981415473,92.0238625701788,173.533714159646));
#3623=CARTESIAN_POINT('Ctrl Pts',(51.1329069591161,93.0127837194824,178.943710479452));
#3624=CARTESIAN_POINT('Ctrl Pts',(28.4593534566762,127.259806313385,51.7985652424333));
#3625=CARTESIAN_POINT('Ctrl Pts',(28.114288153218,128.185374527252,64.6029249055254));
#3626=CARTESIAN_POINT('Ctrl Pts',(28.08026974004,126.784025552322,77.77299852173));
#3627=CARTESIAN_POINT('Ctrl Pts',(28.6127504729036,119.607868854525,103.824744381139));
#3628=CARTESIAN_POINT('Ctrl Pts',(29.0441922824816,113.364174419357,117.332460736526));
#3629=CARTESIAN_POINT('Ctrl Pts',(30.2442329962574,104.309771709414,134.376679427461));
#3630=CARTESIAN_POINT('Ctrl Pts',(30.3186083799885,101.047712380676,139.336955844715));
#3631=CARTESIAN_POINT('Ctrl Pts',(32.581579368839,94.4472991008093,152.168369471185));
#3632=CARTESIAN_POINT('Ctrl Pts',(36.7877648528065,93.4441429201507,156.328866821666));
#3633=CARTESIAN_POINT('Ctrl Pts',(43.4867505270765,91.8514304258543,168.337269694016));
#3634=CARTESIAN_POINT('Ctrl Pts',(47.1029628169013,92.1182283814706,173.572415001959));
#3635=CARTESIAN_POINT('Ctrl Pts',(50.9327779591926,93.0833303034194,178.991307635273));
#3636=CARTESIAN_POINT('Ctrl Pts',(28.4373524428682,127.277254619477,51.8040339557379));
#3637=CARTESIAN_POINT('Ctrl Pts',(28.0914850083873,128.203549132365,64.6093590244514));
#3638=CARTESIAN_POINT('Ctrl Pts',(28.0570225534092,126.802620923913,77.7800423746152));
#3639=CARTESIAN_POINT('Ctrl Pts',(28.5893256531106,119.626669923754,103.832280794966));
#3640=CARTESIAN_POINT('Ctrl Pts',(29.0209383496986,113.382828625132,117.339737765167));
#3641=CARTESIAN_POINT('Ctrl Pts',(30.2217546788789,104.327806932402,134.383714489603));
#3642=CARTESIAN_POINT('Ctrl Pts',(30.2965051714195,101.065629665649,139.344028956553));
#3643=CARTESIAN_POINT('Ctrl Pts',(32.5600580639779,94.4641708915007,152.174768981439));
#3644=CARTESIAN_POINT('Ctrl Pts',(36.7658194787788,93.4596800162132,156.332825496157));
#3645=CARTESIAN_POINT('Ctrl Pts',(43.4651805879114,91.8636270406703,168.340602832179));
#3646=CARTESIAN_POINT('Ctrl Pts',(47.0816278467507,92.1279998226365,173.576500187257));
#3647=CARTESIAN_POINT('Ctrl Pts',(50.9117848856986,93.0906278862136,178.996321952952));
#3648=CARTESIAN_POINT('Ctrl Pts',(28.1721630775477,127.485528839023,51.867958248465));
#3649=CARTESIAN_POINT('Ctrl Pts',(27.8174903953708,128.421341268822,64.6857129646944));
#3650=CARTESIAN_POINT('Ctrl Pts',(27.7781429150475,127.025860073048,77.8642881064382));
#3651=CARTESIAN_POINT('Ctrl Pts',(28.3086886019941,119.852701724798,103.922945655956));
#3652=CARTESIAN_POINT('Ctrl Pts',(28.7419620088455,113.606689114158,117.427032899079));
#3653=CARTESIAN_POINT('Ctrl Pts',(29.9520600688846,104.544187004328,134.468099800625));
#3654=CARTESIAN_POINT('Ctrl Pts',(30.0313545719282,101.280649608643,139.428853373195));
#3655=CARTESIAN_POINT('Ctrl Pts',(32.301770854232,94.6664348932917,152.251555397309));
#3656=CARTESIAN_POINT('Ctrl Pts',(36.5018516393191,93.6450293918024,156.380543785992));
#3657=CARTESIAN_POINT('Ctrl Pts',(43.2055623091245,92.0085520349812,168.380929496576));
#3658=CARTESIAN_POINT('Ctrl Pts',(46.8250202045755,92.2439677621205,173.625870789553));
#3659=CARTESIAN_POINT('Ctrl Pts',(50.65949359594,93.1770999308667,179.056840611477));
#3660=CARTESIAN_POINT('Ctrl Pts',(27.9167781904369,127.665933540696,51.9094804655557));
#3661=CARTESIAN_POINT('Ctrl Pts',(27.5630041137864,128.619008130792,64.7476992688348));
#3662=CARTESIAN_POINT('Ctrl Pts',(27.5232339301721,127.231962278841,77.9391781172916));
#3663=CARTESIAN_POINT('Ctrl Pts',(28.0501845469354,120.057717404974,104.008182163565));
#3664=CARTESIAN_POINT('Ctrl Pts',(28.4609868970763,113.781751274737,117.503520749736));
#3665=CARTESIAN_POINT('Ctrl Pts',(29.6921959497345,104.727455981808,134.543688990573));
#3666=CARTESIAN_POINT('Ctrl Pts',(29.785010240864,101.474037203881,139.505953103192));
#3667=CARTESIAN_POINT('Ctrl Pts',(32.0721324867626,94.8599570615677,152.323401430319));
#3668=CARTESIAN_POINT('Ctrl Pts',(36.2532216370722,93.8040348109573,156.426831772711));
#3669=CARTESIAN_POINT('Ctrl Pts',(42.9594271583461,92.1268978573065,168.421599149996));
#3670=CARTESIAN_POINT('Ctrl Pts',(46.5833643826634,92.3372431612424,173.674872596213));
#3671=CARTESIAN_POINT('Ctrl Pts',(50.4239011391244,93.2454551152442,179.11594831622));
#3672=CARTESIAN_POINT('Ctrl Pts',(27.5412841461337,127.904010071046,51.9435357681274));
#3673=CARTESIAN_POINT('Ctrl Pts',(27.1994333474732,128.896947198898,64.8242107698695));
#3674=CARTESIAN_POINT('Ctrl Pts',(27.1635574190306,127.527940293651,78.042316008693));
#3675=CARTESIAN_POINT('Ctrl Pts',(27.6828151310703,120.346782725137,104.132042419361));
#3676=CARTESIAN_POINT('Ctrl Pts',(28.0334039219525,113.982814220941,117.605052065321));
#3677=CARTESIAN_POINT('Ctrl Pts',(29.3089811809082,104.963645652611,134.647405197884));
#3678=CARTESIAN_POINT('Ctrl Pts',(29.4317799760119,101.742425803932,139.614093167035));
#3679=CARTESIAN_POINT('Ctrl Pts',(31.7545838629822,95.1472362393869,152.427918931755));
#3680=CARTESIAN_POINT('Ctrl Pts',(35.8927635818521,94.0131405913358,156.495778430234));
#3681=CARTESIAN_POINT('Ctrl Pts',(42.600869053004,92.2729715386684,168.484119784322));
#3682=CARTESIAN_POINT('Ctrl Pts',(46.2333431496452,92.4501153364014,173.74932898042));
#3683=CARTESIAN_POINT('Ctrl Pts',(50.0850576978769,93.3262388104185,179.204638148513));
#3684=CARTESIAN_POINT('Ctrl Pts',(27.4286024001768,127.971744381379,51.9504557378885));
#3685=CARTESIAN_POINT('Ctrl Pts',(27.0878486152009,128.973765677539,64.8448550604139));
#3686=CARTESIAN_POINT('Ctrl Pts',(27.0520476773581,127.608865771226,78.0715969240488));
#3687=CARTESIAN_POINT('Ctrl Pts',(27.5690660098652,120.425424767797,104.168255232329));
#3688=CARTESIAN_POINT('Ctrl Pts',(27.9032214416498,114.035708972066,117.634094073761));
#3689=CARTESIAN_POINT('Ctrl Pts',(29.1942884051715,105.030622826572,134.677614539269));
#3690=CARTESIAN_POINT('Ctrl Pts',(29.3270640229,101.820902462397,139.645867619816));
#3691=CARTESIAN_POINT('Ctrl Pts',(31.6618532211084,95.2336125793501,152.459101958629));
#3692=CARTESIAN_POINT('Ctrl Pts',(35.7854529776587,94.07282143368,156.516546928464));
#3693=CARTESIAN_POINT('Ctrl Pts',(42.4939366094875,92.3133968061443,168.503181217981));
#3694=CARTESIAN_POINT('Ctrl Pts',(46.1291709458615,92.4810079233305,173.771914714297));
#3695=CARTESIAN_POINT('Ctrl Pts',(49.9845034169335,93.348074114678,179.2314074789));
#3696=CARTESIAN_POINT('Ctrl Pts',(26.5273255667584,128.485762641745,51.9809554689929));
#3697=CARTESIAN_POINT('Ctrl Pts',(26.1865488362945,129.549360888982,64.9923899941222));
#3698=CARTESIAN_POINT('Ctrl Pts',(26.1455983696825,128.209175689386,78.2935078669729));
#3699=CARTESIAN_POINT('Ctrl Pts',(26.6445550772303,121.005458600609,104.450749994206));
#3700=CARTESIAN_POINT('Ctrl Pts',(26.8482913297171,114.402191741364,117.855101176844));
#3701=CARTESIAN_POINT('Ctrl Pts',(28.277892856931,105.536645534035,134.912250124614));
#3702=CARTESIAN_POINT('Ctrl Pts',(28.4980887789068,102.434084997839,139.895113850814));
#3703=CARTESIAN_POINT('Ctrl Pts',(30.9380127576435,95.9277276425681,152.707665879098));
#3704=CARTESIAN_POINT('Ctrl Pts',(34.9320855916026,94.5272921556136,156.683276641376));
#3705=CARTESIAN_POINT('Ctrl Pts',(41.6419422015618,92.6105710996595,168.657901957135));
#3706=CARTESIAN_POINT('Ctrl Pts',(45.3011570192358,92.705590879694,173.954678088695));
#3707=CARTESIAN_POINT('Ctrl Pts',(49.1873481628952,93.5043938110783,179.447134294271));
#3708=CARTESIAN_POINT('Ctrl Pts',(24.797998956498,129.125524681944,51.7315535107025));
#3709=CARTESIAN_POINT('Ctrl Pts',(24.2815740067674,130.056224237817,65.0503572400802));
#3710=CARTESIAN_POINT('Ctrl Pts',(24.1446141098999,128.635380968939,78.5525387596759));
#3711=CARTESIAN_POINT('Ctrl Pts',(24.6110181083312,121.374654403513,104.892429130772));
#3712=CARTESIAN_POINT('Ctrl Pts',(24.828022616212,114.60093092375,118.16429223461));
#3713=CARTESIAN_POINT('Ctrl Pts',(26.4749170484214,106.074301060363,135.270000448574));
#3714=CARTESIAN_POINT('Ctrl Pts',(26.8023883184429,103.183867372738,140.285657404464));
#3715=CARTESIAN_POINT('Ctrl Pts',(29.4095361300087,96.879655919288,153.126582517761));
#3716=CARTESIAN_POINT('Ctrl Pts',(33.3075535503032,95.0608568009968,157.004851465767));
#3717=CARTESIAN_POINT('Ctrl Pts',(40.096044708678,92.9159800878711,168.989168410093));
#3718=CARTESIAN_POINT('Ctrl Pts',(43.8203512033333,92.9122532570513,174.336096777036));
#3719=CARTESIAN_POINT('Ctrl Pts',(47.7783078076182,93.6194612083683,179.883577887631));
#3720=CARTESIAN_POINT('Ctrl Pts',(23.1364774180227,129.120547572124,50.9260242429591));
#3721=CARTESIAN_POINT('Ctrl Pts',(22.5574346254789,129.413394670136,64.6254258708916));
#3722=CARTESIAN_POINT('Ctrl Pts',(22.368850682548,127.652290451772,78.3976091377268));
#3723=CARTESIAN_POINT('Ctrl Pts',(22.7569651685494,120.311123614852,105.04428192373));
#3724=CARTESIAN_POINT('Ctrl Pts',(22.9050603442843,113.87095154744,118.249731958129));
#3725=CARTESIAN_POINT('Ctrl Pts',(24.5817863729345,105.828221557399,135.461468280801));
#3726=CARTESIAN_POINT('Ctrl Pts',(24.9237223169942,103.160268676984,140.515943680457));
#3727=CARTESIAN_POINT('Ctrl Pts',(27.6000922779271,97.1517712891501,153.446091597607));
#3728=CARTESIAN_POINT('Ctrl Pts',(31.6029099442141,95.0126854847248,157.346368554667));
#3729=CARTESIAN_POINT('Ctrl Pts',(38.5521859920022,92.7761403732471,169.41848813255));
#3730=CARTESIAN_POINT('Ctrl Pts',(42.3647518503801,92.7384608796502,174.821444685373));
#3731=CARTESIAN_POINT('Ctrl Pts',(46.4108430180683,93.413357120352,180.420886326148));
#3732=CARTESIAN_POINT('Ctrl Pts',(21.7256541301077,128.806821798838,49.9460390175106));
#3733=CARTESIAN_POINT('Ctrl Pts',(21.3369514747728,128.384713964528,64.0120118646794));
#3734=CARTESIAN_POINT('Ctrl Pts',(21.2133646643082,126.242785645653,78.0535176676862));
#3735=CARTESIAN_POINT('Ctrl Pts',(21.487388953071,118.809220248467,105.031043222817));
#3736=CARTESIAN_POINT('Ctrl Pts',(21.2876205161387,112.783370569216,118.214095355355));
#3737=CARTESIAN_POINT('Ctrl Pts',(22.8527541318434,105.221863114384,135.54969296157));
#3738=CARTESIAN_POINT('Ctrl Pts',(23.1685433144677,102.760825702783,140.641303692349));
#3739=CARTESIAN_POINT('Ctrl Pts',(25.8400900618825,97.0592228355832,153.683780927384));
#3740=CARTESIAN_POINT('Ctrl Pts',(29.9977037260746,94.6836446373533,157.669649788429));
#3741=CARTESIAN_POINT('Ctrl Pts',(37.1038953881723,92.4286065061686,169.868743642608));
#3742=CARTESIAN_POINT('Ctrl Pts',(41.0018158588319,92.3890929789352,175.331014749608));
#3743=CARTESIAN_POINT('Ctrl Pts',(45.1325711071901,93.060889651268,180.981516949822));
#3744=CARTESIAN_POINT('Ctrl Pts',(21.122620994923,128.522407305798,49.3836332239265));
#3745=CARTESIAN_POINT('Ctrl Pts',(20.766668318034,127.853862147147,63.6812707595201));
#3746=CARTESIAN_POINT('Ctrl Pts',(20.6454925558155,125.571227696779,77.8827503576372));
#3747=CARTESIAN_POINT('Ctrl Pts',(20.8641744441847,118.071980141309,105.030285307653));
#3748=CARTESIAN_POINT('Ctrl Pts',(20.5955443673941,112.100341311311,118.149366920068));
#3749=CARTESIAN_POINT('Ctrl Pts',(22.0738822024844,104.751145251788,135.544552129731));
#3750=CARTESIAN_POINT('Ctrl Pts',(22.3500180166952,102.393283193612,140.65661835348));
#3751=CARTESIAN_POINT('Ctrl Pts',(24.9860426403356,96.8494336191569,153.765415541129));
#3752=CARTESIAN_POINT('Ctrl Pts',(29.2424497119473,94.3931933401976,157.822494701999));
#3753=CARTESIAN_POINT('Ctrl Pts',(36.4248229721137,92.1614753321848,170.102496029409));
#3754=CARTESIAN_POINT('Ctrl Pts',(40.3638417512468,92.1357681667508,175.595997931091));
#3755=CARTESIAN_POINT('Ctrl Pts',(44.5352748289666,92.8190914879604,181.271608316589));
#3756=CARTESIAN_POINT('Ctrl Pts',(20.586646488349,128.06935793467,48.6969494104148));
#3757=CARTESIAN_POINT('Ctrl Pts',(20.1623716188186,127.20567939358,63.2904674344279));
#3758=CARTESIAN_POINT('Ctrl Pts',(19.9924413877391,124.802629491841,77.6888745468355));
#3759=CARTESIAN_POINT('Ctrl Pts',(20.1554941288233,117.214841391123,105.02509872721));
#3760=CARTESIAN_POINT('Ctrl Pts',(19.9777829200557,111.199218914174,118.025428645539));
#3761=CARTESIAN_POINT('Ctrl Pts',(21.3279960266842,104.05521135361,135.483944843419));
#3762=CARTESIAN_POINT('Ctrl Pts',(21.5279146482888,101.805473436812,140.619574181655));
#3763=CARTESIAN_POINT('Ctrl Pts',(24.079461520737,96.4339691908849,153.813200035649));
#3764=CARTESIAN_POINT('Ctrl Pts',(28.450560136907,93.9269551364617,157.984145541521));
#3765=CARTESIAN_POINT('Ctrl Pts',(35.7011732300705,91.7525764607922,170.377635795931));
#3766=CARTESIAN_POINT('Ctrl Pts',(39.6814787986144,91.7570797572287,175.910458340194));
#3767=CARTESIAN_POINT('Ctrl Pts',(43.8946100069787,92.4671902407444,181.616492774764));
#3768=CARTESIAN_POINT('Ctrl Pts',(20.5169482483433,128.010584590992,48.6077846099548));
#3769=CARTESIAN_POINT('Ctrl Pts',(20.0830661190834,127.122211025356,63.2399478710921));
#3770=CARTESIAN_POINT('Ctrl Pts',(19.9067684065667,124.703541904008,77.6639523601062));
#3771=CARTESIAN_POINT('Ctrl Pts',(20.0636977773214,117.103265091172,105.024312150734));
#3772=CARTESIAN_POINT('Ctrl Pts',(19.9007912977908,111.080091105667,118.008428684779));
#3773=CARTESIAN_POINT('Ctrl Pts',(21.2339451083201,103.961967001624,135.475055682554));
#3774=CARTESIAN_POINT('Ctrl Pts',(21.4234276505984,101.726080245014,140.613743785542));
#3775=CARTESIAN_POINT('Ctrl Pts',(23.9632411142302,96.3767635978833,153.818536578742));
#3776=CARTESIAN_POINT('Ctrl Pts',(28.3491823705181,93.8638849626298,158.004862740157));
#3777=CARTESIAN_POINT('Ctrl Pts',(35.6082843782946,91.697486023988,170.413473892302));
#3778=CARTESIAN_POINT('Ctrl Pts',(39.5938178877501,91.7062182847554,175.951489641118));
#3779=CARTESIAN_POINT('Ctrl Pts',(43.8122725162765,92.4200553499935,181.661511005622));
#3780=CARTESIAN_POINT('Ctrl Pts',(20.1438546580809,127.696165598288,48.1306784990013));
#3781=CARTESIAN_POINT('Ctrl Pts',(19.6561464976595,126.677565654407,62.9704915461248));
#3782=CARTESIAN_POINT('Ctrl Pts',(19.4460186492121,124.175130730254,77.5313703138767));
#3783=CARTESIAN_POINT('Ctrl Pts',(19.5763551422151,116.503013595615,105.018956014764));
#3784=CARTESIAN_POINT('Ctrl Pts',(19.5081634443965,110.431612261385,117.912446432291));
#3785=CARTESIAN_POINT('Ctrl Pts',(20.747028308704,103.447961290441,135.421937085586));
#3786=CARTESIAN_POINT('Ctrl Pts',(20.8774178851418,101.284982091047,140.576983869777));
#3787=CARTESIAN_POINT('Ctrl Pts',(23.3497631532146,96.0532633412635,153.842372347606));
#3788=CARTESIAN_POINT('Ctrl Pts',(27.815107637931,93.513166461781,158.114195359511));
#3789=CARTESIAN_POINT('Ctrl Pts',(35.117436374368,91.3924435888653,170.605782058158));
#3790=CARTESIAN_POINT('Ctrl Pts',(39.130298582594,91.4251618095439,176.171920484657));
#3791=CARTESIAN_POINT('Ctrl Pts',(43.3766519928579,92.1603176177929,181.903456719639));
#3792=CARTESIAN_POINT('Ctrl Pts',(19.8404740630356,127.44051864784,47.7427409826437));
#3793=CARTESIAN_POINT('Ctrl Pts',(19.3089168950135,126.316097658488,62.7514119931045));
#3794=CARTESIAN_POINT('Ctrl Pts',(19.0712576397117,123.745573411584,77.4235955118551));
#3795=CARTESIAN_POINT('Ctrl Pts',(19.179969242017,116.015050576745,105.014629917549));
#3796=CARTESIAN_POINT('Ctrl Pts',(19.1607948422903,109.943161796157,117.846891457439));
#3797=CARTESIAN_POINT('Ctrl Pts',(20.3613854091864,103.015822136806,135.37417386926));
#3798=CARTESIAN_POINT('Ctrl Pts',(20.4668986430744,100.880381946384,140.531741202779));
#3799=CARTESIAN_POINT('Ctrl Pts',(22.9123851736567,95.7047558279409,153.83548195057));
#3800=CARTESIAN_POINT('Ctrl Pts',(27.4110836124425,93.1811678022407,158.197498950952));
#3801=CARTESIAN_POINT('Ctrl Pts',(34.7405286465553,91.1078553627922,170.763812988004));
#3802=CARTESIAN_POINT('Ctrl Pts',(38.7730836669209,91.1652273775715,176.354189916381));
#3803=CARTESIAN_POINT('Ctrl Pts',(43.0400613608392,91.9225031093558,182.103899131315));
#3804=CARTESIAN_POINT('Ctrl Pts',(19.2473296788085,126.940681241419,46.9842618533834));
#3805=CARTESIAN_POINT('Ctrl Pts',(18.6301347541505,125.609287025914,62.3230584243177));
#3806=CARTESIAN_POINT('Ctrl Pts',(18.3386738195218,122.905612849434,77.212848037637));
#3807=CARTESIAN_POINT('Ctrl Pts',(18.4051087108065,115.060888118774,105.006140866085));
#3808=CARTESIAN_POINT('Ctrl Pts',(18.4086209272303,109.046812190617,117.741590780802));
#3809=CARTESIAN_POINT('Ctrl Pts',(19.6343072402238,102.149274713626,135.272362971035));
#3810=CARTESIAN_POINT('Ctrl Pts',(19.7516698113055,100.019954129018,140.4153004311));
#3811=CARTESIAN_POINT('Ctrl Pts',(22.2170402173927,94.8930462992454,153.773299233092));
#3812=CARTESIAN_POINT('Ctrl Pts',(26.6977003485118,92.4551142917279,158.346216204525));
#3813=CARTESIAN_POINT('Ctrl Pts',(34.0576957256839,90.4878251666893,171.070738687054));
#3814=CARTESIAN_POINT('Ctrl Pts',(38.1216338961963,90.6016172008173,176.711597890573));
#3815=CARTESIAN_POINT('Ctrl Pts',(42.423140364751,91.4101934589252,182.498890774244));
#3816=CARTESIAN_POINT('Ctrl Pts',(18.9575610795962,126.696498044175,46.613724383096));
#3817=CARTESIAN_POINT('Ctrl Pts',(18.2985128856972,125.264005795637,62.1137992531643));
#3818=CARTESIAN_POINT('Ctrl Pts',(17.9807620157647,122.495288802492,77.1098971940288));
#3819=CARTESIAN_POINT('Ctrl Pts',(18.0265423567336,114.594775397419,105.001998362378));
#3820=CARTESIAN_POINT('Ctrl Pts',(18.0411850087901,108.608894884732,117.690136708612));
#3821=CARTESIAN_POINT('Ctrl Pts',(19.2790884846388,101.725966014953,135.22263022499));
#3822=CARTESIAN_POINT('Ctrl Pts',(19.4007556334873,99.6012463631292,140.358600783918));
#3823=CARTESIAN_POINT('Ctrl Pts',(21.8804157910348,94.4931764953826,153.742581798127));
#3824=CARTESIAN_POINT('Ctrl Pts',(26.3743887782944,92.0729978339336,158.415545044319));
#3825=CARTESIAN_POINT('Ctrl Pts',(33.7577190686683,90.1485375757231,171.217088169022));
#3826=CARTESIAN_POINT('Ctrl Pts',(37.83359164232,90.2937866184749,176.884082097628));
#3827=CARTESIAN_POINT('Ctrl Pts',(42.1471477906469,91.132874534666,182.691364858784));
#3828=CARTESIAN_POINT('Ctrl Pts',(17.8225553161971,125.740039214184,45.1623435230833));
#3829=CARTESIAN_POINT('Ctrl Pts',(16.9996061842202,123.91151966003,61.2941325530672));
#3830=CARTESIAN_POINT('Ctrl Pts',(16.578900898968,120.888020125213,76.7066322589913));
#3831=CARTESIAN_POINT('Ctrl Pts',(16.5437841543569,112.768977274143,104.985763175096));
#3832=CARTESIAN_POINT('Ctrl Pts',(16.6019288973747,106.893632498381,117.488619527635));
#3833=CARTESIAN_POINT('Ctrl Pts',(17.8877771265215,100.067819053085,135.027822106672));
#3834=CARTESIAN_POINT('Ctrl Pts',(18.0196901604079,97.9661117513945,140.137494201478));
#3835=CARTESIAN_POINT('Ctrl Pts',(20.5765075875686,92.9157485793369,153.620018157973));
#3836=CARTESIAN_POINT('Ctrl Pts',(25.2241854628691,90.488625404201,158.668045499304));
#3837=CARTESIAN_POINT('Ctrl Pts',(32.7366789429197,88.7025077383612,171.768116409667));
#3838=CARTESIAN_POINT('Ctrl Pts',(36.8427219653242,88.9822684826112,177.543857725514));
#3839=CARTESIAN_POINT('Ctrl Pts',(41.1802912573103,89.957211745273,183.436788639164));
#3840=CARTESIAN_POINT('Ctrl Pts',(16.9773353436858,125.02775771108,44.0814999268661));
#3841=CARTESIAN_POINT('Ctrl Pts',(16.0323222234014,122.904322449995,60.6837275815829));
#3842=CARTESIAN_POINT('Ctrl Pts',(15.5349580516302,119.691096216675,76.4063206063992));
#3843=CARTESIAN_POINT('Ctrl Pts',(15.439592746324,111.409315682556,104.973672099457));
#3844=CARTESIAN_POINT('Ctrl Pts',(15.5301390230048,105.616267145183,117.338543342995));
#3845=CARTESIAN_POINT('Ctrl Pts',(16.8516704728051,98.8330041894852,134.882748283447));
#3846=CARTESIAN_POINT('Ctrl Pts',(16.9912053634361,96.7484443116285,139.972839648004));
#3847=CARTESIAN_POINT('Ctrl Pts',(19.6054609951486,91.7410728911634,153.528753447473));
#3848=CARTESIAN_POINT('Ctrl Pts',(24.3582005091118,89.3168680743459,158.854385631517));
#3849=CARTESIAN_POINT('Ctrl Pts',(31.983713467612,87.6192620814547,172.179827950614));
#3850=CARTESIAN_POINT('Ctrl Pts',(36.1372846704593,87.9774569672024,178.04120467936));
#3851=CARTESIAN_POINT('Ctrl Pts',(40.5177877427262,89.031916938689,184.002511264417));
#3852=CARTESIAN_POINT('Ctrl Pts',(16.0174094346721,124.218841860057,42.8540061719945));
#3853=CARTESIAN_POINT('Ctrl Pts',(14.9337767980483,121.760471009799,59.9905013611505));
#3854=CARTESIAN_POINT('Ctrl Pts',(14.3493280576527,118.331770361503,76.0652631349773));
#3855=CARTESIAN_POINT('Ctrl Pts',(14.1855376425642,109.865175527137,104.959941768571));
#3856=CARTESIAN_POINT('Ctrl Pts',(14.3128713250276,104.165614494972,117.168110004758));
#3857=CARTESIAN_POINT('Ctrl Pts',(15.6749397507141,97.4306671436785,134.717990621128));
#3858=CARTESIAN_POINT('Ctrl Pts',(15.8231357769217,95.3655736984776,139.785841447181));
#3859=CARTESIAN_POINT('Ctrl Pts',(18.5026331700741,90.4070184381457,153.425098003391));
#3860=CARTESIAN_POINT('Ctrl Pts',(23.3622596348305,87.99298764321,159.066369004319));
#3861=CARTESIAN_POINT('Ctrl Pts',(31.1384583687231,86.3836020697809,172.647098416036));
#3862=CARTESIAN_POINT('Ctrl Pts',(35.3793312592401,86.8125453832456,178.604720294398));
#3863=CARTESIAN_POINT('Ctrl Pts',(39.8418404998091,87.9390062106061,184.64268693398));
#3864=CARTESIAN_POINT('Ctrl Pts',(15.9027244021297,124.122199566448,42.70735530198));
#3865=CARTESIAN_POINT('Ctrl Pts',(14.8025289175449,121.623814517286,59.9076808047285));
#3866=CARTESIAN_POINT('Ctrl Pts',(14.2076756226268,118.169369874616,76.0245172470214));
#3867=CARTESIAN_POINT('Ctrl Pts',(14.0357137124305,109.680693092377,104.958301786043));
#3868=CARTESIAN_POINT('Ctrl Pts',(14.1674481569201,103.992296524794,117.147747280601));
#3869=CARTESIAN_POINT('Ctrl Pts',(15.5343647931469,97.2631207622554,134.698305542891));
#3870=CARTESIAN_POINT('Ctrl Pts',(15.6835977529455,95.2003531098059,139.763499076498));
#3871=CARTESIAN_POINT('Ctrl Pts',(18.3708923170182,90.2476299064352,153.412712805705));
#3872=CARTESIAN_POINT('Ctrl Pts',(23.2432889954771,87.834811630361,159.091695345265));
#3873=CARTESIAN_POINT('Ctrl Pts',(31.0374839906967,86.235969472018,172.702924631872));
#3874=CARTESIAN_POINT('Ctrl Pts',(35.2887671082504,86.673377666852,178.672044585474));
#3875=CARTESIAN_POINT('Ctrl Pts',(39.7610557994691,87.8084518762979,184.719169360487));
#3876=CARTESIAN_POINT('Ctrl Pts',(15.5930611600157,123.861252517345,42.3113790122528));
#3877=CARTESIAN_POINT('Ctrl Pts',(14.448151526305,121.254819041203,59.684052694731));
#3878=CARTESIAN_POINT('Ctrl Pts',(13.8252086641033,117.730861979822,75.9144944878381));
#3879=CARTESIAN_POINT('Ctrl Pts',(13.6311698226691,109.182568016572,104.953872526088));
#3880=CARTESIAN_POINT('Ctrl Pts',(13.7747704441348,103.524332868939,117.092768686418));
#3881=CARTESIAN_POINT('Ctrl Pts',(15.1547518224179,96.8107470248417,134.645160619089));
#3882=CARTESIAN_POINT('Ctrl Pts',(15.3067712588387,94.7542610918424,139.703181132758));
#3883=CARTESIAN_POINT('Ctrl Pts',(18.0151074368938,89.8172862087433,153.379281369811));
#3884=CARTESIAN_POINT('Ctrl Pts',(22.9220134372092,87.4077382681527,159.160080708773));
#3885=CARTESIAN_POINT('Ctrl Pts',(30.7648230812127,85.837354206017,172.853660488953));
#3886=CARTESIAN_POINT('Ctrl Pts',(35.0441792759411,86.2976369583847,178.853829109852));
#3887=CARTESIAN_POINT('Ctrl Pts',(39.5428730125441,87.4559669370606,184.925683574626));
#3888=CARTESIAN_POINT('Ctrl Pts',(15.3980827876259,123.696947854078,42.0620536224597));
#3889=CARTESIAN_POINT('Ctrl Pts',(14.2250091854229,121.022488086726,59.5432483758756));
#3890=CARTESIAN_POINT('Ctrl Pts',(13.5843733343873,117.454765844689,75.8452232519656));
#3891=CARTESIAN_POINT('Ctrl Pts',(13.37644954289,108.868925762341,104.951084129244));
#3892=CARTESIAN_POINT('Ctrl Pts',(13.5121580168232,103.242002308677,117.062958404759));
#3893=CARTESIAN_POINT('Ctrl Pts',(14.9214369554048,96.5213478192706,134.609916558174));
#3894=CARTESIAN_POINT('Ctrl Pts',(15.088617502141,94.4580738956675,139.659228565579));
#3895=CARTESIAN_POINT('Ctrl Pts',(17.8233813414035,89.5204526542519,153.348137039039));
#3896=CARTESIAN_POINT('Ctrl Pts',(22.7244860574472,87.1350199018222,159.201654021337));
#3897=CARTESIAN_POINT('Ctrl Pts',(30.5893717432808,85.5893901757486,172.949753107803));
#3898=CARTESIAN_POINT('Ctrl Pts',(34.8863916717806,86.0640770786638,178.969461719978));
#3899=CARTESIAN_POINT('Ctrl Pts',(39.4026423524781,87.2362974232553,185.056587506362));
#3900=CARTESIAN_POINT('Ctrl Pts',(15.1230863570146,123.465214127207,41.7104071633366));
#3901=CARTESIAN_POINT('Ctrl Pts',(13.9103110508798,120.694797952816,59.3446538648783));
#3902=CARTESIAN_POINT('Ctrl Pts',(13.2447340927389,117.065343391627,75.7475151182939));
#3903=CARTESIAN_POINT('Ctrl Pts',(13.0171932518372,108.426566307041,104.947151248417));
#3904=CARTESIAN_POINT('Ctrl Pts',(13.1171946028216,102.857410967627,117.027215597147));
#3905=CARTESIAN_POINT('Ctrl Pts',(14.601280744826,96.1082502558339,134.55792385304));
#3906=CARTESIAN_POINT('Ctrl Pts',(14.8111629120742,94.0236005092473,139.589487169156));
#3907=CARTESIAN_POINT('Ctrl Pts',(17.6041752621882,89.0734561962189,153.291081545124));
#3908=CARTESIAN_POINT('Ctrl Pts',(22.4533976275552,86.7462280168612,159.258361337823));
#3909=CARTESIAN_POINT('Ctrl Pts',(30.3359049962898,85.2429915737636,173.086818880873));
#3910=CARTESIAN_POINT('Ctrl Pts',(34.6578233520716,85.7379984855725,179.134076592867));
#3911=CARTESIAN_POINT('Ctrl Pts',(39.2003411497858,86.9289762309412,185.242350339921));
#3912=CARTESIAN_POINT('Ctrl Pts',(15.0430684557824,123.397785025267,41.6080862185398));
#3913=CARTESIAN_POINT('Ctrl Pts',(13.8187185049858,120.599461447813,59.2868732634401));
#3914=CARTESIAN_POINT('Ctrl Pts',(13.1458699521677,116.952050653821,75.7190934009439));
#3915=CARTESIAN_POINT('Ctrl Pts',(12.9126588989786,108.297850585965,104.946006419714));
#3916=CARTESIAN_POINT('Ctrl Pts',(12.9994532372925,102.747034091407,117.017530374026));
#3917=CARTESIAN_POINT('Ctrl Pts',(14.5092970989306,95.9874094730854,134.542496046945));
#3918=CARTESIAN_POINT('Ctrl Pts',(14.7340062127123,93.8952628105187,139.568271304114));
#3919=CARTESIAN_POINT('Ctrl Pts',(17.5468542882514,88.9398180571081,153.272865682886));
#3920=CARTESIAN_POINT('Ctrl Pts',(22.3777886521219,86.6308200952471,159.274270988735));
#3921=CARTESIAN_POINT('Ctrl Pts',(30.2643659463122,85.1403701178772,173.126440181436));
#3922=CARTESIAN_POINT('Ctrl Pts',(34.5929870677044,85.6417036217264,179.181794415156));
#3923=CARTESIAN_POINT('Ctrl Pts',(39.1426479758916,86.8385545284406,185.296278381881));
#3924=CARTESIAN_POINT('Ctrl Pts',(14.4316982120841,122.88259452396,40.8263055998972));
#3925=CARTESIAN_POINT('Ctrl Pts',(13.1191991479931,119.870871606674,58.8453278005439));
#3926=CARTESIAN_POINT('Ctrl Pts',(12.3909590701575,116.086189492942,75.5018252950852));
#3927=CARTESIAN_POINT('Ctrl Pts',(12.1139309280821,107.31440505851,104.937270943343));
#3928=CARTESIAN_POINT('Ctrl Pts',(12.0754387430168,101.915461833432,116.949398500677));
#3929=CARTESIAN_POINT('Ctrl Pts',(13.8136654192458,95.0607908681106,134.422933461325));
#3930=CARTESIAN_POINT('Ctrl Pts',(14.1708391340692,92.9023893692497,139.399813801251));
#3931=CARTESIAN_POINT('Ctrl Pts',(17.158516213206,87.8946346416135,153.122008657138));
#3932=CARTESIAN_POINT('Ctrl Pts',(21.8252115856342,85.733291106109,159.391268707057));
#3933=CARTESIAN_POINT('Ctrl Pts',(29.7351043262341,84.3432714404765,173.426819488399));
#3934=CARTESIAN_POINT('Ctrl Pts',(34.11059429302,84.895872840429,179.544725207181));
#3935=CARTESIAN_POINT('Ctrl Pts',(38.7110191026517,86.1405055960852,185.70715483106));
#3936=CARTESIAN_POINT('Ctrl Pts',(13.8978468278975,122.436831367081,40.147631339707));
#3937=CARTESIAN_POINT('Ctrl Pts',(12.4747128522039,119.266789026021,58.4729653071212));
#3938=CARTESIAN_POINT('Ctrl Pts',(11.6991466432061,115.362165862366,75.3241336625914));
#3939=CARTESIAN_POINT('Ctrl Pts',(11.4528773196653,106.433383013501,104.91937290783));
#3940=CARTESIAN_POINT('Ctrl Pts',(11.4330775561718,101.018964970723,116.829712878079));
#3941=CARTESIAN_POINT('Ctrl Pts',(13.4082375046611,94.1137509697039,134.260807711869));
#3942=CARTESIAN_POINT('Ctrl Pts',(13.8872794758424,91.9316049941824,139.201250473754));
#3943=CARTESIAN_POINT('Ctrl Pts',(17.0263160232451,86.9202616668143,152.95069381972));
#3944=CARTESIAN_POINT('Ctrl Pts',(21.4947202964701,84.8605484422253,159.465800136038));
#3945=CARTESIAN_POINT('Ctrl Pts',(29.3764230813014,83.5741529821149,173.674145022596));
#3946=CARTESIAN_POINT('Ctrl Pts',(33.7675436870281,84.1884228370658,179.850376651054));
#3947=CARTESIAN_POINT('Ctrl Pts',(38.3894505908541,85.4918430955687,186.057451223887));
#3948=CARTESIAN_POINT('Ctrl Pts',(13.3264512915926,121.96333251535,39.4262398287177));
#3949=CARTESIAN_POINT('Ctrl Pts',(11.7393115777179,118.634272957914,58.0856357006615));
#3950=CARTESIAN_POINT('Ctrl Pts',(10.9143722136941,114.601852958802,75.1437311338913));
#3951=CARTESIAN_POINT('Ctrl Pts',(10.7939159067359,105.487099566293,104.892499181575));
#3952=CARTESIAN_POINT('Ctrl Pts',(10.9891788193647,99.9805290727612,116.651853853472));
#3953=CARTESIAN_POINT('Ctrl Pts',(13.2379187865268,93.0663498830488,134.045162693164));
#3954=CARTESIAN_POINT('Ctrl Pts',(13.8370334740196,90.8927215883634,138.955850875976));
#3955=CARTESIAN_POINT('Ctrl Pts',(17.1148795488853,85.9112049280625,152.744553826964));
#3956=CARTESIAN_POINT('Ctrl Pts',(21.3253720959357,83.8966118609355,159.511663835498));
#3957=CARTESIAN_POINT('Ctrl Pts',(29.1206055663721,82.7097041684948,173.908382609877));
#3958=CARTESIAN_POINT('Ctrl Pts',(33.497575871333,83.3982255504551,180.152947713799));
#3959=CARTESIAN_POINT('Ctrl Pts',(38.1142184373319,84.7749191305424,186.414044379436));
#3960=CARTESIAN_POINT('Ctrl Pts',(13.2922336899515,121.934863817616,39.3829351953736));
#3961=CARTESIAN_POINT('Ctrl Pts',(11.6962083492228,118.595569197327,58.0620814005021));
#3962=CARTESIAN_POINT('Ctrl Pts',(10.868783527842,114.555133733823,75.1324537977296));
#3963=CARTESIAN_POINT('Ctrl Pts',(10.7560968818373,105.429247322912,104.890408246984));
#3964=CARTESIAN_POINT('Ctrl Pts',(10.9635151433812,99.9178695664658,116.640972260489));
#3965=CARTESIAN_POINT('Ctrl Pts',(13.2285536502275,93.0034436351573,134.032096565017));
#3966=CARTESIAN_POINT('Ctrl Pts',(13.8348910178729,90.8304078516916,138.941016188903));
#3967=CARTESIAN_POINT('Ctrl Pts',(17.1209923236388,85.8507897879653,152.732108346456));
#3968=CARTESIAN_POINT('Ctrl Pts',(21.315871196774,83.8386538372706,159.514293410757));
#3969=CARTESIAN_POINT('Ctrl Pts',(29.1057232327782,82.6576624885895,173.922326786352));
#3970=CARTESIAN_POINT('Ctrl Pts',(33.481737277711,83.3506715087801,180.171016163665));
#3971=CARTESIAN_POINT('Ctrl Pts',(38.0979575680799,84.7318005797315,186.435379801737));
#3972=CARTESIAN_POINT('Ctrl Pts',(12.7345005350788,121.470175369452,38.6765032881806));
#3973=CARTESIAN_POINT('Ctrl Pts',(10.9982021787728,117.954852962204,57.6753912288197));
#3974=CARTESIAN_POINT('Ctrl Pts',(10.1355939410168,113.779142440423,74.944193478119));
#3975=CARTESIAN_POINT('Ctrl Pts',(10.1544742309399,104.471311448131,104.85131657372));
#3976=CARTESIAN_POINT('Ctrl Pts',(10.5613602573899,98.8894303370609,116.459964685766));
#3977=CARTESIAN_POINT('Ctrl Pts',(13.0918139674307,91.9753102309247,133.816462771882));
#3978=CARTESIAN_POINT('Ctrl Pts',(13.8157592694342,89.8134127938961,138.696901644339));
#3979=CARTESIAN_POINT('Ctrl Pts',(17.2351190819479,84.8667597000728,152.52755223084));
#3980=CARTESIAN_POINT('Ctrl Pts',(21.1724183974619,82.891344400558,159.55508721454));
#3981=CARTESIAN_POINT('Ctrl Pts',(28.8710784831165,81.8063345707386,174.147924306722));
#3982=CARTESIAN_POINT('Ctrl Pts',(33.2292762116731,82.5730103591507,180.464269982331));
#3983=CARTESIAN_POINT('Ctrl Pts',(37.8369304424516,84.0270846743251,186.782290463597));
#3984=CARTESIAN_POINT('Ctrl Pts',(12.3968397501385,120.885737886183,37.9661642871474));
#3985=CARTESIAN_POINT('Ctrl Pts',(10.6281184958791,117.125276091532,57.2284322533691));
#3986=CARTESIAN_POINT('Ctrl Pts',(9.78294574125839,112.794109146301,74.6669111273359));
#3987=CARTESIAN_POINT('Ctrl Pts',(9.93342950300184,103.359877439428,104.71973312032));
#3988=CARTESIAN_POINT('Ctrl Pts',(10.4316261462891,97.8358775263531,116.237593799734));
#3989=CARTESIAN_POINT('Ctrl Pts',(13.1873706930448,90.9912694305212,133.580452556548));
#3990=CARTESIAN_POINT('Ctrl Pts',(14.0232067358353,88.861974190157,138.439131746713));
#3991=CARTESIAN_POINT('Ctrl Pts',(17.5464918146765,83.9751441268855,152.315819824626));
#3992=CARTESIAN_POINT('Ctrl Pts',(21.2016815365171,81.9749100690639,159.563307515212));
#3993=CARTESIAN_POINT('Ctrl Pts',(28.7643191028021,80.968071333451,174.332891329684));
#3994=CARTESIAN_POINT('Ctrl Pts',(33.0782323568336,81.8109945677094,180.718493990333));
#3995=CARTESIAN_POINT('Ctrl Pts',(37.652380203439,83.3426671110602,187.092966922659));
#3996=CARTESIAN_POINT('Ctrl Pts',(12.1834442783674,119.637603554938,36.6837756944232));
#3997=CARTESIAN_POINT('Ctrl Pts',(10.5958945962034,115.533792458274,56.364461728356));
#3998=CARTESIAN_POINT('Ctrl Pts',(9.9013137767958,110.99052507463,74.0773513128519));
#3999=CARTESIAN_POINT('Ctrl Pts',(10.2834964717194,101.400451663434,104.380967447136));
#4000=CARTESIAN_POINT('Ctrl Pts',(10.6851027240146,95.9198985100529,115.769286529197));
#4001=CARTESIAN_POINT('Ctrl Pts',(13.7709581824316,89.2712264945745,133.113514509735));
#4002=CARTESIAN_POINT('Ctrl Pts',(14.8040777042593,87.2472666970693,137.944505614625));
#4003=CARTESIAN_POINT('Ctrl Pts',(18.4648778488886,82.496504211713,151.915875042975));
#4004=CARTESIAN_POINT('Ctrl Pts',(21.5623237531985,80.2994821646779,159.521846254633));
#4005=CARTESIAN_POINT('Ctrl Pts',(28.7896199392497,79.3746553131559,174.61347619869));
#4006=CARTESIAN_POINT('Ctrl Pts',(32.965983809967,80.3578457211924,181.143260002886));
#4007=CARTESIAN_POINT('Ctrl Pts',(37.4257404510719,82.0388819175233,187.640517168543));
#4008=CARTESIAN_POINT('Ctrl Pts',(12.261075590692,118.990791469478,36.1060071733901));
#4009=CARTESIAN_POINT('Ctrl Pts',(10.8573659357888,114.780615930628,55.9517521448942));
#4010=CARTESIAN_POINT('Ctrl Pts',(10.2817832276036,110.174305823602,73.7749730707588));
#4011=CARTESIAN_POINT('Ctrl Pts',(10.7660721691791,100.545187738234,104.186074717903));
#4012=CARTESIAN_POINT('Ctrl Pts',(11.0130868041151,95.0509825846429,115.529112013092));
#4013=CARTESIAN_POINT('Ctrl Pts',(14.2147107599043,88.5204825343314,132.885037018231));
#4014=CARTESIAN_POINT('Ctrl Pts',(15.3345969966156,86.5645988115045,137.708681643681));
#4015=CARTESIAN_POINT('Ctrl Pts',(19.0355034022571,81.8872818386119,151.727773968854));
#4016=CARTESIAN_POINT('Ctrl Pts',(21.8571314605115,79.5362869520035,159.478502378205));
#4017=CARTESIAN_POINT('Ctrl Pts',(28.8997290100141,78.6190364525043,174.71650572111));
#4018=CARTESIAN_POINT('Ctrl Pts',(32.997633669705,79.6616364501043,181.31951734026));
#4019=CARTESIAN_POINT('Ctrl Pts',(37.3909070377369,81.4092413636697,187.881116307354));
#4020=CARTESIAN_POINT('Ctrl Pts',(12.5286979518573,118.294017514379,35.5659439893087));
#4021=CARTESIAN_POINT('Ctrl Pts',(11.3778254877569,114.12268852622,55.5629865430527));
#4022=CARTESIAN_POINT('Ctrl Pts',(10.9535283531334,109.532612876992,73.4857816535296));
#4023=CARTESIAN_POINT('Ctrl Pts',(11.5357072260172,99.8927338989687,103.988515519954));
#4024=CARTESIAN_POINT('Ctrl Pts',(11.5584224512111,94.2387192944853,115.273310034904));
#4025=CARTESIAN_POINT('Ctrl Pts',(14.8416468584481,87.8349485033354,132.647376302497));
#4026=CARTESIAN_POINT('Ctrl Pts',(16.0404152742224,85.9705858585127,137.470364522385));
#4027=CARTESIAN_POINT('Ctrl Pts',(19.7572728563264,81.369071518698,151.539844738645));
#4028=CARTESIAN_POINT('Ctrl Pts',(22.2949836027065,78.7790611806623,159.408255077261));
#4029=CARTESIAN_POINT('Ctrl Pts',(29.1235249348487,77.8239328745631,174.791127142031));
#4030=CARTESIAN_POINT('Ctrl Pts',(33.1241312401398,78.9180106110752,181.478651744606));
#4031=CARTESIAN_POINT('Ctrl Pts',(37.4323604254389,80.728423634677,188.117288750506));
#4032=CARTESIAN_POINT('Ctrl Pts',(12.5506692135733,118.239840691202,35.5244780698493));
#4033=CARTESIAN_POINT('Ctrl Pts',(11.419330571785,114.072308092275,55.5331527042575));
#4034=CARTESIAN_POINT('Ctrl Pts',(11.0068375922461,109.484007748316,73.4635702367439));
#4035=CARTESIAN_POINT('Ctrl Pts',(11.5965751677735,99.8434872063499,103.973274712649));
#4036=CARTESIAN_POINT('Ctrl Pts',(11.6025283298865,94.1769579443819,115.253520691384));
#4037=CARTESIAN_POINT('Ctrl Pts',(14.8911809210157,87.7821898536895,132.6289218349));
#4038=CARTESIAN_POINT('Ctrl Pts',(16.0955220122843,85.9244973844347,137.451838420306));
#4039=CARTESIAN_POINT('Ctrl Pts',(19.8130103640814,81.3283146242132,151.525163028969));
#4040=CARTESIAN_POINT('Ctrl Pts',(22.3296614171514,78.7204069504685,159.402619661182));
#4041=CARTESIAN_POINT('Ctrl Pts',(29.1417591805958,77.7623968162449,174.796716374796));
#4042=CARTESIAN_POINT('Ctrl Pts',(33.1346931993336,78.8603823008989,181.490847232859));
#4043=CARTESIAN_POINT('Ctrl Pts',(37.4361953732745,80.6755790202817,188.135517507272));
#4044=CARTESIAN_POINT('Ctrl Pts',(12.6771362421198,117.944199937792,35.3011432669313));
#4045=CARTESIAN_POINT('Ctrl Pts',(11.6552761651391,113.803543116695,55.37241084521));
#4046=CARTESIAN_POINT('Ctrl Pts',(11.3080548505936,109.228034299088,73.3437428425125));
#4047=CARTESIAN_POINT('Ctrl Pts',(11.9386230960547,99.5851451857108,103.890628665008));
#4048=CARTESIAN_POINT('Ctrl Pts',(11.8529120968691,93.8478964643996,115.146076503094));
#4049=CARTESIAN_POINT('Ctrl Pts',(15.1658214452355,87.4974562363557,132.528369615315));
#4050=CARTESIAN_POINT('Ctrl Pts',(16.3976988114518,85.6738557985324,137.3507879565));
#4051=CARTESIAN_POINT('Ctrl Pts',(20.1153073443504,81.1036760182834,151.444689430028));
#4052=CARTESIAN_POINT('Ctrl Pts',(22.5223965986964,78.4014772940127,159.370878472683));
#4053=CARTESIAN_POINT('Ctrl Pts',(29.2457042829497,77.4279288969968,174.826020246922));
#4054=CARTESIAN_POINT('Ctrl Pts',(33.1963601340699,78.5468223260831,181.556422665911));
#4055=CARTESIAN_POINT('Ctrl Pts',(37.4604689792958,80.3876067039057,188.234296757093));
#4056=CARTESIAN_POINT('Ctrl Pts',(12.8023063624134,117.70238917723,35.1302864027341));
#4057=CARTESIAN_POINT('Ctrl Pts',(11.8548094932343,113.580460318425,55.246428675274));
#4058=CARTESIAN_POINT('Ctrl Pts',(11.5536251814424,109.015494609557,73.2473601645579));
#4059=CARTESIAN_POINT('Ctrl Pts',(12.2178901138176,99.3769966067175,103.821513443177));
#4060=CARTESIAN_POINT('Ctrl Pts',(12.0883958286165,93.6063342831728,115.060411373696));
#4061=CARTESIAN_POINT('Ctrl Pts',(15.4056849804182,87.2784944605059,132.447278175943));
#4062=CARTESIAN_POINT('Ctrl Pts',(16.6482847612901,85.4726868591072,137.268720689611));
#4063=CARTESIAN_POINT('Ctrl Pts',(20.3539684932787,80.9121860713406,151.377832893348));
#4064=CARTESIAN_POINT('Ctrl Pts',(22.6918464025443,78.1465812429201,159.34146915206));
#4065=CARTESIAN_POINT('Ctrl Pts',(29.3466472576938,77.1613726599537,174.845483545894));
#4066=CARTESIAN_POINT('Ctrl Pts',(33.2611487338551,78.2955384965086,181.60617727474));
#4067=CARTESIAN_POINT('Ctrl Pts',(37.492422963456,80.155122953405,188.312016816872));
#4068=CARTESIAN_POINT('Ctrl Pts',(13.3734355657853,116.763083353286,34.51271477597));
#4069=CARTESIAN_POINT('Ctrl Pts',(12.6662679866872,112.695075888305,54.7768780308464));
#4070=CARTESIAN_POINT('Ctrl Pts',(12.5192916067088,108.168054369334,72.8760776250776));
#4071=CARTESIAN_POINT('Ctrl Pts',(13.3153550833831,98.5720914839245,103.544296958802));
#4072=CARTESIAN_POINT('Ctrl Pts',(13.1175518246198,92.7817830452146,114.738710069384));
#4073=CARTESIAN_POINT('Ctrl Pts',(16.400156193481,86.4809360512358,132.136211216002));
#4074=CARTESIAN_POINT('Ctrl Pts',(17.6452467042205,84.6993489135869,136.949378021468));
#4075=CARTESIAN_POINT('Ctrl Pts',(21.2644678762496,80.1246762047982,151.10910503642));
#4076=CARTESIAN_POINT('Ctrl Pts',(23.4015780372794,77.1727894435221,159.21257330484));
#4077=CARTESIAN_POINT('Ctrl Pts',(29.8022540832664,76.147175331882,174.904486999208));
#4078=CARTESIAN_POINT('Ctrl Pts',(33.569272795918,77.3333877751534,181.786425629622));
#4079=CARTESIAN_POINT('Ctrl Pts',(37.6635374828361,79.2574313091458,188.605182245732));
#4080=CARTESIAN_POINT('Ctrl Pts',(13.9781794428048,116.089194297366,34.172441002399));
#4081=CARTESIAN_POINT('Ctrl Pts',(13.3592051548355,112.048019135255,54.4859701490593));
#4082=CARTESIAN_POINT('Ctrl Pts',(13.2675073001005,107.540541048766,72.6184537001157));
#4083=CARTESIAN_POINT('Ctrl Pts',(14.1065596581315,97.9681752981442,103.319763306977));
#4084=CARTESIAN_POINT('Ctrl Pts',(13.8844784669826,92.1671368132313,114.498899877865));
#4085=CARTESIAN_POINT('Ctrl Pts',(17.1412435699751,85.8864158714564,131.904352977726));
#4086=CARTESIAN_POINT('Ctrl Pts',(18.3825464179858,84.1196120702936,136.713040287176));
#4087=CARTESIAN_POINT('Ctrl Pts',(21.9551811042358,79.5447318504349,150.905179256843));
#4088=CARTESIAN_POINT('Ctrl Pts',(24.0279193681457,76.5073843645539,159.086889373377));
#4089=CARTESIAN_POINT('Ctrl Pts',(30.272296055968,75.4637682890028,174.909975300738));
#4090=CARTESIAN_POINT('Ctrl Pts',(33.9170915510722,76.6710890574046,181.887444714257));
#4091=CARTESIAN_POINT('Ctrl Pts',(37.8914223848044,78.622292976625,188.797151581932));
#4092=CARTESIAN_POINT('Ctrl Pts',(14.9124004709894,115.341482925505,33.9334254267814));
#4093=CARTESIAN_POINT('Ctrl Pts',(14.330477309396,111.272041055846,54.208688731278));
#4094=CARTESIAN_POINT('Ctrl Pts',(14.2597601233332,106.74848899594,72.3172036458518));
#4095=CARTESIAN_POINT('Ctrl Pts',(15.1076161166791,97.1683658040647,102.999256433354));
#4096=CARTESIAN_POINT('Ctrl Pts',(14.8767114313812,91.3718842685504,114.188540093917));
#4097=CARTESIAN_POINT('Ctrl Pts',(18.1000714893566,85.1172033123813,131.604295249998));
#4098=CARTESIAN_POINT('Ctrl Pts',(19.3308916572964,83.3631357395918,136.409200242965));
#4099=CARTESIAN_POINT('Ctrl Pts',(22.8609449236973,78.8081940238836,150.636905755143));
#4100=CARTESIAN_POINT('Ctrl Pts',(24.9335597856974,75.7627953927928,158.889334761018));
#4101=CARTESIAN_POINT('Ctrl Pts',(31.0108869416425,74.7226280265954,174.87044229287));
#4102=CARTESIAN_POINT('Ctrl Pts',(34.4890138685193,75.9273979575214,181.976021859647));
#4103=CARTESIAN_POINT('Ctrl Pts',(38.2940072648273,77.877580869979,189.009953620762));
#4104=CARTESIAN_POINT('Ctrl Pts',(15.1244315755511,115.171665462788,33.8790644704262));
#4105=CARTESIAN_POINT('Ctrl Pts',(14.5510600009753,111.09586897632,54.1457785948166));
#4106=CARTESIAN_POINT('Ctrl Pts',(14.4850887275894,106.568669846231,72.2488687583387));
#4107=CARTESIAN_POINT('Ctrl Pts',(15.3349722341941,96.9868073028598,102.926604701906));
#4108=CARTESIAN_POINT('Ctrl Pts',(15.1019674542862,91.1913299960807,114.118136805654));
#4109=CARTESIAN_POINT('Ctrl Pts',(18.3177136408321,84.9425588739305,131.536230940444));
#4110=CARTESIAN_POINT('Ctrl Pts',(19.5457856143859,83.1909643216091,136.340409299586));
#4111=CARTESIAN_POINT('Ctrl Pts',(23.0672936975254,78.6418751331926,150.575781207287));
#4112=CARTESIAN_POINT('Ctrl Pts',(25.1451438470616,75.6013637827741,158.842335535024));
#4113=CARTESIAN_POINT('Ctrl Pts',(31.1869036043754,74.5637404753177,174.858523566722));
#4114=CARTESIAN_POINT('Ctrl Pts',(34.6267311146149,75.7659761826534,181.993437844351));
#4115=CARTESIAN_POINT('Ctrl Pts',(38.3925634166457,77.7135694231267,189.055910451471));
#4116=CARTESIAN_POINT('Ctrl Pts',(17.9366867813047,112.920053495937,33.1587797925216));
#4117=CARTESIAN_POINT('Ctrl Pts',(17.4758275040953,108.759586315951,53.3112356034425));
#4118=CARTESIAN_POINT('Ctrl Pts',(17.4734124729179,104.184052558309,71.3420506722456));
#4119=CARTESIAN_POINT('Ctrl Pts',(18.3503997693783,94.5790153542972,101.962004266511));
#4120=CARTESIAN_POINT('Ctrl Pts',(18.0907649522864,88.7970925241653,113.183430499554));
#4121=CARTESIAN_POINT('Ctrl Pts',(21.2061436768156,82.6267371585666,130.632352375269));
#4122=CARTESIAN_POINT('Ctrl Pts',(22.3934991910525,80.9018550582228,135.428553351491));
#4123=CARTESIAN_POINT('Ctrl Pts',(25.8161914810244,76.4496697510067,149.759954857452));
#4124=CARTESIAN_POINT('Ctrl Pts',(28.0312588978671,73.5716107505412,158.186854328126));
#4125=CARTESIAN_POINT('Ctrl Pts',(33.6286179675375,72.5935658334924,174.658660769954));
#4126=CARTESIAN_POINT('Ctrl Pts',(36.5535016703657,73.7343884430045,182.186717820671));
#4127=CARTESIAN_POINT('Ctrl Pts',(39.7861857835284,75.6136096547351,189.634603932146));
#4128=CARTESIAN_POINT('Ctrl Pts',(21.8368360635477,109.797279711612,32.1597129166127));
#4129=CARTESIAN_POINT('Ctrl Pts',(21.5320516277407,105.519399521601,52.1537396454902));
#4130=CARTESIAN_POINT('Ctrl Pts',(21.6170930420446,100.876807324038,70.0847053177778));
#4131=CARTESIAN_POINT('Ctrl Pts',(22.5311015053553,91.2395999052062,100.624826810081));
#4132=CARTESIAN_POINT('Ctrl Pts',(22.2336223128198,85.4764054175278,111.888124279319));
#4133=CARTESIAN_POINT('Ctrl Pts',(25.2091815241938,79.4147576468197,129.380087226584));
#4134=CARTESIAN_POINT('Ctrl Pts',(26.3399691465391,77.7269163968833,134.16527019946));
#4135=CARTESIAN_POINT('Ctrl Pts',(29.6248555118555,73.4090669897436,148.630201333907));
#4136=CARTESIAN_POINT('Ctrl Pts',(31.9400019978033,70.769760679503,157.306796006224));
#4137=CARTESIAN_POINT('Ctrl Pts',(37.0776369208684,69.8497554216995,174.363920255302));
#4138=CARTESIAN_POINT('Ctrl Pts',(39.5221081142227,70.8693127510496,182.3671104804));
#4139=CARTESIAN_POINT('Ctrl Pts',(42.2512517730885,72.6176027417535,190.278650430026));
#4140=CARTESIAN_POINT('Ctrl Pts',(27.0370670009555,105.633603760967,30.8276699270126));
#4141=CARTESIAN_POINT('Ctrl Pts',(26.9403632798559,101.199164208643,50.6104386904071));
#4142=CARTESIAN_POINT('Ctrl Pts',(27.142424411683,96.4671505638262,68.4080496180752));
#4143=CARTESIAN_POINT('Ctrl Pts',(28.1061482348566,86.7870610979437,98.8415507556679));
#4144=CARTESIAN_POINT('Ctrl Pts',(27.7587787878907,81.0488744159443,110.160433301432));
#4145=CARTESIAN_POINT('Ctrl Pts',(30.5482988535572,75.1321931488057,127.709613854874));
#4146=CARTESIAN_POINT('Ctrl Pts',(31.6037237491524,73.493742299838,132.480078792423));
#4147=CARTESIAN_POINT('Ctrl Pts',(34.7053370842535,69.3550336683762,147.122841689677));
#4148=CARTESIAN_POINT('Ctrl Pts',(37.0153980588011,66.9771059837791,156.227046155343));
#4149=CARTESIAN_POINT('Ctrl Pts',(41.7922520318903,66.236990371139,173.893021640708));
#4150=CARTESIAN_POINT('Ctrl Pts',(43.9706923702684,67.2536469566197,182.269991435162));
#4151=CARTESIAN_POINT('Ctrl Pts',(46.4012919629645,68.98269839204,190.543280895329));
#4152=CARTESIAN_POINT('Ctrl Pts',(29.6371757043807,103.551761726321,30.1616398659276));
#4153=CARTESIAN_POINT('Ctrl Pts',(29.6445170619705,99.0390446426431,49.8387843951804));
#4154=CARTESIAN_POINT('Ctrl Pts',(29.9050537069755,94.2623401972624,67.569731817609));
#4155=CARTESIAN_POINT('Ctrl Pts',(30.8936046972913,84.5608233201381,97.9499343197101));
#4156=CARTESIAN_POINT('Ctrl Pts',(30.5212369071786,78.835157421709,109.296621218497));
#4157=CARTESIAN_POINT('Ctrl Pts',(33.217701954789,72.9909715490771,126.87441966258));
#4158=CARTESIAN_POINT('Ctrl Pts',(34.2354399260683,71.3772180243709,131.637527081078));
#4159=CARTESIAN_POINT('Ctrl Pts',(37.2453741824018,67.3280947931274,146.369216872984));
#4160=CARTESIAN_POINT('Ctrl Pts',(39.5175228381257,65.049523317381,155.722821634396));
#4161=CARTESIAN_POINT('Ctrl Pts',(44.1772021165662,64.4557358216978,173.6293719433));
#4162=CARTESIAN_POINT('Ctrl Pts',(46.314870621751,65.5572356939711,182.097081202989));
#4163=CARTESIAN_POINT('Ctrl Pts',(48.6894391195452,67.3615984661615,190.455730239248));
#4164=CARTESIAN_POINT('Ctrl Pts',(42.9173038563752,92.9186974322239,26.7598814495199));
#4165=CARTESIAN_POINT('Ctrl Pts',(43.4560477473566,88.0061706322329,45.8975362588526));
#4166=CARTESIAN_POINT('Ctrl Pts',(44.0149829036655,83.0009670448715,63.288200753378));
#4167=CARTESIAN_POINT('Ctrl Pts',(45.1301466533579,73.1898297736032,93.3963388235196));
#4168=CARTESIAN_POINT('Ctrl Pts',(44.6298299999264,67.5278552391007,104.885289357673));
#4169=CARTESIAN_POINT('Ctrl Pts',(46.8508254144786,62.0537623656289,122.609424990477));
#4170=CARTESIAN_POINT('Ctrl Pts',(47.6760457615572,60.566122039145,127.334980529694));
#4171=CARTESIAN_POINT('Ctrl Pts',(50.2174901762331,56.9743369702502,142.521075827564));
#4172=CARTESIAN_POINT('Ctrl Pts',(52.2400123802558,55.0975076865789,153.242872530813));
#4173=CARTESIAN_POINT('Ctrl Pts',(56.4001861883079,55.4394642940568,172.210071140913));
#4174=CARTESIAN_POINT('Ctrl Pts',(58.475863779602,57.2647554571129,180.884454408888));
#4175=CARTESIAN_POINT('Ctrl Pts',(60.7116720750581,59.7395056394058,189.425255235807));
#4176=CARTESIAN_POINT('Ctrl Pts',(66.8775661675685,73.7344283270706,20.6224416409969));
#4177=CARTESIAN_POINT('Ctrl Pts',(68.3750735926966,68.1005612694334,38.7867447689008));
#4178=CARTESIAN_POINT('Ctrl Pts',(69.4731366999335,62.6837739733236,55.5628486791477));
#4179=CARTESIAN_POINT('Ctrl Pts',(70.8172372365298,52.6753459267976,85.1796398850973));
#4180=CARTESIAN_POINT('Ctrl Pts',(70.0867896090629,47.128995467619,96.9245401775234));
#4181=CARTESIAN_POINT('Ctrl Pts',(71.4504353216402,42.3231186001916,114.912204695163));
#4182=CARTESIAN_POINT('Ctrl Pts',(71.9283956889862,41.063092478325,119.569930601582));
#4183=CARTESIAN_POINT('Ctrl Pts',(73.6252194207372,38.2970548448376,135.575265419285));
#4184=CARTESIAN_POINT('Ctrl Pts',(75.1990415797833,37.14665613631,148.76399200121));
#4185=CARTESIAN_POINT('Ctrl Pts',(78.4594287439597,39.1782928719952,169.64347957747));
#4186=CARTESIAN_POINT('Ctrl Pts',(80.2265808300721,42.2843503894192,178.775783058448));
#4187=CARTESIAN_POINT('Ctrl Pts',(82.1150019084389,45.9553124262116,187.687738613583));
#4188=CARTESIAN_POINT('Ctrl Pts',(90.8375306026736,54.5501133564255,14.4848773488833));
#4189=CARTESIAN_POINT('Ctrl Pts',(93.2938007380264,48.1949056280634,31.6758280219129));
#4190=CARTESIAN_POINT('Ctrl Pts',(94.9304486880246,42.3655475209738,47.8380028446846));
#4191=CARTESIAN_POINT('Ctrl Pts',(96.5033232330214,32.1591901638546,76.9639281545662));
#4192=CARTESIAN_POINT('Ctrl Pts',(95.5425991303551,26.7275639176617,88.9654810812398));
#4193=CARTESIAN_POINT('Ctrl Pts',(96.048781448223,22.5892810353934,107.217150135447));
#4194=CARTESIAN_POINT('Ctrl Pts',(96.1794548532104,21.5567658766695,111.807121257287));
#4195=CARTESIAN_POINT('Ctrl Pts',(97.0314571101053,19.6156802815275,128.632273435526));
#4196=CARTESIAN_POINT('Ctrl Pts',(98.1559963545809,19.1896382063217,144.289421898287));
#4197=CARTESIAN_POINT('Ctrl Pts',(100.516121187594,22.9090864395029,167.082500489903));
#4198=CARTESIAN_POINT('Ctrl Pts',(101.839083432485,26.993745745409,176.90100130465));
#4199=CARTESIAN_POINT('Ctrl Pts',(103.314398998274,31.7149613010231,186.294430822741));
#4200=CARTESIAN_POINT('Ctrl Pts',(103.997362750157,44.0132505393981,11.1138500193206));
#4201=CARTESIAN_POINT('Ctrl Pts',(106.98022734259,37.2618514078956,27.7701935822746));
#4202=CARTESIAN_POINT('Ctrl Pts',(108.912654087129,31.2064024109284,43.5948764918115));
#4203=CARTESIAN_POINT('Ctrl Pts',(110.611169194506,20.8917509574696,72.4509572992453));
#4204=CARTESIAN_POINT('Ctrl Pts',(109.52395406103,15.5237679321246,84.593111425511));
#4205=CARTESIAN_POINT('Ctrl Pts',(109.559170205498,11.752590580348,102.989532948446));
#4206=CARTESIAN_POINT('Ctrl Pts',(109.499096323699,10.8451028477507,107.542250546257));
#4207=CARTESIAN_POINT('Ctrl Pts',(109.887069957476,9.3576468630497,124.81737487494));
#4208=CARTESIAN_POINT('Ctrl Pts',(110.764813793464,9.33081686888978,141.829489244386));
#4209=CARTESIAN_POINT('Ctrl Pts',(112.630403823389,13.9785050685992,165.672901356401));
#4210=CARTESIAN_POINT('Ctrl Pts',(113.767612975872,18.5043530285719,175.904901458431));
#4211=CARTESIAN_POINT('Ctrl Pts',(115.044428367959,23.754562959374,185.58115763135));
#4212=CARTESIAN_POINT('Ctrl Pts',(106.357124097958,42.1238516475898,10.5093895897022));
#4213=CARTESIAN_POINT('Ctrl Pts',(109.434414060781,35.3014098234703,27.0698708075408));
#4214=CARTESIAN_POINT('Ctrl Pts',(111.419925319236,29.2053366754368,42.8340793314523));
#4215=CARTESIAN_POINT('Ctrl Pts',(113.140985541202,18.8711883411884,71.6418098264444));
#4216=CARTESIAN_POINT('Ctrl Pts',(112.031105446534,13.5144948680734,83.8092326548598));
#4217=CARTESIAN_POINT('Ctrl Pts',(111.981883474683,9.80906057876212,102.231650026385));
#4218=CARTESIAN_POINT('Ctrl Pts',(111.887608757485,8.92397904933679,106.777693882025));
#4219=CARTESIAN_POINT('Ctrl Pts',(112.192395955237,7.51776457770825,124.133553526943));
#4220=CARTESIAN_POINT('Ctrl Pts',(113.017079869639,7.54531683802759,141.403855378639));
#4221=CARTESIAN_POINT('Ctrl Pts',(114.809964532843,12.3896606879946,165.408602047211));
#4222=CARTESIAN_POINT('Ctrl Pts',(115.939052878939,17.0405981632553,175.673293936881));
#4223=CARTESIAN_POINT('Ctrl Pts',(117.204629936272,22.4314126044036,185.359332815216));
#4224=CARTESIAN_POINT('Ctrl Pts',(108.71685182889,40.234447893699,9.9049151709543));
#4225=CARTESIAN_POINT('Ctrl Pts',(111.888567568545,33.340963863112,26.3695340140232));
#4226=CARTESIAN_POINT('Ctrl Pts',(113.927101879103,27.2043331116119,42.0732360504781));
#4227=CARTESIAN_POINT('Ctrl Pts',(115.670688404008,16.8507575775225,70.8325872851014));
#4228=CARTESIAN_POINT('Ctrl Pts',(114.538125430702,11.505464832562,83.0252325532897));
#4229=CARTESIAN_POINT('Ctrl Pts',(114.404451553225,7.86584965769353,101.473613156602));
#4230=CARTESIAN_POINT('Ctrl Pts',(114.275972744448,7.00318581543777,106.012978070572));
#4231=CARTESIAN_POINT('Ctrl Pts',(114.497549946751,5.6783027647857,123.449532446575));
#4232=CARTESIAN_POINT('Ctrl Pts',(115.262994455053,5.72169082623244,141.006737376902));
#4233=CARTESIAN_POINT('Ctrl Pts',(116.994091911244,10.832544383893,165.120956409006));
#4234=CARTESIAN_POINT('Ctrl Pts',(118.134254335336,15.7120614547165,175.340087113883));
#4235=CARTESIAN_POINT('Ctrl Pts',(119.406355809933,21.3467949516009,184.958427408423));
#4236=CARTESIAN_POINT('Ctrl Pts',(110.083943195777,39.1398454439756,9.5547241342265));
#4237=CARTESIAN_POINT('Ctrl Pts',(113.310362882313,32.2052033446077,25.9638063332512));
#4238=CARTESIAN_POINT('Ctrl Pts',(115.379639274879,26.0450431486617,41.6324715329886));
#4239=CARTESIAN_POINT('Ctrl Pts',(117.136284418356,15.6801806228048,70.3638094190171));
#4240=CARTESIAN_POINT('Ctrl Pts',(115.990589489351,10.3414426464219,82.5710897502569));
#4241=CARTESIAN_POINT('Ctrl Pts',(115.807996067502,6.73992464554828,101.034527755386));
#4242=CARTESIAN_POINT('Ctrl Pts',(115.65970298598,5.89024302621012,105.570025842322));
#4243=CARTESIAN_POINT('Ctrl Pts',(115.833083842852,4.61243724517983,123.053349413077));
#4244=CARTESIAN_POINT('Ctrl Pts',(116.565960511549,4.65297362313267,140.784223234959));
#4245=CARTESIAN_POINT('Ctrl Pts',(118.25819401767,9.93954374015738,164.94860964882));
#4246=CARTESIAN_POINT('Ctrl Pts',(119.400685293082,14.9837432029344,175.121056017318));
#4247=CARTESIAN_POINT('Ctrl Pts',(120.672198030923,20.7918788972367,184.680129148839));
#4248=CARTESIAN_POINT('Ctrl Pts',(110.27116252857,38.9899448530333,9.50676822094097));
#4249=CARTESIAN_POINT('Ctrl Pts',(113.505075044431,32.0496680288159,25.9082446551572));
#4250=CARTESIAN_POINT('Ctrl Pts',(115.578560731273,25.8862932848812,41.5721079036546));
#4251=CARTESIAN_POINT('Ctrl Pts',(117.336992377687,15.5198904187962,70.2996064417758));
#4252=CARTESIAN_POINT('Ctrl Pts',(116.189494722952,10.1820565444174,82.5088868787109));
#4253=CARTESIAN_POINT('Ctrl Pts',(116.000199549058,6.58576049945107,100.974384031674));
#4254=CARTESIAN_POINT('Ctrl Pts',(115.848937812033,5.73750119303724,105.509451026739));
#4255=CARTESIAN_POINT('Ctrl Pts',(116.016522211568,4.467275850739,122.998862909438));
#4256=CARTESIAN_POINT('Ctrl Pts',(116.749011954849,4.51283866450718,140.752098632179));
#4257=CARTESIAN_POINT('Ctrl Pts',(118.437004061081,9.82554935318712,164.922618343188));
#4258=CARTESIAN_POINT('Ctrl Pts',(119.578667947919,14.8914642744842,175.088668596243));
#4259=CARTESIAN_POINT('Ctrl Pts',(120.84869801073,20.7221565935854,184.639724562537));
#4260=CARTESIAN_POINT('Ctrl Pts',(110.48448680965,38.8191400643459,9.45212310531785));
#4261=CARTESIAN_POINT('Ctrl Pts',(113.726933281229,31.8724380710453,25.8449338732378));
#4262=CARTESIAN_POINT('Ctrl Pts',(115.805216086129,25.7053922447302,41.5033294305129));
#4263=CARTESIAN_POINT('Ctrl Pts',(117.565685272306,15.3372286399959,70.2264566208361));
#4264=CARTESIAN_POINT('Ctrl Pts',(116.416140032864,10.0004204770068,82.438020147582));
#4265=CARTESIAN_POINT('Ctrl Pts',(116.219211585685,6.41007076622312,100.905866700686));
#4266=CARTESIAN_POINT('Ctrl Pts',(116.064311854527,5.56300174989048,105.44055033797));
#4267=CARTESIAN_POINT('Ctrl Pts',(116.22610384875,4.30276880083844,122.936563730169));
#4268=CARTESIAN_POINT('Ctrl Pts',(116.962275575477,4.36056648591518,140.71376527581));
#4269=CARTESIAN_POINT('Ctrl Pts',(118.64649150802,9.70552200805891,164.890475913086));
#4270=CARTESIAN_POINT('Ctrl Pts',(119.785992879867,14.7952017906337,175.049187479509));
#4271=CARTESIAN_POINT('Ctrl Pts',(121.05285494184,20.650190618942,184.591169091032));
#4272=CARTESIAN_POINT('Ctrl Pts',(110.510743682133,38.7983614141862,9.44563624079662));
#4273=CARTESIAN_POINT('Ctrl Pts',(113.754164063058,31.8508173313125,25.8372842764954));
#4274=CARTESIAN_POINT('Ctrl Pts',(115.832984850067,25.6832828608284,41.4949441075791));
#4275=CARTESIAN_POINT('Ctrl Pts',(117.593656940613,15.3148661938663,70.2174740231832));
#4276=CARTESIAN_POINT('Ctrl Pts',(116.443878005028,9.9781973041367,82.4293466542089));
#4277=CARTESIAN_POINT('Ctrl Pts',(116.246013787512,6.3885730945897,100.897480214913));
#4278=CARTESIAN_POINT('Ctrl Pts',(116.090664172475,5.54164149740213,105.43211857051));
#4279=CARTESIAN_POINT('Ctrl Pts',(116.251760181171,4.28265372935943,122.928933542196));
#4280=CARTESIAN_POINT('Ctrl Pts',(116.988452308747,4.34206368077903,140.709041245629));
#4281=CARTESIAN_POINT('Ctrl Pts',(118.672223739822,9.69100842214705,164.886495441802));
#4282=CARTESIAN_POINT('Ctrl Pts',(119.811441164432,14.7835764882796,175.04431008345));
#4283=CARTESIAN_POINT('Ctrl Pts',(121.0778914957,20.641510946832,184.585184070899));
#4284=CARTESIAN_POINT('Ctrl Pts',(110.818060926961,38.5579607424457,9.37244780840273));
#4285=CARTESIAN_POINT('Ctrl Pts',(114.071860800853,31.5997470715876,25.7493993312799));
#4286=CARTESIAN_POINT('Ctrl Pts',(116.156359841567,25.4260074124703,41.3977143637782));
#4287=CARTESIAN_POINT('Ctrl Pts',(117.918872267836,15.0541861219667,70.1125835444065));
#4288=CARTESIAN_POINT('Ctrl Pts',(116.766712999775,9.71944168220214,82.328392470904));
#4289=CARTESIAN_POINT('Ctrl Pts',(116.55798557019,6.13831032333445,100.799873414743));
#4290=CARTESIAN_POINT('Ctrl Pts',(116.397356379646,5.29291178947029,105.334009052776));
#4291=CARTESIAN_POINT('Ctrl Pts',(116.550524257727,4.04871452940357,122.840093874531));
#4292=CARTESIAN_POINT('Ctrl Pts',(117.294070465584,4.12814821894542,140.653732587458));
#4293=CARTESIAN_POINT('Ctrl Pts',(118.972875308662,9.52401057484284,164.839686116919));
#4294=CARTESIAN_POINT('Ctrl Pts',(120.108537953886,14.6500116164278,174.98703896713));
#4295=CARTESIAN_POINT('Ctrl Pts',(121.369902893151,20.5419700235218,184.515023271942));
#4296=CARTESIAN_POINT('Ctrl Pts',(111.115286816139,38.3522651030047,9.32830185500684));
#4297=CARTESIAN_POINT('Ctrl Pts',(114.366450767236,31.3725873757676,25.6797314912628));
#4298=CARTESIAN_POINT('Ctrl Pts',(116.4507337376,25.1885340343594,41.3119315123931));
#4299=CARTESIAN_POINT('Ctrl Pts',(118.217597355002,14.8184524550773,70.0138603419222));
#4300=CARTESIAN_POINT('Ctrl Pts',(117.095430560186,9.52304116058498,82.2408249182574));
#4301=CARTESIAN_POINT('Ctrl Pts',(116.860010713252,5.92965934984843,100.713012977848));
#4302=CARTESIAN_POINT('Ctrl Pts',(116.682089501714,5.0705221259454,105.245212482776));
#4303=CARTESIAN_POINT('Ctrl Pts',(116.814135140009,3.82410219394693,122.756956153963));
#4304=CARTESIAN_POINT('Ctrl Pts',(117.582283505738,3.94714495909423,140.599799753977));
#4305=CARTESIAN_POINT('Ctrl Pts',(119.258531502531,9.39069230641199,164.791981929895));
#4306=CARTESIAN_POINT('Ctrl Pts',(120.388645606235,14.5452731878701,174.929709383994));
#4307=CARTESIAN_POINT('Ctrl Pts',(121.642565674562,20.4655130257448,184.446059629106));
#4308=CARTESIAN_POINT('Ctrl Pts',(111.490521255243,38.1232724814458,9.30306005724156));
#4309=CARTESIAN_POINT('Ctrl Pts',(114.727259632473,31.1001202701066,25.6081139607294));
#4310=CARTESIAN_POINT('Ctrl Pts',(116.806488287669,24.8964993303486,41.211259853062));
#4311=CARTESIAN_POINT('Ctrl Pts',(118.581553747219,14.5346373889484,69.8906221922172));
#4312=CARTESIAN_POINT('Ctrl Pts',(117.526495289561,9.33910870236184,82.1427227052556));
#4313=CARTESIAN_POINT('Ctrl Pts',(117.242829326277,5.70364191042649,100.611655131952));
#4314=CARTESIAN_POINT('Ctrl Pts',(117.032084362323,4.80721262792178,105.138780602854));
#4315=CARTESIAN_POINT('Ctrl Pts',(117.12534644897,3.53646232290438,122.652890243349));
#4316=CARTESIAN_POINT('Ctrl Pts',(117.940856018857,3.74617707290659,140.530592235155));
#4317=CARTESIAN_POINT('Ctrl Pts',(119.615758122222,9.25379522364638,164.728605447043));
#4318=CARTESIAN_POINT('Ctrl Pts',(120.736732029767,14.4403838269708,174.85451134296));
#4319=CARTESIAN_POINT('Ctrl Pts',(121.978753802677,20.3912040383753,184.356838412616));
#4320=CARTESIAN_POINT('Ctrl Pts',(111.557476085169,38.0837043291885,9.29970182376818));
#4321=CARTESIAN_POINT('Ctrl Pts',(114.792618992024,31.0538966039048,25.5961373220148));
#4322=CARTESIAN_POINT('Ctrl Pts',(116.871359150545,24.8472605463799,41.1938784138283));
#4323=CARTESIAN_POINT('Ctrl Pts',(118.647857654619,14.4869318735355,69.8689642969034));
#4324=CARTESIAN_POINT('Ctrl Pts',(117.60404345942,9.30889084284386,82.125716686441));
#4325=CARTESIAN_POINT('Ctrl Pts',(117.311031344403,5.66465585405302,100.593882821148));
#4326=CARTESIAN_POINT('Ctrl Pts',(117.094116100674,4.76092934846487,105.120015960671));
#4327=CARTESIAN_POINT('Ctrl Pts',(117.180038049145,3.48505181231819,122.634370610457));
#4328=CARTESIAN_POINT('Ctrl Pts',(118.004553608786,3.71136917265544,140.518210970319));
#4329=CARTESIAN_POINT('Ctrl Pts',(119.679274459996,9.23054116013394,164.71718927839));
#4330=CARTESIAN_POINT('Ctrl Pts',(120.798554500793,14.4226969861974,174.84100622203));
#4331=CARTESIAN_POINT('Ctrl Pts',(122.03836441158,20.3787754815837,184.340860494478));
#4332=CARTESIAN_POINT('Ctrl Pts',(112.432947396232,37.5820068675852,9.26984334029246));
#4333=CARTESIAN_POINT('Ctrl Pts',(115.650933698674,30.4681994693469,25.4492469578504));
#4334=CARTESIAN_POINT('Ctrl Pts',(117.726538907248,24.2260307538209,40.9730663368315));
#4335=CARTESIAN_POINT('Ctrl Pts',(119.521911328267,13.8870523465777,69.5894194829567));
#4336=CARTESIAN_POINT('Ctrl Pts',(118.626082460721,8.94566896451215,81.9097617883723));
#4337=CARTESIAN_POINT('Ctrl Pts',(118.20238958892,5.17192104966643,100.365544179634));
#4338=CARTESIAN_POINT('Ctrl Pts',(117.90023705143,4.16401491771688,104.877503107037));
#4339=CARTESIAN_POINT('Ctrl Pts',(117.884728538151,2.81102749260823,122.392776303055));
#4340=CARTESIAN_POINT('Ctrl Pts',(118.834660919393,3.26932880564847,140.356041473908));
#4341=CARTESIAN_POINT('Ctrl Pts',(120.50804349811,8.94150192703325,164.566699077252));
#4342=CARTESIAN_POINT('Ctrl Pts',(121.603979463051,14.2042416173411,174.663228124726));
#4343=CARTESIAN_POINT('Ctrl Pts',(122.813772605961,20.2267261436488,184.131016299282));
#4344=CARTESIAN_POINT('Ctrl Pts',(114.214303965888,36.9280374497892,9.534478115084));
#4345=CARTESIAN_POINT('Ctrl Pts',(117.604838451638,29.9034415789675,25.3841380426936));
#4346=CARTESIAN_POINT('Ctrl Pts',(119.775280749256,23.7215382399556,40.6940132806598));
#4347=CARTESIAN_POINT('Ctrl Pts',(121.605060303842,13.4457221232291,69.1210772134883));
#4348=CARTESIAN_POINT('Ctrl Pts',(120.704376109468,8.73987894823219,81.59137062353));
#4349=CARTESIAN_POINT('Ctrl Pts',(120.061516672475,4.62863590830547,99.9991694850436));
#4350=CARTESIAN_POINT('Ctrl Pts',(119.650482555686,3.40176369617326,104.477158075155));
#4351=CARTESIAN_POINT('Ctrl Pts',(119.464473328804,1.84243979450751,121.963015890145));
#4352=CARTESIAN_POINT('Ctrl Pts',(120.508652969635,2.7284662728444,140.024562487519));
#4353=CARTESIAN_POINT('Ctrl Pts',(122.098944526325,8.63375430844456,164.224347740725));
#4354=CARTESIAN_POINT('Ctrl Pts',(123.127297321389,13.9971952802298,174.269294815681));
#4355=CARTESIAN_POINT('Ctrl Pts',(124.262797546352,20.1130272013954,183.680595960522));
#4356=CARTESIAN_POINT('Ctrl Pts',(115.915684055564,36.9583630134404,10.3839159273561));
#4357=CARTESIAN_POINT('Ctrl Pts',(119.386846976501,30.5601037937759,25.8260801209921));
#4358=CARTESIAN_POINT('Ctrl Pts',(121.618500854311,24.7144836354947,40.8493342661095));
#4359=CARTESIAN_POINT('Ctrl Pts',(123.528840748779,14.5255793773898,68.9574306734486));
#4360=CARTESIAN_POINT('Ctrl Pts',(122.675267115997,9.51563779634123,81.5100740151374));
#4361=CARTESIAN_POINT('Ctrl Pts',(122.005866673818,4.91473332227405,99.8101015051315));
#4362=CARTESIAN_POINT('Ctrl Pts',(121.584778317823,3.45938621554688,104.247965768384));
#4363=CARTESIAN_POINT('Ctrl Pts',(121.332099327437,1.59600262538252,121.640367531085));
#4364=CARTESIAN_POINT('Ctrl Pts',(122.261541482033,2.80358172856223,139.673241483015));
#4365=CARTESIAN_POINT('Ctrl Pts',(123.684196575053,8.79681318451624,163.779203315195));
#4366=CARTESIAN_POINT('Ctrl Pts',(124.621195595459,14.1922836491445,173.766233922394));
#4367=CARTESIAN_POINT('Ctrl Pts',(125.665676034009,20.338752148081,183.124203246362));
#4368=CARTESIAN_POINT('Ctrl Pts',(117.285812367443,37.2986656393374,11.3696086172197));
#4369=CARTESIAN_POINT('Ctrl Pts',(120.582246036622,31.58307527017,26.4386589127722));
#4370=CARTESIAN_POINT('Ctrl Pts',(122.756471456374,26.1025502280523,41.1899202442611));
#4371=CARTESIAN_POINT('Ctrl Pts',(124.779896342279,16.00807279165,68.9694916030025));
#4372=CARTESIAN_POINT('Ctrl Pts',(124.248918979785,10.6174913925829,81.5546684613904));
#4373=CARTESIAN_POINT('Ctrl Pts',(123.696023337739,5.55052932392764,99.7336416196987));
#4374=CARTESIAN_POINT('Ctrl Pts',(123.306093188793,3.89301693701982,104.135007149387));
#4375=CARTESIAN_POINT('Ctrl Pts',(123.064835767055,1.7281438667657,121.41477729956));
#4376=CARTESIAN_POINT('Ctrl Pts',(123.837049782262,3.15868437327586,139.355737280505));
#4377=CARTESIAN_POINT('Ctrl Pts',(125.105179652404,9.16250221079944,163.332036331258));
#4378=CARTESIAN_POINT('Ctrl Pts',(125.958163117947,14.5563745756133,173.260082779396));
#4379=CARTESIAN_POINT('Ctrl Pts',(126.91936334533,20.702787869239,182.567667078482));
#4380=CARTESIAN_POINT('Ctrl Pts',(117.845509588022,37.5725765220535,11.9008677464359));
#4381=CARTESIAN_POINT('Ctrl Pts',(121.116565287872,32.08433403361,26.7503874716484));
#4382=CARTESIAN_POINT('Ctrl Pts',(123.29114366833,26.7340504688091,41.3504124871958));
#4383=CARTESIAN_POINT('Ctrl Pts',(125.366665304914,16.7014520594392,68.9701441351595));
#4384=CARTESIAN_POINT('Ctrl Pts',(124.893302099791,11.2633982813016,81.6171965976709));
#4385=CARTESIAN_POINT('Ctrl Pts',(124.422483146978,5.99988365810624,99.7407786134339));
#4386=CARTESIAN_POINT('Ctrl Pts',(124.070716230825,4.24668081329902,104.123177920519));
#4387=CARTESIAN_POINT('Ctrl Pts',(123.864175603123,1.93495308452908,121.340492394198));
#4388=CARTESIAN_POINT('Ctrl Pts',(124.544000172765,3.43850082750492,139.212610062968));
#4389=CARTESIAN_POINT('Ctrl Pts',(125.74140849661,9.4188578077094,163.111767492996));
#4390=CARTESIAN_POINT('Ctrl Pts',(126.556030594795,14.7990068869028,173.010246486346));
#4391=CARTESIAN_POINT('Ctrl Pts',(127.479197434549,20.9339183493839,182.294128106742));
#4392=CARTESIAN_POINT('Ctrl Pts',(118.356668070576,38.0046624569624,12.555770539535));
#4393=CARTESIAN_POINT('Ctrl Pts',(121.692393542874,32.7030176426905,27.123279231469));
#4394=CARTESIAN_POINT('Ctrl Pts',(123.913440202787,27.4676013843544,41.5355017360921));
#4395=CARTESIAN_POINT('Ctrl Pts',(126.042657757063,17.518856615449,68.9750596534688));
#4396=CARTESIAN_POINT('Ctrl Pts',(125.485215805561,12.1203056529424,81.7344693232216));
#4397=CARTESIAN_POINT('Ctrl Pts',(125.135252453404,6.6623065642546,99.7981008772857));
#4398=CARTESIAN_POINT('Ctrl Pts',(124.855193093391,4.80687451634544,104.158358184609));
#4399=CARTESIAN_POINT('Ctrl Pts',(124.727964328487,2.33191989890299,121.295193903623));
#4400=CARTESIAN_POINT('Ctrl Pts',(125.29925391709,3.88313974310006,139.058435521507));
#4401=CARTESIAN_POINT('Ctrl Pts',(126.431575085484,9.80882554341542,162.849360529716));
#4402=CARTESIAN_POINT('Ctrl Pts',(127.206819157296,15.1601677027987,172.710339257297));
#4403=CARTESIAN_POINT('Ctrl Pts',(128.090216730451,21.2695332904681,181.965204129328));
#4404=CARTESIAN_POINT('Ctrl Pts',(118.429076372404,38.0657277648548,12.64840869222));
#4405=CARTESIAN_POINT('Ctrl Pts',(121.774805804884,32.7897087242119,27.1757592528438));
#4406=CARTESIAN_POINT('Ctrl Pts',(124.002475621809,27.5705120856458,41.5613840756057));
#4407=CARTESIAN_POINT('Ctrl Pts',(126.138098206773,17.6347077459253,68.9758532009657));
#4408=CARTESIAN_POINT('Ctrl Pts',(125.565446748478,12.2438392179452,81.752046639076));
#4409=CARTESIAN_POINT('Ctrl Pts',(125.233037586122,6.75913898918008,99.8073164679961));
#4410=CARTESIAN_POINT('Ctrl Pts',(124.963712869824,4.88943364249742,104.164437613981));
#4411=CARTESIAN_POINT('Ctrl Pts',(124.848536217855,2.39157866301924,121.289720239472));
#4412=CARTESIAN_POINT('Ctrl Pts',(125.404519926819,3.94876599394303,139.036922956416));
#4413=CARTESIAN_POINT('Ctrl Pts',(126.528035186127,9.86614119057882,162.812123803892));
#4414=CARTESIAN_POINT('Ctrl Pts',(127.297854208777,15.2130761438174,172.66770284129));
#4415=CARTESIAN_POINT('Ctrl Pts',(128.17572441774,21.3185609118082,181.918424184336));
#4416=CARTESIAN_POINT('Ctrl Pts',(118.657650892485,38.2583552879644,12.9407061816756));
#4417=CARTESIAN_POINT('Ctrl Pts',(122.036291077881,33.062180785638,27.3408558701405));
#4418=CARTESIAN_POINT('Ctrl Pts',(124.284673510035,27.8943122695426,41.6426318329666));
#4419=CARTESIAN_POINT('Ctrl Pts',(126.436593073039,18.0025195988097,68.9791548140386));
#4420=CARTESIAN_POINT('Ctrl Pts',(125.8063871461,12.6405797646527,81.8106737185179));
#4421=CARTESIAN_POINT('Ctrl Pts',(125.531211416714,7.07424265025612,99.8399242621069));
#4422=CARTESIAN_POINT('Ctrl Pts',(125.297759665016,5.16032697832575,104.187178205384));
#4423=CARTESIAN_POINT('Ctrl Pts',(125.223523468418,2.59098507651699,121.275491895005));
#4424=CARTESIAN_POINT('Ctrl Pts',(125.731304980485,4.16428092223424,138.970016706301));
#4425=CARTESIAN_POINT('Ctrl Pts',(126.828453120824,10.0535183325162,162.694278781726));
#4426=CARTESIAN_POINT('Ctrl Pts',(127.581559274099,15.3856947285281,172.532614858739));
#4427=CARTESIAN_POINT('Ctrl Pts',(128.442367309511,21.4780490468766,181.770146615629));
#4428=CARTESIAN_POINT('Ctrl Pts',(118.813788736406,38.3899316658068,13.1403675926478));
#4429=CARTESIAN_POINT('Ctrl Pts',(122.215059393956,33.2481629912895,27.4535958908172));
#4430=CARTESIAN_POINT('Ctrl Pts',(124.477619448102,28.1153274994426,41.6980805034663));
#4431=CARTESIAN_POINT('Ctrl Pts',(126.640665158148,18.2535953649958,68.9813625180258));
#4432=CARTESIAN_POINT('Ctrl Pts',(125.978415867171,12.9013510026607,81.8474251669571));
#4433=CARTESIAN_POINT('Ctrl Pts',(125.732159952621,7.29320376985187,99.8633987122371));
#4434=CARTESIAN_POINT('Ctrl Pts',(125.517084861551,5.3574264421662,104.206749070419));
#4435=CARTESIAN_POINT('Ctrl Pts',(125.463402391243,2.74965492624557,121.272688199636));
#4436=CARTESIAN_POINT('Ctrl Pts',(125.946513802331,4.32383668569675,138.925798869709));
#4437=CARTESIAN_POINT('Ctrl Pts',(127.027772009681,10.1911762297464,162.613358502904));
#4438=CARTESIAN_POINT('Ctrl Pts',(127.770141470171,15.5118997254136,172.439543860778));
#4439=CARTESIAN_POINT('Ctrl Pts',(128.619838446986,21.5940285956221,181.667883724026));
#4440=CARTESIAN_POINT('Ctrl Pts',(118.96993107256,38.5215092897704,13.3400313308898));
#4441=CARTESIAN_POINT('Ctrl Pts',(122.393717402182,33.4342502371147,27.5663626786569));
#4442=CARTESIAN_POINT('Ctrl Pts',(124.670435562102,28.3364705030223,41.7535670760118));
#4443=CARTESIAN_POINT('Ctrl Pts',(126.844611724707,18.5048013213961,68.9836055818728));
#4444=CARTESIAN_POINT('Ctrl Pts',(126.159176667671,13.153055571994,81.8809749189188));
#4445=CARTESIAN_POINT('Ctrl Pts',(125.92990089476,7.51552968617283,99.8880574664673));
#4446=CARTESIAN_POINT('Ctrl Pts',(125.725972260645,5.56532045113054,104.230264072246));
#4447=CARTESIAN_POINT('Ctrl Pts',(125.684162803062,2.92846357937654,121.276684522266));
#4448=CARTESIAN_POINT('Ctrl Pts',(126.152465677797,4.4947974468299,138.883290719609));
#4449=CARTESIAN_POINT('Ctrl Pts',(127.220450845019,10.3379673393317,162.532362257718));
#4450=CARTESIAN_POINT('Ctrl Pts',(127.952899704603,15.646014999266,172.346012409953));
#4451=CARTESIAN_POINT('Ctrl Pts',(128.792160006052,21.7167351994974,181.564930789246));
#4452=CARTESIAN_POINT('',(119.77106091265,37.2980958406287,16.7599406774167));
#4453=CARTESIAN_POINT('Ctrl Pts',(119.77106091265,37.2980958406286,16.7599406774166));
#4454=CARTESIAN_POINT('Ctrl Pts',(122.751300593902,32.6170224171806,29.8402816430796));
#4455=CARTESIAN_POINT('Ctrl Pts',(124.760975473793,27.9270471661354,42.8875162582588));
#4456=CARTESIAN_POINT('Ctrl Pts',(126.844611724707,18.5048013213961,68.9836055818728));
#4457=CARTESIAN_POINT('Ctrl Pts',(126.159176667671,13.153055571994,81.8809749189188));
#4458=CARTESIAN_POINT('Ctrl Pts',(125.92990089476,7.51552968617283,99.8880574664673));
#4459=CARTESIAN_POINT('Ctrl Pts',(125.725972260645,5.56532045113054,104.230264072246));
#4460=CARTESIAN_POINT('Ctrl Pts',(125.684162803062,2.92846357937654,121.276684522266));
#4461=CARTESIAN_POINT('Ctrl Pts',(126.152465677797,4.4947974468299,138.883290719609));
#4462=CARTESIAN_POINT('Ctrl Pts',(127.219623109175,10.3334386236582,162.514033178997));
#4463=CARTESIAN_POINT('Ctrl Pts',(127.950339260593,15.6274620637153,172.311693874984));
#4464=CARTESIAN_POINT('Ctrl Pts',(128.787758883393,21.6848999549908,181.516570100528));
#4465=CARTESIAN_POINT('',(119.691186314047,37.2378783158633,16.6562624349157));
#4466=CARTESIAN_POINT('Ctrl Pts',(119.691188387062,37.2378768015132,16.6562621961348));
#4467=CARTESIAN_POINT('Ctrl Pts',(119.717813231671,37.2579558150083,16.6908266845671));
#4468=CARTESIAN_POINT('Ctrl Pts',(119.744437288956,37.278029044232,16.7253853615241));
#4469=CARTESIAN_POINT('Ctrl Pts',(119.77106091265,37.298095840629,16.7599406774163));
#4470=CARTESIAN_POINT('',(119.258877612009,36.9113205795104,16.0946347941727));
#4471=CARTESIAN_POINT('Ctrl Pts',(119.258891463192,36.911314247271,16.0946346512669));
#4472=CARTESIAN_POINT('Ctrl Pts',(119.40286960888,37.0202772715414,16.2818411266123));
#4473=CARTESIAN_POINT('Ctrl Pts',(119.546977563372,37.1291208212466,16.4690470810702));
#4474=CARTESIAN_POINT('Ctrl Pts',(119.691188387062,37.2378768015132,16.6562621961348));
#4475=CARTESIAN_POINT('',(119.024632134503,36.7281663797902,15.7958615515933));
#4476=CARTESIAN_POINT('Ctrl Pts',(119.024650248085,36.7281569501231,15.7958595450196));
#4477=CARTESIAN_POINT('Ctrl Pts',(119.030020765406,36.7323877968429,15.8027295526058));
#4478=CARTESIAN_POINT('Ctrl Pts',(119.035392717261,36.7366172024478,15.8095996460139));
#4479=CARTESIAN_POINT('Ctrl Pts',(119.040766054579,36.740845207891,15.8164698390801));
#4480=CARTESIAN_POINT('Ctrl Pts',(119.077093343537,36.7694293012324,15.8629168558864));
#4481=CARTESIAN_POINT('Ctrl Pts',(119.113485678235,36.7979507246946,15.9093706049168));
#4482=CARTESIAN_POINT('Ctrl Pts',(119.149927996117,36.8264224104469,15.9558355874924));
#4483=CARTESIAN_POINT('Ctrl Pts',(119.186204625741,36.8547646471339,16.0020893128698));
#4484=CARTESIAN_POINT('Ctrl Pts',(119.222530783157,36.8830575970134,16.0483541687841));
#4485=CARTESIAN_POINT('Ctrl Pts',(119.258891463192,36.911314247271,16.0946346512669));
#4486=CARTESIAN_POINT('',(117.153754924962,36.2240504040664,13.2311161252491));
#4487=CARTESIAN_POINT('Ctrl Pts',(117.153965698105,36.2238741656229,13.2310491199731));
#4488=CARTESIAN_POINT('Ctrl Pts',(117.155934117611,36.2240579400088,13.2332594096966));
#4489=CARTESIAN_POINT('Ctrl Pts',(117.15790197284,36.2242425559795,13.2354704017569));
#4490=CARTESIAN_POINT('Ctrl Pts',(117.159869263135,36.2244280131425,13.2376820943248));
#4491=CARTESIAN_POINT('Ctrl Pts',(117.179850882288,36.2263116875603,13.2601460889348));
#4492=CARTESIAN_POINT('Ctrl Pts',(117.199775185568,36.228282232495,13.2826834349518));
#4493=CARTESIAN_POINT('Ctrl Pts',(117.219641531353,36.2303392698885,13.3052923092028));
#4494=CARTESIAN_POINT('Ctrl Pts',(117.300778266534,36.2387404776423,13.3976298866647));
#4495=CARTESIAN_POINT('Ctrl Pts',(117.380968875464,36.2485864239352,13.4911840653015));
#4496=CARTESIAN_POINT('Ctrl Pts',(117.460170076174,36.2598545716038,13.5858341298448));
#4497=CARTESIAN_POINT('Ctrl Pts',(117.625791353233,36.2834179139555,13.7837612373009));
#4498=CARTESIAN_POINT('Ctrl Pts',(117.787297660781,36.3132291873557,13.9867317985465));
#4499=CARTESIAN_POINT('Ctrl Pts',(117.944288927166,36.3491503335208,14.1937183611637));
#4500=CARTESIAN_POINT('Ctrl Pts',(118.119430954297,36.3892245523046,14.4246359593236));
#4501=CARTESIAN_POINT('Ctrl Pts',(118.289459982937,36.4370232773717,14.6612067708092));
#4502=CARTESIAN_POINT('Ctrl Pts',(118.453749067467,36.4925107247068,14.9022006867208));
#4503=CARTESIAN_POINT('Ctrl Pts',(118.606429437711,36.5440774129451,15.1261659027472));
#4504=CARTESIAN_POINT('Ctrl Pts',(118.754152963859,36.6022846865997,15.3539519831851));
#4505=CARTESIAN_POINT('Ctrl Pts',(118.896379021765,36.6671288854627,15.5845858144867));
#4506=CARTESIAN_POINT('Ctrl Pts',(118.907192865535,36.6720591707156,15.6021215477863));
#4507=CARTESIAN_POINT('Ctrl Pts',(118.917974906959,36.6770278365313,15.6196737481271));
#4508=CARTESIAN_POINT('Ctrl Pts',(118.928724897313,36.6820348876172,15.6372419896304));
#4509=CARTESIAN_POINT('Ctrl Pts',(118.960976416411,36.6970567619063,15.6899492440233));
#4510=CARTESIAN_POINT('Ctrl Pts',(118.992953766302,36.7124303828318,15.7428248151746));
#4511=CARTESIAN_POINT('Ctrl Pts',(119.024650248085,36.728156950123,15.7958595450197));
#4512=CARTESIAN_POINT('',(111.493507018719,38.0141021906272,9.65594754710744));
#4513=CARTESIAN_POINT('Ctrl Pts',(111.493226734221,38.0159617201523,9.65655451751663));
#4514=CARTESIAN_POINT('Ctrl Pts',(111.746592259634,37.8487492494521,9.67839691952938));
#4515=CARTESIAN_POINT('Ctrl Pts',(112.242796324245,37.54803492937,9.77067396609969));
#4516=CARTESIAN_POINT('Ctrl Pts',(113.004159365884,37.1644137127282,10.0117158783388));
#4517=CARTESIAN_POINT('Ctrl Pts',(113.76659045603,36.8482060679949,10.3579741651553));
#4518=CARTESIAN_POINT('Ctrl Pts',(114.517009104664,36.5977972369273,10.7971470584251));
#4519=CARTESIAN_POINT('Ctrl Pts',(115.053294247744,36.4606301010931,11.1827361168532));
#4520=CARTESIAN_POINT('Ctrl Pts',(115.402085456643,36.387303579092,11.46189180108));
#4521=CARTESIAN_POINT('Ctrl Pts',(115.632097323434,36.3433062253091,11.6538523843293));
#4522=CARTESIAN_POINT('Ctrl Pts',(115.858095350561,36.3071001437939,11.8540792853361));
#4523=CARTESIAN_POINT('Ctrl Pts',(116.079140504218,36.2780011928394,12.0615433088495));
#4524=CARTESIAN_POINT('Ctrl Pts',(116.242368233486,36.2599168032123,12.2205336579502));
#4525=CARTESIAN_POINT('Ctrl Pts',(116.362771948397,36.2491534375071,12.3421358859944));
#4526=CARTESIAN_POINT('Ctrl Pts',(116.442104475051,36.2430656112588,12.4240904363727));
#4527=CARTESIAN_POINT('Ctrl Pts',(116.494749398227,36.2393106084749,12.478960577284));
#4528=CARTESIAN_POINT('Ctrl Pts',(116.560114342693,36.2352159796126,12.5479820286326));
#4529=CARTESIAN_POINT('Ctrl Pts',(116.637794881121,36.2312102435887,12.6314596429788));
#4530=CARTESIAN_POINT('Ctrl Pts',(116.740346578943,36.2270890270065,12.7435928989367));
#4531=CARTESIAN_POINT('Ctrl Pts',(116.866647335304,36.2243148931176,12.8852429019405));
#4532=CARTESIAN_POINT('Ctrl Pts',(116.990246946553,36.2245712841938,13.02865036225));
#4533=CARTESIAN_POINT('Ctrl Pts',(117.07522443066,36.2262638318412,13.129814398892));
#4534=CARTESIAN_POINT('Ctrl Pts',(117.112872009065,36.2273624265726,13.1752082339906));
#4535=CARTESIAN_POINT('Ctrl Pts',(117.127881814562,36.227849736324,13.1933964609186));
#4536=CARTESIAN_POINT('Ctrl Pts',(117.133881551469,36.2280489927702,13.2006746262879));
#4537=CARTESIAN_POINT('Ctrl Pts',(117.141374490935,36.2283076599142,13.2097777927618));
#4538=CARTESIAN_POINT('Ctrl Pts',(117.148857478343,36.2285779641739,13.2188880719002));
#4539=CARTESIAN_POINT('Ctrl Pts',(117.154090182298,36.2287731342274,13.2252689350915));
#4540=CARTESIAN_POINT('Ctrl Pts',(117.156705104654,36.2288721278203,13.22846027487));
#4541=CARTESIAN_POINT('Ctrl Pts',(117.15801230587,36.2289220704094,13.2300561795625));
#4542=CARTESIAN_POINT('Ctrl Pts',(117.158665710671,36.2289470289824,13.2308541793756));
#4543=CARTESIAN_POINT('Ctrl Pts',(117.159039228858,36.2289614770285,13.2313102099646));
#4544=CARTESIAN_POINT('Ctrl Pts',(117.159225684304,36.2289684296401,13.2315382053411));
#4545=CARTESIAN_POINT('Ctrl Pts',(117.159319436736,36.2289724077241,13.2316522496369));
#4546=CARTESIAN_POINT('',(110.583956455448,38.6780235207398,9.67481945451618));
#4547=CARTESIAN_POINT('Ctrl Pts',(110.583658383563,38.6779724940767,9.67468655932979));
#4548=CARTESIAN_POINT('Ctrl Pts',(110.620595288517,38.6481079891243,9.66962547560577));
#4549=CARTESIAN_POINT('Ctrl Pts',(110.657790099771,38.618438532482,9.66511012225097));
#4550=CARTESIAN_POINT('Ctrl Pts',(110.69523112335,38.5889679904065,9.66113974034608));
#4551=CARTESIAN_POINT('Ctrl Pts',(110.798202818057,38.5079170101888,9.65022024845463));
#4552=CARTESIAN_POINT('Ctrl Pts',(110.90330982007,38.4281577951374,9.6434033866579));
#4553=CARTESIAN_POINT('Ctrl Pts',(111.010179284471,38.3498990301471,9.64072147671341));
#4554=CARTESIAN_POINT('Ctrl Pts',(111.116891876076,38.2717551405465,9.63804350352219));
#4555=CARTESIAN_POINT('Ctrl Pts',(111.225361304801,38.1951075491264,9.63948835796647));
#4556=CARTESIAN_POINT('Ctrl Pts',(111.335198916623,38.1201332592594,9.64505027375835));
#4557=CARTESIAN_POINT('Ctrl Pts',(111.387569903093,38.0843852358355,9.64770221612903));
#4558=CARTESIAN_POINT('Ctrl Pts',(111.44025172178,38.0490171496014,9.65128958213361));
#4559=CARTESIAN_POINT('Ctrl Pts',(111.493201303506,38.0140454793039,9.65580870676949));
#4560=CARTESIAN_POINT('',(110.503621355657,38.7436762188586,9.6865808845012));
#4561=CARTESIAN_POINT('Ctrl Pts',(110.503323464479,38.7436253494182,9.68644825704975));
#4562=CARTESIAN_POINT('Ctrl Pts',(110.529960704893,38.7216341721947,9.68224006393628));
#4563=CARTESIAN_POINT('Ctrl Pts',(110.556740971136,38.6997499886836,9.67832023368105));
#4564=CARTESIAN_POINT('Ctrl Pts',(110.583658383563,38.6779724940767,9.67468655932976));
#4565=CARTESIAN_POINT('',(14.7003750068519,115.511284895829,33.9877594143188));
#4566=CARTESIAN_POINT('Ctrl Pts',(14.7002737668838,115.511260252444,33.9876969372227));
#4567=CARTESIAN_POINT('Ctrl Pts',(14.9120562644115,115.341640953747,33.9340348916726));
#4568=CARTESIAN_POINT('Ctrl Pts',(15.1240814873784,115.171710545377,33.8801978272813));
#4569=CARTESIAN_POINT('Ctrl Pts',(15.3364649377885,115.001549241676,33.8263245537114));
#4570=CARTESIAN_POINT('Ctrl Pts',(17.9063140855282,112.942589937409,33.1744555596723));
#4571=CARTESIAN_POINT('Ctrl Pts',(20.5217730014461,110.846976540203,32.5109276103354));
#4572=CARTESIAN_POINT('Ctrl Pts',(23.1366320775833,108.751844827951,31.8475731747067));
#4573=CARTESIAN_POINT('Ctrl Pts',(24.4387833025561,107.708508171499,31.5172349936445));
#4574=CARTESIAN_POINT('Ctrl Pts',(25.7407857761287,106.665291225456,31.1869402745359));
#4575=CARTESIAN_POINT('Ctrl Pts',(27.0369166110721,105.626772884714,30.8581343139195));
#4576=CARTESIAN_POINT('Ctrl Pts',(27.7314560882039,105.070276606772,30.6819416690047));
#4577=CARTESIAN_POINT('Ctrl Pts',(28.4243095620696,104.515129508238,30.5061765297663));
#4578=CARTESIAN_POINT('Ctrl Pts',(29.1145972432478,103.962036886274,30.3310627829984));
#4579=CARTESIAN_POINT('Ctrl Pts',(29.7221823434113,103.475209661512,30.1769292148194));
#4580=CARTESIAN_POINT('Ctrl Pts',(30.3297669290505,102.988381837347,30.0227959654037));
#4581=CARTESIAN_POINT('Ctrl Pts',(30.9373511257027,102.501553569312,29.8686633595107));
#4582=CARTESIAN_POINT('Ctrl Pts',(39.959371084147,95.2726388365934,27.5799477308363));
#4583=CARTESIAN_POINT('Ctrl Pts',(48.98135283404,88.0436083900922,25.2913446092467));
#4584=CARTESIAN_POINT('Ctrl Pts',(58.0032288035526,80.8144368525427,23.0028422778721));
#4585=CARTESIAN_POINT('Ctrl Pts',(59.0787843285586,79.9526010863781,22.7300152810461));
#4586=CARTESIAN_POINT('Ctrl Pts',(60.1543383878468,79.0907632866612,22.4571896782198));
#4587=CARTESIAN_POINT('Ctrl Pts',(61.2298908974906,78.2289233874497,22.1843654183247));
#4588=CARTESIAN_POINT('Ctrl Pts',(63.1159111344793,76.7176559445469,21.705958208365));
#4589=CARTESIAN_POINT('Ctrl Pts',(65.0019265084911,75.2063821073785,21.2275552269544));
#4590=CARTESIAN_POINT('Ctrl Pts',(66.8879362987161,73.6951016799487,20.7491564685145));
#4591=CARTESIAN_POINT('Ctrl Pts',(71.7154312618742,69.8267767703167,19.5246306952551));
#4592=CARTESIAN_POINT('Ctrl Pts',(76.5428894222921,65.9584088484428,18.3001328156276));
#4593=CARTESIAN_POINT('Ctrl Pts',(81.3703131064629,62.0899948418376,17.0756655423901));
#4594=CARTESIAN_POINT('Ctrl Pts',(87.9235453021805,56.8386191862109,15.4134500662774));
#4595=CARTESIAN_POINT('Ctrl Pts',(94.4767135244838,51.5871589476712,13.7512914501499));
#4596=CARTESIAN_POINT('Ctrl Pts',(101.029821330914,46.3356065021048,12.0891985166954));
#4597=CARTESIAN_POINT('Ctrl Pts',(101.638018955207,45.8482069635066,11.9349387359411));
#4598=CARTESIAN_POINT('Ctrl Pts',(102.246216059991,45.3608066289128,11.7806795198338));
#4599=CARTESIAN_POINT('Ctrl Pts',(102.854412646062,44.8734054927449,11.6264208773356));
#4600=CARTESIAN_POINT('Ctrl Pts',(104.035484607382,43.92690919693,11.3268622122286));
#4601=CARTESIAN_POINT('Ctrl Pts',(105.216567045881,42.9804118541842,11.0273111093412));
#4602=CARTESIAN_POINT('Ctrl Pts',(106.397639265676,42.0339102579355,10.7277588007762));
#4603=CARTESIAN_POINT('Ctrl Pts',(107.184057130286,41.4036814271355,10.5283016609906));
#4604=CARTESIAN_POINT('Ctrl Pts',(107.970470465007,40.7734507104533,10.328843986483));
#4605=CARTESIAN_POINT('Ctrl Pts',(108.756884643288,40.143218690703,10.1293878288077));
#4606=CARTESIAN_POINT('Ctrl Pts',(109.151581076426,39.8269091211212,10.0292820115728));
#4607=CARTESIAN_POINT('Ctrl Pts',(109.546328433129,39.5105585831994,9.92916371560819));
#4608=CARTESIAN_POINT('Ctrl Pts',(109.941047850438,39.1942308958604,9.82905337372197));
#4609=CARTESIAN_POINT('Ctrl Pts',(110.128481845584,39.0440215075876,9.78151560255496));
#4610=CARTESIAN_POINT('Ctrl Pts',(110.315910973985,38.8938180922891,9.73398087731503));
#4611=CARTESIAN_POINT('Ctrl Pts',(110.503323464479,38.7436253494182,9.68644825704968));
#4612=CARTESIAN_POINT('',(12.9347540676199,117.402256306115,35.2718494558993));
#4613=CARTESIAN_POINT('Ctrl Pts',(12.9360649278389,117.401410656829,35.2717907547157));
#4614=CARTESIAN_POINT('Ctrl Pts',(13.0435178273936,117.238157668083,35.1163726744412));
#4615=CARTESIAN_POINT('Ctrl Pts',(13.2207651679017,116.992616901471,34.8996114540965));
#4616=CARTESIAN_POINT('Ctrl Pts',(13.4867460729075,116.668863169563,34.6467780784509));
#4617=CARTESIAN_POINT('Ctrl Pts',(13.7732317174593,116.34780489044,34.4183835585916));
#4618=CARTESIAN_POINT('Ctrl Pts',(14.1682589468395,115.954408420565,34.1801118519871));
#4619=CARTESIAN_POINT('Ctrl Pts',(14.5206860918377,115.653320315648,34.0422692322402));
#4620=CARTESIAN_POINT('Ctrl Pts',(14.7066230676822,115.506173225843,33.9869501903201));
#4621=CARTESIAN_POINT('',(12.5461337566572,118.081030625581,35.9863548832488));
#4622=CARTESIAN_POINT('Ctrl Pts',(12.5475871444772,118.077983920202,35.985713577875));
#4623=CARTESIAN_POINT('Ctrl Pts',(12.6528605882705,117.865137458982,35.7312982351414));
#4624=CARTESIAN_POINT('Ctrl Pts',(12.7853530301906,117.630386960237,35.4897779277384));
#4625=CARTESIAN_POINT('Ctrl Pts',(12.9360649278389,117.401410656829,35.2717907547157));
#4626=CARTESIAN_POINT('',(13.0108242258524,121.370627659514,42.2835484815944));
#4627=CARTESIAN_POINT('Ctrl Pts',(13.0128664098452,121.371689319862,42.2839153554626));
#4628=CARTESIAN_POINT('Ctrl Pts',(12.9897629811594,121.352983184284,42.2484056638501));
#4629=CARTESIAN_POINT('Ctrl Pts',(12.9660020207856,121.336168958348,42.1831059216647));
#4630=CARTESIAN_POINT('Ctrl Pts',(12.9074991105209,121.289913428577,42.0487793198719));
#4631=CARTESIAN_POINT('Ctrl Pts',(12.8151703321345,121.212519657574,41.8138210216518));
#4632=CARTESIAN_POINT('Ctrl Pts',(12.6900375858649,121.091456457842,41.4730534707439));
#4633=CARTESIAN_POINT('Ctrl Pts',(12.5591175727755,120.937556319715,41.0599963722807));
#4634=CARTESIAN_POINT('Ctrl Pts',(12.4067292758925,120.717898489686,40.5057028366459));
#4635=CARTESIAN_POINT('Ctrl Pts',(12.2609054533908,120.419057538118,39.8105258280838));
#4636=CARTESIAN_POINT('Ctrl Pts',(12.1581321639127,120.02687056211,38.9927950710076));
#4637=CARTESIAN_POINT('Ctrl Pts',(12.1280560384811,119.592850267326,38.183194508164));
#4638=CARTESIAN_POINT('Ctrl Pts',(12.1686083444469,119.199727425144,37.531939181166));
#4639=CARTESIAN_POINT('Ctrl Pts',(12.2337351969524,118.910554823165,37.0952292388196));
#4640=CARTESIAN_POINT('Ctrl Pts',(12.2814140546582,118.741960138802,36.8523206652642));
#4641=CARTESIAN_POINT('Ctrl Pts',(12.3158783717027,118.63479265882,36.7027582954945));
#4642=CARTESIAN_POINT('Ctrl Pts',(12.3462986218184,118.547907286684,36.5844019562756));
#4643=CARTESIAN_POINT('Ctrl Pts',(12.3786503776824,118.460325185985,36.46703209736));
#4644=CARTESIAN_POINT('Ctrl Pts',(12.4227897367473,118.349532069363,36.3222073456181));
#4645=CARTESIAN_POINT('Ctrl Pts',(12.4718846166577,118.237173917768,36.1801899649779));
#4646=CARTESIAN_POINT('Ctrl Pts',(12.5088602624284,118.157801896489,36.0823879649536));
#4647=CARTESIAN_POINT('Ctrl Pts',(12.52800330057,118.117949526325,36.0339081281427));
#4648=CARTESIAN_POINT('Ctrl Pts',(12.5377397020378,118.097981423883,36.0097750503168));
#4649=CARTESIAN_POINT('Ctrl Pts',(12.5426479948911,118.087989758281,35.9977361713932));
#4650=CARTESIAN_POINT('Ctrl Pts',(12.5454659711191,118.082274056692,35.9908637582869));
#4651=CARTESIAN_POINT('Ctrl Pts',(12.5468762444817,118.079421248961,35.987431616722));
#4652=CARTESIAN_POINT('Ctrl Pts',(12.5475871444772,118.077983920202,35.985713577875));
#4653=CARTESIAN_POINT('',(13.1147409093105,121.454111884982,42.4405828033276));
#4654=CARTESIAN_POINT('Ctrl Pts',(13.1146231142582,121.454168481764,42.4405891233378));
#4655=CARTESIAN_POINT('Ctrl Pts',(13.0797973040689,121.426457243882,42.3884269447848));
#4656=CARTESIAN_POINT('Ctrl Pts',(13.0452155361604,121.398617217237,42.3360739588374));
#4657=CARTESIAN_POINT('Ctrl Pts',(13.0107049616955,121.370688560705,42.2835540879191));
#4658=CARTESIAN_POINT('',(14.7524422445049,122.826877804399,44.5960662884589));
#4659=CARTESIAN_POINT('Ctrl Pts',(14.7523374827365,122.826928192139,44.5960709223322));
#4660=CARTESIAN_POINT('Ctrl Pts',(14.5674744587213,122.667742526587,44.3462417113305));
#4661=CARTESIAN_POINT('Ctrl Pts',(14.3813765098174,122.509124351765,44.0973506022933));
#4662=CARTESIAN_POINT('Ctrl Pts',(14.1942545194457,122.351096007396,43.8493516822254));
#4663=CARTESIAN_POINT('Ctrl Pts',(13.9878948034658,122.176821010663,43.5758563725248));
#4664=CARTESIAN_POINT('Ctrl Pts',(13.7802619369943,122.003241372054,43.3033995614444));
#4665=CARTESIAN_POINT('Ctrl Pts',(13.5716749576598,121.830428020906,43.0319605120749));
#4666=CARTESIAN_POINT('Ctrl Pts',(13.419785480453,121.704588288992,42.8343032305237));
#4667=CARTESIAN_POINT('Ctrl Pts',(13.2673905141672,121.579155526319,42.6371850871003));
#4668=CARTESIAN_POINT('Ctrl Pts',(13.1146231142582,121.454168481764,42.4405891233378));
#4669=CARTESIAN_POINT('',(20.3352524211464,127.672413324918,52.4240820955743));
#4670=CARTESIAN_POINT('Ctrl Pts',(20.3350769765273,127.672493796317,52.424092007615));
#4671=CARTESIAN_POINT('Ctrl Pts',(20.0244397692125,127.398634128825,51.9834165972353));
#4672=CARTESIAN_POINT('Ctrl Pts',(19.7128461351903,127.124878538662,51.5424310847823));
#4673=CARTESIAN_POINT('Ctrl Pts',(19.4010680919468,126.851721684146,51.102080622599));
#4674=CARTESIAN_POINT('Ctrl Pts',(19.3493998684424,126.806453809397,51.0291052268219));
#4675=CARTESIAN_POINT('Ctrl Pts',(19.297726000942,126.761202940067,50.956147469854));
#4676=CARTESIAN_POINT('Ctrl Pts',(19.2460498423921,126.715971485779,50.8832117216006));
#4677=CARTESIAN_POINT('Ctrl Pts',(19.001748684517,126.502137931488,50.5384049819205));
#4678=CARTESIAN_POINT('Ctrl Pts',(18.7571619319848,126.288533633739,50.1937458818629));
#4679=CARTESIAN_POINT('Ctrl Pts',(18.5123089482838,126.075124323981,49.8492418553358));
#4680=CARTESIAN_POINT('Ctrl Pts',(18.2027259282061,125.80529751759,49.413663757209));
#4681=CARTESIAN_POINT('Ctrl Pts',(17.8927152347963,125.535783840086,48.9783357589465));
#4682=CARTESIAN_POINT('Ctrl Pts',(17.5823146721776,125.266543498496,48.543236958887));
#4683=CARTESIAN_POINT('Ctrl Pts',(17.4858993711476,125.182913210056,48.4080884223262));
#4684=CARTESIAN_POINT('Ctrl Pts',(17.3894465388949,125.099309470877,48.2729616787425));
#4685=CARTESIAN_POINT('Ctrl Pts',(17.2929575394726,125.015731578428,48.1378552214147));
#4686=CARTESIAN_POINT('Ctrl Pts',(16.9604826851668,124.727744887908,47.672315108192));
#4687=CARTESIAN_POINT('Ctrl Pts',(16.6275772676748,124.440063782526,47.2070092268383));
#4688=CARTESIAN_POINT('Ctrl Pts',(16.2942690731168,124.152632257413,46.741959195898));
#4689=CARTESIAN_POINT('Ctrl Pts',(16.174485898474,124.049336085484,46.5748310844885));
#4690=CARTESIAN_POINT('Ctrl Pts',(16.0546508122844,123.946072377607,46.4077356051664));
#4691=CARTESIAN_POINT('Ctrl Pts',(15.9347654729249,123.842839328376,46.2406723530181));
#4692=CARTESIAN_POINT('Ctrl Pts',(15.8187034117242,123.742898497063,46.0789369356701));
#4693=CARTESIAN_POINT('Ctrl Pts',(15.7025933932635,123.642986810135,45.9172318213648));
#4694=CARTESIAN_POINT('Ctrl Pts',(15.5864393753257,123.543101969447,45.7555556954342));
#4695=CARTESIAN_POINT('Ctrl Pts',(15.3893807740742,123.373644490992,45.4812675408162));
#4696=CARTESIAN_POINT('Ctrl Pts',(15.1921912908344,123.204266469865,45.2070640170512));
#4697=CARTESIAN_POINT('Ctrl Pts',(14.9948844453891,123.034961800469,44.9329343023185));
#4698=CARTESIAN_POINT('Ctrl Pts',(14.9140556952615,122.96560442573,44.8206342847257));
#4699=CARTESIAN_POINT('Ctrl Pts',(14.8332028092902,122.896262064425,44.7083477817386));
#4700=CARTESIAN_POINT('Ctrl Pts',(14.7523374827364,122.826928192139,44.5960709223323));
#4701=CARTESIAN_POINT('',(20.5502357191268,127.863614919188,52.7183039147729));
#4702=CARTESIAN_POINT('Ctrl Pts',(20.5500579702167,127.863698579283,52.7183164787382));
#4703=CARTESIAN_POINT('Ctrl Pts',(20.478669972488,127.799783938888,52.6200685163308));
#4704=CARTESIAN_POINT('Ctrl Pts',(20.4069684102443,127.736096228766,52.5220179749124));
#4705=CARTESIAN_POINT('Ctrl Pts',(20.3350769765272,127.672493796316,52.4240920076149));
#4706=CARTESIAN_POINT('',(22.2477412178349,128.842761398911,55.6519394409264));
#4707=CARTESIAN_POINT('Ctrl Pts',(22.2428223758352,128.841361987988,55.6511707318047));
#4708=CARTESIAN_POINT('Ctrl Pts',(22.171491149328,128.813341888199,55.5335994155492));
#4709=CARTESIAN_POINT('Ctrl Pts',(21.9957576179294,128.73974631987,55.2920341043271));
#4710=CARTESIAN_POINT('Ctrl Pts',(21.6798670613219,128.594865724988,54.8088534228953));
#4711=CARTESIAN_POINT('Ctrl Pts',(21.303604098495,128.397423104863,54.197551150629));
#4712=CARTESIAN_POINT('Ctrl Pts',(20.9020573826481,128.142590979229,53.4593828861247));
#4713=CARTESIAN_POINT('Ctrl Pts',(20.6644668426371,127.960511052865,52.9658103803483));
#4714=CARTESIAN_POINT('Ctrl Pts',(20.5517515271784,127.864540623991,52.7185562302377));
#4715=CARTESIAN_POINT('',(27.49287490222,128.135839221748,59.0517334162034));
#4716=CARTESIAN_POINT('Ctrl Pts',(27.4949070989052,128.133762697638,59.0517029659704));
#4717=CARTESIAN_POINT('Ctrl Pts',(27.4614521439118,128.15705962704,59.05855730792));
#4718=CARTESIAN_POINT('Ctrl Pts',(27.4121940303552,128.190710722587,59.0713804706849));
#4719=CARTESIAN_POINT('Ctrl Pts',(27.3020980416595,128.263525296086,59.0933592999178));
#4720=CARTESIAN_POINT('Ctrl Pts',(27.1107814082358,128.383137366798,59.1220711634104));
#4721=CARTESIAN_POINT('Ctrl Pts',(26.7084335302762,128.608579403616,59.1407712968021));
#4722=CARTESIAN_POINT('Ctrl Pts',(26.1016052971467,128.870656694578,59.0500514538617));
#4723=CARTESIAN_POINT('Ctrl Pts',(25.3681955633935,129.07892964897,58.7729834900525));
#4724=CARTESIAN_POINT('Ctrl Pts',(24.6395490180039,129.187020952336,58.3423622985282));
#4725=CARTESIAN_POINT('Ctrl Pts',(23.9562483366514,129.202434674352,57.7954098441737));
#4726=CARTESIAN_POINT('Ctrl Pts',(23.3231281010092,129.142174351116,57.153801702218));
#4727=CARTESIAN_POINT('Ctrl Pts',(22.7446211658381,129.018498782207,56.4323169435317));
#4728=CARTESIAN_POINT('Ctrl Pts',(22.4031252315626,128.904331633034,55.9153890646478));
#4729=CARTESIAN_POINT('Ctrl Pts',(22.2428223758352,128.841361987988,55.6511707318047));
#4730=CARTESIAN_POINT('',(28.2563444583542,127.569575894213,58.8617643453912));
#4731=CARTESIAN_POINT('Ctrl Pts',(28.2565479574637,127.569653463752,58.8618696228133));
#4732=CARTESIAN_POINT('Ctrl Pts',(28.0683976398887,127.718292977609,58.9176563961361));
#4733=CARTESIAN_POINT('Ctrl Pts',(27.8752593430041,127.863584689753,58.967818105444));
#4734=CARTESIAN_POINT('Ctrl Pts',(27.678134171972,128.005069826477,59.0121635424759));
#4735=CARTESIAN_POINT('Ctrl Pts',(27.6168322495916,128.049068828857,59.0259540722424));
#4736=CARTESIAN_POINT('Ctrl Pts',(27.5551450599378,128.092699839139,59.0391823179951));
#4737=CARTESIAN_POINT('Ctrl Pts',(27.4931034782239,128.135949459226,59.0518430710012));
#4738=CARTESIAN_POINT('',(28.3236022653686,127.516092468303,58.8405766982381));
#4739=CARTESIAN_POINT('Ctrl Pts',(28.3238067715355,127.516171481691,58.8406818700956));
#4740=CARTESIAN_POINT('Ctrl Pts',(28.3014799376656,127.53405246931,58.8478565542248));
#4741=CARTESIAN_POINT('Ctrl Pts',(28.2790551615876,127.551874980277,58.8549194307762));
#4742=CARTESIAN_POINT('Ctrl Pts',(28.2565479574637,127.569653463752,58.8618696228134));
#4743=CARTESIAN_POINT('',(126.367826547006,48.9129349219793,33.7891346177293));
#4744=CARTESIAN_POINT('Ctrl Pts',(126.367881411565,48.9129799781704,33.7891884508638));
#4745=CARTESIAN_POINT('Ctrl Pts',(126.149218816613,49.088353127536,33.845179509558));
#4746=CARTESIAN_POINT('Ctrl Pts',(125.93077637264,49.263567457366,33.9011271554876));
#4747=CARTESIAN_POINT('Ctrl Pts',(125.712929760299,49.4382896133789,33.9569155990372));
#4748=CARTESIAN_POINT('Ctrl Pts',(125.562993387585,49.5585448976992,33.9953128767148));
#4749=CARTESIAN_POINT('Ctrl Pts',(125.413346361333,49.6785682336273,34.0336357303123));
#4750=CARTESIAN_POINT('Ctrl Pts',(125.264121734852,49.7982528751977,34.0718500931312));
#4751=CARTESIAN_POINT('Ctrl Pts',(123.155988631589,51.489067325855,34.611713821919));
#4752=CARTESIAN_POINT('Ctrl Pts',(121.047889469449,53.1798720238905,35.1515037596989));
#4753=CARTESIAN_POINT('Ctrl Pts',(118.939741287215,54.8706525802873,35.6912098468798));
#4754=CARTESIAN_POINT('Ctrl Pts',(118.522296910222,55.2054520227292,35.7980795978875));
#4755=CARTESIAN_POINT('Ctrl Pts',(118.104850626716,55.5402505163854,35.9049460488464));
#4756=CARTESIAN_POINT('Ctrl Pts',(117.687401810748,55.8750479498665,36.0118091064759));
#4757=CARTESIAN_POINT('Ctrl Pts',(116.350838482953,56.9469828906638,36.3539570260774));
#4758=CARTESIAN_POINT('Ctrl Pts',(115.014249229866,58.0189069606123,36.6960701356566));
#4759=CARTESIAN_POINT('Ctrl Pts',(113.677645879958,59.0908208660456,37.0381506630332));
#4760=CARTESIAN_POINT('Ctrl Pts',(112.651049176587,59.9141191779134,37.3008903469616));
#4761=CARTESIAN_POINT('Ctrl Pts',(111.624444144497,60.7374115051767,37.5636108199587));
#4762=CARTESIAN_POINT('Ctrl Pts',(110.597831068767,61.56069945985,37.8263106270547));
#4763=CARTESIAN_POINT('Ctrl Pts',(110.288501296272,61.8087651447098,37.9054649584037));
#4764=CARTESIAN_POINT('Ctrl Pts',(109.979170812232,62.0568304166744,37.9846174007128));
#4765=CARTESIAN_POINT('Ctrl Pts',(109.669839619393,62.3048953208924,38.0637679171627));
#4766=CARTESIAN_POINT('Ctrl Pts',(103.412559242232,67.3228556603605,39.6648575741052));
#4767=CARTESIAN_POINT('Ctrl Pts',(97.1548988712903,72.3405864254428,41.2652359669261));
#4768=CARTESIAN_POINT('Ctrl Pts',(90.8969149481233,77.358140061121,42.8649962900902));
#4769=CARTESIAN_POINT('Ctrl Pts',(86.4921363801726,80.8898226268368,43.9910122837147));
#4770=CARTESIAN_POINT('Ctrl Pts',(82.0871978969309,84.4214168028845,45.1167215604772));
#4771=CARTESIAN_POINT('Ctrl Pts',(77.6821267128137,87.952930736498,46.2421473465482));
#4772=CARTESIAN_POINT('Ctrl Pts',(76.0624477504909,89.2514157289874,46.6559496196935));
#4773=CARTESIAN_POINT('Ctrl Pts',(74.442750566501,90.5498900650165,47.0697137190736));
#4774=CARTESIAN_POINT('Ctrl Pts',(72.8230358715045,91.8483545528741,47.483441150654));
#4775=CARTESIAN_POINT('Ctrl Pts',(67.5831151663692,96.0490023433931,48.8218860889618));
#4776=CARTESIAN_POINT('Ctrl Pts',(62.3430099746966,100.249548130349,50.1599487549178));
#4777=CARTESIAN_POINT('Ctrl Pts',(57.1027417802505,104.449995405666,51.4976708567141));
#4778=CARTESIAN_POINT('Ctrl Pts',(51.0653379389154,109.289403537906,53.0388836832987));
#4779=CARTESIAN_POINT('Ctrl Pts',(45.0277169659727,114.128681575348,54.5796451645401));
#4780=CARTESIAN_POINT('Ctrl Pts',(38.9899020421697,118.967839685767,56.120015065329));
#4781=CARTESIAN_POINT('Ctrl Pts',(38.3457717876971,119.484094023543,56.2843458486834));
#4782=CARTESIAN_POINT('Ctrl Pts',(37.701639353281,120.00034697173,56.448672142989));
#4783=CARTESIAN_POINT('Ctrl Pts',(37.057504787069,120.516598524706,56.612993997304));
#4784=CARTESIAN_POINT('Ctrl Pts',(36.7426571054981,120.768938040528,56.6933131690677));
#4785=CARTESIAN_POINT('Ctrl Pts',(36.4278089071074,121.02127722897,56.7736312859188));
#4786=CARTESIAN_POINT('Ctrl Pts',(36.1129601941363,121.273616092037,56.8539483561635));
#4787=CARTESIAN_POINT('Ctrl Pts',(34.9099928184112,122.237747140984,57.1608221378804));
#4788=CARTESIAN_POINT('Ctrl Pts',(33.7070062556206,123.201874635298,57.4676727738635));
#4789=CARTESIAN_POINT('Ctrl Pts',(32.5040209424681,124.165998610229,57.7745133336925));
#4790=CARTESIAN_POINT('Ctrl Pts',(31.3014138124799,125.129819492968,58.0812574318834));
#4791=CARTESIAN_POINT('Ctrl Pts',(30.098807901365,126.093636920205,58.3879914333791));
#4792=CARTESIAN_POINT('Ctrl Pts',(28.8961870217758,127.057452237185,58.6947054159028));
#4793=CARTESIAN_POINT('Ctrl Pts',(28.752991570515,127.172213232599,58.7312256924762));
#4794=CARTESIAN_POINT('Ctrl Pts',(28.6097948451043,127.286972633291,58.7677455249298));
#4795=CARTESIAN_POINT('Ctrl Pts',(28.4665989096109,127.401733440925,58.8042651712602));
#4796=CARTESIAN_POINT('Ctrl Pts',(28.41903557632,127.439851886979,58.8163953766609));
#4797=CARTESIAN_POINT('Ctrl Pts',(28.3714344490586,127.47800084695,58.8285352224705));
#4798=CARTESIAN_POINT('Ctrl Pts',(28.3238067715355,127.516171481691,58.8406818700956));
#4799=CARTESIAN_POINT('',(128.357497573734,46.9422884773054,33.0142187183851));
#4800=CARTESIAN_POINT('Ctrl Pts',(128.359157364306,46.9408981260869,33.0135745001246));
#4801=CARTESIAN_POINT('Ctrl Pts',(128.285087023249,47.0326277086186,33.0599284942571));
#4802=CARTESIAN_POINT('Ctrl Pts',(128.142273958151,47.2042635657699,33.1448505011116));
#4803=CARTESIAN_POINT('Ctrl Pts',(127.839199563468,47.548466858715,33.305360411632));
#4804=CARTESIAN_POINT('Ctrl Pts',(127.438541838429,47.9669680018358,33.4825382655469));
#4805=CARTESIAN_POINT('Ctrl Pts',(126.920340740287,48.4538139780988,33.6590758805559));
#4806=CARTESIAN_POINT('Ctrl Pts',(126.55458541091,48.7632876907645,33.750518504699));
#4807=CARTESIAN_POINT('Ctrl Pts',(126.366322977286,48.9145991577886,33.7900447675737));
#4808=CARTESIAN_POINT('',(128.967145353319,46.1350341493897,32.5884863119085));
#4809=CARTESIAN_POINT('Ctrl Pts',(128.967212879371,46.1350712704279,32.5885252027134));
#4810=CARTESIAN_POINT('Ctrl Pts',(128.953137988498,46.1550313604422,32.5994705479824));
#4811=CARTESIAN_POINT('Ctrl Pts',(128.939007497942,46.1749690966585,32.6103740153959));
#4812=CARTESIAN_POINT('Ctrl Pts',(128.924821723268,46.1948839498567,32.6212352358068));
#4813=CARTESIAN_POINT('Ctrl Pts',(128.83171001914,46.3255998227201,32.6925254377599));
#4814=CARTESIAN_POINT('Ctrl Pts',(128.736174387598,46.4553890520135,32.7620258879521));
#4815=CARTESIAN_POINT('Ctrl Pts',(128.638278549451,46.5841244726422,32.829643971439));
#4816=CARTESIAN_POINT('Ctrl Pts',(128.566459791553,46.678567895182,32.8792502351922));
#4817=CARTESIAN_POINT('Ctrl Pts',(128.493370025541,46.7724451434899,32.9278436235557));
#4818=CARTESIAN_POINT('Ctrl Pts',(128.419022226917,46.8657188469057,32.975388288954));
#4819=CARTESIAN_POINT('Ctrl Pts',(128.398632872238,46.8912984962881,32.9884270750894));
#4820=CARTESIAN_POINT('Ctrl Pts',(128.378147034181,46.9168350885677,33.0013882772264));
#4821=CARTESIAN_POINT('Ctrl Pts',(128.357565400195,46.9423272157104,33.0142708378062));
#4822=CARTESIAN_POINT('',(127.562146662561,42.8778018255809,26.5974804481699));
#4823=CARTESIAN_POINT('Ctrl Pts',(127.5600687377,42.8753943274128,26.5972786616965));
#4824=CARTESIAN_POINT('Ctrl Pts',(127.612632427874,42.9005630716898,26.6715452671753));
#4825=CARTESIAN_POINT('Ctrl Pts',(127.697620029264,42.9202039077376,26.8164379580671));
#4826=CARTESIAN_POINT('Ctrl Pts',(127.874440790617,42.982377647663,27.1082887379523));
#4827=CARTESIAN_POINT('Ctrl Pts',(128.167325616089,43.0953153340618,27.6180649455899));
#4828=CARTESIAN_POINT('Ctrl Pts',(128.550776423517,43.299166159207,28.3396894792743));
#4829=CARTESIAN_POINT('Ctrl Pts',(128.94300194173,43.6112157359709,29.2027054574158));
#4830=CARTESIAN_POINT('Ctrl Pts',(129.242167002623,43.9948286272145,30.0407533870347));
#4831=CARTESIAN_POINT('Ctrl Pts',(129.423989887579,44.4456570321796,30.8316999844576));
#4832=CARTESIAN_POINT('Ctrl Pts',(129.460772841087,44.9697896703309,31.5600520815292));
#4833=CARTESIAN_POINT('Ctrl Pts',(129.322885712391,45.5380004220174,32.1652307914994));
#4834=CARTESIAN_POINT('Ctrl Pts',(129.1042841297,45.93983106127,32.4704397397837));
#4835=CARTESIAN_POINT('Ctrl Pts',(128.96463442487,46.1395758779202,32.5902536986084));
#4836=CARTESIAN_POINT('',(127.291277858635,42.7503717113739,26.2219760646866));
#4837=CARTESIAN_POINT('Ctrl Pts',(127.291342034136,42.7503448405695,26.221969251928));
#4838=CARTESIAN_POINT('Ctrl Pts',(127.3828549942,42.7919089586948,26.3473649852016));
#4839=CARTESIAN_POINT('Ctrl Pts',(127.473025299609,42.8344079751409,26.4725882610934));
#4840=CARTESIAN_POINT('Ctrl Pts',(127.562219994463,42.8777648864781,26.5974733215933));
#4841=CARTESIAN_POINT('',(125.44503630499,41.4630139311958,24.0279453401691));
#4842=CARTESIAN_POINT('Ctrl Pts',(125.444361366777,41.4626693680799,24.0281345337609));
#4843=CARTESIAN_POINT('Ctrl Pts',(125.588551269966,41.5653423311452,24.2096414046789));
#4844=CARTESIAN_POINT('Ctrl Pts',(125.892497946592,41.7908847882753,24.5759411460152));
#4845=CARTESIAN_POINT('Ctrl Pts',(126.501084769042,42.2207691318185,25.3070223029426));
#4846=CARTESIAN_POINT('Ctrl Pts',(126.969935622006,42.5385821921159,25.8550923883062));
#4847=CARTESIAN_POINT('Ctrl Pts',(127.285504122828,42.7423090790216,26.2210802743884));
#4848=CARTESIAN_POINT('Ctrl Pts',(119.771059721363,37.2980950667187,16.759940944732));
#4849=CARTESIAN_POINT('Ctrl Pts',(119.981124430923,37.4564144264577,17.032579252597));
#4850=CARTESIAN_POINT('Ctrl Pts',(120.428384523,37.7926775249928,17.6125065568945));
#4851=CARTESIAN_POINT('Ctrl Pts',(121.114508669774,38.3056580991635,18.4998629996545));
#4852=CARTESIAN_POINT('Ctrl Pts',(121.829617286419,38.8369343289862,19.4218578132111));
#4853=CARTESIAN_POINT('Ctrl Pts',(122.547000769172,39.3662986498225,20.3437877443186));
#4854=CARTESIAN_POINT('Ctrl Pts',(123.26688702568,39.8936872360429,21.2655005294039));
#4855=CARTESIAN_POINT('Ctrl Pts',(123.989469011614,40.4189490169837,22.1868457519205));
#4856=CARTESIAN_POINT('Ctrl Pts',(124.714980708776,40.9420887209939,23.1077756494017));
#4857=CARTESIAN_POINT('Ctrl Pts',(125.200662267774,41.2891391274911,23.7213650587346));
#4858=CARTESIAN_POINT('Ctrl Pts',(125.444361366777,41.4626693680799,24.0281345337609));
#4859=CARTESIAN_POINT('Ctrl Pts',(128.883375595021,32.4616975852674,11.3994275355102));
#4860=CARTESIAN_POINT('Ctrl Pts',(129.43453539321,28.4287792838156,26.047300160296));
#4861=CARTESIAN_POINT('Ctrl Pts',(129.606322236726,24.2621767547636,40.4773315373341));
#4862=CARTESIAN_POINT('Ctrl Pts',(129.202348378233,15.8935849254549,68.1350262267825));
#4863=CARTESIAN_POINT('Ctrl Pts',(128.12072984932,11.3875900885563,81.1715528346284));
#4864=CARTESIAN_POINT('Ctrl Pts',(127.670288987613,5.93855638708865,99.2954120028848));
#4865=CARTESIAN_POINT('Ctrl Pts',(127.520797007931,3.9346069190581,103.607636414997));
#4866=CARTESIAN_POINT('Ctrl Pts',(127.492190549896,1.29131026886916,120.707737522002));
#4867=CARTESIAN_POINT('Ctrl Pts',(128.008647183645,2.81868053766761,138.517504841531));
#4868=CARTESIAN_POINT('Ctrl Pts',(129.13196149185,8.66680547002214,162.365511215181));
#4869=CARTESIAN_POINT('Ctrl Pts',(129.897798275975,14.0066712929023,172.274144247513));
#4870=CARTESIAN_POINT('Ctrl Pts',(130.76765726554,20.112756141585,181.576482070364));
#4871=CARTESIAN_POINT('Ctrl Pts',(129.089839741212,32.6322209922304,11.6747236474576));
#4872=CARTESIAN_POINT('Ctrl Pts',(129.653852251283,28.6527343913718,26.2000635067672));
#4873=CARTESIAN_POINT('Ctrl Pts',(129.832299553509,24.5192476955525,40.5488982578838));
#4874=CARTESIAN_POINT('Ctrl Pts',(129.429238710372,16.1755636990627,68.1290220687937));
#4875=CARTESIAN_POINT('Ctrl Pts',(128.321432136969,11.6609525721418,81.2074160052145));
#4876=CARTESIAN_POINT('Ctrl Pts',(127.885263889969,6.18225852636983,99.3226731637134));
#4877=CARTESIAN_POINT('Ctrl Pts',(127.746530930476,4.16484496709222,103.634512808451));
#4878=CARTESIAN_POINT('Ctrl Pts',(127.727824844299,1.49400550346624,120.714155873373));
#4879=CARTESIAN_POINT('Ctrl Pts',(128.227256201577,3.01593215483829,138.471996755589));
#4880=CARTESIAN_POINT('Ctrl Pts',(129.33543041672,8.83980606410505,162.276814687991));
#4881=CARTESIAN_POINT('Ctrl Pts',(130.091073649495,14.1652126995365,172.17076344642));
#4882=CARTESIAN_POINT('Ctrl Pts',(130.950410304131,20.2578693855644,181.461841396151));
#4883=CARTESIAN_POINT('Ctrl Pts',(129.29630405781,32.8027443932909,11.9500198435312));
#4884=CARTESIAN_POINT('Ctrl Pts',(129.873169248669,28.8766895072741,26.3528269454607));
#4885=CARTESIAN_POINT('Ctrl Pts',(130.058278745234,24.7763172092305,40.6204648220409));
#4886=CARTESIAN_POINT('Ctrl Pts',(129.656132277724,16.4575399460214,68.1230176055822));
#4887=CARTESIAN_POINT('Ctrl Pts',(128.52991616735,11.9265346909279,81.2404963087347));
#4888=CARTESIAN_POINT('Ctrl Pts',(128.097401774543,6.42879915652959,99.3509512735379));
#4889=CARTESIAN_POINT('Ctrl Pts',(127.963078616834,4.40420259573507,103.664771783269));
#4890=CARTESIAN_POINT('Ctrl Pts',(127.946485293912,1.71382339265373,120.726446892456));
#4891=CARTESIAN_POINT('Ctrl Pts',(128.437105656305,3.22316944270301,138.428130621232));
#4892=CARTESIAN_POINT('Ctrl Pts',(129.532190323675,9.02105587065105,162.188252019056));
#4893=CARTESIAN_POINT('Ctrl Pts',(130.278373980622,14.3310014508732,172.067122783764));
#4894=CARTESIAN_POINT('Ctrl Pts',(131.127816881649,20.409261371581,181.346677766841));
#4895=CARTESIAN_POINT('Ctrl Pts',(129.864320700768,33.2718819134915,12.7074042221068));
#4896=CARTESIAN_POINT('Ctrl Pts',(130.476545800622,29.4928262889599,26.7731038220422));
#4897=CARTESIAN_POINT('Ctrl Pts',(130.679979621403,25.4835606926099,40.8173562865888));
#4898=CARTESIAN_POINT('Ctrl Pts',(130.280345163623,17.2333088113766,68.1064988205761));
#4899=CARTESIAN_POINT('Ctrl Pts',(129.12710636868,12.6382443519973,81.32411182471));
#4900=CARTESIAN_POINT('Ctrl Pts',(128.672363614831,7.11402430632984,99.4314554024032));
#4901=CARTESIAN_POINT('Ctrl Pts',(128.530856337306,5.08493712154644,103.756978950502));
#4902=CARTESIAN_POINT('Ctrl Pts',(128.496459453469,2.36047206545145,120.775948205238));
#4903=CARTESIAN_POINT('Ctrl Pts',(128.988025941829,3.8184964500586,138.312406598935));
#4904=CARTESIAN_POINT('Ctrl Pts',(130.053514338649,9.54098586383761,161.945752288743));
#4905=CARTESIAN_POINT('Ctrl Pts',(130.775968115708,14.8059334781799,171.782019980881));
#4906=CARTESIAN_POINT('Ctrl Pts',(131.600167484398,20.8421473968156,181.029066377465));
#4907=CARTESIAN_POINT('Ctrl Pts',(130.225873203758,33.5704960265174,13.1894924918107));
#4908=CARTESIAN_POINT('Ctrl Pts',(130.860605397318,29.8850080102645,27.0406173821535));
#4909=CARTESIAN_POINT('Ctrl Pts',(131.0757055885,25.9337313803189,40.9426810780992));
#4910=CARTESIAN_POINT('Ctrl Pts',(130.677672202435,17.7270954309471,68.0959842609709));
#4911=CARTESIAN_POINT('Ctrl Pts',(129.507235272491,13.0912546236998,81.3773348259677));
#4912=CARTESIAN_POINT('Ctrl Pts',(129.038348130806,7.55017316619968,99.4826972988261));
#4913=CARTESIAN_POINT('Ctrl Pts',(128.893511217903,5.51697542714588,103.815515014542));
#4914=CARTESIAN_POINT('Ctrl Pts',(128.843857492798,2.7747687801905,120.807790136272));
#4915=CARTESIAN_POINT('Ctrl Pts',(129.317307653744,4.21905281572486,138.241762054207));
#4916=CARTESIAN_POINT('Ctrl Pts',(130.356597182953,9.90084649637866,161.794702340516));
#4917=CARTESIAN_POINT('Ctrl Pts',(131.066566474993,15.1343559406358,171.602581545142));
#4918=CARTESIAN_POINT('Ctrl Pts',(131.878526870221,21.1397796229405,180.827519043339));
#4919=CARTESIAN_POINT('Ctrl Pts',(131.661054657045,34.7558432883568,15.1031398171217));
#4920=CARTESIAN_POINT('Ctrl Pts',(132.385129136731,31.4417712187509,28.1025113066936));
#4921=CARTESIAN_POINT('Ctrl Pts',(132.646530153835,27.7206881167513,41.4401567904231));
#4922=CARTESIAN_POINT('Ctrl Pts',(132.254845082766,19.6871910441597,68.0542458705682));
#4923=CARTESIAN_POINT('Ctrl Pts',(131.01613050642,14.8894960001038,81.5886010059934));
#4924=CARTESIAN_POINT('Ctrl Pts',(130.491085088548,9.2814933223549,99.6861003211044));
#4925=CARTESIAN_POINT('Ctrl Pts',(130.338579653649,7.22777485864904,104.047029421909));
#4926=CARTESIAN_POINT('Ctrl Pts',(130.210781920208,4.42846639019323,120.936011611856));
#4927=CARTESIAN_POINT('Ctrl Pts',(130.528287015485,5.88160235802076,137.977186573686));
#4928=CARTESIAN_POINT('Ctrl Pts',(131.431125526579,11.4269507881272,161.213612716345));
#4929=CARTESIAN_POINT('Ctrl Pts',(132.103922974667,16.5270825018185,170.903506279812));
#4930=CARTESIAN_POINT('Ctrl Pts',(132.88516920337,22.3975192708121,180.034577665952));
#4931=CARTESIAN_POINT('Ctrl Pts',(132.734687286357,35.6425763098641,16.5347006891059));
#4932=CARTESIAN_POINT('Ctrl Pts',(133.525596204649,32.606352924064,28.8968936837774));
#4933=CARTESIAN_POINT('Ctrl Pts',(133.821637825992,29.0574700514475,41.8123073592126));
#4934=CARTESIAN_POINT('Ctrl Pts',(133.434704351722,21.1534933638861,68.0230205100422));
#4935=CARTESIAN_POINT('Ctrl Pts',(132.144916509676,16.2347178390159,81.746641630436));
#4936=CARTESIAN_POINT('Ctrl Pts',(131.577863069022,10.5766518740513,99.8382577569625));
#4937=CARTESIAN_POINT('Ctrl Pts',(131.419620887894,8.50758246332944,104.220216267577));
#4938=CARTESIAN_POINT('Ctrl Pts',(131.233370491444,5.66555466360883,121.031925961452));
#4939=CARTESIAN_POINT('Ctrl Pts',(131.443406613324,7.11773526029601,137.780690312011));
#4940=CARTESIAN_POINT('Ctrl Pts',(132.227697951256,12.5746061044985,160.777755856294));
#4941=CARTESIAN_POINT('Ctrl Pts',(132.848232286192,17.5952619779305,170.375465511413));
#4942=CARTESIAN_POINT('Ctrl Pts',(133.582017819929,23.384975491922,179.432442240004));
#4943=CARTESIAN_POINT('Ctrl Pts',(133.882500047522,36.5905797302416,18.0651754755481));
#4944=CARTESIAN_POINT('Ctrl Pts',(134.744862562148,33.8514029171834,29.7461628042406));
#4945=CARTESIAN_POINT('Ctrl Pts',(135.077939209809,30.4866180056631,42.2101729358942));
#4946=CARTESIAN_POINT('Ctrl Pts',(134.696087522674,22.7211092106516,67.9896398471303));
#4947=CARTESIAN_POINT('Ctrl Pts',(133.351700306117,17.6728828734525,81.9156065421996));
#4948=CARTESIAN_POINT('Ctrl Pts',(132.739738824689,11.9612916149501,100.000934143727));
#4949=CARTESIAN_POINT('Ctrl Pts',(132.575364535809,9.87580982822402,104.405375270858));
#4950=CARTESIAN_POINT('Ctrl Pts',(132.326624374432,6.98810855854981,121.134474745927));
#4951=CARTESIAN_POINT('Ctrl Pts',(132.432985171782,8.43308336558863,137.570294801955));
#4952=CARTESIAN_POINT('Ctrl Pts',(133.070384858906,13.8064603819919,160.312064066384));
#4953=CARTESIAN_POINT('Ctrl Pts',(133.605051377274,18.7586346173868,169.812135996998));
#4954=CARTESIAN_POINT('Ctrl Pts',(134.258114404127,24.478549192348,178.790798875963));
#4955=CARTESIAN_POINT('Ctrl Pts',(133.956684032317,36.6518499960056,18.1640912924672));
#4956=CARTESIAN_POINT('Ctrl Pts',(134.823662907575,33.9318723536559,29.8010521783861));
#4957=CARTESIAN_POINT('Ctrl Pts',(135.159133015909,30.5789861582904,42.2358877028077));
#4958=CARTESIAN_POINT('Ctrl Pts',(134.77760848378,22.8224271561639,67.9874830031335));
#4959=CARTESIAN_POINT('Ctrl Pts',(133.429692502559,17.7658343237018,81.9265272695924));
#4960=CARTESIAN_POINT('Ctrl Pts',(132.814827202004,12.050783999005,100.011448562841));
#4961=CARTESIAN_POINT('Ctrl Pts',(132.650055868894,9.96424158745038,104.417342856917));
#4962=CARTESIAN_POINT('Ctrl Pts',(132.397276116241,7.07358867600142,121.141103183894));
#4963=CARTESIAN_POINT('Ctrl Pts',(132.496935450868,8.51809926201579,137.556696917663));
#4964=CARTESIAN_POINT('Ctrl Pts',(133.124843863637,13.8860786802544,160.281966125202));
#4965=CARTESIAN_POINT('Ctrl Pts',(133.653966649681,18.8338229016054,169.775727928756));
#4966=CARTESIAN_POINT('Ctrl Pts',(134.301819225861,24.5492221129682,178.749329474076));
#4967=CARTESIAN_POINT('Ctrl Pts',(134.270419526161,36.9109711206737,18.5824212556496));
#4968=CARTESIAN_POINT('Ctrl Pts',(135.156936090189,34.2721830461744,30.0331839656354));
#4969=CARTESIAN_POINT('Ctrl Pts',(135.502526576099,30.9696178066095,42.3446362322134));
#4970=CARTESIAN_POINT('Ctrl Pts',(135.122393675184,23.2509062683834,67.9783568824232));
#4971=CARTESIAN_POINT('Ctrl Pts',(133.759549104056,18.1589328472722,81.9727101000258));
#4972=CARTESIAN_POINT('Ctrl Pts',(133.132412272231,12.429252108696,100.055911914175));
#4973=CARTESIAN_POINT('Ctrl Pts',(132.965967559326,10.3382232147362,104.467950972857));
#4974=CARTESIAN_POINT('Ctrl Pts',(132.696107846184,7.43508650938937,121.169130973479));
#4975=CARTESIAN_POINT('Ctrl Pts',(132.767414898521,8.87763210214802,137.499188176536));
#4976=CARTESIAN_POINT('Ctrl Pts',(133.355170926928,14.2227890417464,160.154677471154));
#4977=CARTESIAN_POINT('Ctrl Pts',(133.860864905928,19.1517908070218,169.621751337012));
#4978=CARTESIAN_POINT('Ctrl Pts',(134.486677279995,24.8480971105578,178.573947375839));
#4979=CARTESIAN_POINT('Ctrl Pts',(134.509971124963,37.1088219802842,18.9018354499447));
#4980=CARTESIAN_POINT('Ctrl Pts',(135.411384449606,34.5320355602768,30.2104328235744));
#4981=CARTESIAN_POINT('Ctrl Pts',(135.764706774606,31.267892272643,42.42767531949));
#4982=CARTESIAN_POINT('Ctrl Pts',(135.385626069699,23.5780818934324,67.9713952753942));
#4983=CARTESIAN_POINT('Ctrl Pts',(134.022954109552,18.4498127469652,82.0043588432355));
#4984=CARTESIAN_POINT('Ctrl Pts',(133.370643755167,12.7216320638954,100.091190693038));
#4985=CARTESIAN_POINT('Ctrl Pts',(133.192919896497,10.6351962981996,104.511049776705));
#4986=CARTESIAN_POINT('Ctrl Pts',(132.90018099932,7.73041759162836,121.198066075146));
#4987=CARTESIAN_POINT('Ctrl Pts',(132.970386155739,9.15499639231636,137.456386542251));
#4988=CARTESIAN_POINT('Ctrl Pts',(133.533856724699,14.4776223915964,160.056603463842));
#4989=CARTESIAN_POINT('Ctrl Pts',(134.021680505833,19.3923063162249,169.503307034643));
#4990=CARTESIAN_POINT('Ctrl Pts',(134.6299742173,25.0745941808126,178.439382438998));
#4991=CARTESIAN_POINT('Ctrl Pts',(134.841063978741,37.382278912637,19.3433094217859));
#4992=CARTESIAN_POINT('Ctrl Pts',(135.763107545987,34.8911685240383,30.4554042206406));
#4993=CARTESIAN_POINT('Ctrl Pts',(136.12710826577,31.6801301200298,42.5424375901175));
#4994=CARTESIAN_POINT('Ctrl Pts',(135.749502241752,24.0302593744495,67.9617602321914));
#4995=CARTESIAN_POINT('Ctrl Pts',(134.404606982498,18.8410659700466,82.0433540360702));
#4996=CARTESIAN_POINT('Ctrl Pts',(133.693549601955,13.1296621305182,100.141673071719));
#4997=CARTESIAN_POINT('Ctrl Pts',(133.48507853215,11.0588792620117,104.576434600619));
#4998=CARTESIAN_POINT('Ctrl Pts',(133.145792734481,8.16098955514872,121.24790540914));
#4999=CARTESIAN_POINT('Ctrl Pts',(133.24557419979,9.54163664507194,137.398675004577));
#5000=CARTESIAN_POINT('Ctrl Pts',(133.785103166155,14.8272090409228,159.9198974364));
#5001=CARTESIAN_POINT('Ctrl Pts',(134.248259642003,19.7220919385623,169.338453908907));
#5002=CARTESIAN_POINT('Ctrl Pts',(134.831275599663,25.3856583704215,178.252542289303));
#5003=CARTESIAN_POINT('Ctrl Pts',(134.932605294727,37.4578850067697,19.4653692523854));
#5004=CARTESIAN_POINT('Ctrl Pts',(135.860313334865,34.9904805693467,30.5231447773315));
#5005=CARTESIAN_POINT('Ctrl Pts',(136.227273892316,31.7941243797816,42.5741762736158));
#5006=CARTESIAN_POINT('Ctrl Pts',(135.850054983403,24.1553021506408,67.9591094879369));
#5007=CARTESIAN_POINT('Ctrl Pts',(134.511918067419,18.9481377414183,82.053651355842));
#5008=CARTESIAN_POINT('Ctrl Pts',(133.782098548753,13.2429026690298,100.155823123977));
#5009=CARTESIAN_POINT('Ctrl Pts',(133.563620890798,11.1773483473726,104.595119763103));
#5010=CARTESIAN_POINT('Ctrl Pts',(133.209621259641,8.282528738284,121.262755406929));
#5011=CARTESIAN_POINT('Ctrl Pts',(133.319459264269,9.65011021302156,137.38312007171));
#5012=CARTESIAN_POINT('Ctrl Pts',(133.852997580922,14.9251214517614,159.882286780465));
#5013=CARTESIAN_POINT('Ctrl Pts',(134.309707097425,19.8142430586761,169.293005541145));
#5014=CARTESIAN_POINT('Ctrl Pts',(134.886093445981,25.4723470469688,178.20097381615));
#5015=CARTESIAN_POINT('Ctrl Pts',(135.555540976169,37.972380862004,20.2959813032556));
#5016=CARTESIAN_POINT('Ctrl Pts',(136.522194878242,35.6661126222613,30.9840126898094));
#5017=CARTESIAN_POINT('Ctrl Pts',(136.909223549663,32.5696713190296,42.7900658838744));
#5018=CARTESIAN_POINT('Ctrl Pts',(136.534862152465,25.0059667083016,67.9409337276638));
#5019=CARTESIAN_POINT('Ctrl Pts',(135.255760150306,19.6693029166486,82.1202509469421));
#5020=CARTESIAN_POINT('Ctrl Pts',(134.38049955256,14.0159570843569,100.253213771417));
#5021=CARTESIAN_POINT('Ctrl Pts',(134.083314285187,11.9918140556642,104.726165458438));
#5022=CARTESIAN_POINT('Ctrl Pts',(133.616059947476,9.12547346545589,121.370881030426));
#5023=CARTESIAN_POINT('Ctrl Pts',(133.807223206208,10.3983141122935,137.280025042226));
#5024=CARTESIAN_POINT('Ctrl Pts',(134.304120494601,15.5995275042253,159.627753150513));
#5025=CARTESIAN_POINT('Ctrl Pts',(134.719656027972,20.4475968407608,168.98472016435));
#5026=CARTESIAN_POINT('Ctrl Pts',(135.25331448045,26.0667179669102,177.850749690239));
#5027=CARTESIAN_POINT('Ctrl Pts',(136.086934094157,38.4112717611325,21.0045339759617));
#5028=CARTESIAN_POINT('Ctrl Pts',(137.102845004215,36.2294297632755,31.3721138629722));
#5029=CARTESIAN_POINT('Ctrl Pts',(137.507004933591,33.2182513839924,42.9691898911543));
#5030=CARTESIAN_POINT('Ctrl Pts',(137.102548379707,25.7445474176738,67.9305297949134));
#5031=CARTESIAN_POINT('Ctrl Pts',(135.809571012364,20.3652449997844,82.2059562331419));
#5032=CARTESIAN_POINT('Ctrl Pts',(134.794426767634,14.7463722222479,100.365026381421));
#5033=CARTESIAN_POINT('Ctrl Pts',(134.428779509262,12.7447025534997,104.864350982819));
#5034=CARTESIAN_POINT('Ctrl Pts',(133.866395391748,9.88656579730175,121.484366627425));
#5035=CARTESIAN_POINT('Ctrl Pts',(134.14730080798,11.0867697143982,137.206012634284));
#5036=CARTESIAN_POINT('Ctrl Pts',(134.634625502274,16.2154307546857,159.417686179741));
#5037=CARTESIAN_POINT('Ctrl Pts',(135.028115099117,21.0192710545244,168.726770096938));
#5038=CARTESIAN_POINT('Ctrl Pts',(135.537590417237,26.5959424314527,177.555482765732));
#5039=CARTESIAN_POINT('Ctrl Pts',(137.431212118992,39.5215306055106,22.7969630732252));
#5040=CARTESIAN_POINT('Ctrl Pts',(138.623823487249,37.6329499457934,32.3421642773591));
#5041=CARTESIAN_POINT('Ctrl Pts',(139.071511989694,34.837267723545,43.4105326923268));
#5042=CARTESIAN_POINT('Ctrl Pts',(138.493894355714,27.6312184509317,67.9141750252342));
#5043=CARTESIAN_POINT('Ctrl Pts',(136.958456371061,22.2621249160338,82.4866699545527));
#5044=CARTESIAN_POINT('Ctrl Pts',(135.557622811986,16.6991117013132,100.708828044818));
#5045=CARTESIAN_POINT('Ctrl Pts',(135.024495457991,14.7236772704186,105.267516103963));
#5046=CARTESIAN_POINT('Ctrl Pts',(134.237430427729,11.8524576947643,121.814182338486));
#5047=CARTESIAN_POINT('Ctrl Pts',(134.793990270444,12.908764422418,137.058713042093));
#5048=CARTESIAN_POINT('Ctrl Pts',(135.317677947848,17.8474609973111,158.915268578137));
#5049=CARTESIAN_POINT('Ctrl Pts',(135.692539764323,22.5235209632843,168.096323573296));
#5050=CARTESIAN_POINT('Ctrl Pts',(136.175038847329,27.9759666844891,176.824189594105));
#5051=CARTESIAN_POINT('Ctrl Pts',(138.244059750603,40.1929207495438,23.8808414967271));
#5052=CARTESIAN_POINT('Ctrl Pts',(139.418378052412,38.5994246789647,32.9718910536553));
#5053=CARTESIAN_POINT('Ctrl Pts',(139.808947001652,36.0005346797299,43.7465451022093));
#5054=CARTESIAN_POINT('Ctrl Pts',(139.044480032065,28.9859572269967,67.9908888054261));
#5055=CARTESIAN_POINT('Ctrl Pts',(137.392692245515,23.5539094334153,82.7233379905357));
#5056=CARTESIAN_POINT('Ctrl Pts',(135.760080076101,17.9704500152505,100.971134520769));
#5057=CARTESIAN_POINT('Ctrl Pts',(135.123083496467,15.9885746393835,105.561306829474));
#5058=CARTESIAN_POINT('Ctrl Pts',(134.215834752692,13.0776386298546,122.053344230985));
#5059=CARTESIAN_POINT('Ctrl Pts',(134.985402277166,14.0849376952022,137.006935101608));
#5060=CARTESIAN_POINT('Ctrl Pts',(135.588358545913,18.9030931421384,158.638549215368));
#5061=CARTESIAN_POINT('Ctrl Pts',(135.986354893246,23.4871371840567,167.73575582615));
#5062=CARTESIAN_POINT('Ctrl Pts',(136.484532213929,28.8487679542022,176.396575453329));
#5063=CARTESIAN_POINT('Ctrl Pts',(139.604884242072,41.3167532770242,25.6952432195644));
#5064=CARTESIAN_POINT('Ctrl Pts',(140.470332843501,40.2986232827873,34.0807972330401));
#5065=CARTESIAN_POINT('Ctrl Pts',(140.588477394595,38.0668357403035,44.3954528879173));
#5066=CARTESIAN_POINT('Ctrl Pts',(139.363703975366,31.3621518266537,68.2225718536693));
#5067=CARTESIAN_POINT('Ctrl Pts',(137.616290191675,25.7516057854908,83.1932797483775));
#5068=CARTESIAN_POINT('Ctrl Pts',(135.635477708295,20.0605830379277,101.462148507965));
#5069=CARTESIAN_POINT('Ctrl Pts',(134.835155647641,18.0339572427254,106.094792099977));
#5070=CARTESIAN_POINT('Ctrl Pts',(133.77385605288,15.027363423799,122.486211914722));
#5071=CARTESIAN_POINT('Ctrl Pts',(134.952130005186,16.0579872053279,136.987997767559));
#5072=CARTESIAN_POINT('Ctrl Pts',(135.782233528818,20.7093632882796,158.243833028382));
#5073=CARTESIAN_POINT('Ctrl Pts',(136.280796169413,25.1340607696892,167.186726280056));
#5074=CARTESIAN_POINT('Ctrl Pts',(136.863478651977,30.3341454195099,175.719681486101));
#5075=CARTESIAN_POINT('Ctrl Pts',(140.152510240053,41.7693917949726,26.4257728282947));
#5076=CARTESIAN_POINT('Ctrl Pts',(140.819386711692,41.003672721676,34.5417886530677));
#5077=CARTESIAN_POINT('Ctrl Pts',(140.780283282517,38.9295380181066,44.6796900845113));
#5078=CARTESIAN_POINT('Ctrl Pts',(139.330763270512,32.3464151510566,68.3432785599204));
#5079=CARTESIAN_POINT('Ctrl Pts',(137.571274892211,26.6449299939826,83.4020770195949));
#5080=CARTESIAN_POINT('Ctrl Pts',(135.460963774809,20.8911105298166,101.673597472819));
#5081=CARTESIAN_POINT('Ctrl Pts',(134.597749700701,18.8373933268983,106.320592425077));
#5082=CARTESIAN_POINT('Ctrl Pts',(133.487020322485,15.7846473522233,122.669102870607));
#5083=CARTESIAN_POINT('Ctrl Pts',(134.846187155788,16.8517126100564,136.998546759016));
#5084=CARTESIAN_POINT('Ctrl Pts',(135.788091565768,21.4482479404433,158.103525475759));
#5085=CARTESIAN_POINT('Ctrl Pts',(136.336324109968,25.8115115187327,166.980729907397));
#5086=CARTESIAN_POINT('Ctrl Pts',(136.961371237429,30.9480926892294,175.458197211586));
#5087=CARTESIAN_POINT('Ctrl Pts',(141.526301550469,42.9028653459578,28.2564216385113));
#5088=CARTESIAN_POINT('Ctrl Pts',(141.497818042709,42.7646779258041,35.7212851910592));
#5089=CARTESIAN_POINT('Ctrl Pts',(140.942333601439,41.0734343314983,45.4294209940988));
#5090=CARTESIAN_POINT('Ctrl Pts',(138.83514361223,34.7606780975744,68.687618322052));
#5091=CARTESIAN_POINT('Ctrl Pts',(137.125012677967,28.8080380644825,83.9516811450101));
#5092=CARTESIAN_POINT('Ctrl Pts',(134.729180446388,22.8605684351937,102.21653779167));
#5093=CARTESIAN_POINT('Ctrl Pts',(133.721165854005,20.7197411779956,106.891961346646));
#5094=CARTESIAN_POINT('Ctrl Pts',(132.522106424153,17.5449799554557,123.131618230885));
#5095=CARTESIAN_POINT('Ctrl Pts',(134.35608814562,18.7847423532114,137.069521518012));
#5096=CARTESIAN_POINT('Ctrl Pts',(135.620332472505,23.2917010211817,157.807101656958));
#5097=CARTESIAN_POINT('Ctrl Pts',(136.314782157756,27.5151087609218,166.511506073235));
#5098=CARTESIAN_POINT('Ctrl Pts',(137.066548757324,32.5026451750099,174.839499956607));
#5099=CARTESIAN_POINT('Ctrl Pts',(142.043483581305,43.8293892435467,29.4332937008574));
#5100=CARTESIAN_POINT('Ctrl Pts',(141.573416843024,43.9371457450673,36.4898629068884));
#5101=CARTESIAN_POINT('Ctrl Pts',(140.698579502936,42.3823203874657,45.9260663524762));
#5102=CARTESIAN_POINT('Ctrl Pts',(138.207934618025,36.122465359692,68.9202933377323));
#5103=CARTESIAN_POINT('Ctrl Pts',(136.552670711279,30.0366579254317,84.3055046440547));
#5104=CARTESIAN_POINT('Ctrl Pts',(134.021184671859,23.9402787424783,102.554272139296));
#5105=CARTESIAN_POINT('Ctrl Pts',(132.937976755861,21.7297269095309,107.239913959735));
#5106=CARTESIAN_POINT('Ctrl Pts',(131.718486052619,18.4763503037586,123.413034128835));
#5107=CARTESIAN_POINT('Ctrl Pts',(133.85728344461,19.8946729761655,137.15263115215));
#5108=CARTESIAN_POINT('Ctrl Pts',(135.353689239274,24.3919000544106,157.679264714949));
#5109=CARTESIAN_POINT('Ctrl Pts',(136.155847900107,28.5441233495508,166.27233822875));
#5110=CARTESIAN_POINT('Ctrl Pts',(137.0024525762,33.4513063482212,174.501013261836));
#5111=CARTESIAN_POINT('Ctrl Pts',(142.227672193512,45.1820710191298,30.850349233252));
#5112=CARTESIAN_POINT('Ctrl Pts',(141.229417790137,45.4101163133663,37.4312725419908));
#5113=CARTESIAN_POINT('Ctrl Pts',(139.981340379531,43.8988636749598,46.5481238698253));
#5114=CARTESIAN_POINT('Ctrl Pts',(137.066520665993,37.5726483329621,69.2251712666882));
#5115=CARTESIAN_POINT('Ctrl Pts',(135.501371183412,31.3651984549633,84.7446854001141));
#5116=CARTESIAN_POINT('Ctrl Pts',(132.852317439482,25.0634554215147,102.962148350495));
#5117=CARTESIAN_POINT('Ctrl Pts',(131.694816808482,22.7501515607849,107.652089617324));
#5118=CARTESIAN_POINT('Ctrl Pts',(130.487396797781,19.4116579060457,123.747542428397));
#5119=CARTESIAN_POINT('Ctrl Pts',(132.996098780497,21.1636808819009,137.304743757629));
#5120=CARTESIAN_POINT('Ctrl Pts',(134.812030035056,25.7271365653688,157.589403969707));
#5121=CARTESIAN_POINT('Ctrl Pts',(135.771767246191,29.8162149604951,166.032281610277));
#5122=CARTESIAN_POINT('Ctrl Pts',(136.760673331341,34.6431163157381,174.121919499127));
#5123=CARTESIAN_POINT('Ctrl Pts',(142.239316319785,45.4893800322513,31.156352764061));
#5124=CARTESIAN_POINT('Ctrl Pts',(141.127231197641,45.7324540521895,37.6355722412794));
#5125=CARTESIAN_POINT('Ctrl Pts',(139.79933562316,44.2227721513525,46.6839751568146));
#5126=CARTESIAN_POINT('Ctrl Pts',(136.795279518034,37.8739719817956,69.2925780476542));
#5127=CARTESIAN_POINT('Ctrl Pts',(135.241921656057,31.6315882298483,84.8390765971188));
#5128=CARTESIAN_POINT('Ctrl Pts',(132.582934212485,25.298816519046,103.050790610016));
#5129=CARTESIAN_POINT('Ctrl Pts',(131.418370836108,22.9716212036175,107.742269176022));
#5130=CARTESIAN_POINT('Ctrl Pts',(130.223675347984,19.6246862918809,123.822211733186));
#5131=CARTESIAN_POINT('Ctrl Pts',(132.796057515074,21.4368096359565,137.341320160445));
#5132=CARTESIAN_POINT('Ctrl Pts',(134.678416919736,26.0134957726135,157.573793881689));
#5133=CARTESIAN_POINT('Ctrl Pts',(135.674051254033,30.0904611445494,165.983203668225));
#5134=CARTESIAN_POINT('Ctrl Pts',(136.69601812923,34.9017682754851,174.041671507781));
#5135=CARTESIAN_POINT('Ctrl Pts',(142.196401239467,46.2519693688606,31.877824322926));
#5136=CARTESIAN_POINT('Ctrl Pts',(140.816032843165,46.5024150264956,38.1199059877807));
#5137=CARTESIAN_POINT('Ctrl Pts',(139.301335577167,44.977546208791,47.0084025931867));
#5138=CARTESIAN_POINT('Ctrl Pts',(136.092192650219,38.5549840371125,69.4559235355933));
#5139=CARTESIAN_POINT('Ctrl Pts',(134.550526332612,32.2069164675792,85.0601141390336));
#5140=CARTESIAN_POINT('Ctrl Pts',(131.901866413404,25.83746255444,103.262158371432));
#5141=CARTESIAN_POINT('Ctrl Pts',(130.74011240446,23.5000486932789,107.959632571913));
#5142=CARTESIAN_POINT('Ctrl Pts',(129.597709329198,20.1604632434854,124.006950242159));
#5143=CARTESIAN_POINT('Ctrl Pts',(132.285375849046,22.0823955331754,137.437988106732));
#5144=CARTESIAN_POINT('Ctrl Pts',(134.320348530865,26.6876332209947,157.54632020219));
#5145=CARTESIAN_POINT('Ctrl Pts',(135.405714120698,30.7398757681126,165.873456587051));
#5146=CARTESIAN_POINT('Ctrl Pts',(136.512176913485,35.5190523218952,173.854680745869));
#5147=CARTESIAN_POINT('Ctrl Pts',(142.111446068507,46.7141612290803,32.284003191361));
#5148=CARTESIAN_POINT('Ctrl Pts',(140.574981824873,46.9385890712437,38.3942713274974));
#5149=CARTESIAN_POINT('Ctrl Pts',(138.956423657752,45.3887412961731,47.1939243091923));
#5150=CARTESIAN_POINT('Ctrl Pts',(135.647114617044,38.9198068202376,69.5525225444714));
#5151=CARTESIAN_POINT('Ctrl Pts',(134.140415590985,32.5423446457739,85.189863916037));
#5152=CARTESIAN_POINT('Ctrl Pts',(131.502910210465,26.1555209982313,103.386480028036));
#5153=CARTESIAN_POINT('Ctrl Pts',(130.342643713715,23.8117764072819,108.087030771019));
#5154=CARTESIAN_POINT('Ctrl Pts',(129.227168390417,20.4740040800943,124.116304515243));
#5155=CARTESIAN_POINT('Ctrl Pts',(131.964699126362,22.4477086334849,137.500992257604));
#5156=CARTESIAN_POINT('Ctrl Pts',(134.081922845266,27.0664975432967,157.538537721219));
#5157=CARTESIAN_POINT('Ctrl Pts',(135.222195426693,31.1081682185452,165.816506593321));
#5158=CARTESIAN_POINT('Ctrl Pts',(136.381494345619,35.8730930120025,173.751291145547));
#5159=CARTESIAN_POINT('Ctrl Pts',(141.723019181454,47.9826382914253,33.3168526770397));
#5160=CARTESIAN_POINT('Ctrl Pts',(139.775881958278,48.0534234138938,39.095503676738));
#5161=CARTESIAN_POINT('Ctrl Pts',(137.895704453303,46.3945321781489,47.673337509026));
#5162=CARTESIAN_POINT('Ctrl Pts',(134.366711544173,39.8000085406134,69.8132596700426));
#5163=CARTESIAN_POINT('Ctrl Pts',(133.015455487124,33.4446252206851,85.54185619572));
#5164=CARTESIAN_POINT('Ctrl Pts',(130.419792409016,27.0242014759284,103.725425590784));
#5165=CARTESIAN_POINT('Ctrl Pts',(129.263462112724,24.6621251309795,108.432949065613));
#5166=CARTESIAN_POINT('Ctrl Pts',(128.211807085943,21.3210735909862,124.416347215868));
#5167=CARTESIAN_POINT('Ctrl Pts',(131.040267745845,23.3939556211542,137.690192322673));
#5168=CARTESIAN_POINT('Ctrl Pts',(133.362904001825,28.0390153290638,157.540934117254));
#5169=CARTESIAN_POINT('Ctrl Pts',(134.6573724651,32.0639929795892,165.68323926931));
#5170=CARTESIAN_POINT('Ctrl Pts',(135.968773298493,36.8051444541546,173.488296820685));
#5171=CARTESIAN_POINT('Ctrl Pts',(141.304671465556,48.7964981941155,33.8903198786798));
#5172=CARTESIAN_POINT('Ctrl Pts',(139.185294829059,48.7644145984194,39.4997577382044));
#5173=CARTESIAN_POINT('Ctrl Pts',(137.197251782069,47.0327235743912,47.9637262255153));
#5174=CARTESIAN_POINT('Ctrl Pts',(133.58393961408,40.3551929747461,69.9904824387466));
#5175=CARTESIAN_POINT('Ctrl Pts',(132.304460957345,34.0155285084303,85.7642799627563));
#5176=CARTESIAN_POINT('Ctrl Pts',(129.735335551932,27.5738966590787,103.939486329239));
#5177=CARTESIAN_POINT('Ctrl Pts',(128.584751590208,25.2030669381148,108.65033158644));
#5178=CARTESIAN_POINT('Ctrl Pts',(127.563325128593,21.8510509556708,124.607986028103));
#5179=CARTESIAN_POINT('Ctrl Pts',(130.401805797061,23.9416477333598,137.827166227273));
#5180=CARTESIAN_POINT('Ctrl Pts',(132.833643121123,28.5912192221252,157.566556150244));
#5181=CARTESIAN_POINT('Ctrl Pts',(134.230398827946,32.6187768209682,165.62129187867));
#5182=CARTESIAN_POINT('Ctrl Pts',(135.645308954563,37.3604272871951,173.342005987559));
#5183=CARTESIAN_POINT('Ctrl Pts',(140.174342807973,50.3475209472982,34.8075309240304));
#5184=CARTESIAN_POINT('Ctrl Pts',(137.858042215006,50.1482387830352,40.1940765060439));
#5185=CARTESIAN_POINT('Ctrl Pts',(135.751865279352,48.2965008171809,48.5072673294005));
#5186=CARTESIAN_POINT('Ctrl Pts',(132.062085905857,41.4770285274545,70.3802611726936));
#5187=CARTESIAN_POINT('Ctrl Pts',(130.881074223807,35.1569823923541,86.2098069255251));
#5188=CARTESIAN_POINT('Ctrl Pts',(128.364788878498,28.6728109164745,104.368549802759));
#5189=CARTESIAN_POINT('Ctrl Pts',(127.230690825263,26.2914773141797,109.08412624633));
#5190=CARTESIAN_POINT('Ctrl Pts',(126.253448670023,22.8951161353545,124.996772535605));
#5191=CARTESIAN_POINT('Ctrl Pts',(129.036408864132,24.9082570350081,138.136865580038));
#5192=CARTESIAN_POINT('Ctrl Pts',(131.653355587459,29.5361972057748,157.66591922186));
#5193=CARTESIAN_POINT('Ctrl Pts',(133.259704838033,33.59928573955,165.543209562018));
#5194=CARTESIAN_POINT('Ctrl Pts',(134.893306445881,38.3803203143409,173.089552263038));
#5195=CARTESIAN_POINT('Ctrl Pts',(139.462617737909,51.0841542951763,35.1508930640094));
#5196=CARTESIAN_POINT('Ctrl Pts',(137.121874765628,50.8210429204762,40.484315282021));
#5197=CARTESIAN_POINT('Ctrl Pts',(135.005662951074,48.9223635315665,48.7603139375623));
#5198=CARTESIAN_POINT('Ctrl Pts',(131.324069730274,42.0443275675917,70.5926521959656));
#5199=CARTESIAN_POINT('Ctrl Pts',(130.170117102644,35.728209559034,86.4320463343301));
#5200=CARTESIAN_POINT('Ctrl Pts',(127.68049132875,29.2228688685231,104.582356045419));
#5201=CARTESIAN_POINT('Ctrl Pts',(126.554675679062,26.8362988208845,109.300266705506));
#5202=CARTESIAN_POINT('Ctrl Pts',(125.599845016114,23.4179080834873,125.190160606055));
#5203=CARTESIAN_POINT('Ctrl Pts',(128.360021517409,25.3931381009365,138.288116043701));
#5204=CARTESIAN_POINT('Ctrl Pts',(131.063036812609,30.0099495647749,157.714796148307));
#5205=CARTESIAN_POINT('Ctrl Pts',(132.764875936498,34.0908935074273,165.507097108666));
#5206=CARTESIAN_POINT('Ctrl Pts',(134.497090113954,38.8908405392554,172.971149303396));
#5207=CARTESIAN_POINT('Ctrl Pts',(132.924753834567,56.3190657752402,36.8103602641981));
#5208=CARTESIAN_POINT('Ctrl Pts',(130.803274440466,55.8851667338754,42.2698569430394));
#5209=CARTESIAN_POINT('Ctrl Pts',(128.879697752859,53.8349186910115,50.6146207240402));
#5210=CARTESIAN_POINT('Ctrl Pts',(125.522093741699,46.699714861355,72.4675228598524));
#5211=CARTESIAN_POINT('Ctrl Pts',(124.456591265061,40.3102776717458,88.2204605228251));
#5212=CARTESIAN_POINT('Ctrl Pts',(122.179059578262,33.6341735741219,106.304635630166));
#5213=CARTESIAN_POINT('Ctrl Pts',(121.119407632375,31.2054313183445,111.04153656638));
#5214=CARTESIAN_POINT('Ctrl Pts',(120.341975328174,27.6090822137604,126.750709506219));
#5215=CARTESIAN_POINT('Ctrl Pts',(122.928589536272,29.2736649683074,139.511174862834));
#5216=CARTESIAN_POINT('Ctrl Pts',(126.286545135658,33.8036830914667,158.129128481126));
#5217=CARTESIAN_POINT('Ctrl Pts',(128.698519462439,38.0259511514067,165.263094421112));
#5218=CARTESIAN_POINT('Ctrl Pts',(131.177356309691,42.9832109825296,172.080762883865));
#5219=CARTESIAN_POINT('Ctrl Pts',(127.202329731679,60.9022333433307,38.264004725585));
#5220=CARTESIAN_POINT('Ctrl Pts',(125.272652649878,60.3187653708957,43.8337326702732));
#5221=CARTESIAN_POINT('Ctrl Pts',(123.518191879767,58.1359978445136,52.2376631851856));
#5222=CARTESIAN_POINT('Ctrl Pts',(120.444733860059,50.7758601220079,74.1078118325351));
#5223=CARTESIAN_POINT('Ctrl Pts',(119.457832350141,44.3226951190742,89.7841295459301));
#5224=CARTESIAN_POINT('Ctrl Pts',(117.36681295878,37.4974331513944,107.809752875177));
#5225=CARTESIAN_POINT('Ctrl Pts',(116.365226877045,35.0318303928893,112.563169080696));
#5226=CARTESIAN_POINT('Ctrl Pts',(115.744182190881,31.2801233725418,128.113331801095));
#5227=CARTESIAN_POINT('Ctrl Pts',(118.346118951902,32.690751279024,140.498385294483));
#5228=CARTESIAN_POINT('Ctrl Pts',(121.985206291042,37.1158305049814,158.545995655148));
#5229=CARTESIAN_POINT('Ctrl Pts',(124.587116002433,41.41963347568,165.307626242944));
#5230=CARTESIAN_POINT('Ctrl Pts',(127.282158007943,46.4702238597355,171.766860795844));
#5231=CARTESIAN_POINT('Ctrl Pts',(92.824120340086,88.4326627317596,46.9935017255228));
#5232=CARTESIAN_POINT('Ctrl Pts',(92.0470002136487,86.9508580067437,53.2257505309877));
#5233=CARTESIAN_POINT('Ctrl Pts',(91.3067921954373,83.9715040888814,61.9883761530133));
#5234=CARTESIAN_POINT('Ctrl Pts',(89.9384706328651,75.2595437536812,83.9645176812226));
#5235=CARTESIAN_POINT('Ctrl Pts',(89.4199422250932,68.4221745781917,99.1836382851799));
#5236=CARTESIAN_POINT('Ctrl Pts',(88.4465829482057,60.6998898737487,116.859670264003));
#5237=CARTESIAN_POINT('Ctrl Pts',(87.7933320939692,58.0126829162924,121.712652900051));
#5238=CARTESIAN_POINT('Ctrl Pts',(88.1081827944528,53.326411148181,136.310233569841));
#5239=CARTESIAN_POINT('Ctrl Pts',(91.1895611712468,53.9317036954844,145.79481695768));
#5240=CARTESIAN_POINT('Ctrl Pts',(95.794058331576,56.4218634195547,161.595711824732));
#5241=CARTESIAN_POINT('Ctrl Pts',(98.4822294487739,59.1883388575909,167.925974854263));
#5242=CARTESIAN_POINT('Ctrl Pts',(101.425062533362,62.8231041579154,174.000232937547));
#5243=CARTESIAN_POINT('Ctrl Pts',(64.1690940749406,111.38009905868,54.269924909687));
#5244=CARTESIAN_POINT('Ctrl Pts',(64.3526374046984,109.149502175598,61.0543897610363));
#5245=CARTESIAN_POINT('Ctrl Pts',(64.4581997983101,105.506823699219,70.1153311742775));
#5246=CARTESIAN_POINT('Ctrl Pts',(64.5115000136455,95.6686111409554,92.1792704004905));
#5247=CARTESIAN_POINT('Ctrl Pts',(64.3840041520167,88.5118543946967,107.016435085198));
#5248=CARTESIAN_POINT('Ctrl Pts',(64.342702641078,80.0424803570745,124.400454445169));
#5249=CARTESIAN_POINT('Ctrl Pts',(63.9798789556931,77.1706613885099,129.336324506976));
#5250=CARTESIAN_POINT('Ctrl Pts',(65.0754050007769,71.706168919115,143.139120446069));
#5251=CARTESIAN_POINT('Ctrl Pts',(68.5561653280708,71.6409481362792,150.205603156514));
#5252=CARTESIAN_POINT('Ctrl Pts',(73.9703329456895,72.5226578109177,164.12876713264));
#5253=CARTESIAN_POINT('Ctrl Pts',(77.126377358027,74.1306806237036,169.884187638564));
#5254=CARTESIAN_POINT('Ctrl Pts',(80.470156566861,76.645597022131,175.53184686295));
#5255=CARTESIAN_POINT('Ctrl Pts',(33.6504141827818,135.820299914386,62.0199000919303));
#5256=CARTESIAN_POINT('Ctrl Pts',(34.857098928311,132.792202265649,69.3924776671695));
#5257=CARTESIAN_POINT('Ctrl Pts',(35.8631786910129,128.441911094747,78.7717909853974));
#5258=CARTESIAN_POINT('Ctrl Pts',(37.4302612998264,117.403264346037,100.9298484125));
#5259=CARTESIAN_POINT('Ctrl Pts',(37.7186729981892,109.904870023465,115.361298115317));
#5260=CARTESIAN_POINT('Ctrl Pts',(38.6696213291346,100.638782740189,132.435102657208));
#5261=CARTESIAN_POINT('Ctrl Pts',(38.6160376233498,97.5701754870814,137.45938352525));
#5262=CARTESIAN_POINT('Ctrl Pts',(40.5424587049744,91.27554823966,150.416727280837));
#5263=CARTESIAN_POINT('Ctrl Pts',(44.4483958239312,90.4936920627429,154.909429777511));
#5264=CARTESIAN_POINT('Ctrl Pts',(50.7209916107449,89.657398093884,166.837510912102));
#5265=CARTESIAN_POINT('Ctrl Pts',(54.2033131730698,90.4442738325352,171.796935867905));
#5266=CARTESIAN_POINT('Ctrl Pts',(57.889493998271,91.968723038325,176.90038949306));
#5267=CARTESIAN_POINT('Ctrl Pts',(31.7869355988362,137.312336989845,62.4928345975447));
#5268=CARTESIAN_POINT('Ctrl Pts',(33.0561309134995,134.235605530571,69.9014016597701));
#5269=CARTESIAN_POINT('Ctrl Pts',(34.1172628984314,129.842313254016,79.3001625559813));
#5270=CARTESIAN_POINT('Ctrl Pts',(35.7768282374412,118.730535694162,101.463962459902));
#5271=CARTESIAN_POINT('Ctrl Pts',(36.0906671029269,111.211458528259,115.870508766771));
#5272=CARTESIAN_POINT('Ctrl Pts',(37.1022298291374,101.896861569047,132.925290819309));
#5273=CARTESIAN_POINT('Ctrl Pts',(37.0675321440915,98.8162611856571,137.954955915639));
#5274=CARTESIAN_POINT('Ctrl Pts',(39.0447240674463,92.4711180817751,150.860570842291));
#5275=CARTESIAN_POINT('Ctrl Pts',(42.9831095471436,91.6582625421034,155.18489028626));
#5276=CARTESIAN_POINT('Ctrl Pts',(49.2967404546588,90.6953593984697,167.010560392555));
#5277=CARTESIAN_POINT('Ctrl Pts',(52.7799057350463,91.3970288135622,171.952776742113));
#5278=CARTESIAN_POINT('Ctrl Pts',(56.4688825476258,92.8267489396029,177.053493104038));
#5279=CARTESIAN_POINT('Ctrl Pts',(28.9984312782811,139.546000532437,63.2014919771199));
#5280=CARTESIAN_POINT('Ctrl Pts',(30.3610309772639,136.396270871559,70.6636281630384));
#5281=CARTESIAN_POINT('Ctrl Pts',(31.504351137286,131.938161089676,80.0913148551332));
#5282=CARTESIAN_POINT('Ctrl Pts',(33.30217054368,120.716569549367,102.263588783402));
#5283=CARTESIAN_POINT('Ctrl Pts',(33.6540280875661,113.166263877298,116.633108455595));
#5284=CARTESIAN_POINT('Ctrl Pts',(34.7562574172597,103.77883579248,133.659547648957));
#5285=CARTESIAN_POINT('Ctrl Pts',(34.7498177642778,100.680248632239,138.697292665342));
#5286=CARTESIAN_POINT('Ctrl Pts',(36.802933292166,94.2592163578402,151.52566201955));
#5287=CARTESIAN_POINT('Ctrl Pts',(40.7925241265276,93.4208178782234,155.582632675591));
#5288=CARTESIAN_POINT('Ctrl Pts',(47.1623928673005,92.2289404417014,167.283864652648));
#5289=CARTESIAN_POINT('Ctrl Pts',(50.6387847690391,92.7481484669316,172.241253408079));
#5290=CARTESIAN_POINT('Ctrl Pts',(54.3242996704773,93.9802634327039,177.379134811014));
#5291=CARTESIAN_POINT('Ctrl Pts',(27.9408052018357,140.177221494697,63.2595412323763));
#5292=CARTESIAN_POINT('Ctrl Pts',(29.4010190793553,137.058543039018,70.828541893726));
#5293=CARTESIAN_POINT('Ctrl Pts',(30.6157733094948,132.615701376429,80.3249059843034));
#5294=CARTESIAN_POINT('Ctrl Pts',(32.5011733444966,121.392354563654,102.55575321151));
#5295=CARTESIAN_POINT('Ctrl Pts',(32.8454680488503,113.815040145982,116.885956699226));
#5296=CARTESIAN_POINT('Ctrl Pts',(33.9778070117415,104.403525439615,133.902983543022));
#5297=CARTESIAN_POINT('Ctrl Pts',(33.9807460790556,101.298982165579,138.94340664827));
#5298=CARTESIAN_POINT('Ctrl Pts',(36.059075983866,94.8528534736672,151.746112156577));
#5299=CARTESIAN_POINT('Ctrl Pts',(40.0661013448563,94.0096460128869,155.711758393055));
#5300=CARTESIAN_POINT('Ctrl Pts',(46.4539668107978,92.7357574636088,167.376110149504));
#5301=CARTESIAN_POINT('Ctrl Pts',(49.9265809785964,93.1845385458923,172.345843002078));
#5302=CARTESIAN_POINT('Ctrl Pts',(53.609636911883,94.3413943768198,177.503134154668));
#5303=CARTESIAN_POINT('Ctrl Pts',(26.6260610502301,140.737316724358,63.1125643643));
#5304=CARTESIAN_POINT('Ctrl Pts',(28.2317243309983,137.751999370541,70.9181877718166));
#5305=CARTESIAN_POINT('Ctrl Pts',(29.5504906243588,133.390505905697,80.5680344291051));
#5306=CARTESIAN_POINT('Ctrl Pts',(31.5582308720309,122.225093951028,102.936768771412));
#5307=CARTESIAN_POINT('Ctrl Pts',(31.8844805672801,114.586145702456,117.186806254726));
#5308=CARTESIAN_POINT('Ctrl Pts',(33.0525687760144,105.145889507325,134.19261960664));
#5309=CARTESIAN_POINT('Ctrl Pts',(33.066653718317,102.034250098337,139.236225685908));
#5310=CARTESIAN_POINT('Ctrl Pts',(35.1749247329524,95.5581875470804,152.008442142563));
#5311=CARTESIAN_POINT('Ctrl Pts',(39.2024491899846,94.713420293303,155.86269958344));
#5312=CARTESIAN_POINT('Ctrl Pts',(45.6119304925392,93.3339658663494,167.488546833542));
#5313=CARTESIAN_POINT('Ctrl Pts',(49.0804327843929,93.687892903198,172.480407118174));
#5314=CARTESIAN_POINT('Ctrl Pts',(52.7609909799969,94.743999069477,177.66832396006));
#5315=CARTESIAN_POINT('Ctrl Pts',(26.4157887964856,140.820604453875,63.0829196932058));
#5316=CARTESIAN_POINT('Ctrl Pts',(28.04204620253,137.855323188661,70.9287349548302));
#5317=CARTESIAN_POINT('Ctrl Pts',(29.376332669914,133.506748028492,80.6048412966187));
#5318=CARTESIAN_POINT('Ctrl Pts',(31.4041577247467,122.352483333318,102.99745071503));
#5319=CARTESIAN_POINT('Ctrl Pts',(31.7315458760767,114.707967464096,117.234435952663));
#5320=CARTESIAN_POINT('Ctrl Pts',(32.9058820803452,105.263858418078,134.238557760856));
#5321=CARTESIAN_POINT('Ctrl Pts',(32.9215778838257,102.150915958633,139.282648435828));
#5322=CARTESIAN_POINT('Ctrl Pts',(35.0346026822102,95.6701248913339,152.050029742931));
#5323=CARTESIAN_POINT('Ctrl Pts',(39.0653970427485,94.8252599951338,155.886531274083));
#5324=CARTESIAN_POINT('Ctrl Pts',(45.4783405161005,93.4288637863234,167.506405762042));
#5325=CARTESIAN_POINT('Ctrl Pts',(48.9461856138171,93.7673372121719,172.50204434837));
#5326=CARTESIAN_POINT('Ctrl Pts',(52.6263561601757,94.8070848017399,177.695067885005));
#5327=CARTESIAN_POINT('Ctrl Pts',(25.7454085997815,141.066136698925,62.968890858678));
#5328=CARTESIAN_POINT('Ctrl Pts',(27.4297158465421,138.161202347392,70.9506800812702));
#5329=CARTESIAN_POINT('Ctrl Pts',(28.8097068038877,133.853586218823,80.7159306536674));
#5330=CARTESIAN_POINT('Ctrl Pts',(30.9029310776353,122.741277794727,103.19069071971));
#5331=CARTESIAN_POINT('Ctrl Pts',(31.2453954103601,115.092840194843,117.385382100759));
#5332=CARTESIAN_POINT('Ctrl Pts',(32.4412290139365,105.63871070756,134.384426451262));
#5333=CARTESIAN_POINT('Ctrl Pts',(32.4616152672889,102.52099462857,139.429968906805));
#5334=CARTESIAN_POINT('Ctrl Pts',(34.5897174440893,96.0251276141102,152.182001761026));
#5335=CARTESIAN_POINT('Ctrl Pts',(38.6307284737328,95.1803241738061,155.9618987249));
#5336=CARTESIAN_POINT('Ctrl Pts',(45.0546305352035,93.7293403768622,167.563341032817));
#5337=CARTESIAN_POINT('Ctrl Pts',(48.5204792901068,94.0178440423414,172.571640108867));
#5338=CARTESIAN_POINT('Ctrl Pts',(52.1994951980101,95.0046405438218,177.781552146057));
#5339=CARTESIAN_POINT('Ctrl Pts',(25.2813410343905,141.206519267667,62.861085950119));
#5340=CARTESIAN_POINT('Ctrl Pts',(26.9937044458344,138.337660813191,70.9485959922371));
#5341=CARTESIAN_POINT('Ctrl Pts',(28.4000247444499,134.057931960199,80.7834815663256));
#5342=CARTESIAN_POINT('Ctrl Pts',(30.540266546633,122.984108065604,103.324029425471));
#5343=CARTESIAN_POINT('Ctrl Pts',(30.9105712001549,115.353646647582,117.488383491929));
#5344=CARTESIAN_POINT('Ctrl Pts',(32.1235612993765,105.896135366207,134.48440162094));
#5345=CARTESIAN_POINT('Ctrl Pts',(32.147000308809,102.77503460154,139.53061250267));
#5346=CARTESIAN_POINT('Ctrl Pts',(34.2836971264419,96.2665213465505,152.272820651351));
#5347=CARTESIAN_POINT('Ctrl Pts',(38.3232004172049,95.4103378674509,156.016936050041));
#5348=CARTESIAN_POINT('Ctrl Pts',(44.752306330879,93.9175163277068,167.607430431689));
#5349=CARTESIAN_POINT('Ctrl Pts',(48.2191461178982,94.1732675894887,172.624570255177));
#5350=CARTESIAN_POINT('Ctrl Pts',(51.9002947850792,95.1261284793427,177.846022308574));
#5351=CARTESIAN_POINT('Ctrl Pts',(24.3500756255785,141.429550210132,62.5874899488892));
#5352=CARTESIAN_POINT('Ctrl Pts',(26.0965405246807,138.621463049673,70.9092073177299));
#5353=CARTESIAN_POINT('Ctrl Pts',(27.5440803628864,134.397496518369,80.9000777137417));
#5354=CARTESIAN_POINT('Ctrl Pts',(29.7796434091671,123.422156559844,103.591138903737));
#5355=CARTESIAN_POINT('Ctrl Pts',(30.2345121985038,115.873507601359,117.69477558418));
#5356=CARTESIAN_POINT('Ctrl Pts',(31.4860347119056,106.416465212183,134.685890044826));
#5357=CARTESIAN_POINT('Ctrl Pts',(31.5155990269825,103.288097085291,139.732714284921));
#5358=CARTESIAN_POINT('Ctrl Pts',(33.6666853953912,96.7487365747777,152.456366680106));
#5359=CARTESIAN_POINT('Ctrl Pts',(37.6878564717898,95.8448243077993,156.13395524527));
#5360=CARTESIAN_POINT('Ctrl Pts',(44.1233705699486,94.258004893093,167.705585112736));
#5361=CARTESIAN_POINT('Ctrl Pts',(47.5965096719809,94.451606035511,172.74103898955));
#5362=CARTESIAN_POINT('Ctrl Pts',(51.2871692032818,95.3412864720012,177.98575335839));
#5363=CARTESIAN_POINT('Ctrl Pts',(23.8833034857832,141.510941683926,62.4206969659535));
#5364=CARTESIAN_POINT('Ctrl Pts',(25.6379541277924,138.731442832454,70.8723917216762));
#5365=CARTESIAN_POINT('Ctrl Pts',(27.1005591045825,134.53499894636,80.949543658586));
#5366=CARTESIAN_POINT('Ctrl Pts',(29.3769412272623,123.611614226104,103.724782293627));
#5367=CARTESIAN_POINT('Ctrl Pts',(29.8615326312113,116.094146424429,117.793676063216));
#5368=CARTESIAN_POINT('Ctrl Pts',(31.1498709401194,106.659948984602,134.785129258366));
#5369=CARTESIAN_POINT('Ctrl Pts',(31.1934287401741,103.541042122638,139.833465869143));
#5370=CARTESIAN_POINT('Ctrl Pts',(33.3644838444656,97.0007466123202,152.550481622518));
#5371=CARTESIAN_POINT('Ctrl Pts',(37.3595695979086,96.0486788959082,156.19615771077));
#5372=CARTESIAN_POINT('Ctrl Pts',(43.7965283377596,94.4098803705018,167.759967530321));
#5373=CARTESIAN_POINT('Ctrl Pts',(47.2750051812139,94.573906365529,172.804759903227));
#5374=CARTESIAN_POINT('Ctrl Pts',(50.9731179020565,95.4345468969029,178.061158219757));
#5375=CARTESIAN_POINT('Ctrl Pts',(21.330690213369,141.793828945619,61.3502815900643));
#5376=CARTESIAN_POINT('Ctrl Pts',(23.0883046372557,139.162088319981,70.5750407565588));
#5377=CARTESIAN_POINT('Ctrl Pts',(24.5987564469641,135.116802314159,81.1700095233669));
#5378=CARTESIAN_POINT('Ctrl Pts',(27.0618794066875,124.492500669306,104.451608951037));
#5379=CARTESIAN_POINT('Ctrl Pts',(27.6452357208404,117.08247876534,118.30758064299));
#5380=CARTESIAN_POINT('Ctrl Pts',(29.2180118087625,107.909875601464,135.321420186526));
#5381=CARTESIAN_POINT('Ctrl Pts',(29.3907161714076,104.922693841038,140.387683932425));
#5382=CARTESIAN_POINT('Ctrl Pts',(31.7313481713856,98.4640943488976,153.085790827546));
#5383=CARTESIAN_POINT('Ctrl Pts',(35.4995006819476,97.0980271957441,156.55735236254));
#5384=CARTESIAN_POINT('Ctrl Pts',(41.9347770946651,95.1403804917182,168.08574940024));
#5385=CARTESIAN_POINT('Ctrl Pts',(45.4535547959083,95.1520754195681,173.184435735612));
#5386=CARTESIAN_POINT('Ctrl Pts',(49.2057473068816,95.8667080377045,178.506237699045));
#5387=CARTESIAN_POINT('Ctrl Pts',(19.4177637244753,141.34226984113,59.9006394540912));
#5388=CARTESIAN_POINT('Ctrl Pts',(20.9864085135696,138.785782212501,69.9735850977131));
#5389=CARTESIAN_POINT('Ctrl Pts',(22.3986817790684,134.852410140396,81.1389872031443));
#5390=CARTESIAN_POINT('Ctrl Pts',(24.8453956609419,124.517510097641,104.992181749047));
#5391=CARTESIAN_POINT('Ctrl Pts',(25.5272489055661,117.259077101758,118.624548428362));
#5392=CARTESIAN_POINT('Ctrl Pts',(27.274481888314,108.398241282401,135.686336311499));
#5393=CARTESIAN_POINT('Ctrl Pts',(27.5189664217759,105.554827210191,140.77268761319));
#5394=CARTESIAN_POINT('Ctrl Pts',(29.9980169614478,99.23934907155,153.495227844566));
#5395=CARTESIAN_POINT('Ctrl Pts',(33.7478781361996,97.5365250311959,156.905024840031));
#5396=CARTESIAN_POINT('Ctrl Pts',(40.2951942150506,95.3840717673916,168.457196240481));
#5397=CARTESIAN_POINT('Ctrl Pts',(43.8864362247073,95.3128578468747,173.604694237568));
#5398=CARTESIAN_POINT('Ctrl Pts',(47.7149381076889,95.9499909888062,178.978628668301));
#5399=CARTESIAN_POINT('Ctrl Pts',(17.3282090559236,139.609398910915,57.1075700764735));
#5400=CARTESIAN_POINT('Ctrl Pts',(18.2777988739689,137.0579363556,68.6114682313756));
#5401=CARTESIAN_POINT('Ctrl Pts',(19.2834201091981,133.243643196259,80.7477876137519));
#5402=CARTESIAN_POINT('Ctrl Pts',(21.3475628046438,123.363981765784,105.597205297199));
#5403=CARTESIAN_POINT('Ctrl Pts',(22.1568310254298,116.41411414646,118.873082476048));
#5404=CARTESIAN_POINT('Ctrl Pts',(23.9960734555601,108.156049597851,136.059707337881));
#5405=CARTESIAN_POINT('Ctrl Pts',(24.2748705592261,105.575434762238,141.184288278335));
#5406=CARTESIAN_POINT('Ctrl Pts',(26.8831938899624,99.5995087280631,154.020722696717));
#5407=CARTESIAN_POINT('Ctrl Pts',(30.7756938185331,97.4643851041157,157.501135969002));
#5408=CARTESIAN_POINT('Ctrl Pts',(37.5760666965956,95.1586423655619,169.208994053159));
#5409=CARTESIAN_POINT('Ctrl Pts',(41.3092408682086,95.0329360627204,174.454323255085));
#5410=CARTESIAN_POINT('Ctrl Pts',(45.2806891366129,95.6182410188304,179.919304743771));
#5411=CARTESIAN_POINT('Ctrl Pts',(16.4602453289195,138.894655728929,55.9523167370939));
#5412=CARTESIAN_POINT('Ctrl Pts',(17.2439346255585,136.172060647661,67.9970345703075));
#5413=CARTESIAN_POINT('Ctrl Pts',(18.1271113147785,132.295271870287,80.5040310662432));
#5414=CARTESIAN_POINT('Ctrl Pts',(20.0401161330422,122.505350457285,105.742424778117));
#5415=CARTESIAN_POINT('Ctrl Pts',(20.8367961137904,115.738169594167,118.892022844058));
#5416=CARTESIAN_POINT('Ctrl Pts',(22.6545997162635,107.748368774147,136.142425697131));
#5417=CARTESIAN_POINT('Ctrl Pts',(22.9222735686029,105.28106601869,141.283858750038));
#5418=CARTESIAN_POINT('Ctrl Pts',(25.5526231666852,99.4717922013602,154.188036148943));
#5419=CARTESIAN_POINT('Ctrl Pts',(29.5519658409063,97.1978942280846,157.748384591019));
#5420=CARTESIAN_POINT('Ctrl Pts',(36.4735574666993,94.8793306652282,169.553950213514));
#5421=CARTESIAN_POINT('Ctrl Pts',(40.2705893873737,94.7562987480102,174.844277595326));
#5422=CARTESIAN_POINT('Ctrl Pts',(44.3048616273279,95.3431955511442,180.347749090993));
#5423=CARTESIAN_POINT('Ctrl Pts',(15.0055508580437,137.692751838447,54.0122213411157));
#5424=CARTESIAN_POINT('Ctrl Pts',(15.784063263051,134.498178152604,66.8877997858762));
#5425=CARTESIAN_POINT('Ctrl Pts',(16.6206547416692,130.38771565759,79.9667917328283));
#5426=CARTESIAN_POINT('Ctrl Pts',(18.3614040826053,120.605682989386,105.815180979898));
#5427=CARTESIAN_POINT('Ctrl Pts',(18.9891022157458,114.169087585327,118.777075528591));
#5428=CARTESIAN_POINT('Ctrl Pts',(20.6561088407119,106.610712842756,136.14513419273));
#5429=CARTESIAN_POINT('Ctrl Pts',(20.8604981779758,104.322175669078,141.313435386517));
#5430=CARTESIAN_POINT('Ctrl Pts',(23.4489454310384,98.8044781333363,154.358893954206));
#5431=CARTESIAN_POINT('Ctrl Pts',(27.652059680235,96.3814911455287,158.135617002301));
#5432=CARTESIAN_POINT('Ctrl Pts',(34.7542861773999,94.1212691747291,170.159831351297));
#5433=CARTESIAN_POINT('Ctrl Pts',(38.6497540985508,94.0409525328219,175.535037521191));
#5434=CARTESIAN_POINT('Ctrl Pts',(42.7813833477008,94.6667702224666,181.107332295035));
#5435=CARTESIAN_POINT('Ctrl Pts',(14.4176206310108,137.207286960992,53.2284013170146));
#5436=CARTESIAN_POINT('Ctrl Pts',(15.1797570578782,133.844739583404,66.4465084357149));
#5437=CARTESIAN_POINT('Ctrl Pts',(15.9972238990354,129.640085594866,79.756777760965));
#5438=CARTESIAN_POINT('Ctrl Pts',(17.69590299902,119.819084211628,105.838433060682));
#5439=CARTESIAN_POINT('Ctrl Pts',(18.3310164329001,113.429254660876,118.695030887302));
#5440=CARTESIAN_POINT('Ctrl Pts',(19.9224093609712,106.026799509474,136.108408069642));
#5441=CARTESIAN_POINT('Ctrl Pts',(20.0852484646248,103.810582857428,141.288445741321));
#5442=CARTESIAN_POINT('Ctrl Pts',(22.6356693518501,98.4132158421772,154.398256416995));
#5443=CARTESIAN_POINT('Ctrl Pts',(26.9267000814649,95.9519826120766,158.284383769692));
#5444=CARTESIAN_POINT('Ctrl Pts',(34.0953586014162,93.7362379626876,170.411617962364));
#5445=CARTESIAN_POINT('Ctrl Pts',(38.0281635264887,93.6838028337817,175.823900817403));
#5446=CARTESIAN_POINT('Ctrl Pts',(42.1969463542577,94.3349593724035,181.425246825507));
#5447=CARTESIAN_POINT('Ctrl Pts',(13.4620688291932,136.418045840189,51.9542546938802));
#5448=CARTESIAN_POINT('Ctrl Pts',(14.1647255697118,132.807984118208,65.7394921860876));
#5449=CARTESIAN_POINT('Ctrl Pts',(14.9514259672251,128.45005035959,79.4255217091053));
#5450=CARTESIAN_POINT('Ctrl Pts',(16.6459006741969,118.513629220351,105.866167079145));
#5451=CARTESIAN_POINT('Ctrl Pts',(17.4560099259541,112.10516828885,118.508620473816));
#5452=CARTESIAN_POINT('Ctrl Pts',(18.9079363448123,104.919826127772,135.98952084899));
#5453=CARTESIAN_POINT('Ctrl Pts',(18.9771011294544,102.813190851228,141.188626772344));
#5454=CARTESIAN_POINT('Ctrl Pts',(21.4277940156333,97.6033811973998,154.411203616925));
#5455=CARTESIAN_POINT('Ctrl Pts',(25.8541614039628,95.1131870557295,158.506377628763));
#5456=CARTESIAN_POINT('Ctrl Pts',(33.1068508576621,92.9964440266148,170.822346710084));
#5457=CARTESIAN_POINT('Ctrl Pts',(37.0918254398947,93.003378292133,176.299751206511));
#5458=CARTESIAN_POINT('Ctrl Pts',(41.3135869065256,93.7095270976384,181.951394390894));
#5459=CARTESIAN_POINT('Ctrl Pts',(13.094379712732,136.114368114098,51.4639885978418));
#5460=CARTESIAN_POINT('Ctrl Pts',(13.7741435047287,132.409254521999,65.467434022549));
#5461=CARTESIAN_POINT('Ctrl Pts',(14.5489537410801,127.992347927019,79.2980811586089));
#5462=CARTESIAN_POINT('Ctrl Pts',(16.2417941277022,118.011630214275,105.876881860814));
#5463=CARTESIAN_POINT('Ctrl Pts',(17.0966253986512,111.62275146334,118.446011656052));
#5464=CARTESIAN_POINT('Ctrl Pts',(18.5257231478425,104.484472670107,135.940591641173));
#5465=CARTESIAN_POINT('Ctrl Pts',(18.5772704315453,102.398387149353,141.139344452362));
#5466=CARTESIAN_POINT('Ctrl Pts',(21.0122644330513,97.2333354616536,154.397319836854));
#5467=CARTESIAN_POINT('Ctrl Pts',(25.4670581768718,94.7569683736017,158.587008048939));
#5468=CARTESIAN_POINT('Ctrl Pts',(32.7463139345072,92.6844547901627,170.980619192739));
#5469=CARTESIAN_POINT('Ctrl Pts',(36.749295648529,92.7176989033177,176.48432945088));
#5470=CARTESIAN_POINT('Ctrl Pts',(40.9896819397381,93.4482231542841,182.156089265637));
#5471=CARTESIAN_POINT('Ctrl Pts',(12.3651428714079,135.512070750158,50.4916313615249));
#5472=CARTESIAN_POINT('Ctrl Pts',(12.9995125532233,131.618180258087,64.9278717494904));
#5473=CARTESIAN_POINT('Ctrl Pts',(13.7508088274254,127.084309449301,79.0453001995031));
#5474=CARTESIAN_POINT('Ctrl Pts',(15.4404250365825,117.015587846857,105.898079185125));
#5475=CARTESIAN_POINT('Ctrl Pts',(16.3299599363743,110.708959454282,118.338639653836));
#5476=CARTESIAN_POINT('Ctrl Pts',(17.7875825878371,103.60466615737,135.837207854806));
#5477=CARTESIAN_POINT('Ctrl Pts',(17.8483449025472,101.524333997403,141.020931891179));
#5478=CARTESIAN_POINT('Ctrl Pts',(20.3061849205614,96.4030446468714,154.333737868413));
#5479=CARTESIAN_POINT('Ctrl Pts',(24.7597743920036,93.9926233046239,158.735579219743));
#5480=CARTESIAN_POINT('Ctrl Pts',(32.0770241938998,92.0169447255034,171.291963175087));
#5481=CARTESIAN_POINT('Ctrl Pts',(36.1104737992312,92.1079457545829,176.850356496761));
#5482=CARTESIAN_POINT('Ctrl Pts',(40.3832651849257,92.8924654970713,182.563849671156));
#5483=CARTESIAN_POINT('Ctrl Pts',(12.0035914853239,135.213456727024,50.0095437686773));
#5484=CARTESIAN_POINT('Ctrl Pts',(12.6154529931717,131.226024417909,64.6603568916227));
#5485=CARTESIAN_POINT('Ctrl Pts',(13.3550777694352,126.634162721609,78.9199773997676));
#5486=CARTESIAN_POINT('Ctrl Pts',(15.0430925576778,116.521838357212,105.908597915274));
#5487=CARTESIAN_POINT('Ctrl Pts',(15.9498198434302,110.25598227578,118.285426962444));
#5488=CARTESIAN_POINT('Ctrl Pts',(17.4215934041774,103.168557642516,135.785978947511));
#5489=CARTESIAN_POINT('Ctrl Pts',(17.485689623371,101.092341380262,140.962410578489));
#5490=CARTESIAN_POINT('Ctrl Pts',(19.9587919068603,95.988792739148,154.301908955737));
#5491=CARTESIAN_POINT('Ctrl Pts',(24.430491838303,93.5920859784547,158.806222217956));
#5492=CARTESIAN_POINT('Ctrl Pts',(31.7739414527685,91.6570862354422,171.443005058305));
#5493=CARTESIAN_POINT('Ctrl Pts',(35.8198742099986,91.7795328374095,177.029792459848));
#5494=CARTESIAN_POINT('Ctrl Pts',(40.1049061849399,92.5948355492661,182.765395650856));
#5495=CARTESIAN_POINT('Ctrl Pts',(10.5684183521506,134.028107571573,48.095898984322));
#5496=CARTESIAN_POINT('Ctrl Pts',(11.0909381409589,129.669246463303,63.5984664836301));
#5497=CARTESIAN_POINT('Ctrl Pts',(11.7842653969906,124.847189576344,78.4225004048843));
#5498=CARTESIAN_POINT('Ctrl Pts',(13.4659317697759,114.56171891923,105.950332558181));
#5499=CARTESIAN_POINT('Ctrl Pts',(14.4409387399537,108.457719052389,118.074152930616));
#5500=CARTESIAN_POINT('Ctrl Pts',(15.9688665427782,101.437212695784,135.582566443762));
#5501=CARTESIAN_POINT('Ctrl Pts',(16.04062901372,99.3815146921505,140.730885799109));
#5502=CARTESIAN_POINT('Ctrl Pts',(18.591872033067,94.3350694494646,154.173677783585));
#5503=CARTESIAN_POINT('Ctrl Pts',(23.2195195196261,91.9295261936997,159.070794595456));
#5504=CARTESIAN_POINT('Ctrl Pts',(30.6994196100702,90.1309824659046,172.024094109925));
#5505=CARTESIAN_POINT('Ctrl Pts',(34.7825252053924,90.3868061124673,177.728863111739));
#5506=CARTESIAN_POINT('Ctrl Pts',(39.0982705524524,91.3370993421879,183.55833185847));
#5507=CARTESIAN_POINT('Ctrl Pts',(9.49480614187205,133.141370371949,46.6643448060638));
#5508=CARTESIAN_POINT('Ctrl Pts',(9.95049095186307,128.50467170188,62.8040899697968));
#5509=CARTESIAN_POINT('Ctrl Pts',(10.6091772097848,123.510407688257,78.0503499919154));
#5510=CARTESIAN_POINT('Ctrl Pts',(12.2860913336323,113.095420213683,105.981555882825));
#5511=CARTESIAN_POINT('Ctrl Pts',(13.3121672158277,107.112499053039,117.916110595321));
#5512=CARTESIAN_POINT('Ctrl Pts',(14.8821045770554,100.142060092405,135.430407622131));
#5513=CARTESIAN_POINT('Ctrl Pts',(14.9596055692779,98.1017155108799,140.557698201299));
#5514=CARTESIAN_POINT('Ctrl Pts',(17.5693025759153,93.09799149463,154.077761449577));
#5515=CARTESIAN_POINT('Ctrl Pts',(22.3044149789886,90.6933989077714,159.26728143337));
#5516=CARTESIAN_POINT('Ctrl Pts',(29.9028622243485,88.9833310325571,172.459937289513));
#5517=CARTESIAN_POINT('Ctrl Pts',(34.0382309411388,89.3186405747506,178.256889868571));
#5518=CARTESIAN_POINT('Ctrl Pts',(38.40143766782,90.3496539488032,184.160453753129));
#5519=CARTESIAN_POINT('Ctrl Pts',(8.34699786118695,132.193366008798,45.1338714630497));
#5520=CARTESIAN_POINT('Ctrl Pts',(8.73122936944378,127.259616039261,61.9548226276574));
#5521=CARTESIAN_POINT('Ctrl Pts',(9.35288187879333,122.081253119205,77.6524839274891));
#5522=CARTESIAN_POINT('Ctrl Pts',(11.0247140676361,111.527795001808,106.01493494816));
#5523=CARTESIAN_POINT('Ctrl Pts',(12.1053897298052,105.674325569058,117.74714247132));
#5524=CARTESIAN_POINT('Ctrl Pts',(13.7202334776635,98.7574109945995,135.267727389222));
#5525=CARTESIAN_POINT('Ctrl Pts',(13.8038657322021,96.733477912213,140.372535020568));
#5526=CARTESIAN_POINT('Ctrl Pts',(16.4760512216574,91.7754281187695,153.975208686517));
#5527=CARTESIAN_POINT('Ctrl Pts',(21.3148398429994,89.378047320812,159.477675209667));
#5528=CARTESIAN_POINT('Ctrl Pts',(29.0601786000998,87.7514775033412,172.925628102046));
#5529=CARTESIAN_POINT('Ctrl Pts',(33.2814156241234,88.1552688422695,178.820216679645));
#5530=CARTESIAN_POINT('Ctrl Pts',(37.7253445696428,89.2560824670664,184.802094211206));
#5531=CARTESIAN_POINT('Ctrl Pts',(8.27281373219989,132.132095773544,45.0349555998437));
#5532=CARTESIAN_POINT('Ctrl Pts',(8.6524285784102,127.179147291876,61.8999332328257));
#5533=CARTESIAN_POINT('Ctrl Pts',(9.27168749003914,121.988885672876,77.6267692736438));
#5534=CARTESIAN_POINT('Ctrl Pts',(10.9431925516436,111.426478008363,106.017091964345));
#5535=CARTESIAN_POINT('Ctrl Pts',(12.0273972134486,105.581374759956,117.736221967222));
#5536=CARTESIAN_POINT('Ctrl Pts',(13.6451449823673,98.667919379114,135.257213245811));
#5537=CARTESIAN_POINT('Ctrl Pts',(13.7291743707101,96.6450470449432,140.360567750152));
#5538=CARTESIAN_POINT('Ctrl Pts',(16.4053995728236,91.6899488782101,153.968580540738));
#5539=CARTESIAN_POINT('Ctrl Pts',(21.2508894845485,89.2930317520792,159.491273126096));
#5540=CARTESIAN_POINT('Ctrl Pts',(29.0057195021994,87.6718591732629,172.955725971836));
#5541=CARTESIAN_POINT('Ctrl Pts',(33.2325002111265,88.0800806292528,178.856624818664));
#5542=CARTESIAN_POINT('Ctrl Pts',(37.6816396362142,89.1854094755105,184.843563706134));
#5543=CARTESIAN_POINT('Ctrl Pts',(7.95907863232664,131.872974567027,44.616625764607));
#5544=CARTESIAN_POINT('Ctrl Pts',(8.31915698437426,126.838835648389,61.6678013184906));
#5545=CARTESIAN_POINT('Ctrl Pts',(8.92829572604716,121.598252892117,77.5180203986041));
#5546=CARTESIAN_POINT('Ctrl Pts',(10.5984090531086,110.997997688851,106.026217691845));
#5547=CARTESIAN_POINT('Ctrl Pts',(11.6975409424964,105.188275998738,117.690039014075));
#5548=CARTESIAN_POINT('Ctrl Pts',(13.3275599428951,98.2894509587898,135.212749748098));
#5549=CARTESIAN_POINT('Ctrl Pts',(13.4132626676072,96.2710649625121,140.309959446271));
#5550=CARTESIAN_POINT('Ctrl Pts',(16.1065677525087,91.3284505333557,153.940552542499));
#5551=CARTESIAN_POINT('Ctrl Pts',(20.9804102021876,88.9334987681341,159.548781734912));
#5552=CARTESIAN_POINT('Ctrl Pts',(28.7753926925411,87.3351488958008,173.083014499579));
#5553=CARTESIAN_POINT('Ctrl Pts',(33.025602259377,87.7621128604633,179.010601166563));
#5554=CARTESIAN_POINT('Ctrl Pts',(37.4967818821665,88.8865346782023,185.018945549537));
#5555=CARTESIAN_POINT('Ctrl Pts',(7.7195277124992,131.675123568045,44.2972117924617));
#5556=CARTESIAN_POINT('Ctrl Pts',(8.06470668535982,126.578984499343,61.4905532779508));
#5557=CARTESIAN_POINT('Ctrl Pts',(8.66611336553127,121.299979748931,77.4349819919537));
#5558=CARTESIAN_POINT('Ctrl Pts',(10.3351746798829,110.670823190394,106.033179805429));
#5559=CARTESIAN_POINT('Ctrl Pts',(11.4341368759008,104.897395186014,117.658389909445));
#5560=CARTESIAN_POINT('Ctrl Pts',(13.0893298356221,97.9970702256257,135.177470555695));
#5561=CARTESIAN_POINT('Ctrl Pts',(13.1863117202773,95.974091347321,140.266860283464));
#5562=CARTESIAN_POINT('Ctrl Pts',(15.9024959886405,91.0331192364847,153.911617114963));
#5563=CARTESIAN_POINT('Ctrl Pts',(20.7774397793812,88.6561343547689,159.591583000528));
#5564=CARTESIAN_POINT('Ctrl Pts',(28.5967075072892,87.080315607396,173.181088103899));
#5565=CARTESIAN_POINT('Ctrl Pts',(32.8647872207061,87.5215977064787,179.129045016868));
#5566=CARTESIAN_POINT('Ctrl Pts',(37.3534854961752,88.6600379353368,185.15351003946));
#5567=CARTESIAN_POINT('Ctrl Pts',(7.38515203624218,131.398954940967,43.8513602264679));
#5568=CARTESIAN_POINT('Ctrl Pts',(7.70949953539412,126.216288545115,61.2431520471091));
#5569=CARTESIAN_POINT('Ctrl Pts',(8.30012225443146,120.883652000146,77.3190808350666));
#5570=CARTESIAN_POINT('Ctrl Pts',(9.96769403828002,110.214159978886,106.042909542624));
#5571=CARTESIAN_POINT('Ctrl Pts',(11.0486994729907,104.502262859404,117.619008177653));
#5572=CARTESIAN_POINT('Ctrl Pts',(12.7632214057811,97.5849946944612,135.126487782607));
#5573=CARTESIAN_POINT('Ctrl Pts',(12.8912553969166,95.5462074782276,140.200827236958));
#5574=CARTESIAN_POINT('Ctrl Pts',(15.6544480814485,90.5982778240493,153.861283639104));
#5575=CARTESIAN_POINT('Ctrl Pts',(20.4995227930115,88.2656603011492,159.649866754356));
#5576=CARTESIAN_POINT('Ctrl Pts',(28.3429697527117,86.7272625443877,173.319149578929));
#5577=CARTESIAN_POINT('Ctrl Pts',(32.6359614915676,87.1885420994916,179.295532638784));
#5578=CARTESIAN_POINT('Ctrl Pts',(37.1501881843203,88.3458893945627,185.342202716778));
#5579=CARTESIAN_POINT('Ctrl Pts',(7.29032754752697,131.320637224001,43.7249226871167));
#5580=CARTESIAN_POINT('Ctrl Pts',(7.60880025545165,126.113418127068,61.1729836723822));
#5581=CARTESIAN_POINT('Ctrl Pts',(8.19635673739579,120.765573169914,77.2862056686209));
#5582=CARTESIAN_POINT('Ctrl Pts',(9.86352745103614,110.084635940857,106.045657095334));
#5583=CARTESIAN_POINT('Ctrl Pts',(10.937470352851,104.391392017506,117.608359907245));
#5584=CARTESIAN_POINT('Ctrl Pts',(12.6715222862133,97.4676758638977,135.111823019614));
#5585=CARTESIAN_POINT('Ctrl Pts',(12.8099778096504,95.4234388166295,140.181449208496));
#5586=CARTESIAN_POINT('Ctrl Pts',(15.5884812750341,90.4722853438801,153.84586097413));
#5587=CARTESIAN_POINT('Ctrl Pts',(20.4230692050469,88.1532375154737,159.665964704484));
#5588=CARTESIAN_POINT('Ctrl Pts',(28.2726989081531,86.6257918296498,173.358102306985));
#5589=CARTESIAN_POINT('Ctrl Pts',(32.5723543522598,87.0930499466241,179.342606296794));
#5590=CARTESIAN_POINT('Ctrl Pts',(37.0934354670428,88.2560661027597,185.395617394156));
#5591=CARTESIAN_POINT('Ctrl Pts',(6.63550991905053,130.77980834594,42.851798761645));
#5592=CARTESIAN_POINT('Ctrl Pts',(6.91308261098087,125.403186909391,60.6885185725183));
#5593=CARTESIAN_POINT('Ctrl Pts',(7.47954539573346,119.950310779876,77.0592563204191));
#5594=CARTESIAN_POINT('Ctrl Pts',(9.14371183688134,109.19041423289,106.064753624968));
#5595=CARTESIAN_POINT('Ctrl Pts',(10.1545807671984,103.633859369908,117.538602644044));
#5596=CARTESIAN_POINT('Ctrl Pts',(12.0428474528627,96.6548684591905,135.009359243898));
#5597=CARTESIAN_POINT('Ctrl Pts',(12.2648374513635,94.5666695293853,140.043399432898));
#5598=CARTESIAN_POINT('Ctrl Pts',(15.1633721363207,89.5850175385503,153.731668232315));
#5599=CARTESIAN_POINT('Ctrl Pts',(19.9114870427382,87.3659820612296,159.774125946583));
#5600=CARTESIAN_POINT('Ctrl Pts',(27.7993088873802,85.9162544232979,173.62555577357));
#5601=CARTESIAN_POINT('Ctrl Pts',(32.1420489452113,86.4268056404412,179.666593234167));
#5602=CARTESIAN_POINT('Ctrl Pts',(36.7078590007765,87.6309388087359,185.763713074985));
#5603=CARTESIAN_POINT('Ctrl Pts',(6.07551947310345,130.31729569351,42.1051123412581));
#5604=CARTESIAN_POINT('Ctrl Pts',(6.30015577379308,124.81034800912,60.2798458979462));
#5605=CARTESIAN_POINT('Ctrl Pts',(6.84856252313586,119.26762300849,76.870808349238));
#5606=CARTESIAN_POINT('Ctrl Pts',(8.54628911999628,108.411400180558,106.075456055751));
#5607=CARTESIAN_POINT('Ctrl Pts',(9.57462795440164,102.896195024862,117.446836730779));
#5608=CARTESIAN_POINT('Ctrl Pts',(11.6124635763244,95.8809574545151,134.889817486352));
#5609=CARTESIAN_POINT('Ctrl Pts',(11.9074159133635,93.769536035167,139.896036421384));
#5610=CARTESIAN_POINT('Ctrl Pts',(14.9070306370519,88.7797902739906,153.610436262271));
#5611=CARTESIAN_POINT('Ctrl Pts',(19.5584918552707,86.6370783209847,159.851131119918));
#5612=CARTESIAN_POINT('Ctrl Pts',(27.4548696677501,85.2644396385733,173.846402968584));
#5613=CARTESIAN_POINT('Ctrl Pts',(31.8199044506546,85.8222265682391,179.938048658782));
#5614=CARTESIAN_POINT('Ctrl Pts',(36.4103382504746,87.0717178153954,186.074606892533));
#5615=CARTESIAN_POINT('Ctrl Pts',(4.73452788549486,129.209747819632,40.3170620381717));
#5616=CARTESIAN_POINT('Ctrl Pts',(4.777636035189,123.412350555508,59.3133289528973));
#5617=CARTESIAN_POINT('Ctrl Pts',(5.2826329487925,117.654646840727,76.4317031635807));
#5618=CARTESIAN_POINT('Ctrl Pts',(7.16359666482969,106.527227191827,106.090605193551));
#5619=CARTESIAN_POINT('Ctrl Pts',(8.45365663430903,100.98999405531,117.160358108552));
#5620=CARTESIAN_POINT('Ctrl Pts',(10.8826454910423,93.9218242923099,134.540201628226));
#5621=CARTESIAN_POINT('Ctrl Pts',(11.3458651826801,91.7871598729037,139.487672248689));
#5622=CARTESIAN_POINT('Ctrl Pts',(14.5700849418195,86.8135449558348,153.276001968334));
#5623=CARTESIAN_POINT('Ctrl Pts',(18.9390388900716,84.8101160899868,159.99327357196));
#5624=CARTESIAN_POINT('Ctrl Pts',(26.7918352460191,83.627655253671,174.344078684612));
#5625=CARTESIAN_POINT('Ctrl Pts',(31.1710279944328,84.314781707421,180.564268723739));
#5626=CARTESIAN_POINT('Ctrl Pts',(35.7842461495591,85.6901937522512,186.802214504795));
#5627=CARTESIAN_POINT('Ctrl Pts',(3.95356640715677,128.564690374599,39.275697391992));
#5628=CARTESIAN_POINT('Ctrl Pts',(4.00593816138045,122.488915000437,58.7105541209967));
#5629=CARTESIAN_POINT('Ctrl Pts',(4.56255675506695,116.54468838016,76.1121265700305));
#5630=CARTESIAN_POINT('Ctrl Pts',(6.62649348240532,105.233282248358,106.01969944725));
#5631=CARTESIAN_POINT('Ctrl Pts',(8.04268811567049,99.7494979018084,116.932298790384));
#5632=CARTESIAN_POINT('Ctrl Pts',(10.6978375199764,92.7011233696726,134.287089808607));
#5633=CARTESIAN_POINT('Ctrl Pts',(11.2611030928705,90.5735671910678,139.204513083895));
#5634=CARTESIAN_POINT('Ctrl Pts',(14.6012530628951,85.6385332620661,153.045282770811));
#5635=CARTESIAN_POINT('Ctrl Pts',(18.7632356660935,83.6799602685274,160.041468755949));
#5636=CARTESIAN_POINT('Ctrl Pts',(26.5376806527382,82.6125203968005,174.608381594367));
#5637=CARTESIAN_POINT('Ctrl Pts',(30.8932328256634,83.3881808697048,180.909449839086));
#5638=CARTESIAN_POINT('Ctrl Pts',(35.4900629099166,84.85106496472,187.212167815715));
#5639=CARTESIAN_POINT('Ctrl Pts',(2.62462940140083,127.467189192077,37.5038088280814));
#5640=CARTESIAN_POINT('Ctrl Pts',(2.95186449971814,120.835582201554,57.6325054721792));
#5641=CARTESIAN_POINT('Ctrl Pts',(3.76121266409561,114.535777546574,75.4857004238146));
#5642=CARTESIAN_POINT('Ctrl Pts',(6.27482247625019,102.921363296392,105.800616985428));
#5643=CARTESIAN_POINT('Ctrl Pts',(7.81487501761157,97.6038545856363,116.474730578836));
#5644=CARTESIAN_POINT('Ctrl Pts',(10.8178494910696,90.6595591256072,133.80770666405));
#5645=CARTESIAN_POINT('Ctrl Pts',(11.5413776246138,88.5760673299325,138.683636152467));
#5646=CARTESIAN_POINT('Ctrl Pts',(15.0346400894256,83.7345503548917,152.622339581889));
#5647=CARTESIAN_POINT('Ctrl Pts',(18.7956980267931,81.7531438239373,160.059967061381));
#5648=CARTESIAN_POINT('Ctrl Pts',(26.3483391875294,80.8485797194078,174.993852037952));
#5649=CARTESIAN_POINT('Ctrl Pts',(30.6056797892298,81.7798522975778,181.445616919405));
#5650=CARTESIAN_POINT('Ctrl Pts',(35.1199914224962,83.4004949705824,187.873201561156));
#5651=CARTESIAN_POINT('Ctrl Pts',(2.0770046842724,127.014550427399,36.773279654222));
#5652=CARTESIAN_POINT('Ctrl Pts',(2.59141214029667,120.131272986242,57.1731713393467));
#5653=CARTESIAN_POINT('Ctrl Pts',(3.55231766261902,113.674154308688,75.2039410572422));
#5654=CARTESIAN_POINT('Ctrl Pts',(6.29078292918058,101.938041156798,105.682342252093));
#5655=CARTESIAN_POINT('Ctrl Pts',(7.85601088087484,96.710168336489,116.266357880527));
#5656=CARTESIAN_POINT('Ctrl Pts',(10.9917559343489,89.8287753067835,133.596278815416));
#5657=CARTESIAN_POINT('Ctrl Pts',(11.7784657884361,87.7725704894321,138.457863559757));
#5658=CARTESIAN_POINT('Ctrl Pts',(15.322243974104,82.977413584814,152.43938160541));
#5659=CARTESIAN_POINT('Ctrl Pts',(18.9016531211998,80.9594174453597,160.049415587786));
#5660=CARTESIAN_POINT('Ctrl Pts',(26.342484826414,80.1096925636192,175.134157626646));
#5661=CARTESIAN_POINT('Ctrl Pts',(30.550157521586,81.1024000964281,181.651611326516));
#5662=CARTESIAN_POINT('Ctrl Pts',(35.0221014935797,82.7865473615583,188.134684679511));
#5663=CARTESIAN_POINT('Ctrl Pts',(0.703215622287722,125.881076460736,34.9426316243988));
#5664=CARTESIAN_POINT('Ctrl Pts',(1.88454751568061,118.367784773826,55.996828445425));
#5665=CARTESIAN_POINT('Ctrl Pts',(3.34770190495018,111.52645603651,74.4589098927323));
#5666=CARTESIAN_POINT('Ctrl Pts',(6.74412163780456,99.5196903017487,105.342599959503));
#5667=CARTESIAN_POINT('Ctrl Pts',(8.29274837275825,94.5447747371915,115.717479296874));
#5668=CARTESIAN_POINT('Ctrl Pts',(11.7220516688828,87.8584770313445,133.053341759812));
#5669=CARTESIAN_POINT('Ctrl Pts',(12.6542124113269,85.8899377865683,137.886539023146));
#5670=CARTESIAN_POINT('Ctrl Pts',(16.2889418835932,81.217678219005,151.976768309133));
#5671=CARTESIAN_POINT('Ctrl Pts',(19.3917492911133,79.0263871714899,159.978440509507));
#5672=CARTESIAN_POINT('Ctrl Pts',(26.5102452193942,78.2662410217357,175.430580836187));
#5673=CARTESIAN_POINT('Ctrl Pts',(30.5716989494373,79.3988049375797,182.120834258037));
#5674=CARTESIAN_POINT('Ctrl Pts',(34.9169250939058,81.2319963005247,188.753380634049));
#5675=CARTESIAN_POINT('Ctrl Pts',(0.186037982941529,124.954551746472,33.7657610815841));
#5676=CARTESIAN_POINT('Ctrl Pts',(1.79216269066141,117.189797439216,55.2291912332912));
#5677=CARTESIAN_POINT('Ctrl Pts',(3.56632216595983,110.209256129793,73.9636604977537));
#5678=CARTESIAN_POINT('Ctrl Pts',(7.34641247326516,98.149473268188,105.111265556905));
#5679=CARTESIAN_POINT('Ctrl Pts',(8.859673130296,93.3134952621506,115.363759333479));
#5680=CARTESIAN_POINT('Ctrl Pts',(12.4292798568651,86.7780855338664,132.715552743563));
#5681=CARTESIAN_POINT('Ctrl Pts',(13.4369508445113,84.8796773009001,137.538582677841));
#5682=CARTESIAN_POINT('Ctrl Pts',(17.0935700394797,80.2869076148512,151.695356589071));
#5683=CARTESIAN_POINT('Ctrl Pts',(19.8905590933723,77.9164559380442,159.89532909972));
#5684=CARTESIAN_POINT('Ctrl Pts',(26.7768903998841,77.1660412000615,175.558415790437));
#5685=CARTESIAN_POINT('Ctrl Pts',(30.7306371185128,78.36979134421,182.359999794775));
#5686=CARTESIAN_POINT('Ctrl Pts',(34.9810239765494,80.2833366933559,189.091865241824));
#5687=CARTESIAN_POINT('Ctrl Pts',(0.00120034872372434,123.597107298721,
32.3437159535823));
#5688=CARTESIAN_POINT('Ctrl Pts',(2.11841852771641,115.700099248746,54.2843237428342));
#5689=CARTESIAN_POINT('Ctrl Pts',(4.25772956251097,108.670051744963,73.3391849021019));
#5690=CARTESIAN_POINT('Ctrl Pts',(8.46376863977313,96.676791041187,104.805033690332));
#5691=CARTESIAN_POINT('Ctrl Pts',(9.90873901320237,91.9755383348548,114.922731626045));
#5692=CARTESIAN_POINT('Ctrl Pts',(13.6014747608237,85.6499259767285,132.306109688367));
#5693=CARTESIAN_POINT('Ctrl Pts',(14.683991398302,83.8551971656625,137.124915367815));
#5694=CARTESIAN_POINT('Ctrl Pts',(18.3300588141255,79.3493020931906,151.359757092055));
#5695=CARTESIAN_POINT('Ctrl Pts',(20.7547754896555,76.6429803065482,159.742680710999));
#5696=CARTESIAN_POINT('Ctrl Pts',(27.3204579229292,75.8261046259618,175.648592740792));
#5697=CARTESIAN_POINT('Ctrl Pts',(31.1160700113231,77.0932214783116,182.600901130706));
#5698=CARTESIAN_POINT('Ctrl Pts',(35.2236550055749,79.0873307823329,189.47229323742));
#5699=CARTESIAN_POINT('Ctrl Pts',(-0.0101532684299771,123.284716773654,
32.0329072962013));
#5700=CARTESIAN_POINT('Ctrl Pts',(2.21863277563863,115.369803889794,54.0766849862334));
#5701=CARTESIAN_POINT('Ctrl Pts',(4.43699434829158,108.336868069064,73.200999859195));
#5702=CARTESIAN_POINT('Ctrl Pts',(8.73369457579366,96.366676936932,104.736356586562));
#5703=CARTESIAN_POINT('Ctrl Pts',(10.1715557039901,91.7041747445208,114.826771061019));
#5704=CARTESIAN_POINT('Ctrl Pts',(13.8752153637533,85.4107550259291,132.216033060187));
#5705=CARTESIAN_POINT('Ctrl Pts',(14.9648132432506,83.630128012698,137.033289353636));
#5706=CARTESIAN_POINT('Ctrl Pts',(18.5981136084848,79.1329866946551,151.283899722949));
#5707=CARTESIAN_POINT('Ctrl Pts',(20.9581949161951,76.3655785993735,159.705466686309));
#5708=CARTESIAN_POINT('Ctrl Pts',(27.4564466694602,75.5352801997991,175.664383515119));
#5709=CARTESIAN_POINT('Ctrl Pts',(31.2155679767358,76.8146759069068,182.650702987526));
#5710=CARTESIAN_POINT('Ctrl Pts',(35.2895326855616,78.8245952627456,189.553774561597));
#5711=CARTESIAN_POINT('Ctrl Pts',(0.0379026007867945,122.472987942418,31.266198769454));
#5712=CARTESIAN_POINT('Ctrl Pts',(2.54199695056375,114.543326944342,53.5613775653729));
#5713=CARTESIAN_POINT('Ctrl Pts',(4.95397275052835,107.52326138931,72.8553164730967));
#5714=CARTESIAN_POINT('Ctrl Pts',(9.46859322266501,95.6321493765915,104.56181958702));
#5715=CARTESIAN_POINT('Ctrl Pts',(10.9060773674955,91.0915281650198,114.59162059548));
#5716=CARTESIAN_POINT('Ctrl Pts',(14.6002074092181,84.8382620146246,131.991236105378));
#5717=CARTESIAN_POINT('Ctrl Pts',(15.6862674556495,83.0680351522679,136.802095870926));
#5718=CARTESIAN_POINT('Ctrl Pts',(19.2639952917439,78.5630538789418,151.08734783342));
#5719=CARTESIAN_POINT('Ctrl Pts',(21.5022494945604,75.6794481875888,159.602381344986));
#5720=CARTESIAN_POINT('Ctrl Pts',(27.8384653729315,74.8189086356591,175.6932615376));
#5721=CARTESIAN_POINT('Ctrl Pts',(31.5020492264104,76.1244409093409,182.767129095831));
#5722=CARTESIAN_POINT('Ctrl Pts',(35.4859998668979,78.168345897458,189.752412753517));
#5723=CARTESIAN_POINT('Ctrl Pts',(0.138965481541658,121.964229538976,30.8230783381441));
#5724=CARTESIAN_POINT('Ctrl Pts',(2.8085308034143,114.061615046185,53.2613291384906));
#5725=CARTESIAN_POINT('Ctrl Pts',(5.33094077707571,107.06837844527,72.6517582121452));
#5726=CARTESIAN_POINT('Ctrl Pts',(9.95311412021891,95.2288357844636,104.455052012104));
#5727=CARTESIAN_POINT('Ctrl Pts',(11.3559322909419,90.7233868755376,114.449252502701));
#5728=CARTESIAN_POINT('Ctrl Pts',(15.0380791952357,84.489510528796,131.854863354627));
#5729=CARTESIAN_POINT('Ctrl Pts',(16.1222137653571,82.725953978644,136.662375465024));
#5730=CARTESIAN_POINT('Ctrl Pts',(19.6708319173464,78.2192449359022,150.967259915292));
#5731=CARTESIAN_POINT('Ctrl Pts',(21.8567753432488,75.2806068076597,159.532412204795));
#5732=CARTESIAN_POINT('Ctrl Pts',(28.1037133907366,74.405623393105,175.700669805057));
#5733=CARTESIAN_POINT('Ctrl Pts',(31.706775941779,75.7222284778707,182.828585780814));
#5734=CARTESIAN_POINT('Ctrl Pts',(35.6323181975988,77.7811355875591,189.864977389877));
#5735=CARTESIAN_POINT('Ctrl Pts',(0.559606200692538,120.698969765844,29.8103602552906));
#5736=CARTESIAN_POINT('Ctrl Pts',(3.6225912033712,112.95223262826,52.5710396942725));
#5737=CARTESIAN_POINT('Ctrl Pts',(6.3950576301068,106.069180843558,72.1771998432042));
#5738=CARTESIAN_POINT('Ctrl Pts',(11.2253242896331,94.3553309532088,104.193255832329));
#5739=CARTESIAN_POINT('Ctrl Pts',(12.4767837505411,89.8254735875525,114.098781819398));
#5740=CARTESIAN_POINT('Ctrl Pts',(16.1168099761089,83.6245166603226,131.517325992281));
#5741=CARTESIAN_POINT('Ctrl Pts',(17.1963423190292,81.8785986894037,136.318099709956));
#5742=CARTESIAN_POINT('Ctrl Pts',(20.6832621672486,77.3767509460302,150.667982526984));
#5743=CARTESIAN_POINT('Ctrl Pts',(22.7882217763631,74.3485042737698,159.340378155714));
#5744=CARTESIAN_POINT('Ctrl Pts',(28.8346156766725,73.4497299101149,175.693372039247));
#5745=CARTESIAN_POINT('Ctrl Pts',(32.2831453658704,74.7803390337723,182.956766644798));
#5746=CARTESIAN_POINT('Ctrl Pts',(36.0556167984391,76.8597474016404,190.122929992926));
#5747=CARTESIAN_POINT('Ctrl Pts',(0.96045053120351,119.938631516161,29.2798849842563));
#5748=CARTESIAN_POINT('Ctrl Pts',(4.18130692289445,112.288223989876,52.1957848526327));
#5749=CARTESIAN_POINT('Ctrl Pts',(7.05235401213261,105.473173365999,71.9064088263952));
#5750=CARTESIAN_POINT('Ctrl Pts',(11.9588433886262,93.83637596065,104.02633563344));
#5751=CARTESIAN_POINT('Ctrl Pts',(13.1433444809062,89.2908956622293,113.890412677856));
#5752=CARTESIAN_POINT('Ctrl Pts',(16.7582320621955,83.1094906930359,131.316756127692));
#5753=CARTESIAN_POINT('Ctrl Pts',(17.8322026671923,81.3715339646736,136.114471462903));
#5754=CARTESIAN_POINT('Ctrl Pts',(21.29117432222,76.8805088208561,150.488282163275));
#5755=CARTESIAN_POINT('Ctrl Pts',(23.3889781195479,73.839048318665,159.211069905994));
#5756=CARTESIAN_POINT('Ctrl Pts',(29.3340624648445,72.9369776326477,175.668013172998));
#5757=CARTESIAN_POINT('Ctrl Pts',(32.6866216258449,74.2642757601569,183.013515133168));
#5758=CARTESIAN_POINT('Ctrl Pts',(36.3618421791034,76.3421233610801,190.258812532052));
#5759=CARTESIAN_POINT('Ctrl Pts',(2.05516814157745,118.436419719296,28.3915179438077));
#5760=CARTESIAN_POINT('Ctrl Pts',(5.4686944831581,110.950229164812,51.5235908275456));
#5761=CARTESIAN_POINT('Ctrl Pts',(8.4551176468312,104.252580804329,71.380379224405));
#5762=CARTESIAN_POINT('Ctrl Pts',(13.4356768116473,92.7532480002612,103.64923486986));
#5763=CARTESIAN_POINT('Ctrl Pts',(14.5226318756958,88.1861781510373,113.458994680934));
#5764=CARTESIAN_POINT('Ctrl Pts',(18.0857883266079,82.045311335993,130.90120000822));
#5765=CARTESIAN_POINT('Ctrl Pts',(19.1437367545642,80.3174620509228,135.694324305943));
#5766=CARTESIAN_POINT('Ctrl Pts',(22.5597265838747,75.8691590369364,150.111694897601));
#5767=CARTESIAN_POINT('Ctrl Pts',(24.7114584578943,72.9028819407832,158.911075956083));
#5768=CARTESIAN_POINT('Ctrl Pts',(30.4772453934251,72.0217514534954,175.571745577411));
#5769=CARTESIAN_POINT('Ctrl Pts',(33.6267980886108,73.3146372240144,183.089113418066));
#5770=CARTESIAN_POINT('Ctrl Pts',(37.0901746401271,75.3543244687851,190.503321943464));
#5771=CARTESIAN_POINT('Ctrl Pts',(2.76690771025193,117.699787063607,28.0481641269389));
#5772=CARTESIAN_POINT('Ctrl Pts',(6.20583979450442,110.278594225044,51.2334861997936));
#5773=CARTESIAN_POINT('Ctrl Pts',(9.2027826759633,103.628471007369,71.1275368175744));
#5774=CARTESIAN_POINT('Ctrl Pts',(14.1751411956071,92.1876928866745,103.437044368221));
#5775=CARTESIAN_POINT('Ctrl Pts',(15.2339260611999,87.6153610675249,113.236807165219));
#5776=CARTESIAN_POINT('Ctrl Pts',(18.7701343136809,81.4953196705579,130.687407806082));
#5777=CARTESIAN_POINT('Ctrl Pts',(19.8197707581516,79.7726718942117,135.478194270941));
#5778=CARTESIAN_POINT('Ctrl Pts',(23.2132481125133,75.3462796806852,149.918305709412));
#5779=CARTESIAN_POINT('Ctrl Pts',(25.3878199356614,72.4179898364022,158.759844923716));
#5780=CARTESIAN_POINT('Ctrl Pts',(31.0675446228984,71.5479929220358,175.522883541059));
#5781=CARTESIAN_POINT('Ctrl Pts',(34.121611848128,72.8230233454787,183.125238362469));
#5782=CARTESIAN_POINT('Ctrl Pts',(37.4863924407134,74.8438056681034,190.621724435107));
#5783=CARTESIAN_POINT('Ctrl Pts',(9.30476533747136,112.464873634603,26.388691714526));
#5784=CARTESIAN_POINT('Ctrl Pts',(12.5323189149253,105.223882395091,49.4490516366617));
#5785=CARTESIAN_POINT('Ctrl Pts',(15.3405584218413,98.7300185324915,69.2748895270558));
#5786=CARTESIAN_POINT('Ctrl Pts',(19.9888840238042,87.54635099587,101.563827460428));
#5787=CARTESIAN_POINT('Ctrl Pts',(20.9502491741373,83.0366216168514,111.448781936486));
#5788=CARTESIAN_POINT('Ctrl Pts',(24.2720568268305,77.0845906968393,128.96519250258));
#5789=CARTESIAN_POINT('Ctrl Pts',(25.2552965170439,75.4038382778028,133.736956110734));
#5790=CARTESIAN_POINT('Ctrl Pts',(28.4705806322445,71.1544570085479,148.357676404981));
#5791=CARTESIAN_POINT('Ctrl Pts',(30.8192622234705,68.5374654729623,157.536778320441));
#5792=CARTESIAN_POINT('Ctrl Pts',(35.8440444175114,67.7542612992902,175.108544824278));
#5793=CARTESIAN_POINT('Ctrl Pts',(38.1879750453182,68.8879689223925,183.369235091262));
#5794=CARTESIAN_POINT('Ctrl Pts',(40.8061275520963,70.7514360028825,191.512109101424));
#5795=CARTESIAN_POINT('Ctrl Pts',(15.0272000507759,107.881707698175,24.9350544420182));
#5796=CARTESIAN_POINT('Ctrl Pts',(18.0698453130378,100.798524168944,47.8861505833312));
#5797=CARTESIAN_POINT('Ctrl Pts',(20.7124033113314,94.4412852939303,67.6533026365724));
#5798=CARTESIAN_POINT('Ctrl Pts',(25.0765383597315,83.4825003077501,99.9249860910887));
#5799=CARTESIAN_POINT('Ctrl Pts',(25.951451979314,79.0271176881069,109.885456508923));
#5800=CARTESIAN_POINT('Ctrl Pts',(29.0847272736572,73.2218342230416,127.460135468163));
#5801=CARTESIAN_POINT('Ctrl Pts',(30.0096968089011,71.5776997337532,132.215355455357));
#5802=CARTESIAN_POINT('Ctrl Pts',(33.0678965024639,67.4828465560612,146.994988745771));
#5803=CARTESIAN_POINT('Ctrl Pts',(35.4017292243512,65.1203772557729,156.549571177741));
#5804=CARTESIAN_POINT('Ctrl Pts',(40.1453808482857,64.4421135055731,174.691679794866));
#5805=CARTESIAN_POINT('Ctrl Pts',(42.299376843586,65.49428668855,183.324704745336));
#5806=CARTESIAN_POINT('Ctrl Pts',(44.7013275083308,67.2644246721161,191.826010110822));
#5807=CARTESIAN_POINT('Ctrl Pts',(49.4054093763967,80.3512594934006,16.2055390469417));
#5808=CARTESIAN_POINT('Ctrl Pts',(51.3369352069011,74.2159122546849,38.4999450456001));
#5809=CARTESIAN_POINT('Ctrl Pts',(52.9859008863185,68.6799339394549,57.9113121939876));
#5810=CARTESIAN_POINT('Ctrl Pts',(55.6446530374332,59.072670930145,90.0769697882816));
#5811=CARTESIAN_POINT('Ctrl Pts',(56.0040323880935,54.9451393214827,100.488000335016));
#5812=CARTESIAN_POINT('Ctrl Pts',(58.0075160088066,50.0224005728734,118.410567474091));
#5813=CARTESIAN_POINT('Ctrl Pts',(58.5829239222679,48.598413696637,123.066050404837));
#5814=CARTESIAN_POINT('Ctrl Pts',(60.7010453017249,45.4331414838104,138.797680048872));
#5815=CARTESIAN_POINT('Ctrl Pts',(62.5582971099187,43.8794222155119,151.253132677277));
#5816=CARTESIAN_POINT('Ctrl Pts',(66.3365379008933,45.1360809662414,171.641957137704));
#5817=CARTESIAN_POINT('Ctrl Pts',(68.4042723123839,47.7255865376799,180.706348668691));
#5818=CARTESIAN_POINT('Ctrl Pts',(70.5584305444881,50.9115492114784,189.59263144395));
#5819=CARTESIAN_POINT('Ctrl Pts',(78.060462082237,57.4038659467254,8.92917155314341));
#5820=CARTESIAN_POINT('Ctrl Pts',(79.0658588985887,52.0585657911822,30.6762149036932));
#5821=CARTESIAN_POINT('Ctrl Pts',(79.8862566224091,47.206457429165,49.7916624510834));
#5822=CARTESIAN_POINT('Ctrl Pts',(81.1231725996261,38.7251849425789,81.8694795818652));
#5823=CARTESIAN_POINT('Ctrl Pts',(81.0522073469363,34.8700632537974,92.6569277775797));
#5824=CARTESIAN_POINT('Ctrl Pts',(82.1135205447337,30.6823430822849,110.870085228246));
#5825=CARTESIAN_POINT('Ctrl Pts',(82.3974789396975,29.4417537336411,115.442538286932));
#5826=CARTESIAN_POINT('Ctrl Pts',(83.7314382782388,27.0505457584251,131.968463142342));
#5827=CARTESIAN_POINT('Ctrl Pts',(85.1916913305729,26.1701807423204,146.842349299338));
#5828=CARTESIAN_POINT('Ctrl Pts',(88.1602620021517,29.0352896329465,169.108902817797));
#5829=CARTESIAN_POINT('Ctrl Pts',(89.7601227070177,32.7832458980058,178.748136404314));
#5830=CARTESIAN_POINT('Ctrl Pts',(91.5133358774502,37.0890573957733,188.061017497748));
#5831=CARTESIAN_POINT('Ctrl Pts',(108.579101359449,32.963642980758,1.17915337298841));
#5832=CARTESIAN_POINT('Ctrl Pts',(108.598143374903,28.4597886876665,22.343263300882));
#5833=CARTESIAN_POINT('Ctrl Pts',(108.536354742391,24.3372170725316,41.1429437978771));
#5834=CARTESIAN_POINT('Ctrl Pts',(108.259269498342,17.056120607214,73.126623824671));
#5835=CARTESIAN_POINT('Ctrl Pts',(107.730533802012,13.4926111154432,84.3139002239392));
#5836=CARTESIAN_POINT('Ctrl Pts',(107.788831295908,10.0887495730293,102.835762424832));
#5837=CARTESIAN_POINT('Ctrl Pts',(107.762461380601,9.04365489504175,107.319653426582));
#5838=CARTESIAN_POINT('Ctrl Pts',(108.261815414774,7.47815230336245,124.690511510645));
#5839=CARTESIAN_POINT('Ctrl Pts',(109.29943515694,7.31744028106761,142.138535776159));
#5840=CARTESIAN_POINT('Ctrl Pts',(111.409578719273,11.9005434755804,166.400175336904));
#5841=CARTESIAN_POINT('Ctrl Pts',(112.683162584368,16.4696377974303,176.835407997061));
#5842=CARTESIAN_POINT('Ctrl Pts',(114.093973760169,21.7659170587573,186.69249460518));
#5843=CARTESIAN_POINT('Ctrl Pts',(110.442597501731,31.4716394794524,0.706260889506679));
#5844=CARTESIAN_POINT('Ctrl Pts',(110.40136540829,27.0190879075613,21.834679228506));
#5845=CARTESIAN_POINT('Ctrl Pts',(110.285638085174,22.9408432465272,40.6150543534812));
#5846=CARTESIAN_POINT('Ctrl Pts',(109.916050858207,15.7328518358514,72.5929770922594));
#5847=CARTESIAN_POINT('Ctrl Pts',(109.359334899854,12.1869748081168,83.8048011095707));
#5848=CARTESIAN_POINT('Ctrl Pts',(109.356360553787,8.8308385002454,102.345592807407));
#5849=CARTESIAN_POINT('Ctrl Pts',(109.311038111773,7.79765809959512,106.824090252435));
#5850=CARTESIAN_POINT('Ctrl Pts',(109.759394757428,6.28240178644205,124.24664481552));
#5851=CARTESIAN_POINT('Ctrl Pts',(110.764721379171,6.15287496052812,141.86307305097));
#5852=CARTESIAN_POINT('Ctrl Pts',(112.833830968508,10.8625901053604,166.227121367053));
#5853=CARTESIAN_POINT('Ctrl Pts',(114.106569874076,15.5168861101054,176.679565390954));
#5854=CARTESIAN_POINT('Ctrl Pts',(115.514584823878,20.9078918986154,186.539390692205));
#5855=CARTESIAN_POINT('Ctrl Pts',(113.282418507137,29.1967685916201,-0.0155367779837621));
#5856=CARTESIAN_POINT('Ctrl Pts',(113.149504474506,24.8226780467282,21.0588448831199));
#5857=CARTESIAN_POINT('Ctrl Pts',(112.951793048755,20.812507947293,39.8100344853732));
#5858=CARTESIAN_POINT('Ctrl Pts',(112.441396777563,13.7163480524093,71.7793514386718));
#5859=CARTESIAN_POINT('Ctrl Pts',(111.842059702486,10.197610662886,83.028327655657));
#5860=CARTESIAN_POINT('Ctrl Pts',(111.745746868765,6.91444983965607,101.597844877928));
#5861=CARTESIAN_POINT('Ctrl Pts',(111.671544752567,5.89946687803183,106.068099665381));
#5862=CARTESIAN_POINT('Ctrl Pts',(112.042233920501,4.46108397429338,123.569275228987));
#5863=CARTESIAN_POINT('Ctrl Pts',(112.99564833415,4.35784954013629,141.458010821974));
#5864=CARTESIAN_POINT('Ctrl Pts',(115.00748236839,9.30075003485178,165.948793486687));
#5865=CARTESIAN_POINT('Ctrl Pts',(116.287121718964,14.140875465052,176.385780980956));
#5866=CARTESIAN_POINT('Ctrl Pts',(117.698662863719,19.7331303978039,186.207754102314));
#5867=CARTESIAN_POINT('Ctrl Pts',(114.406631443593,28.537189794118,-0.0661335341596267));
#5868=CARTESIAN_POINT('Ctrl Pts',(114.167902215096,24.1284063315413,20.8902884099563));
#5869=CARTESIAN_POINT('Ctrl Pts',(113.892743562203,20.1005831071386,39.5654963852636));
#5870=CARTESIAN_POINT('Ctrl Pts',(113.287414941309,13.0041718382823,71.4696334940446));
#5871=CARTESIAN_POINT('Ctrl Pts',(112.69591751613,9.51333808826232,82.761520663592));
#5872=CARTESIAN_POINT('Ctrl Pts',(112.56747688794,6.2551860333264,101.340918408888));
#5873=CARTESIAN_POINT('Ctrl Pts',(112.483340187604,5.24644831244281,105.808341097953));
#5874=CARTESIAN_POINT('Ctrl Pts',(112.827295749909,3.834412061504,123.33658523114));
#5875=CARTESIAN_POINT('Ctrl Pts',(113.762363863537,3.73614209610099,141.321871419698));
#5876=CARTESIAN_POINT('Ctrl Pts',(115.755248416391,8.76597708905348,165.851306933639));
#5877=CARTESIAN_POINT('Ctrl Pts',(117.03895562626,13.6809841348663,176.274855954451));
#5878=CARTESIAN_POINT('Ctrl Pts',(118.453166798011,19.3532246216699,186.075937902459));
#5879=CARTESIAN_POINT('Ctrl Pts',(115.72730387334,27.9981039934848,0.104470643980562));
#5880=CARTESIAN_POINT('Ctrl Pts',(115.341432959763,23.4468840828622,20.812459236235));
#5881=CARTESIAN_POINT('Ctrl Pts',(114.960953982146,19.331517261893,39.3264238917981));
#5882=CARTESIAN_POINT('Ctrl Pts',(114.231402597281,12.1705242440591,71.0852064904192));
#5883=CARTESIAN_POINT('Ctrl Pts',(113.657366699129,8.74277754756024,82.4607149782664));
#5884=CARTESIAN_POINT('Ctrl Pts',(113.492792098014,5.51290872621086,101.051278916214));
#5885=CARTESIAN_POINT('Ctrl Pts',(113.397470956976,4.51122070960125,105.515513789373));
#5886=CARTESIAN_POINT('Ctrl Pts',(113.711353215337,3.1289609136709,123.074231603983));
#5887=CARTESIAN_POINT('Ctrl Pts',(114.626037788719,3.03188310383648,141.17124133739));
#5888=CARTESIAN_POINT('Ctrl Pts',(116.597264840865,8.16814968464093,165.738614161457));
#5889=CARTESIAN_POINT('Ctrl Pts',(117.885049946538,13.1793000522485,176.139177103878));
#5890=CARTESIAN_POINT('Ctrl Pts',(119.301709390157,18.9535749775347,185.908779086042));
#5891=CARTESIAN_POINT('Ctrl Pts',(115.875920250624,27.9405420329779,0.126695521402545));
#5892=CARTESIAN_POINT('Ctrl Pts',(115.474886796934,23.373960920301,20.8055988588031));
#5893=CARTESIAN_POINT('Ctrl Pts',(115.083123770838,19.2487725387286,39.3005604028259));
#5894=CARTESIAN_POINT('Ctrl Pts',(114.339365649089,12.0795728425199,71.0420893636237));
#5895=CARTESIAN_POINT('Ctrl Pts',(113.76526373543,8.65676933103687,82.4271007814569));
#5896=CARTESIAN_POINT('Ctrl Pts',(113.596356255232,5.42970716730514,101.018867862974));
#5897=CARTESIAN_POINT('Ctrl Pts',(113.499862275029,4.42889514197481,105.482755585733));
#5898=CARTESIAN_POINT('Ctrl Pts',(113.81037462569,3.04995296667989,123.044882942896));
#5899=CARTESIAN_POINT('Ctrl Pts',(114.722761530766,2.95292833083539,141.15444132384));
#5900=CARTESIAN_POINT('Ctrl Pts',(116.691540259524,8.10119756375416,165.725997839536));
#5901=CARTESIAN_POINT('Ctrl Pts',(117.979785589636,13.1233282508751,176.123845780104));
#5902=CARTESIAN_POINT('Ctrl Pts',(119.396713975977,18.9092202317793,185.88979633233));
#5903=CARTESIAN_POINT('Ctrl Pts',(116.490525557069,27.7154386378713,0.231238101752672));
#5904=CARTESIAN_POINT('Ctrl Pts',(116.031712979238,23.0874119558466,20.7846977009801));
#5905=CARTESIAN_POINT('Ctrl Pts',(115.595849521919,18.9217007775429,39.1975404478359));
#5906=CARTESIAN_POINT('Ctrl Pts',(114.792404325784,11.7144004854898,70.8638033563746));
#5907=CARTESIAN_POINT('Ctrl Pts',(114.210507935635,8.30327659247225,82.2886312932192));
#5908=CARTESIAN_POINT('Ctrl Pts',(114.022627978364,5.0864074127995,100.885184560416));
#5909=CARTESIAN_POINT('Ctrl Pts',(113.9215682249,4.08962514519873,105.347696922484));
#5910=CARTESIAN_POINT('Ctrl Pts',(114.218194944565,2.72443295987382,122.923887781616));
#5911=CARTESIAN_POINT('Ctrl Pts',(115.121263230921,2.62740108681873,141.085348554403));
#5912=CARTESIAN_POINT('Ctrl Pts',(117.079996771101,7.82571648037741,165.673805377769));
#5913=CARTESIAN_POINT('Ctrl Pts',(118.370072820785,12.8936596976334,176.060042008959));
#5914=CARTESIAN_POINT('Ctrl Pts',(119.78806024642,18.7281009736314,185.810507565456));
#5915=CARTESIAN_POINT('Ctrl Pts',(116.961160675956,27.5734854385454,0.340974682346394));
#5916=CARTESIAN_POINT('Ctrl Pts',(116.470988188477,22.90406934639,20.786339831911));
#5917=CARTESIAN_POINT('Ctrl Pts',(116.007002695391,18.707718572353,39.128110923336));
#5918=CARTESIAN_POINT('Ctrl Pts',(115.15603893151,11.4615460844899,70.727569003145));
#5919=CARTESIAN_POINT('Ctrl Pts',(114.549747821072,8.03834894335785,82.1841136771364));
#5920=CARTESIAN_POINT('Ctrl Pts',(114.344932458768,4.82566447387544,100.783847732724));
#5921=CARTESIAN_POINT('Ctrl Pts',(114.240597723771,3.83204074533256,105.245648316419));
#5922=CARTESIAN_POINT('Ctrl Pts',(114.528488170171,2.47964912132512,122.831784872081));
#5923=CARTESIAN_POINT('Ctrl Pts',(115.433236837566,2.3943575586063,141.029489368978));
#5924=CARTESIAN_POINT('Ctrl Pts',(117.386726700031,7.63516059506276,165.629022149351));
#5925=CARTESIAN_POINT('Ctrl Pts',(118.675763826331,12.7362918668135,176.006294972465));
#5926=CARTESIAN_POINT('Ctrl Pts',(120.091546815684,18.605108088701,185.745060640668));
#5927=CARTESIAN_POINT('Ctrl Pts',(117.892355059908,27.3521194291046,0.616157803626831));
#5928=CARTESIAN_POINT('Ctrl Pts',(117.363368835163,22.6121924644973,20.8251164919139));
#5929=CARTESIAN_POINT('Ctrl Pts',(116.855895509688,18.3552125799917,39.0096931563596));
#5930=CARTESIAN_POINT('Ctrl Pts',(115.909932365512,11.010562936388,70.4582196765779));
#5931=CARTESIAN_POINT('Ctrl Pts',(115.225396562626,7.51757268634037,81.9775683397795));
#5932=CARTESIAN_POINT('Ctrl Pts',(114.982785774885,4.30587527383347,100.582440256096));
#5933=CARTESIAN_POINT('Ctrl Pts',(114.872002288447,3.31896429511418,105.043561860737));
#5934=CARTESIAN_POINT('Ctrl Pts',(115.145491469828,1.99745464896264,122.648206268162));
#5935=CARTESIAN_POINT('Ctrl Pts',(116.069051708817,1.96066232915526,140.912292876612));
#5936=CARTESIAN_POINT('Ctrl Pts',(118.016241208946,7.29573346699068,165.530602039685));
#5937=CARTESIAN_POINT('Ctrl Pts',(119.298859234649,12.4589156028515,175.88954708343));
#5938=CARTESIAN_POINT('Ctrl Pts',(120.704985237052,18.3907687650784,185.605049040055));
#5939=CARTESIAN_POINT('Ctrl Pts',(118.35256354273,27.2722848163204,0.781007733982461));
#5940=CARTESIAN_POINT('Ctrl Pts',(117.813465742867,22.4991440569095,20.8607828317096));
#5941=CARTESIAN_POINT('Ctrl Pts',(117.29012488514,18.2125197188027,38.9597519866297));
#5942=CARTESIAN_POINT('Ctrl Pts',(116.303982952753,10.8166760052958,70.3251851761228));
#5943=CARTESIAN_POINT('Ctrl Pts',(115.592601437998,7.29897872372742,81.8798870575239));
#5944=CARTESIAN_POINT('Ctrl Pts',(115.314233301176,4.06580615486241,100.484592909838));
#5945=CARTESIAN_POINT('Ctrl Pts',(115.18966254188,3.06945724283394,104.944201773977));
#5946=CARTESIAN_POINT('Ctrl Pts',(115.443629404227,1.74908144123502,122.555402164213));
#5947=CARTESIAN_POINT('Ctrl Pts',(116.392891847596,1.75983974110705,140.850909303107));
#5948=CARTESIAN_POINT('Ctrl Pts',(118.338676619332,7.14623909963003,165.47690856041));
#5949=CARTESIAN_POINT('Ctrl Pts',(119.616004994651,12.3385607788317,175.826642356279));
#5950=CARTESIAN_POINT('Ctrl Pts',(121.014749527312,18.299011211868,185.530621770127));
#5951=CARTESIAN_POINT('Ctrl Pts',(120.898813323613,26.9901019553348,1.84875383883498));
#5952=CARTESIAN_POINT('Ctrl Pts',(120.34662676276,22.0404369170794,21.152105241714));
#5953=CARTESIAN_POINT('Ctrl Pts',(119.770474658046,17.5885693903517,38.7319258210295));
#5954=CARTESIAN_POINT('Ctrl Pts',(118.597844806063,9.89475122477458,69.5923720053326));
#5955=CARTESIAN_POINT('Ctrl Pts',(117.798546117139,6.3036808587443,81.3657534264416));
#5956=CARTESIAN_POINT('Ctrl Pts',(117.240044559048,2.81762634890107,99.9494886314152));
#5957=CARTESIAN_POINT('Ctrl Pts',(116.98737669638,1.69043006209859,104.391244174053));
#5958=CARTESIAN_POINT('Ctrl Pts',(117.073770458205,0.29109601834572,122.021675883089));
#5959=CARTESIAN_POINT('Ctrl Pts',(118.248323410573,0.713098224316887,140.490618671162));
#5960=CARTESIAN_POINT('Ctrl Pts',(120.195787808342,6.41755802934628,165.151945678977));
#5961=CARTESIAN_POINT('Ctrl Pts',(121.432913852374,11.7618248649908,175.4479169757));
#5962=CARTESIAN_POINT('Ctrl Pts',(122.777713129591,17.8679233534755,185.086654649824));
#5963=CARTESIAN_POINT('Ctrl Pts',(122.811736510916,27.4416618569312,3.29839501108127));
#5964=CARTESIAN_POINT('Ctrl Pts',(122.449102181145,22.3902694395607,21.7474588376794));
#5965=CARTESIAN_POINT('Ctrl Pts',(121.971309023075,17.8133088622743,38.7538342693588));
#5966=CARTESIAN_POINT('Ctrl Pts',(120.814779122078,9.83035935814281,69.0427858831815));
#5967=CARTESIAN_POINT('Ctrl Pts',(119.915264996895,6.11818862410657,81.0469306688927));
#5968=CARTESIAN_POINT('Ctrl Pts',(119.182899249203,2.3279012356248,99.5843536786467));
#5969=CARTESIAN_POINT('Ctrl Pts',(118.85894325875,1.05757077342812,104.00610238618));
#5970=CARTESIAN_POINT('Ctrl Pts',(118.807524091836,-0.482415173135018,121.612581808152));
#5971=CARTESIAN_POINT('Ctrl Pts',(119.999942558123,0.274626615812241,140.142945422917));
#5972=CARTESIAN_POINT('Ctrl Pts',(121.835363212314,6.17387340923512,164.780492224563));
#5973=CARTESIAN_POINT('Ctrl Pts',(123.000025871117,11.6010532952012,175.0276578574));
#5974=CARTESIAN_POINT('Ctrl Pts',(124.268516348103,17.7846441878521,184.614264883968));
#5975=CARTESIAN_POINT('Ctrl Pts',(124.933191193565,29.2009951207757,6.13411197028675));
#5976=CARTESIAN_POINT('Ctrl Pts',(125.215209670724,24.1044202410137,23.1191718858511));
#5977=CARTESIAN_POINT('Ctrl Pts',(125.15818486306,19.3865705699122,39.1342279573874));
#5978=CARTESIAN_POINT('Ctrl Pts',(124.389387733882,10.9415882876224,68.4118718145899));
#5979=CARTESIAN_POINT('Ctrl Pts',(123.340164301018,6.96151849641591,80.7909079578906));
#5980=CARTESIAN_POINT('Ctrl Pts',(122.511030592531,2.57110905719577,99.2047168150816));
#5981=CARTESIAN_POINT('Ctrl Pts',(122.152682639762,1.0352393852988,103.587881869492));
#5982=CARTESIAN_POINT('Ctrl Pts',(121.96959695792,-0.845315004208702,121.079732109461));
#5983=CARTESIAN_POINT('Ctrl Pts',(123.017505841241,0.34781716078882,139.537738752589));
#5984=CARTESIAN_POINT('Ctrl Pts',(124.596011849873,6.40272148270605,164.017232520004));
#5985=CARTESIAN_POINT('Ctrl Pts',(125.616574526931,11.8852192040582,174.165069026959));
#5986=CARTESIAN_POINT('Ctrl Pts',(126.739934764792,18.1214392447823,183.659236252841));
#5987=CARTESIAN_POINT('Ctrl Pts',(125.833139932005,29.9420840450195,7.33194395963911));
#5988=CARTESIAN_POINT('Ctrl Pts',(126.294920270311,25.0147197604665,23.7533678909206));
#5989=CARTESIAN_POINT('Ctrl Pts',(126.368553933231,20.3586040174735,39.382905586512));
#5990=CARTESIAN_POINT('Ctrl Pts',(125.75588175053,11.8244458091705,68.2581918357468));
#5991=CARTESIAN_POINT('Ctrl Pts',(124.708592603413,7.66959600255684,80.772939683547));
#5992=CARTESIAN_POINT('Ctrl Pts',(123.901365210466,3.00487791026278,99.1215342516247));
#5993=CARTESIAN_POINT('Ctrl Pts',(123.555632323902,1.35192056320164,103.487304969112));
#5994=CARTESIAN_POINT('Ctrl Pts',(123.350363631653,-0.700794770832419,120.908563459584));
#5995=CARTESIAN_POINT('Ctrl Pts',(124.286016422091,0.633406614392567,139.281375593017));
#5996=CARTESIAN_POINT('Ctrl Pts',(125.73820062346,6.6995598770871,163.658255184394));
#5997=CARTESIAN_POINT('Ctrl Pts',(126.692365590317,12.1782870993101,173.759266217647));
#5998=CARTESIAN_POINT('Ctrl Pts',(127.750450612502,18.4119531781637,183.213500845806));
#5999=CARTESIAN_POINT('Ctrl Pts',(127.291112335265,31.1467014255614,9.27641612217828));
#6000=CARTESIAN_POINT('Ctrl Pts',(127.761412596814,26.6873545552525,24.8635160244687));
#6001=CARTESIAN_POINT('Ctrl Pts',(127.881714108119,22.2654563095329,39.9197816340072));
#6002=CARTESIAN_POINT('Ctrl Pts',(127.435016052929,13.7336051796073,68.1868879425814));
#6003=CARTESIAN_POINT('Ctrl Pts',(126.539791513928,9.26572808204218,80.8961924224969));
#6004=CARTESIAN_POINT('Ctrl Pts',(125.88604396953,4.17609336604783,99.1282635309557));
#6005=CARTESIAN_POINT('Ctrl Pts',(125.606880540133,2.34580235760155,103.467448770609));
#6006=CARTESIAN_POINT('Ctrl Pts',(125.447796245206,0.00250947292281369,
120.745876560971));
#6007=CARTESIAN_POINT('Ctrl Pts',(126.178697353014,1.47850323325082,138.89535038378));
#6008=CARTESIAN_POINT('Ctrl Pts',(127.45161449989,7.48047524726877,163.049113384319));
#6009=CARTESIAN_POINT('Ctrl Pts',(128.307778884975,12.9136059588816,173.064351040427));
#6010=CARTESIAN_POINT('Ctrl Pts',(129.268898388886,19.1056319211578,182.449279105442));
#6011=CARTESIAN_POINT('Ctrl Pts',(127.850362667664,31.6084882938419,10.0220039539695));
#6012=CARTESIAN_POINT('Ctrl Pts',(128.337240886387,27.3080119088738,25.2829623344568));
#6013=CARTESIAN_POINT('Ctrl Pts',(128.475751177287,22.9757116281692,40.1192219815838));
#6014=CARTESIAN_POINT('Ctrl Pts',(128.067219584185,14.4823851999151,68.1650143148609));
#6015=CARTESIAN_POINT('Ctrl Pts',(127.160726621191,9.97202231358403,80.975469960358));
#6016=CARTESIAN_POINT('Ctrl Pts',(126.578646298854,4.73624210903226,99.1649548825329));
#6017=CARTESIAN_POINT('Ctrl Pts',(126.339324072305,2.83804342466281,103.493190316597));
#6018=CARTESIAN_POINT('Ctrl Pts',(126.21696599608,0.381368170478851,120.710397981321));
#6019=CARTESIAN_POINT('Ctrl Pts',(126.86502237795,1.89205152607473,138.754527660271));
#6020=CARTESIAN_POINT('Ctrl Pts',(128.075564908156,7.85079140091032,162.809552244506));
#6021=CARTESIAN_POINT('Ctrl Pts',(128.896508640237,13.2568618965139,172.789331134741));
#6022=CARTESIAN_POINT('Ctrl Pts',(129.822532128341,19.4243148929462,182.146515829702));
#6023=CARTESIAN_POINT('Ctrl Pts',(128.56749566413,32.2008072349573,10.97824008004));
#6024=CARTESIAN_POINT('Ctrl Pts',(129.098983889291,28.0862002261422,25.813580600594));
#6025=CARTESIAN_POINT('Ctrl Pts',(129.260566207156,23.8689337679822,40.3678465219692));
#6026=CARTESIAN_POINT('Ctrl Pts',(128.855193014749,15.4622625760502,68.1442254714068));
#6027=CARTESIAN_POINT('Ctrl Pts',(127.818157870464,10.9649114381897,81.1150875920118));
#6028=CARTESIAN_POINT('Ctrl Pts',(127.339710220018,5.5674540013157,99.2543245010936));
#6029=CARTESIAN_POINT('Ctrl Pts',(127.170069705075,3.58777099303486,103.568518015263));
#6030=CARTESIAN_POINT('Ctrl Pts',(127.121792524889,0.9912715335765,120.701364623557));
#6031=CARTESIAN_POINT('Ctrl Pts',(127.66906518422,2.52276622902783,138.588084367407));
#6032=CARTESIAN_POINT('Ctrl Pts',(128.816739719199,8.40694847871776,162.501275257959));
#6033=CARTESIAN_POINT('Ctrl Pts',(129.598596407025,13.768366151112,172.432155512986));
#6034=CARTESIAN_POINT('Ctrl Pts',(130.484925245449,19.8944162577231,181.751569865597));
#6035=CARTESIAN_POINT('Ctrl Pts',(128.725435908458,32.3312516267596,11.1888331905108));
#6036=CARTESIAN_POINT('Ctrl Pts',(129.266769640066,28.2574148627109,25.9304407466762));
#6037=CARTESIAN_POINT('Ctrl Pts',(129.433470093968,24.0654812632711,40.4225797387039));
#6038=CARTESIAN_POINT('Ctrl Pts',(129.028797487425,15.6778168535975,68.1396109162627));
#6039=CARTESIAN_POINT('Ctrl Pts',(127.967224874629,11.178415946325,81.1440998318599));
#6040=CARTESIAN_POINT('Ctrl Pts',(127.505842939501,5.75207584456838,99.2745405101652));
#6041=CARTESIAN_POINT('Ctrl Pts',(127.348106404312,3.75842682481603,103.58705980308));
#6042=CARTESIAN_POINT('Ctrl Pts',(127.311909844289,1.13621084023517,120.702816308803));
#6043=CARTESIAN_POINT('Ctrl Pts',(127.841412906571,2.66776951027832,138.55232055898));
#6044=CARTESIAN_POINT('Ctrl Pts',(128.976311848178,8.53446675138416,162.433372143424));
#6045=CARTESIAN_POINT('Ctrl Pts',(129.749949356871,13.8853817959143,172.353229645368));
#6046=CARTESIAN_POINT('Ctrl Pts',(130.627855957827,20.0017482949778,181.664179195927));
#6047=CARTESIAN_POINT('Ctrl Pts',(128.883375595021,32.4616975852674,11.3994275355102));
#6048=CARTESIAN_POINT('Ctrl Pts',(129.43453539321,28.4287792838156,26.047300160296));
#6049=CARTESIAN_POINT('Ctrl Pts',(129.606322236726,24.2621767547636,40.4773315373341));
#6050=CARTESIAN_POINT('Ctrl Pts',(129.202348378233,15.8935849254549,68.1350262267825));
#6051=CARTESIAN_POINT('Ctrl Pts',(128.12072984932,11.3875900885563,81.1715528346284));
#6052=CARTESIAN_POINT('Ctrl Pts',(127.670288987613,5.93855638708865,99.2954120028848));
#6053=CARTESIAN_POINT('Ctrl Pts',(127.520797007931,3.9346069190581,103.607636414997));
#6054=CARTESIAN_POINT('Ctrl Pts',(127.492190549896,1.29131026886916,120.707737522002));
#6055=CARTESIAN_POINT('Ctrl Pts',(128.008647183645,2.81868053766762,138.517504841531));
#6056=CARTESIAN_POINT('Ctrl Pts',(129.13196149185,8.66680547002214,162.365511215181));
#6057=CARTESIAN_POINT('Ctrl Pts',(129.897798275975,14.0066712929023,172.274144247513));
#6058=CARTESIAN_POINT('Ctrl Pts',(130.76765726554,20.112756141585,181.576482070364));
#6059=CARTESIAN_POINT('',(128.883375595021,32.4616975852674,11.3994275355102));
#6060=CARTESIAN_POINT('Ctrl Pts',(128.883375595021,32.4616975852674,11.3994275355102));
#6061=CARTESIAN_POINT('Ctrl Pts',(129.43453539321,28.4287792838156,26.047300160296));
#6062=CARTESIAN_POINT('Ctrl Pts',(129.606322236726,24.2621767547636,40.4773315373341));
#6063=CARTESIAN_POINT('Ctrl Pts',(129.202348378233,15.8935849254549,68.1350262267825));
#6064=CARTESIAN_POINT('Ctrl Pts',(128.12072984932,11.3875900885563,81.1715528346284));
#6065=CARTESIAN_POINT('Ctrl Pts',(127.670288987613,5.93855638708865,99.2954120028848));
#6066=CARTESIAN_POINT('Ctrl Pts',(127.520797007931,3.9346069190581,103.607636414997));
#6067=CARTESIAN_POINT('Ctrl Pts',(127.492190549896,1.29131026886916,120.707737522002));
#6068=CARTESIAN_POINT('Ctrl Pts',(128.008647183645,2.81868053766762,138.517504841531));
#6069=CARTESIAN_POINT('Ctrl Pts',(129.131182197854,8.6627483609717,162.348966773397));
#6070=CARTESIAN_POINT('Ctrl Pts',(129.895402930494,13.9899716846006,172.243142419229));
#6071=CARTESIAN_POINT('Ctrl Pts',(130.763575862588,20.0841064866065,181.532822614268));
#6072=CARTESIAN_POINT('Ctrl Pts',(128.883375595021,32.4616975852674,11.3994275355102));
#6073=CARTESIAN_POINT('Ctrl Pts',(129.089839741212,32.6322209922304,11.6747236474576));
#6074=CARTESIAN_POINT('Ctrl Pts',(129.29630405781,32.8027443932909,11.9500198435312));
#6075=CARTESIAN_POINT('Ctrl Pts',(129.864320700768,33.2718819134915,12.7074042221068));
#6076=CARTESIAN_POINT('Ctrl Pts',(130.225873203758,33.5704960265174,13.1894924918107));
#6077=CARTESIAN_POINT('Ctrl Pts',(131.661054657045,34.7558432883568,15.1031398171217));
#6078=CARTESIAN_POINT('Ctrl Pts',(132.734687286357,35.6425763098641,16.5347006891059));
#6079=CARTESIAN_POINT('Ctrl Pts',(133.882500047522,36.5905797302416,18.0651754755481));
#6080=CARTESIAN_POINT('Ctrl Pts',(133.956684032317,36.6518499960056,18.1640912924672));
#6081=CARTESIAN_POINT('Ctrl Pts',(134.270419526161,36.9109711206737,18.5824212556496));
#6082=CARTESIAN_POINT('Ctrl Pts',(134.509971124963,37.1088219802842,18.9018354499447));
#6083=CARTESIAN_POINT('Ctrl Pts',(134.841063978741,37.382278912637,19.3433094217859));
#6084=CARTESIAN_POINT('Ctrl Pts',(134.932605294727,37.4578850067697,19.4653692523854));
#6085=CARTESIAN_POINT('Ctrl Pts',(135.555540976169,37.972380862004,20.2959813032556));
#6086=CARTESIAN_POINT('Ctrl Pts',(136.086934094157,38.4112717611325,21.0045339759617));
#6087=CARTESIAN_POINT('Ctrl Pts',(137.431212118992,39.5215306055106,22.7969630732252));
#6088=CARTESIAN_POINT('Ctrl Pts',(138.244059750603,40.1929207495438,23.8808414967271));
#6089=CARTESIAN_POINT('Ctrl Pts',(139.604884242072,41.3167532770242,25.6952432195644));
#6090=CARTESIAN_POINT('Ctrl Pts',(140.152510240053,41.7693917949726,26.4257728282947));
#6091=CARTESIAN_POINT('Ctrl Pts',(141.526301550469,42.9028653459578,28.2564216385113));
#6092=CARTESIAN_POINT('Ctrl Pts',(142.043483581305,43.8293892435467,29.4332937008574));
#6093=CARTESIAN_POINT('Ctrl Pts',(142.227672193512,45.1820710191298,30.850349233252));
#6094=CARTESIAN_POINT('Ctrl Pts',(142.239316319785,45.4893800322513,31.156352764061));
#6095=CARTESIAN_POINT('Ctrl Pts',(142.196401239467,46.2519693688606,31.877824322926));
#6096=CARTESIAN_POINT('Ctrl Pts',(142.111446068507,46.7141612290803,32.284003191361));
#6097=CARTESIAN_POINT('Ctrl Pts',(141.723019181454,47.9826382914253,33.3168526770397));
#6098=CARTESIAN_POINT('Ctrl Pts',(141.304671465556,48.7964981941155,33.8903198786798));
#6099=CARTESIAN_POINT('Ctrl Pts',(140.174342807973,50.3475209472982,34.8075309240304));
#6100=CARTESIAN_POINT('Ctrl Pts',(139.462617737909,51.0841542951763,35.1508930640094));
#6101=CARTESIAN_POINT('Ctrl Pts',(132.924753834567,56.3190657752402,36.8103602641981));
#6102=CARTESIAN_POINT('Ctrl Pts',(127.202329731679,60.9022333433307,38.264004725585));
#6103=CARTESIAN_POINT('Ctrl Pts',(92.824120340086,88.4326627317596,46.9935017255228));
#6104=CARTESIAN_POINT('Ctrl Pts',(64.1690940749406,111.38009905868,54.269924909687));
#6105=CARTESIAN_POINT('Ctrl Pts',(33.6504141827818,135.820299914386,62.0199000919303));
#6106=CARTESIAN_POINT('Ctrl Pts',(31.7869355988362,137.312336989845,62.4928345975447));
#6107=CARTESIAN_POINT('Ctrl Pts',(28.9984312782811,139.546000532437,63.2014919771199));
#6108=CARTESIAN_POINT('Ctrl Pts',(27.9408052018357,140.177221494697,63.2595412323763));
#6109=CARTESIAN_POINT('Ctrl Pts',(26.6260610502301,140.737316724358,63.1125643643));
#6110=CARTESIAN_POINT('Ctrl Pts',(26.4157887964856,140.820604453875,63.0829196932058));
#6111=CARTESIAN_POINT('Ctrl Pts',(25.7454085997815,141.066136698925,62.968890858678));
#6112=CARTESIAN_POINT('Ctrl Pts',(25.2813410343905,141.206519267667,62.861085950119));
#6113=CARTESIAN_POINT('Ctrl Pts',(24.3500756255785,141.429550210132,62.5874899488892));
#6114=CARTESIAN_POINT('Ctrl Pts',(23.8833034857832,141.510941683926,62.4206969659535));
#6115=CARTESIAN_POINT('Ctrl Pts',(21.330690213369,141.793828945619,61.3502815900643));
#6116=CARTESIAN_POINT('Ctrl Pts',(19.4177637244753,141.34226984113,59.9006394540912));
#6117=CARTESIAN_POINT('Ctrl Pts',(17.3282090559236,139.609398910915,57.1075700764735));
#6118=CARTESIAN_POINT('Ctrl Pts',(16.4602453289195,138.894655728929,55.9523167370939));
#6119=CARTESIAN_POINT('Ctrl Pts',(15.0055508580437,137.692751838447,54.0122213411157));
#6120=CARTESIAN_POINT('Ctrl Pts',(14.4176206310108,137.207286960992,53.2284013170146));
#6121=CARTESIAN_POINT('Ctrl Pts',(13.4620688291932,136.418045840189,51.9542546938802));
#6122=CARTESIAN_POINT('Ctrl Pts',(13.094379712732,136.114368114098,51.4639885978418));
#6123=CARTESIAN_POINT('Ctrl Pts',(12.3651428714079,135.512070750158,50.4916313615249));
#6124=CARTESIAN_POINT('Ctrl Pts',(12.0035914853239,135.213456727024,50.0095437686773));
#6125=CARTESIAN_POINT('Ctrl Pts',(10.5684183521506,134.028107571573,48.095898984322));
#6126=CARTESIAN_POINT('Ctrl Pts',(9.49480614187205,133.141370371949,46.6643448060638));
#6127=CARTESIAN_POINT('Ctrl Pts',(8.34699786118695,132.193366008798,45.1338714630497));
#6128=CARTESIAN_POINT('Ctrl Pts',(8.27281373219989,132.132095773544,45.0349555998437));
#6129=CARTESIAN_POINT('Ctrl Pts',(7.95907863232664,131.872974567027,44.616625764607));
#6130=CARTESIAN_POINT('Ctrl Pts',(7.7195277124992,131.675123568045,44.2972117924617));
#6131=CARTESIAN_POINT('Ctrl Pts',(7.38515203624218,131.398954940967,43.8513602264679));
#6132=CARTESIAN_POINT('Ctrl Pts',(7.29032754752697,131.320637224001,43.7249226871167));
#6133=CARTESIAN_POINT('Ctrl Pts',(6.63550991905053,130.77980834594,42.851798761645));
#6134=CARTESIAN_POINT('Ctrl Pts',(6.07551947310345,130.31729569351,42.1051123412581));
#6135=CARTESIAN_POINT('Ctrl Pts',(4.73452788549486,129.209747819632,40.3170620381717));
#6136=CARTESIAN_POINT('Ctrl Pts',(3.95356640715677,128.564690374599,39.275697391992));
#6137=CARTESIAN_POINT('Ctrl Pts',(2.62462940140083,127.467189192077,37.5038088280814));
#6138=CARTESIAN_POINT('Ctrl Pts',(2.0770046842724,127.014550427399,36.773279654222));
#6139=CARTESIAN_POINT('Ctrl Pts',(0.703215622287722,125.881076460736,34.9426316243988));
#6140=CARTESIAN_POINT('Ctrl Pts',(0.186037982941529,124.954551746472,33.7657610815841));
#6141=CARTESIAN_POINT('Ctrl Pts',(0.00120034872372434,123.597107298721,
32.3437159535823));
#6142=CARTESIAN_POINT('Ctrl Pts',(-0.0101532684299771,123.284716773654,
32.0329072962013));
#6143=CARTESIAN_POINT('Ctrl Pts',(0.0379026007867945,122.472987942418,31.266198769454));
#6144=CARTESIAN_POINT('Ctrl Pts',(0.138965481541658,121.964229538976,30.8230783381441));
#6145=CARTESIAN_POINT('Ctrl Pts',(0.559606200692538,120.698969765844,29.8103602552906));
#6146=CARTESIAN_POINT('Ctrl Pts',(0.96045053120351,119.938631516161,29.2798849842563));
#6147=CARTESIAN_POINT('Ctrl Pts',(2.05516814157745,118.436419719296,28.3915179438077));
#6148=CARTESIAN_POINT('Ctrl Pts',(2.76690771025193,117.699787063607,28.0481641269389));
#6149=CARTESIAN_POINT('Ctrl Pts',(9.30476533747136,112.464873634603,26.388691714526));
#6150=CARTESIAN_POINT('Ctrl Pts',(15.0272000507759,107.881707698175,24.9350544420182));
#6151=CARTESIAN_POINT('Ctrl Pts',(49.4054093763967,80.3512594934006,16.2055390469417));
#6152=CARTESIAN_POINT('Ctrl Pts',(78.060462082237,57.4038659467254,8.92917155314341));
#6153=CARTESIAN_POINT('Ctrl Pts',(108.579101359449,32.963642980758,1.17915337298841));
#6154=CARTESIAN_POINT('Ctrl Pts',(110.442597501731,31.4716394794524,0.706260889506679));
#6155=CARTESIAN_POINT('Ctrl Pts',(113.282418507137,29.1967685916201,-0.0155367779837621));
#6156=CARTESIAN_POINT('Ctrl Pts',(114.406631443593,28.537189794118,-0.0661335341596267));
#6157=CARTESIAN_POINT('Ctrl Pts',(115.72730387334,27.9981039934848,0.104470643980562));
#6158=CARTESIAN_POINT('Ctrl Pts',(115.875920250624,27.9405420329779,0.126695521402545));
#6159=CARTESIAN_POINT('Ctrl Pts',(116.490525557069,27.7154386378713,0.231238101752672));
#6160=CARTESIAN_POINT('Ctrl Pts',(116.961160675956,27.5734854385454,0.340974682346394));
#6161=CARTESIAN_POINT('Ctrl Pts',(117.892355059908,27.3521194291046,0.616157803626831));
#6162=CARTESIAN_POINT('Ctrl Pts',(118.35256354273,27.2722848163204,0.781007733982461));
#6163=CARTESIAN_POINT('Ctrl Pts',(120.898813323613,26.9901019553348,1.84875383883498));
#6164=CARTESIAN_POINT('Ctrl Pts',(122.811736510916,27.4416618569312,3.29839501108127));
#6165=CARTESIAN_POINT('Ctrl Pts',(124.933191193565,29.2009951207757,6.13411197028675));
#6166=CARTESIAN_POINT('Ctrl Pts',(125.833139932005,29.9420840450195,7.33194395963911));
#6167=CARTESIAN_POINT('Ctrl Pts',(127.291112335265,31.1467014255614,9.27641612217828));
#6168=CARTESIAN_POINT('Ctrl Pts',(127.850362667664,31.6084882938419,10.0220039539695));
#6169=CARTESIAN_POINT('Ctrl Pts',(128.56749566413,32.2008072349573,10.97824008004));
#6170=CARTESIAN_POINT('Ctrl Pts',(128.725435908458,32.3312516267596,11.1888331905108));
#6171=CARTESIAN_POINT('Ctrl Pts',(128.883375595021,32.4616975852674,11.3994275355102));
#6172=CARTESIAN_POINT('',(121.87098680377,35.0333599800009,103.909644889505));
#6173=CARTESIAN_POINT('',(122.232781840831,27.9863360288842,123.135297050371));
#6174=CARTESIAN_POINT('Ctrl Pts',(121.87098680377,35.0333599800008,103.909644889505));
#6175=CARTESIAN_POINT('Ctrl Pts',(121.647210561166,33.5286255762334,107.052818351504));
#6176=CARTESIAN_POINT('Ctrl Pts',(121.301238548599,31.8836000463158,110.165200093516));
#6177=CARTESIAN_POINT('Ctrl Pts',(121.264258175406,29.930170980195,115.055846094202));
#6178=CARTESIAN_POINT('Ctrl Pts',(121.333914919771,28.780142083142,118.227269422712));
#6179=CARTESIAN_POINT('Ctrl Pts',(122.232781840831,27.9863360288842,123.135297050371));
#6180=CARTESIAN_POINT('',(102.481074005701,43.6914757803594,129.399598527204));
#6181=CARTESIAN_POINT('Ctrl Pts',(122.232781840831,27.9863360288842,123.135297050371));
#6182=CARTESIAN_POINT('Ctrl Pts',(115.639391360007,33.2017891568342,125.242380284714));
#6183=CARTESIAN_POINT('Ctrl Pts',(109.061759162219,38.4498289926439,127.317909313907));
#6184=CARTESIAN_POINT('Ctrl Pts',(102.481074005701,43.6914757803594,129.399598527204));
#6185=CARTESIAN_POINT('',(102.172678998865,50.841905807164,110.079457324316));
#6186=CARTESIAN_POINT('Ctrl Pts',(102.481074005701,43.6914757803594,129.399598527204));
#6187=CARTESIAN_POINT('Ctrl Pts',(101.642156285772,44.498533189836,124.649179409865));
#6188=CARTESIAN_POINT('Ctrl Pts',(101.578903562921,45.6725110602871,121.436814087993));
#6189=CARTESIAN_POINT('Ctrl Pts',(101.611330450825,47.6159683644912,116.557184792228));
#6190=CARTESIAN_POINT('Ctrl Pts',(101.950709001439,49.3017085952755,113.319334143038));
#6191=CARTESIAN_POINT('Ctrl Pts',(102.172678998865,50.841905807164,110.079457324316));
#6192=CARTESIAN_POINT('Ctrl Pts',(102.172678998865,50.841905807164,110.079457324316));
#6193=CARTESIAN_POINT('Ctrl Pts',(108.738783751904,45.5723917074674,108.022857034865));
#6194=CARTESIAN_POINT('Ctrl Pts',(115.304886359281,40.3028764348968,105.966252900237));
#6195=CARTESIAN_POINT('Ctrl Pts',(121.87098680377,35.0333599800009,103.909644889505));
#6196=CARTESIAN_POINT('',(51.6682431872951,91.3765691143523,125.891917485734));
#6197=CARTESIAN_POINT('',(51.5670666488446,84.3338926009914,143.62685053722));
#6198=CARTESIAN_POINT('Ctrl Pts',(51.6682431872951,91.3765691143523,125.891917485734));
#6199=CARTESIAN_POINT('Ctrl Pts',(51.4636394127091,89.8299220415176,129.203831772953));
#6200=CARTESIAN_POINT('Ctrl Pts',(51.1681045324532,88.137298549741,132.599448218335));
#6201=CARTESIAN_POINT('Ctrl Pts',(51.0900971044239,86.2195055902603,137.267604031153));
#6202=CARTESIAN_POINT('Ctrl Pts',(51.0966708024134,85.1225478311567,140.101344762036));
#6203=CARTESIAN_POINT('Ctrl Pts',(51.5670666488446,84.3338926009914,143.62685053722));
#6204=CARTESIAN_POINT('',(31.725596677257,99.8725401133198,150.031195027398));
#6205=CARTESIAN_POINT('Ctrl Pts',(51.5670666488445,84.3338926009914,143.62685053722));
#6206=CARTESIAN_POINT('Ctrl Pts',(43.7713021528155,90.5313723740359,146.095692618718));
#6207=CARTESIAN_POINT('Ctrl Pts',(42.7417324057992,91.3435217437421,146.425004926462));
#6208=CARTESIAN_POINT('Ctrl Pts',(35.908898276074,96.7823990350566,148.585345837533));
#6209=CARTESIAN_POINT('Ctrl Pts',(35.1720726512959,97.3772199494896,148.814035304118));
#6210=CARTESIAN_POINT('Ctrl Pts',(34.1366178829065,98.1938245055851,149.145326102769));
#6211=CARTESIAN_POINT('Ctrl Pts',(33.926730490444,98.3494204242249,149.21758280641));
#6212=CARTESIAN_POINT('Ctrl Pts',(33.0628783101951,99.0265391279507,149.496104124312));
#6213=CARTESIAN_POINT('Ctrl Pts',(32.9496427757918,99.1230976354427,149.528604182364));
#6214=CARTESIAN_POINT('Ctrl Pts',(32.4163767534747,99.5056482569579,149.718754779755));
#6215=CARTESIAN_POINT('Ctrl Pts',(32.0743348595176,99.7084273050986,149.862610094041));
#6216=CARTESIAN_POINT('Ctrl Pts',(31.7255966772569,99.8725401133196,150.031195027398));
#6217=CARTESIAN_POINT('',(31.9706831290432,107.185524065269,132.063070538118));
#6218=CARTESIAN_POINT('Ctrl Pts',(31.7255966772569,99.8725401133197,150.031195027398));
#6219=CARTESIAN_POINT('Ctrl Pts',(31.5260615638137,100.541206242871,147.678976760647));
#6220=CARTESIAN_POINT('Ctrl Pts',(31.3797867543447,101.358629008225,145.115538589899));
#6221=CARTESIAN_POINT('Ctrl Pts',(31.4631047678466,103.753002099076,139.24234531503));
#6222=CARTESIAN_POINT('Ctrl Pts',(31.7621415387801,105.541814878997,135.611279294272));
#6223=CARTESIAN_POINT('Ctrl Pts',(31.9706831290433,107.185524065269,132.063070538118));
#6224=CARTESIAN_POINT('Ctrl Pts',(31.9707248403376,107.185702556129,132.063147553928));
#6225=CARTESIAN_POINT('Ctrl Pts',(32.0801391154852,107.097640398005,132.028560448623));
#6226=CARTESIAN_POINT('Ctrl Pts',(32.2093071530866,106.99378307539,131.987709263749));
#6227=CARTESIAN_POINT('Ctrl Pts',(32.3637452290934,106.869659722518,131.939012216617));
#6228=CARTESIAN_POINT('Ctrl Pts',(32.426268845355,106.819408896525,131.919297418514));
#6229=CARTESIAN_POINT('Ctrl Pts',(32.4929339731229,106.765836288066,131.898296630834));
#6230=CARTESIAN_POINT('Ctrl Pts',(32.5641045015317,106.708643252753,131.875904495616));
#6231=CARTESIAN_POINT('Ctrl Pts',(32.5666951063688,106.706561428194,131.875089422648));
#6232=CARTESIAN_POINT('Ctrl Pts',(32.5692857158721,106.704479604374,131.874274373666));
#6233=CARTESIAN_POINT('Ctrl Pts',(32.5718763298557,106.702397781154,131.873459348454));
#6234=CARTESIAN_POINT('Ctrl Pts',(32.7193716088967,106.583870243418,131.827056305838));
#6235=CARTESIAN_POINT('Ctrl Pts',(32.8669563102712,106.465398536398,131.78076591207));
#6236=CARTESIAN_POINT('Ctrl Pts',(33.0145617923226,106.346954710926,131.734482196233));
#6237=CARTESIAN_POINT('Ctrl Pts',(33.3050949801953,106.113820672,131.643381545215));
#6238=CARTESIAN_POINT('Ctrl Pts',(33.5956272289372,105.880592051597,131.552477426042));
#6239=CARTESIAN_POINT('Ctrl Pts',(33.8861647124682,105.647412318002,131.461486214707));
#6240=CARTESIAN_POINT('Ctrl Pts',(34.3783108729667,105.252425381377,131.3073547245));
#6241=CARTESIAN_POINT('Ctrl Pts',(34.8704656796796,104.857438919176,131.153253288682));
#6242=CARTESIAN_POINT('Ctrl Pts',(35.3626241298211,104.462524605479,130.999068254543));
#6243=CARTESIAN_POINT('Ctrl Pts',(36.9386665082186,103.197887791777,130.505320462855));
#6244=CARTESIAN_POINT('Ctrl Pts',(38.5145962910186,101.932674403011,130.011980272357));
#6245=CARTESIAN_POINT('Ctrl Pts',(40.0906415060343,100.667978855535,129.51827174284));
#6246=CARTESIAN_POINT('Ctrl Pts',(43.9499241565987,97.5711022316177,128.309321171975));
#6247=CARTESIAN_POINT('Ctrl Pts',(47.8091647368988,94.4741318588337,127.100450073463));
#6248=CARTESIAN_POINT('Ctrl Pts',(51.6683777817474,91.3770927887182,125.891635437757));
#6249=CARTESIAN_POINT('',(127.653431982297,53.0877900689112,54.6334400869368));
#6250=CARTESIAN_POINT('',(127.256223281148,48.3998632825624,65.3844457759868));
#6251=CARTESIAN_POINT('Ctrl Pts',(127.653431982297,53.0877900689111,54.6334400869367));
#6252=CARTESIAN_POINT('Ctrl Pts',(127.61866082137,52.6623633993081,55.6131633197703));
#6253=CARTESIAN_POINT('Ctrl Pts',(127.583285784399,52.2358500064349,56.5937431660927));
#6254=CARTESIAN_POINT('Ctrl Pts',(127.472993953785,50.9205121947905,59.6139560994055));
#6255=CARTESIAN_POINT('Ctrl Pts',(127.418767862873,50.2927099005116,61.0504205498821));
#6256=CARTESIAN_POINT('Ctrl Pts',(127.309201611579,49.0172954744514,63.9705839102785));
#6257=CARTESIAN_POINT('Ctrl Pts',(127.282896617768,48.7107580911406,64.6725169381965));
#6258=CARTESIAN_POINT('Ctrl Pts',(127.256223281148,48.3998632825624,65.3844457759868));
#6259=CARTESIAN_POINT('',(104.538488066881,66.6668887114792,72.4711929171802));
#6260=CARTESIAN_POINT('Ctrl Pts',(127.256223281148,48.3998632825624,65.3844457759868));
#6261=CARTESIAN_POINT('Ctrl Pts',(119.68358661582,54.489140406383,67.746591117775));
#6262=CARTESIAN_POINT('Ctrl Pts',(112.111262942592,60.5779420146645,70.1087618238881));
#6263=CARTESIAN_POINT('Ctrl Pts',(104.538488066881,66.6668887114792,72.4711929171802));
#6264=CARTESIAN_POINT('',(104.879006405833,71.3089379185951,61.6566509514012));
#6265=CARTESIAN_POINT('Ctrl Pts',(104.538488066881,66.6668887114792,72.4711929171802));
#6266=CARTESIAN_POINT('Ctrl Pts',(104.665692546331,68.2534575656585,68.8095604830956));
#6267=CARTESIAN_POINT('Ctrl Pts',(104.780828260989,69.8010157402697,65.2093866049428));
#6268=CARTESIAN_POINT('Ctrl Pts',(104.879006405833,71.308937918595,61.6566509514011));
#6269=CARTESIAN_POINT('Ctrl Pts',(104.879006405833,71.3089379185951,61.6566509514011));
#6270=CARTESIAN_POINT('Ctrl Pts',(112.469264524995,65.235892927548,59.3153510960443));
#6271=CARTESIAN_POINT('Ctrl Pts',(120.062654957105,59.1606381669224,56.9736772307721));
#6272=CARTESIAN_POINT('Ctrl Pts',(127.653431982297,53.0877900689112,54.6334400869366));
#6273=CARTESIAN_POINT('',(82.352752602573,90.010840309318,67.0397636376347));
#6274=CARTESIAN_POINT('',(82.0835606950342,85.4142786938915,77.9656160327503));
#6275=CARTESIAN_POINT('Ctrl Pts',(82.3527526025731,90.0108403093179,67.0397636376347));
#6276=CARTESIAN_POINT('Ctrl Pts',(82.2876109019057,88.5498972060836,70.577617640608));
#6277=CARTESIAN_POINT('Ctrl Pts',(82.1989911405458,87.0344444202739,74.1802095132182));
#6278=CARTESIAN_POINT('Ctrl Pts',(82.0835606950342,85.4142786938914,77.9656160327503));
#6279=CARTESIAN_POINT('',(59.3598668117587,103.668862437969,85.0652223520853));
#6280=CARTESIAN_POINT('Ctrl Pts',(82.0835606950342,85.4142786938915,77.9656160327503));
#6281=CARTESIAN_POINT('Ctrl Pts',(74.509418605542,91.4989550460542,80.3319450415454));
#6282=CARTESIAN_POINT('Ctrl Pts',(66.9340945056487,97.5844238353926,82.6987189993055));
#6283=CARTESIAN_POINT('Ctrl Pts',(59.3598668117587,103.668862437969,85.0652223520853));
#6284=CARTESIAN_POINT('',(59.5705678644461,108.2347312573,74.0311440168241));
#6285=CARTESIAN_POINT('Ctrl Pts',(59.3598668117587,103.668862437969,85.0652223520853));
#6286=CARTESIAN_POINT('Ctrl Pts',(59.4642359515924,105.303808838808,81.2065665025615));
#6287=CARTESIAN_POINT('Ctrl Pts',(59.5310440119327,106.800989335631,77.5811208165468));
#6288=CARTESIAN_POINT('Ctrl Pts',(59.5705678644462,108.2347312573,74.0311440168241));
#6289=CARTESIAN_POINT('Ctrl Pts',(59.5705678644461,108.2347312573,74.0311440168241));
#6290=CARTESIAN_POINT('Ctrl Pts',(67.1635035605034,102.160703579975,71.7002864696099));
#6291=CARTESIAN_POINT('Ctrl Pts',(74.759258300055,96.0847128995867,69.3692918520986));
#6292=CARTESIAN_POINT('Ctrl Pts',(82.352752602573,90.0108403093179,67.0397636376347));
#6293=CARTESIAN_POINT('',(54.9968852379213,112.319952101816,74.3931223185328));
#6294=CARTESIAN_POINT('',(54.8233465316993,107.925191550655,85.1072223576236));
#6295=CARTESIAN_POINT('Ctrl Pts',(54.9968852379213,112.319952101816,74.3931223185328));
#6296=CARTESIAN_POINT('Ctrl Pts',(54.9691550367674,110.921048432634,77.8914599583648));
#6297=CARTESIAN_POINT('Ctrl Pts',(54.9089183479493,109.428835911342,81.5251680452819));
#6298=CARTESIAN_POINT('Ctrl Pts',(54.8233465316993,107.925191550655,85.1072223576236));
#6299=CARTESIAN_POINT('',(32.0948106245002,126.171042525715,92.2137463379381));
#6300=CARTESIAN_POINT('Ctrl Pts',(54.8233465316993,107.925191550655,85.1072223576236));
#6301=CARTESIAN_POINT('Ctrl Pts',(50.3949516747774,111.479768833575,86.49207670927));
#6302=CARTESIAN_POINT('Ctrl Pts',(45.9665486223614,115.03433006271,87.8769460601706));
#6303=CARTESIAN_POINT('Ctrl Pts',(38.3900853797724,121.115718286842,90.2463107957703));
#6304=CARTESIAN_POINT('Ctrl Pts',(35.2385400301742,123.635783337452,91.2371489544946));
#6305=CARTESIAN_POINT('Ctrl Pts',(32.0948106245003,126.171042525715,92.213746337938));
#6306=CARTESIAN_POINT('',(32.2091880293913,130.535555340132,81.3881365494085));
#6307=CARTESIAN_POINT('Ctrl Pts',(32.0948106245002,126.171042525715,92.2137463379382));
#6308=CARTESIAN_POINT('Ctrl Pts',(32.1580367919764,127.582605089835,88.7963883205947));
#6309=CARTESIAN_POINT('Ctrl Pts',(32.2039650426729,129.115594939502,85.012395101649));
#6310=CARTESIAN_POINT('Ctrl Pts',(32.2091880293913,130.535555340132,81.3881365494085));
#6311=CARTESIAN_POINT('Ctrl Pts',(32.2091880293913,130.535555340132,81.3881365494086));
#6312=CARTESIAN_POINT('Ctrl Pts',(32.2180000464981,130.528555827982,81.3855204194902));
#6313=CARTESIAN_POINT('Ctrl Pts',(32.2268093258115,130.52155514782,81.3828984245285));
#6314=CARTESIAN_POINT('Ctrl Pts',(32.489016594065,130.313081072291,81.3046561054231));
#6315=CARTESIAN_POINT('Ctrl Pts',(32.7408946822758,130.110945179787,81.2257516651047));
#6316=CARTESIAN_POINT('Ctrl Pts',(33.4984150801405,129.505358665467,80.9931118610471));
#6317=CARTESIAN_POINT('Ctrl Pts',(34.0034322195598,129.101633303169,80.8380211893448));
#6318=CARTESIAN_POINT('Ctrl Pts',(35.5185542496256,127.890406225718,80.3727383942339));
#6319=CARTESIAN_POINT('Ctrl Pts',(36.5286724357593,127.082899341128,80.0625530942299));
#6320=CARTESIAN_POINT('Ctrl Pts',(39.5593044989446,124.660178881951,79.1319560029283));
#6321=CARTESIAN_POINT('Ctrl Pts',(41.5799081339461,123.044915597066,78.5115606870303));
#6322=CARTESIAN_POINT('Ctrl Pts',(47.399014791349,118.393228838843,76.7250655436267));
#6323=CARTESIAN_POINT('Ctrl Pts',(51.198109699499,115.356408069233,75.5589355262401));
#6324=CARTESIAN_POINT('Ctrl Pts',(54.9968852379213,112.319952101816,74.3931223185328));
#6325=CARTESIAN_POINT('Origin',(42.5725834755685,115.310168393625,90.2837201099638));
#6326=CARTESIAN_POINT('',(54.9022161508894,108.079813214527,84.9628064594944));
#6327=CARTESIAN_POINT('',(54.9022161508894,108.079813214527,84.9628064594945));
#6328=CARTESIAN_POINT('',(32.1700947091865,126.318634850325,92.0758958092245));
#6329=CARTESIAN_POINT('',(43.5361554300379,117.199224032426,88.5193511343594));
#6330=CARTESIAN_POINT('',(32.1700947091865,126.318634850325,92.0758958092245));
#6331=CARTESIAN_POINT('Origin',(56.3164938688842,111.811509783059,79.9140556974949));
#6332=CARTESIAN_POINT('',(55.0419314656966,112.338771477261,74.4888265976128));
#6333=CARTESIAN_POINT('',(54.0849033336073,111.938945062968,72.4555445235209));
#6334=CARTESIAN_POINT('',(57.0265515551407,114.70394959879,74.76670346605));
#6335=CARTESIAN_POINT('',(55.0419314656966,112.338771477261,74.4888265976128));
#6336=CARTESIAN_POINT('',(57.3552020855971,114.13269015873,77.2817882520904));
#6337=CARTESIAN_POINT('',(57.0265515551407,114.70394959879,74.7667034660501));
#6338=CARTESIAN_POINT('',(56.8414061069198,113.150014305111,78.1594908549178));
#6339=CARTESIAN_POINT('',(57.3552020855971,114.13269015873,77.2817882520905));
#6340=CARTESIAN_POINT('',(56.2391272931194,112.32113906997,78.3600552461189));
#6341=CARTESIAN_POINT('',(56.8414061069198,113.150014305111,78.1594908549179));
#6342=CARTESIAN_POINT('',(55.643168681828,111.481278076367,78.6089866524361));
#6343=CARTESIAN_POINT('',(56.2391272931195,112.32113906997,78.3600552461189));
#6344=CARTESIAN_POINT('',(55.1053188598117,110.821775736194,78.5811616229808));
#6345=CARTESIAN_POINT('',(55.643168681828,111.481278076367,78.6089866524362));
#6346=CARTESIAN_POINT('',(55.5414128329174,110.063758402267,81.9184856659959));
#6347=CARTESIAN_POINT('',(55.1053188598117,110.821775736194,78.5811616229808));
#6348=CARTESIAN_POINT('',(58.0061829440012,113.00115703707,82.2635908090551));
#6349=CARTESIAN_POINT('',(55.5414128329174,110.063758402267,81.9184856659959));
#6350=CARTESIAN_POINT('',(58.5958213527839,113.852003789136,81.9662923876217));
#6351=CARTESIAN_POINT('',(58.0061829440012,113.00115703707,82.2635908090551));
#6352=CARTESIAN_POINT('',(59.286583001707,114.527078405799,82.4428662080468));
#6353=CARTESIAN_POINT('',(58.5958213527839,113.852003789136,81.9662923876218));
#6354=CARTESIAN_POINT('',(59.92678303056,115.290039090164,82.5325039075427));
#6355=CARTESIAN_POINT('',(59.286583001707,114.527078405799,82.4428662080469));
#6356=CARTESIAN_POINT('',(60.3439163961393,114.564979031625,85.7247269052095));
#6357=CARTESIAN_POINT('',(59.92678303056,115.290039090164,82.5325039075427));
#6358=CARTESIAN_POINT('',(60.3439163961393,114.564979031625,85.7247269052095));
#6359=CARTESIAN_POINT('Origin',(43.6758707448451,121.458182295159,78.0453712724779));
#6360=CARTESIAN_POINT('',(32.3098100239936,130.577593113058,81.6019159473428));
#6361=CARTESIAN_POINT('',(31.3527818919044,130.177766698766,79.5686338732509));
#6362=CARTESIAN_POINT('',(43.6758707448451,121.458182295159,78.0453712724778));
#6363=CARTESIAN_POINT('Origin',(45.6604908342892,123.823360416689,78.3232481409151));
#6364=CARTESIAN_POINT('',(34.2944301134377,132.942771234588,81.8797928157801));
#6365=CARTESIAN_POINT('',(32.3098100239937,130.577593113058,81.6019159473429));
#6366=CARTESIAN_POINT('',(45.6604908342892,123.823360416689,78.3232481409151));
#6367=CARTESIAN_POINT('Origin',(45.9891413647457,123.252100976628,80.8383329269554));
#6368=CARTESIAN_POINT('',(34.6230806438942,132.371511794527,84.3948776018205));
#6369=CARTESIAN_POINT('',(34.2944301134378,132.942771234588,81.8797928157801));
#6370=CARTESIAN_POINT('',(45.9891413647457,123.252100976628,80.8383329269554));
#6371=CARTESIAN_POINT('Origin',(45.4753453860683,122.26942512301,81.7160355297828));
#6372=CARTESIAN_POINT('',(34.1092846652168,131.388835940908,85.2725802046479));
#6373=CARTESIAN_POINT('',(34.6230806438942,132.371511794527,84.3948776018205));
#6374=CARTESIAN_POINT('',(45.4753453860683,122.26942512301,81.7160355297828));
#6375=CARTESIAN_POINT('Origin',(44.873066572268,121.440549887869,81.9165999209839));
#6376=CARTESIAN_POINT('',(33.5070058514165,130.559960705768,85.4731445958489));
#6377=CARTESIAN_POINT('',(34.1092846652168,131.388835940908,85.2725802046479));
#6378=CARTESIAN_POINT('',(44.873066572268,121.440549887869,81.9165999209839));
#6379=CARTESIAN_POINT('Origin',(44.2771079609765,120.600688894265,82.1655313273012));
#6380=CARTESIAN_POINT('',(32.911047240125,129.720099712164,85.7220760021662));
#6381=CARTESIAN_POINT('',(33.5070058514165,130.559960705768,85.473144595849));
#6382=CARTESIAN_POINT('',(44.2771079609765,120.600688894265,82.1655313273012));
#6383=CARTESIAN_POINT('Origin',(43.7392581389603,119.941186554093,82.1377062978458));
#6384=CARTESIAN_POINT('',(32.3731974181088,129.060597371992,85.6942509727108));
#6385=CARTESIAN_POINT('',(32.911047240125,129.720099712164,85.7220760021663));
#6386=CARTESIAN_POINT('',(43.7392581389603,119.941186554093,82.1377062978458));
#6387=CARTESIAN_POINT('Origin',(44.1753521120659,119.183169220166,85.4750303408609));
#6388=CARTESIAN_POINT('',(32.8092913912144,128.302580038065,89.031575015726));
#6389=CARTESIAN_POINT('',(32.3731974181088,129.060597371992,85.6942509727109));
#6390=CARTESIAN_POINT('',(44.1753521120659,119.183169220166,85.4750303408609));
#6391=CARTESIAN_POINT('Origin',(46.6401222231497,122.120567854969,85.8201354839201));
#6392=CARTESIAN_POINT('',(35.2740615022983,131.239978672868,89.3766801587852));
#6393=CARTESIAN_POINT('',(32.8092913912144,128.302580038065,89.031575015726));
#6394=CARTESIAN_POINT('',(46.6401222231497,122.120567854969,85.8201354839201));
#6395=CARTESIAN_POINT('Origin',(47.2297606319324,122.971414607035,85.5228370624868));
#6396=CARTESIAN_POINT('',(35.8636999110809,132.090825424934,89.0793817373518));
#6397=CARTESIAN_POINT('',(35.2740615022983,131.239978672868,89.3766801587852));
#6398=CARTESIAN_POINT('',(47.2297606319324,122.971414607035,85.5228370624868));
#6399=CARTESIAN_POINT('Origin',(47.9205222808556,123.646489223698,85.9994108829119));
#6400=CARTESIAN_POINT('',(36.5544615600041,132.765900041596,89.5559555577769));
#6401=CARTESIAN_POINT('',(35.8636999110809,132.090825424934,89.0793817373519));
#6402=CARTESIAN_POINT('',(47.9205222808556,123.646489223698,85.9994108829119));
#6403=CARTESIAN_POINT('Origin',(48.5607223097085,124.409449908062,86.0890485824078));
#6404=CARTESIAN_POINT('',(37.1946615888571,133.528860725961,89.6455932572729));
#6405=CARTESIAN_POINT('',(36.5544615600041,132.765900041596,89.555955557777));
#6406=CARTESIAN_POINT('',(48.5607223097085,124.409449908062,86.0890485824078));
#6407=CARTESIAN_POINT('Origin',(48.9778556752879,123.684389849523,89.2812715800745));
#6408=CARTESIAN_POINT('',(37.6117949544363,132.803800667422,92.8378162549396));
#6409=CARTESIAN_POINT('',(37.1946615888571,133.528860725961,89.6455932572729));
#6410=CARTESIAN_POINT('',(48.9778556752879,123.684389849523,89.2812715800745));
#6411=CARTESIAN_POINT('Origin',(43.5361554300379,117.199224032426,88.5193511343594));
#6412=CARTESIAN_POINT('',(37.6117949544363,132.803800667422,92.8378162549396));
#6413=CARTESIAN_POINT('Origin',(33.5843724271812,130.050331418857,87.027145047225));
#6414=CARTESIAN_POINT('Origin',(69.791514772694,92.8018143622081,83.0036202221978));
#6415=CARTESIAN_POINT('',(82.2491874537855,85.7240513199831,77.7006341116277));
#6416=CARTESIAN_POINT('',(82.2491874537855,85.7240513199831,77.7006341116277));
#6417=CARTESIAN_POINT('',(59.5170660120825,103.96287295578,84.8137234613576));
#6418=CARTESIAN_POINT('',(70.883126732934,94.8434621378817,81.2571787864927));
#6419=CARTESIAN_POINT('',(59.5170660120825,103.96287295578,84.8137234613576));
#6420=CARTESIAN_POINT('Origin',(83.6539848680172,89.4722265262092,72.579332826954));
#6421=CARTESIAN_POINT('',(82.3699421610664,90.0159668581048,67.0815532043976));
#6422=CARTESIAN_POINT('',(81.5409540347477,89.7687325806853,65.0661986702048));
#6423=CARTESIAN_POINT('',(84.4826022562811,92.5337371165073,67.377357612734));
#6424=CARTESIAN_POINT('',(82.3699421610664,90.0159668581048,67.0815532043976));
#6425=CARTESIAN_POINT('',(84.9502972419306,91.7207909902667,70.95651673133));
#6426=CARTESIAN_POINT('',(84.4826022562811,92.5337371165073,67.377357612734));
#6427=CARTESIAN_POINT('',(84.3227376180953,90.9358587889769,70.9636130620665));
#6428=CARTESIAN_POINT('',(84.9502972419306,91.7207909902667,70.95651673133));
#6429=CARTESIAN_POINT('',(83.7457396143301,90.0630405199854,71.3576455137322));
#6430=CARTESIAN_POINT('',(84.3227376180953,90.9358587889769,70.9636130620665));
#6431=CARTESIAN_POINT('',(83.1754708019724,89.272313319063,71.5626917899081));
#6432=CARTESIAN_POINT('',(83.74573961433,90.0630405199854,71.3576455137322));
#6433=CARTESIAN_POINT('',(83.5926041675518,88.5472532605241,74.7549147875747));
#6434=CARTESIAN_POINT('',(83.1754708019724,89.272313319063,71.5626917899081));
#6435=CARTESIAN_POINT('',(85.4811942526679,90.7979872793991,75.0193460010876));
#6436=CARTESIAN_POINT('',(83.5926041675517,88.5472532605241,74.7549147875747));
#6437=CARTESIAN_POINT('',(86.0708326614506,91.6488340314651,74.7220475796542));
#6438=CARTESIAN_POINT('',(85.4811942526679,90.7979872793991,75.0193460010876));
#6439=CARTESIAN_POINT('',(86.7615943103738,92.3239086481278,75.1986214000794));
#6440=CARTESIAN_POINT('',(86.0708326614506,91.6488340314651,74.7220475796542));
#6441=CARTESIAN_POINT('',(87.4017943392267,93.0868693324922,75.2882590995753));
#6442=CARTESIAN_POINT('',(86.7615943103737,92.3239086481279,75.1986214000794));
#6443=CARTESIAN_POINT('',(87.818927704806,92.3618092739534,78.480482097242));
#6444=CARTESIAN_POINT('',(87.4017943392267,93.0868693324923,75.2882590995753));
#6445=CARTESIAN_POINT('',(87.818927704806,92.3618092739534,78.480482097242));
#6446=CARTESIAN_POINT('Origin',(71.0038814402149,99.1353776760034,70.6380978792626));
#6447=CARTESIAN_POINT('',(59.6378207193635,108.254788493902,74.1946425541275));
#6448=CARTESIAN_POINT('',(58.8088325930448,108.007554216483,72.1792880199348));
#6449=CARTESIAN_POINT('',(71.0038814402149,99.1353776760034,70.6380978792626));
#6450=CARTESIAN_POINT('Origin',(73.1165415354296,101.653147934406,70.933902287599));
#6451=CARTESIAN_POINT('',(61.7504808145781,110.772558752305,74.490446962464));
#6452=CARTESIAN_POINT('',(59.6378207193635,108.254788493902,74.1946425541275));
#6453=CARTESIAN_POINT('',(73.1165415354296,101.653147934406,70.933902287599));
#6454=CARTESIAN_POINT('Origin',(73.5842365210791,100.840201808165,74.513061406195));
#6455=CARTESIAN_POINT('',(62.2181758002277,109.959612626064,78.0696060810599));
#6456=CARTESIAN_POINT('',(61.7504808145781,110.772558752305,74.490446962464));
#6457=CARTESIAN_POINT('',(73.5842365210791,100.840201808165,74.513061406195));
#6458=CARTESIAN_POINT('Origin',(72.9566768972438,100.055269606876,74.5201577369314));
#6459=CARTESIAN_POINT('',(61.5906161763923,109.174680424774,78.0767024117964));
#6460=CARTESIAN_POINT('',(62.2181758002277,109.959612626064,78.0696060810599));
#6461=CARTESIAN_POINT('',(72.9566768972438,100.055269606876,74.5201577369314));
#6462=CARTESIAN_POINT('Origin',(72.3796788934786,99.182451337884,74.9141901885972));
#6463=CARTESIAN_POINT('',(61.0136181726271,108.301862155783,78.4707348634621));
#6464=CARTESIAN_POINT('',(61.5906161763923,109.174680424774,78.0767024117964));
#6465=CARTESIAN_POINT('',(72.3796788934786,99.182451337884,74.9141901885972));
#6466=CARTESIAN_POINT('Origin',(71.809410081121,98.3917241369616,75.119236464773));
#6467=CARTESIAN_POINT('',(60.4433493602695,107.51113495486,78.675781139638));
#6468=CARTESIAN_POINT('',(61.0136181726271,108.301862155783,78.4707348634621));
#6469=CARTESIAN_POINT('',(71.809410081121,98.3917241369616,75.119236464773));
#6470=CARTESIAN_POINT('Origin',(72.2265434467003,97.6666640784227,78.3114594624397));
#6471=CARTESIAN_POINT('',(60.8604827258488,106.786074896321,81.8680041373047));
#6472=CARTESIAN_POINT('',(60.4433493602695,107.51113495486,78.675781139638));
#6473=CARTESIAN_POINT('',(72.2265434467003,97.6666640784227,78.3114594624397));
#6474=CARTESIAN_POINT('Origin',(74.1151335318164,99.9173980972977,78.5758906759526));
#6475=CARTESIAN_POINT('',(62.749072810965,109.036808915196,82.1324353508176));
#6476=CARTESIAN_POINT('',(60.8604827258488,106.786074896321,81.8680041373047));
#6477=CARTESIAN_POINT('',(74.1151335318164,99.9173980972977,78.5758906759526));
#6478=CARTESIAN_POINT('Origin',(74.7047719405991,100.768244849364,78.2785922545192));
#6479=CARTESIAN_POINT('',(63.3387112197477,109.887655667262,81.8351369293842));
#6480=CARTESIAN_POINT('',(62.749072810965,109.036808915196,82.1324353508176));
#6481=CARTESIAN_POINT('',(74.7047719405991,100.768244849364,78.2785922545192));
#6482=CARTESIAN_POINT('Origin',(75.3955335895223,101.443319466026,78.7551660749444));
#6483=CARTESIAN_POINT('',(64.0294728686708,110.562730283925,82.3117107498093));
#6484=CARTESIAN_POINT('',(63.3387112197476,109.887655667262,81.8351369293842));
#6485=CARTESIAN_POINT('',(75.3955335895223,101.443319466026,78.7551660749444));
#6486=CARTESIAN_POINT('Origin',(76.0357336183752,102.206280150391,78.8448037744403));
#6487=CARTESIAN_POINT('',(64.6696728975238,111.32569096829,82.4013484493052));
#6488=CARTESIAN_POINT('',(64.0294728686708,110.562730283925,82.3117107498093));
#6489=CARTESIAN_POINT('',(76.0357336183752,102.206280150391,78.8448037744403));
#6490=CARTESIAN_POINT('Origin',(76.4528669839546,101.481220091852,82.0370267721069));
#6491=CARTESIAN_POINT('',(65.0868062631031,110.600630909751,85.5935714469719));
#6492=CARTESIAN_POINT('',(64.6696728975238,111.32569096829,82.4013484493052));
#6493=CARTESIAN_POINT('',(76.4528669839545,101.481220091852,82.0370267721069));
#6494=CARTESIAN_POINT('Origin',(70.883126732934,94.8434621378817,81.2571787864927));
#6495=CARTESIAN_POINT('',(65.0868062631031,110.600630909751,85.5935714469719));
#6496=CARTESIAN_POINT('Origin',(60.9218634263142,107.711048162006,79.692422176684));
#6497=CARTESIAN_POINT('Origin',(115.011474804638,55.7966315392358,70.5499304040501));
#6498=CARTESIAN_POINT('',(127.341107479959,48.566276360138,65.2290167535809));
#6499=CARTESIAN_POINT('',(127.341107479959,48.566276360138,65.2290167535809));
#6500=CARTESIAN_POINT('',(104.608986038256,66.8050979959353,72.3421061033108));
#6501=CARTESIAN_POINT('',(115.975046759107,57.6856871780366,68.7855614284459));
#6502=CARTESIAN_POINT('',(104.608986038256,66.8050979959353,72.3421061033108));
#6503=CARTESIAN_POINT('Origin',(129.013264036362,52.6000304865455,60.2298870679897));
#6504=CARTESIAN_POINT('',(127.740500460043,53.1241654648769,54.8184239647176));
#6505=CARTESIAN_POINT('',(126.783472327953,52.7243390505845,52.7851418906256));
#6506=CARTESIAN_POINT('',(129.981200561028,55.7945278601524,55.1321559129532));
#6507=CARTESIAN_POINT('',(127.740500460043,53.1241654648769,54.8184239647176));
#6508=CARTESIAN_POINT('',(130.392499893522,55.0796085017329,58.2797324351281));
#6509=CARTESIAN_POINT('',(129.981200561028,55.7945278601524,55.1321559129532));
#6510=CARTESIAN_POINT('',(129.821335922842,54.196649532622,58.7184113622856));
#6511=CARTESIAN_POINT('',(130.392499893522,55.0796085017329,58.2797324351281));
#6512=CARTESIAN_POINT('',(129.244337919077,53.3238312636304,59.1124438139514));
#6513=CARTESIAN_POINT('',(129.821335922842,54.196649532622,58.7184113622856));
#6514=CARTESIAN_POINT('',(128.747748399762,52.4887224328304,59.6667553877031));
#6515=CARTESIAN_POINT('',(129.244337919077,53.3238312636304,59.1124438139514));
#6516=CARTESIAN_POINT('',(129.097206981555,51.8812944956769,62.3410792696645));
#6517=CARTESIAN_POINT('',(128.747748399762,52.4887224328304,59.6667553877031));
#6518=CARTESIAN_POINT('',(130.957234296153,54.0979887301726,62.6015112627383));
#6519=CARTESIAN_POINT('',(129.097206981555,51.8812944956769,62.3410792696645));
#6520=CARTESIAN_POINT('',(131.546872704935,54.9488354822386,62.3042128413049));
#6521=CARTESIAN_POINT('',(130.957234296153,54.0979887301726,62.6015112627383));
#6522=CARTESIAN_POINT('',(132.237634353859,55.6239100989013,62.7807866617301));
#6523=CARTESIAN_POINT('',(131.546872704935,54.9488354822386,62.3042128413049));
#6524=CARTESIAN_POINT('',(132.877834382712,56.3868707832657,62.870424361226));
#6525=CARTESIAN_POINT('',(132.237634353859,55.6239100989013,62.7807866617301));
#6526=CARTESIAN_POINT('',(133.294967748291,55.6618107247268,66.0626473588927));
#6527=CARTESIAN_POINT('',(132.877834382712,56.3868707832657,62.870424361226));
#6528=CARTESIAN_POINT('',(133.294967748291,55.6618107247268,66.0626473588927));
#6529=CARTESIAN_POINT('Origin',(116.374439739191,62.2435762827756,58.3749686395826));
#6530=CARTESIAN_POINT('',(105.00837901834,71.3629871006742,61.9315133144475));
#6531=CARTESIAN_POINT('',(104.05135088625,70.9631606863818,59.8982312403555));
#6532=CARTESIAN_POINT('',(116.374439739191,62.2435762827756,58.3749686395825));
#6533=CARTESIAN_POINT('Origin',(118.615139840177,64.913938678051,58.6887005878182));
#6534=CARTESIAN_POINT('',(107.249079119325,74.0333494959496,62.2452452626832));
#6535=CARTESIAN_POINT('',(105.00837901834,71.3629871006742,61.9315133144475));
#6536=CARTESIAN_POINT('',(118.615139840177,64.913938678051,58.6887005878182));
#6537=CARTESIAN_POINT('Origin',(119.026439172671,64.1990193196315,61.836277109993));
#6538=CARTESIAN_POINT('',(107.660378451819,73.3184301375302,65.392821784858));
#6539=CARTESIAN_POINT('',(107.249079119325,74.0333494959496,62.2452452626832));
#6540=CARTESIAN_POINT('',(119.026439172671,64.1990193196315,61.836277109993));
#6541=CARTESIAN_POINT('Origin',(118.455275201991,63.3160603505206,62.2749560371506));
#6542=CARTESIAN_POINT('',(107.089214481139,72.4354711684192,65.8315007120155));
#6543=CARTESIAN_POINT('',(107.660378451819,73.3184301375302,65.392821784858));
#6544=CARTESIAN_POINT('',(118.455275201991,63.3160603505206,62.2749560371506));
#6545=CARTESIAN_POINT('Origin',(117.878277198225,62.443242081529,62.6689884888163));
#6546=CARTESIAN_POINT('',(106.512216477374,71.5626528994277,66.2255331636813));
#6547=CARTESIAN_POINT('',(107.089214481139,72.4354711684192,65.8315007120155));
#6548=CARTESIAN_POINT('',(117.878277198225,62.443242081529,62.6689884888163));
#6549=CARTESIAN_POINT('Origin',(117.38168767891,61.6081332507291,63.2233000625682));
#6550=CARTESIAN_POINT('',(106.015626958059,70.7275440686277,66.7798447374331));
#6551=CARTESIAN_POINT('',(106.512216477374,71.5626528994277,66.2255331636813));
#6552=CARTESIAN_POINT('',(117.38168767891,61.6081332507291,63.2233000625681));
#6553=CARTESIAN_POINT('Origin',(117.731146260703,61.0007053135755,65.8976239445295));
#6554=CARTESIAN_POINT('',(106.365085539852,70.1201161314742,69.4541686193944));
#6555=CARTESIAN_POINT('',(106.015626958059,70.7275440686277,66.7798447374331));
#6556=CARTESIAN_POINT('',(117.731146260703,61.0007053135755,65.8976239445295));
#6557=CARTESIAN_POINT('Origin',(119.591173575301,63.2173995480712,66.1580559376033));
#6558=CARTESIAN_POINT('',(108.22511285445,72.3368103659699,69.7146006124683));
#6559=CARTESIAN_POINT('',(106.365085539852,70.1201161314742,69.4541686193944));
#6560=CARTESIAN_POINT('',(119.591173575301,63.2173995480712,66.1580559376033));
#6561=CARTESIAN_POINT('Origin',(120.180811984084,64.0682463001372,65.8607575161699));
#6562=CARTESIAN_POINT('',(108.814751263232,73.1876571180359,69.4173021910349));
#6563=CARTESIAN_POINT('',(108.22511285445,72.3368103659699,69.7146006124683));
#6564=CARTESIAN_POINT('',(120.180811984084,64.0682463001372,65.8607575161699));
#6565=CARTESIAN_POINT('Origin',(120.871573633007,64.7433209167999,66.3373313365951));
#6566=CARTESIAN_POINT('',(109.505512912156,73.8627317346986,69.89387601146));
#6567=CARTESIAN_POINT('',(108.814751263232,73.1876571180359,69.4173021910349));
#6568=CARTESIAN_POINT('',(120.871573633007,64.7433209167999,66.3373313365951));
#6569=CARTESIAN_POINT('Origin',(121.51177366186,65.5062816011644,66.426969036091));
#6570=CARTESIAN_POINT('',(110.145712941009,74.625692419063,69.983513710956));
#6571=CARTESIAN_POINT('',(109.505512912156,73.8627317346986,69.89387601146));
#6572=CARTESIAN_POINT('',(121.51177366186,65.5062816011644,66.426969036091));
#6573=CARTESIAN_POINT('Origin',(121.928907027439,64.7812215426255,69.6191920337577));
#6574=CARTESIAN_POINT('',(110.562846306588,73.9006323605241,73.1757367086226));
#6575=CARTESIAN_POINT('',(110.145712941009,74.625692419063,69.983513710956));
#6576=CARTESIAN_POINT('',(121.928907027439,64.7812215426255,69.6191920337577));
#6577=CARTESIAN_POINT('Origin',(115.975046759107,57.6856871780366,68.7855614284459));
#6578=CARTESIAN_POINT('',(110.562846306588,73.9006323605241,73.1757367086226));
#6579=CARTESIAN_POINT('Origin',(106.281142594659,70.8388521223428,67.3429764177197));
#6580=CARTESIAN_POINT('Origin',(40.9426303175328,90.7573313189357,148.031135154157));
#6581=CARTESIAN_POINT('',(51.8208082329588,84.8191936506608,143.193391230286));
#6582=CARTESIAN_POINT('',(51.8208082329588,84.8191936506608,143.193391230286));
#6583=CARTESIAN_POINT('',(32.1196363168163,100.626172401685,149.358068666719));
#6584=CARTESIAN_POINT('',(41.9702222748876,92.7226830261729,146.275729948503));
#6585=CARTESIAN_POINT('',(32.1196363168163,100.626172401685,149.358068666719));
#6586=CARTESIAN_POINT('Origin',(54.7122308527484,91.5167971139902,135.260378997738));
#6587=CARTESIAN_POINT('',(52.0339132215174,91.5766426233494,126.547518779575));
#6588=CARTESIAN_POINT('',(50.8848250807721,90.9479280037475,124.487345395634));
#6589=CARTESIAN_POINT('',(58.8840535302437,99.7403219460483,127.506642164181));
#6590=CARTESIAN_POINT('',(52.0339132215174,91.5766426233494,126.547518779575));
#6591=CARTESIAN_POINT('',(59.3732372044231,98.8900242410346,131.250249134171));
#6592=CARTESIAN_POINT('',(58.8840535302437,99.7403219460483,127.506642164181));
#6593=CARTESIAN_POINT('',(59.0758899190282,98.4689951683866,131.379551538842));
#6594=CARTESIAN_POINT('',(59.3732372044231,98.8900242410346,131.250249134171));
#6595=CARTESIAN_POINT('',(58.5191165632911,97.5610224723145,131.928358438879));
#6596=CARTESIAN_POINT('',(59.0758899190282,98.4689951683866,131.379551538842));
#6597=CARTESIAN_POINT('',(57.2779017611397,95.9669894011168,132.048958533608));
#6598=CARTESIAN_POINT('',(58.5191165632911,97.5610224723145,131.928358438879));
#6599=CARTESIAN_POINT('',(56.0619677690234,94.3290132960684,132.363026688801));
#6600=CARTESIAN_POINT('',(57.2779017611397,95.9669894011168,132.048958533608));
#6601=CARTESIAN_POINT('',(54.8346574123912,92.7108115562528,132.590034216785));
#6602=CARTESIAN_POINT('',(56.0619677690234,94.3290132960684,132.363026688801));
#6603=CARTESIAN_POINT('',(53.6250436227837,91.0618496927417,132.952469387094));
#6604=CARTESIAN_POINT('',(54.8346574123912,92.7108115562528,132.590034216785));
#6605=CARTESIAN_POINT('',(53.1934102767204,89.9363589791079,134.458943186431));
#6606=CARTESIAN_POINT('',(53.6250436227837,91.0618496927417,132.952469387094));
#6607=CARTESIAN_POINT('',(52.8464676442747,88.6636591020738,136.613534988325));
#6608=CARTESIAN_POINT('',(53.1934102767204,89.9363589791079,134.458943186431));
#6609=CARTESIAN_POINT('',(52.1622639410308,87.4519741949854,137.533852856456));
#6610=CARTESIAN_POINT('',(52.8464676442747,88.6636591020737,136.613534988325));
#6611=CARTESIAN_POINT('',(52.5768692256066,86.7313084398315,140.706729048077));
#6612=CARTESIAN_POINT('',(52.1622639410309,87.4519741949853,137.533852856456));
#6613=CARTESIAN_POINT('',(53.4380385990963,87.6353921099641,141.140687603198));
#6614=CARTESIAN_POINT('',(52.5768692256067,86.7313084398315,140.706729048077));
#6615=CARTESIAN_POINT('',(54.0782386279492,88.3983527943285,141.230325302694));
#6616=CARTESIAN_POINT('',(53.4380385990963,87.6353921099641,141.140687603198));
#6617=CARTESIAN_POINT('',(55.1562286098147,90.2385877032512,139.956797494211));
#6618=CARTESIAN_POINT('',(54.0782386279492,88.3983527943285,141.230325302694));
#6619=CARTESIAN_POINT('',(56.1798942737414,91.3104018757835,140.479982918374));
#6620=CARTESIAN_POINT('',(55.1562286098147,90.2385877032512,139.956797494211));
#6621=CARTESIAN_POINT('',(57.7803943458737,93.2178035866945,140.704077167114));
#6622=CARTESIAN_POINT('',(56.1798942737414,91.3104018757835,140.479982918374));
#6623=CARTESIAN_POINT('',(58.2228085214881,92.4488004943048,144.089768225245));
#6624=CARTESIAN_POINT('',(57.7803943458737,93.2178035866945,140.704077167114));
#6625=CARTESIAN_POINT('',(58.2228085214881,92.4488004943047,144.089768225245));
#6626=CARTESIAN_POINT('Origin',(42.1833272634461,99.4801319988615,129.629857497791));
#6627=CARTESIAN_POINT('',(32.3327413053748,107.383621374374,132.712196216007));
#6628=CARTESIAN_POINT('',(31.1836531646296,106.754906754772,130.652022832067));
#6629=CARTESIAN_POINT('',(42.1833272634461,99.4801319988615,129.629857497791));
#6630=CARTESIAN_POINT('Origin',(49.0334675721724,107.64381132156,130.588980882397));
#6631=CARTESIAN_POINT('',(39.1828816141011,115.547300697073,133.671319600613));
#6632=CARTESIAN_POINT('',(32.3327413053748,107.383621374374,132.712196216007));
#6633=CARTESIAN_POINT('',(49.0334675721724,107.64381132156,130.588980882397));
#6634=CARTESIAN_POINT('Origin',(49.5226512463518,106.793513616547,134.332587852388));
#6635=CARTESIAN_POINT('',(39.6720652882805,114.697002992059,137.414926570604));
#6636=CARTESIAN_POINT('',(39.1828816141011,115.547300697073,133.671319600613));
#6637=CARTESIAN_POINT('',(49.5226512463518,106.793513616547,134.332587852388));
#6638=CARTESIAN_POINT('Origin',(49.2253039609569,106.372484543899,134.461890257058));
#6639=CARTESIAN_POINT('',(39.3747180028856,114.275973919411,137.544228975275));
#6640=CARTESIAN_POINT('',(39.6720652882805,114.697002992059,137.414926570604));
#6641=CARTESIAN_POINT('',(49.2253039609569,106.372484543899,134.461890257058));
#6642=CARTESIAN_POINT('Origin',(48.6685306052199,105.464511847827,135.010697157096));
#6643=CARTESIAN_POINT('',(38.8179446471486,113.368001223339,138.093035875312));
#6644=CARTESIAN_POINT('',(39.3747180028856,114.275973919411,137.544228975275));
#6645=CARTESIAN_POINT('',(48.6685306052199,105.464511847827,135.010697157096));
#6646=CARTESIAN_POINT('Origin',(47.4273158030684,103.870478776629,135.131297251824));
#6647=CARTESIAN_POINT('',(37.5767298449971,111.773968152141,138.21363597004));
#6648=CARTESIAN_POINT('',(38.8179446471486,113.368001223339,138.093035875312));
#6649=CARTESIAN_POINT('',(47.4273158030684,103.870478776629,135.131297251824));
#6650=CARTESIAN_POINT('Origin',(46.2113818109521,102.232502671581,135.445365407017));
#6651=CARTESIAN_POINT('',(36.3607958528808,110.135992047093,138.527704125233));
#6652=CARTESIAN_POINT('',(37.5767298449971,111.773968152141,138.21363597004));
#6653=CARTESIAN_POINT('',(46.2113818109521,102.232502671581,135.445365407017));
#6654=CARTESIAN_POINT('Origin',(44.98407145432,100.614300931765,135.672372935001));
#6655=CARTESIAN_POINT('',(35.1334854962487,108.517790307277,138.754711653217));
#6656=CARTESIAN_POINT('',(36.3607958528808,110.135992047093,138.527704125234));
#6657=CARTESIAN_POINT('',(44.9840714543199,100.614300931765,135.672372935001));
#6658=CARTESIAN_POINT('Origin',(43.7744576647124,98.9653390682539,136.03480810531));
#6659=CARTESIAN_POINT('',(33.9238717066412,106.868828443766,139.117146823527));
#6660=CARTESIAN_POINT('',(35.1334854962487,108.517790307277,138.754711653217));
#6661=CARTESIAN_POINT('',(43.7744576647124,98.9653390682539,136.03480810531));
#6662=CARTESIAN_POINT('Origin',(43.3428243186491,97.83984835462,137.541281904648));
#6663=CARTESIAN_POINT('',(33.4922383605779,105.743337730132,140.623620622864));
#6664=CARTESIAN_POINT('',(33.9238717066412,106.868828443766,139.117146823527));
#6665=CARTESIAN_POINT('',(43.3428243186491,97.83984835462,137.541281904648));
#6666=CARTESIAN_POINT('Origin',(42.9958816862035,96.5671484775859,139.695873706542));
#6667=CARTESIAN_POINT('',(33.1452957281322,104.470637853098,142.778212424758));
#6668=CARTESIAN_POINT('',(33.4922383605779,105.743337730132,140.623620622864));
#6669=CARTESIAN_POINT('',(42.9958816862035,96.5671484775859,139.695873706542));
#6670=CARTESIAN_POINT('Origin',(42.3116779829596,95.3554635704975,140.616191574673));
#6671=CARTESIAN_POINT('',(32.4610920248883,103.25895294601,143.698530292889));
#6672=CARTESIAN_POINT('',(33.1452957281322,104.470637853098,142.778212424758));
#6673=CARTESIAN_POINT('',(42.3116779829596,95.3554635704975,140.616191574673));
#6674=CARTESIAN_POINT('Origin',(42.7262832675353,94.6347978153437,143.789067766293));
#6675=CARTESIAN_POINT('',(32.8756973094641,102.538287190856,146.87140648451));
#6676=CARTESIAN_POINT('',(32.4610920248883,103.25895294601,143.698530292889));
#6677=CARTESIAN_POINT('',(42.7262832675353,94.6347978153437,143.789067766293));
#6678=CARTESIAN_POINT('Origin',(43.587452641025,95.5388814854762,144.223026321414));
#6679=CARTESIAN_POINT('',(33.7368666829538,103.442370860988,147.305365039631));
#6680=CARTESIAN_POINT('',(32.8756973094641,102.538287190856,146.87140648451));
#6681=CARTESIAN_POINT('',(43.587452641025,95.5388814854762,144.223026321414));
#6682=CARTESIAN_POINT('Origin',(44.227652669878,96.3018421698406,144.31266402091));
#6683=CARTESIAN_POINT('',(34.3770667118067,104.205331545353,147.395002739127));
#6684=CARTESIAN_POINT('',(33.7368666829538,103.442370860988,147.305365039631));
#6685=CARTESIAN_POINT('',(44.227652669878,96.3018421698406,144.31266402091));
#6686=CARTESIAN_POINT('Origin',(45.3056426517434,98.1420770787634,143.039136212427));
#6687=CARTESIAN_POINT('',(35.4550566936721,106.045566454275,146.121474930644));
#6688=CARTESIAN_POINT('',(34.3770667118067,104.205331545353,147.395002739127));
#6689=CARTESIAN_POINT('',(45.3056426517434,98.1420770787634,143.039136212427));
#6690=CARTESIAN_POINT('Origin',(46.3293083156701,99.2138912512956,143.56232163659));
#6691=CARTESIAN_POINT('',(36.4787223575988,107.117380626808,146.644660354807));
#6692=CARTESIAN_POINT('',(35.4550566936721,106.045566454275,146.121474930644));
#6693=CARTESIAN_POINT('',(46.3293083156701,99.2138912512956,143.56232163659));
#6694=CARTESIAN_POINT('Origin',(47.9298083878025,101.121292962207,143.78641588533));
#6695=CARTESIAN_POINT('',(38.0792224297312,109.024782337719,146.868754603547));
#6696=CARTESIAN_POINT('',(36.4787223575988,107.117380626808,146.644660354807));
#6697=CARTESIAN_POINT('',(47.9298083878025,101.121292962207,143.78641588533));
#6698=CARTESIAN_POINT('Origin',(48.3722225634169,100.352289869817,147.172106943462));
#6699=CARTESIAN_POINT('',(38.5216366053456,108.255779245329,150.254445661678));
#6700=CARTESIAN_POINT('',(38.0792224297312,109.024782337719,146.868754603547));
#6701=CARTESIAN_POINT('',(48.3722225634169,100.352289869817,147.172106943462));
#6702=CARTESIAN_POINT('Origin',(41.9702222748876,92.7226830261729,146.275729948503));
#6703=CARTESIAN_POINT('',(38.5216366053456,108.255779245329,150.254445661678));
#6704=CARTESIAN_POINT('Origin',(35.0110589366058,107.323775865014,141.42505643417));
#6705=CARTESIAN_POINT('Origin',(111.723249005064,34.561928492161,127.516651432707));
#6706=CARTESIAN_POINT('',(122.473386914719,28.4711986870131,122.660979968937));
#6707=CARTESIAN_POINT('',(122.473386914719,28.4711986870131,122.660979968937));
#6708=CARTESIAN_POINT('',(102.772214998577,44.2781774380374,128.82565740537));
#6709=CARTESIAN_POINT('',(112.622800956648,36.3746880625253,125.743318687153));
#6710=CARTESIAN_POINT('',(102.772214998577,44.2781774380374,128.82565740537));
#6711=CARTESIAN_POINT('Origin',(125.209778615497,35.2507010037691,114.022518948766));
#6712=CARTESIAN_POINT('',(122.248390059484,35.239853229682,104.586282403081));
#6713=CARTESIAN_POINT('',(121.099301918739,34.6111386100802,102.526109019141));
#6714=CARTESIAN_POINT('',(129.09853036821,43.403532552381,105.545405787687));
#6715=CARTESIAN_POINT('',(122.248390059484,35.239853229682,104.586282403081));
#6716=CARTESIAN_POINT('',(129.667348594,42.4148142907371,109.898437148142));
#6717=CARTESIAN_POINT('',(129.09853036821,43.403532552381,105.545405787687));
#6718=CARTESIAN_POINT('',(129.461012224732,41.8355902962261,110.724224570485));
#6719=CARTESIAN_POINT('',(129.667348594,42.4148142907371,109.898437148142));
#6720=CARTESIAN_POINT('',(128.858733410932,41.0067150610854,110.924788961686));
#6721=CARTESIAN_POINT('',(129.461012224732,41.8355902962261,110.724224570485));
#6722=CARTESIAN_POINT('',(127.628894973296,39.3929076246549,111.132449683624));
#6723=CARTESIAN_POINT('',(128.858733410932,41.0067150610854,110.924788961686));
#6724=CARTESIAN_POINT('',(125.219779718095,36.0774066840923,111.934707248428));
#6725=CARTESIAN_POINT('',(126.424337345695,37.7351571543737,111.533578466026));
#6726=CARTESIAN_POINT('',(124.078424115582,34.3097986291839,112.819506181992));
#6727=CARTESIAN_POINT('',(125.219779718095,36.0774066840923,111.934707248428));
#6728=CARTESIAN_POINT('',(123.58990894694,33.2831797417144,113.890676845284));
#6729=CARTESIAN_POINT('',(124.078424115582,34.3097986291839,112.819506181992));
#6730=CARTESIAN_POINT('',(123.151955398368,32.1686747865433,115.348783629505));
#6731=CARTESIAN_POINT('',(123.58990894694,33.2831797417144,113.890676845284));
#6732=CARTESIAN_POINT('',(122.54885860677,31.1536458983391,116.024054401918));
#6733=CARTESIAN_POINT('',(123.151955398368,32.1686747865433,115.348783629505));
#6734=CARTESIAN_POINT('',(123.054474807472,30.2747852213223,119.893415611211));
#6735=CARTESIAN_POINT('',(122.54885860677,31.1536458983391,116.024054401918));
#6736=CARTESIAN_POINT('',(123.834537269316,30.9822128725707,120.57242126205));
#6737=CARTESIAN_POINT('',(123.054474807472,30.2747852213223,119.893415611211));
#6738=CARTESIAN_POINT('',(124.474737298169,31.745173556935,120.662058961546));
#6739=CARTESIAN_POINT('',(123.834537269316,30.9822128725707,120.57242126205));
#6740=CARTESIAN_POINT('',(125.437491274841,33.4480755426722,119.372396367154));
#6741=CARTESIAN_POINT('',(124.474737298169,31.745173556935,120.662058961546));
#6742=CARTESIAN_POINT('',(126.576392943961,34.6572226383901,119.911716577226));
#6743=CARTESIAN_POINT('',(125.437491274841,33.4480755426722,119.372396367154));
#6744=CARTESIAN_POINT('',(128.176893016093,36.5646243493011,120.135810825966));
#6745=CARTESIAN_POINT('',(126.576392943961,34.6572226383901,119.911716577226));
#6746=CARTESIAN_POINT('',(128.619307191708,35.7956212569114,123.521501884097));
#6747=CARTESIAN_POINT('',(128.176893016093,36.5646243493011,120.135810825966));
#6748=CARTESIAN_POINT('',(128.619307191708,35.7956212569114,123.521501884097));
#6749=CARTESIAN_POINT('Origin',(112.397804101413,43.1433426051941,107.668621121298));
#6750=CARTESIAN_POINT('',(102.547218143341,51.0468319807063,110.750959839514));
#6751=CARTESIAN_POINT('',(101.398130002596,50.4181173611044,108.690786455573));
#6752=CARTESIAN_POINT('',(112.397804101413,43.1433426051941,107.668621121298));
#6753=CARTESIAN_POINT('Origin',(119.247944410139,51.3070219278931,108.627744505904));
#6754=CARTESIAN_POINT('',(109.397358452068,59.2105113034053,111.71008322412));
#6755=CARTESIAN_POINT('',(102.547218143341,51.0468319807063,110.750959839514));
#6756=CARTESIAN_POINT('',(119.247944410139,51.3070219278931,108.627744505904));
#6757=CARTESIAN_POINT('Origin',(119.816762635929,50.3183036662492,112.980775866358));
#6758=CARTESIAN_POINT('',(109.966176677858,58.2217930417613,116.063114584575));
#6759=CARTESIAN_POINT('',(109.397358452068,59.2105113034053,111.71008322412));
#6760=CARTESIAN_POINT('',(119.816762635929,50.3183036662492,112.980775866358));
#6761=CARTESIAN_POINT('Origin',(119.610426266661,49.7390796717382,113.806563288701));
#6762=CARTESIAN_POINT('',(109.759840308589,57.6425690472504,116.888902006918));
#6763=CARTESIAN_POINT('',(109.966176677858,58.2217930417613,116.063114584575));
#6764=CARTESIAN_POINT('',(119.610426266661,49.7390796717382,113.806563288701));
#6765=CARTESIAN_POINT('Origin',(119.00814745286,48.9102044365976,114.007127679902));
#6766=CARTESIAN_POINT('',(109.157561494789,56.8136938121097,117.089466398119));
#6767=CARTESIAN_POINT('',(109.759840308589,57.6425690472504,116.888902006918));
#6768=CARTESIAN_POINT('',(119.00814745286,48.9102044365976,114.007127679902));
#6769=CARTESIAN_POINT('Origin',(117.778309015225,47.2963970001671,114.21478840184));
#6770=CARTESIAN_POINT('',(107.927723057153,55.1998863756792,117.297127120056));
#6771=CARTESIAN_POINT('',(109.157561494789,56.8136938121097,117.089466398119));
#6772=CARTESIAN_POINT('',(117.778309015225,47.2963970001671,114.21478840184));
#6773=CARTESIAN_POINT('Origin',(115.369193760024,43.9808960596045,115.017045966644));
#6774=CARTESIAN_POINT('',(105.518607801952,51.8843854351166,118.099384684861));
#6775=CARTESIAN_POINT('',(106.723165429553,53.5421359053979,117.698255902459));
#6776=CARTESIAN_POINT('',(115.369193760024,43.9808960596045,115.017045966644));
#6777=CARTESIAN_POINT('Origin',(114.227838157511,42.213288004696,115.901844900208));
#6778=CARTESIAN_POINT('',(104.37725219944,50.1167773802082,118.984183618424));
#6779=CARTESIAN_POINT('',(105.518607801952,51.8843854351166,118.099384684861));
#6780=CARTESIAN_POINT('',(114.227838157511,42.213288004696,115.901844900208));
#6781=CARTESIAN_POINT('Origin',(113.739322988869,41.1866691172266,116.9730155635));
#6782=CARTESIAN_POINT('',(103.888737030797,49.0901584927388,120.055354281716));
#6783=CARTESIAN_POINT('',(104.37725219944,50.1167773802082,118.984183618424));
#6784=CARTESIAN_POINT('',(113.739322988869,41.1866691172266,116.9730155635));
#6785=CARTESIAN_POINT('Origin',(113.301369440297,40.0721641620555,118.431122347721));
#6786=CARTESIAN_POINT('',(103.450783482225,47.9756535375676,121.513461065938));
#6787=CARTESIAN_POINT('',(103.888737030797,49.0901584927388,120.055354281716));
#6788=CARTESIAN_POINT('',(113.301369440297,40.0721641620555,118.431122347721));
#6789=CARTESIAN_POINT('Origin',(112.698272648699,39.0571352738513,119.106393120134));
#6790=CARTESIAN_POINT('',(102.847686690627,46.9606246493634,122.188731838351));
#6791=CARTESIAN_POINT('',(103.450783482225,47.9756535375676,121.513461065938));
#6792=CARTESIAN_POINT('',(112.698272648699,39.0571352738513,119.106393120134));
#6793=CARTESIAN_POINT('Origin',(113.203888849401,38.1782745968345,122.975754329427));
#6794=CARTESIAN_POINT('',(103.35330289133,46.0817639723466,126.058093047644));
#6795=CARTESIAN_POINT('',(102.847686690627,46.9606246493634,122.188731838351));
#6796=CARTESIAN_POINT('',(113.203888849401,38.1782745968345,122.975754329427));
#6797=CARTESIAN_POINT('Origin',(113.983951311245,38.8857022480828,123.654759980267));
#6798=CARTESIAN_POINT('',(104.133365353173,46.789191623595,126.737098698483));
#6799=CARTESIAN_POINT('',(103.35330289133,46.0817639723466,126.058093047644));
#6800=CARTESIAN_POINT('',(113.983951311245,38.8857022480828,123.654759980267));
#6801=CARTESIAN_POINT('Origin',(114.624151340097,39.6486629324472,123.744397679763));
#6802=CARTESIAN_POINT('',(104.773565382026,47.5521523079593,126.826736397979));
#6803=CARTESIAN_POINT('',(104.133365353173,46.789191623595,126.737098698483));
#6804=CARTESIAN_POINT('',(114.624151340097,39.6486629324472,123.744397679763));
#6805=CARTESIAN_POINT('Origin',(115.586905316769,41.3515649181844,122.45473508537));
#6806=CARTESIAN_POINT('',(105.736319358698,49.2550542936965,125.537073803587));
#6807=CARTESIAN_POINT('',(104.773565382026,47.5521523079593,126.826736397979));
#6808=CARTESIAN_POINT('',(115.586905316769,41.3515649181844,122.45473508537));
#6809=CARTESIAN_POINT('Origin',(116.72580698589,42.5607120139022,122.994055295443));
#6810=CARTESIAN_POINT('',(106.875221027818,50.4642013894143,126.076394013659));
#6811=CARTESIAN_POINT('',(105.736319358698,49.2550542936965,125.537073803587));
#6812=CARTESIAN_POINT('',(116.72580698589,42.5607120139022,122.994055295443));
#6813=CARTESIAN_POINT('Origin',(118.326307058022,44.4681137248132,123.218149544182));
#6814=CARTESIAN_POINT('',(108.475721099951,52.3716031003253,126.300488262399));
#6815=CARTESIAN_POINT('',(106.875221027818,50.4642013894143,126.076394013659));
#6816=CARTESIAN_POINT('',(118.326307058022,44.4681137248132,123.218149544182));
#6817=CARTESIAN_POINT('Origin',(118.768721233636,43.6991106324235,126.603840602314));
#6818=CARTESIAN_POINT('',(108.918135275565,51.6026000079356,129.68617932053));
#6819=CARTESIAN_POINT('',(108.475721099951,52.3716031003253,126.300488262399));
#6820=CARTESIAN_POINT('',(118.768721233636,43.6991106324235,126.603840602314));
#6821=CARTESIAN_POINT('Origin',(112.622800956648,36.3746880625253,125.743318687153));
#6822=CARTESIAN_POINT('',(108.918135275565,51.6026000079356,129.68617932053));
#6823=CARTESIAN_POINT('Origin',(105.508606699355,51.0576797547934,120.187196385199));
#6824=CARTESIAN_POINT('Ctrl Pts',(119.691186314047,37.2378783158634,16.6562624349157));
#6825=CARTESIAN_POINT('Ctrl Pts',(119.927812483682,37.4163263007064,16.9634484938999));
#6826=CARTESIAN_POINT('Ctrl Pts',(120.40165211923,37.7726910489311,17.577933847528));
#6827=CARTESIAN_POINT('Ctrl Pts',(121.114508669774,38.3056580991635,18.4998629996545));
#6828=CARTESIAN_POINT('Ctrl Pts',(121.829617286419,38.8369343289862,19.4218578132111));
#6829=CARTESIAN_POINT('Ctrl Pts',(122.547000769172,39.3662986498225,20.3437877443186));
#6830=CARTESIAN_POINT('Ctrl Pts',(123.26688702568,39.8936872360429,21.2655005294039));
#6831=CARTESIAN_POINT('Ctrl Pts',(123.989469011614,40.4189490169837,22.1868457519205));
#6832=CARTESIAN_POINT('Ctrl Pts',(124.714980708776,40.9420887209939,23.1077756494017));
#6833=CARTESIAN_POINT('Ctrl Pts',(125.200662267774,41.2891391274911,23.7213650587346));
#6834=CARTESIAN_POINT('Ctrl Pts',(125.588551269966,41.5653423311452,24.2096414046789));
#6835=CARTESIAN_POINT('Ctrl Pts',(125.892497946592,41.7908847882753,24.5759411460152));
#6836=CARTESIAN_POINT('Ctrl Pts',(126.501084769042,42.2207691318185,25.3070223029426));
#6837=CARTESIAN_POINT('Ctrl Pts',(126.969935622006,42.5385821921159,25.8550923883062));
#6838=CARTESIAN_POINT('Ctrl Pts',(127.31333127837,42.7602739258148,26.2533534632715));
#6839=CARTESIAN_POINT('Ctrl Pts',(127.400626375383,42.7960800777927,26.377971251308));
#6840=CARTESIAN_POINT('Ctrl Pts',(127.493831749156,42.8436784828665,26.503693217448));
#6841=CARTESIAN_POINT('Ctrl Pts',(127.612632427874,42.9005630716898,26.6715452671753));
#6842=CARTESIAN_POINT('Ctrl Pts',(127.697620029264,42.9202039077376,26.8164379580671));
#6843=CARTESIAN_POINT('Ctrl Pts',(127.874440790617,42.982377647663,27.1082887379523));
#6844=CARTESIAN_POINT('Ctrl Pts',(128.167325616089,43.0953153340618,27.6180649455899));
#6845=CARTESIAN_POINT('Ctrl Pts',(128.550776423517,43.299166159207,28.3396894792743));
#6846=CARTESIAN_POINT('Ctrl Pts',(128.94300194173,43.6112157359709,29.2027054574158));
#6847=CARTESIAN_POINT('Ctrl Pts',(129.242167002623,43.9948286272145,30.0407533870347));
#6848=CARTESIAN_POINT('Ctrl Pts',(129.423989887579,44.4456570321796,30.8316999844576));
#6849=CARTESIAN_POINT('Ctrl Pts',(129.460772841087,44.9697896703309,31.5600520815292));
#6850=CARTESIAN_POINT('Ctrl Pts',(129.322885712391,45.5380004220174,32.1652307914994));
#6851=CARTESIAN_POINT('Ctrl Pts',(129.1042841297,45.93983106127,32.4704397397837));
#6852=CARTESIAN_POINT('Ctrl Pts',(128.947198877914,46.1645144206413,32.6052127127187));
#6853=CARTESIAN_POINT('Ctrl Pts',(128.894980456156,46.2378753294809,32.6445609269697));
#6854=CARTESIAN_POINT('Ctrl Pts',(128.749818920996,46.4384741236993,32.7534646501852));
#6855=CARTESIAN_POINT('Ctrl Pts',(128.570041489017,46.6766026244897,32.8787880004098));
#6856=CARTESIAN_POINT('Ctrl Pts',(128.412532035725,46.8747983045221,32.9801720725061));
#6857=CARTESIAN_POINT('Ctrl Pts',(128.285087023249,47.0326277086186,33.0599284942571));
#6858=CARTESIAN_POINT('Ctrl Pts',(128.142273958151,47.2042635657699,33.1448505011116));
#6859=CARTESIAN_POINT('Ctrl Pts',(127.839199563468,47.548466858715,33.305360411632));
#6860=CARTESIAN_POINT('Ctrl Pts',(127.438541838429,47.9669680018358,33.4825382655469));
#6861=CARTESIAN_POINT('Ctrl Pts',(126.920340740287,48.4538139780988,33.6590758805559));
#6862=CARTESIAN_POINT('Ctrl Pts',(126.55458541091,48.7632876907645,33.750518504699));
#6863=CARTESIAN_POINT('Ctrl Pts',(126.339507223202,48.93615168429,33.7956748156121));
#6864=CARTESIAN_POINT('Ctrl Pts',(126.272088752424,48.990200350617,33.8136525241995));
#6865=CARTESIAN_POINT('Ctrl Pts',(126.145063062975,49.0920977302703,33.8458142056854));
#6866=CARTESIAN_POINT('Ctrl Pts',(125.919048479911,49.2733649250829,33.9039486078016));
#6867=CARTESIAN_POINT('Ctrl Pts',(125.470497509659,49.6331261383735,34.0186446089117));
#6868=CARTESIAN_POINT('Ctrl Pts',(124.832180521215,50.1450367550189,34.1822945024829));
#6869=CARTESIAN_POINT('Ctrl Pts',(124.066323600702,50.759260862008,34.3783716203383));
#6870=CARTESIAN_POINT('Ctrl Pts',(123.300376114872,51.3735478175181,34.5745724259826));
#6871=CARTESIAN_POINT('Ctrl Pts',(122.534503643894,51.987780726866,34.7706916556621));
#6872=CARTESIAN_POINT('Ctrl Pts',(121.768624080615,52.6020170478921,34.9668237061701));
#6873=CARTESIAN_POINT('Ctrl Pts',(121.002769793666,53.2162334454524,35.1629281464964));
#6874=CARTESIAN_POINT('Ctrl Pts',(120.236922509746,53.8304424404093,35.359024562428));
#6875=CARTESIAN_POINT('Ctrl Pts',(119.471087110879,54.4446402475203,35.5551055283455));
#6876=CARTESIAN_POINT('Ctrl Pts',(118.705258593062,55.0588301183373,35.7511755092863));
#6877=CARTESIAN_POINT('Ctrl Pts',(117.939436761803,55.6730119486501,35.9472335085684));
#6878=CARTESIAN_POINT('Ctrl Pts',(117.173619613882,56.2871869497196,36.1432808392858));
#6879=CARTESIAN_POINT('Ctrl Pts',(116.407806246708,56.9013555870282,36.3393176708667));
#6880=CARTESIAN_POINT('Ctrl Pts',(115.641995518301,57.5155185228586,36.5353445870602));
#6881=CARTESIAN_POINT('Ctrl Pts',(114.876186611007,58.1296762140661,36.7313619033111));
#6882=CARTESIAN_POINT('Ctrl Pts',(114.110378749685,58.7438291079458,36.9273699831196));
#6883=CARTESIAN_POINT('Ctrl Pts',(113.344571301709,59.357977568708,37.1233691066021));
#6884=CARTESIAN_POINT('Ctrl Pts',(112.578763709984,59.972121922365,37.319359537711));
#6885=CARTESIAN_POINT('Ctrl Pts',(111.812955503654,60.5862624470459,37.5153415015399));
#6886=CARTESIAN_POINT('Ctrl Pts',(111.047146276706,61.2003993862991,37.7113152007925));
#6887=CARTESIAN_POINT('Ctrl Pts',(110.281335683329,61.8145329507877,37.9072808138528));
#6888=CARTESIAN_POINT('Ctrl Pts',(109.51552342727,62.4286633245057,38.1032385004487));
#6889=CARTESIAN_POINT('Ctrl Pts',(108.74970925645,63.0427906673433,38.2991884030483));
#6890=CARTESIAN_POINT('Ctrl Pts',(107.983892956199,63.656915118896,38.4951306497317));
#6891=CARTESIAN_POINT('Ctrl Pts',(107.218074344266,64.2710368011236,38.6910653559508));
#6892=CARTESIAN_POINT('Ctrl Pts',(106.452253266243,64.8851558208315,38.8869926263363));
#6893=CARTESIAN_POINT('Ctrl Pts',(105.686429591753,65.4992722717265,39.0829125561271));
#6894=CARTESIAN_POINT('Ctrl Pts',(104.920603211096,66.1133862362261,39.2788252324596));
#6895=CARTESIAN_POINT('Ctrl Pts',(104.154774032393,66.7274977870018,39.4747307354535));
#6896=CARTESIAN_POINT('Ctrl Pts',(103.388941979109,67.3416069883164,39.6706291391593));
#6897=CARTESIAN_POINT('Ctrl Pts',(102.62310698792,67.9557138971739,39.8665205123704));
#6898=CARTESIAN_POINT('Ctrl Pts',(101.857269006878,68.5698185643123,40.0624049193243));
#6899=CARTESIAN_POINT('Ctrl Pts',(101.091427993827,69.1839210350585,40.258282420308));
#6900=CARTESIAN_POINT('Ctrl Pts',(100.325583915036,69.7980213500654,40.4541530721782));
#6901=CARTESIAN_POINT('Ctrl Pts',(99.5597367440236,70.412119545948,40.6500169288114));
#6902=CARTESIAN_POINT('Ctrl Pts',(98.7938864605435,71.026215655831,40.8458740414908));
#6903=CARTESIAN_POINT('Ctrl Pts',(98.02803304971,71.6403097098211,41.0417244592406));
#6904=CARTESIAN_POINT('Ctrl Pts',(97.2621765012444,72.2544017354143,41.2375682291138));
#6905=CARTESIAN_POINT('Ctrl Pts',(96.4963168088256,72.868491757847,41.4334053964404));
#6906=CARTESIAN_POINT('Ctrl Pts',(95.73045396953,73.4825798003985,41.6292360050418));
#6907=CARTESIAN_POINT('Ctrl Pts',(94.9645879833493,74.0966658846519,41.825060097415));
#6908=CARTESIAN_POINT('Ctrl Pts',(94.1987188527742,74.7107500307193,42.0208777148922));
#6909=CARTESIAN_POINT('Ctrl Pts',(93.4328465824362,75.3248322574351,42.2166888977776));
#6910=CARTESIAN_POINT('Ctrl Pts',(92.6669711787988,75.9389125825238,42.4124936854663));
#6911=CARTESIAN_POINT('Ctrl Pts',(91.901092649891,76.5529910227438,42.6082921165461));
#6912=CARTESIAN_POINT('Ctrl Pts',(91.1352110050779,77.1670675940116,42.8040842288859));
#6913=CARTESIAN_POINT('Ctrl Pts',(90.3693262548634,77.7811423115091,42.9998700597112));
#6914=CARTESIAN_POINT('Ctrl Pts',(89.603438410719,78.3952151897755,43.1956496456702));
#6915=CARTESIAN_POINT('Ctrl Pts',(88.8375474849383,79.0092862427874,43.39142302289));
#6916=CARTESIAN_POINT('Ctrl Pts',(88.0716534905094,79.6233554840267,43.5871902270258));
#6917=CARTESIAN_POINT('Ctrl Pts',(87.3057564410065,80.2374229265403,43.7829512933027));
#6918=CARTESIAN_POINT('Ctrl Pts',(86.5398563504962,80.8514885829903,43.9787062565523));
#6919=CARTESIAN_POINT('Ctrl Pts',(85.7739532334565,81.4655524656986,44.174455151244));
#6920=CARTESIAN_POINT('Ctrl Pts',(85.0080471047075,82.0796145866834,44.3701980115125));
#6921=CARTESIAN_POINT('Ctrl Pts',(84.2421379793512,82.6936749576928,44.5659348711807));
#6922=CARTESIAN_POINT('Ctrl Pts',(83.4762258727206,83.3077335902315,44.7616657637804));
#6923=CARTESIAN_POINT('Ctrl Pts',(82.7103108003346,83.9217904955854,44.9573907225696));
#6924=CARTESIAN_POINT('Ctrl Pts',(81.9443927778615,84.5358456848407,45.1531097805479));
#6925=CARTESIAN_POINT('Ctrl Pts',(81.1784718210832,85.1498991689036,45.3488229704693));
#6926=CARTESIAN_POINT('Ctrl Pts',(80.412547945874,85.7639509585099,45.5445303248531));
#6927=CARTESIAN_POINT('Ctrl Pts',(79.6466211681622,86.3780010642481,45.7402318759963));
#6928=CARTESIAN_POINT('Ctrl Pts',(78.8806915039405,86.9920494965457,45.9359276559747));
#6929=CARTESIAN_POINT('Ctrl Pts',(78.1147589691809,87.6060962657312,46.1316176966673));
#6930=CARTESIAN_POINT('Ctrl Pts',(77.3488235799814,88.2201413819113,46.3273020297216));
#6931=CARTESIAN_POINT('Ctrl Pts',(76.58288535189,88.8341848555083,46.5229806867279));
#6932=CARTESIAN_POINT('Ctrl Pts',(75.8169443009247,89.4482266964374,46.7186536989615));
#6933=CARTESIAN_POINT('Ctrl Pts',(75.0510004430398,90.0622669145301,46.91432109752));
#6934=CARTESIAN_POINT('Ctrl Pts',(74.2850537941772,90.6763055194879,47.109982913312));
#6935=CARTESIAN_POINT('Ctrl Pts',(73.5191043702383,91.2903425209007,47.3056391770658));
#6936=CARTESIAN_POINT('Ctrl Pts',(72.7531521870891,91.9043779282369,47.501289919329));
#6937=CARTESIAN_POINT('Ctrl Pts',(71.9871972605525,92.5184117508439,47.6969351704716));
#6938=CARTESIAN_POINT('Ctrl Pts',(71.2212396064081,93.132443997943,47.8925749606868));
#6939=CARTESIAN_POINT('Ctrl Pts',(70.4552792403898,93.7464746786233,48.088209319992));
#6940=CARTESIAN_POINT('Ctrl Pts',(69.6893161781859,94.3605038018345,48.2838382782301));
#6941=CARTESIAN_POINT('Ctrl Pts',(68.9233504354396,94.9745313763777,48.4794618650689));
#6942=CARTESIAN_POINT('Ctrl Pts',(68.1573820277506,95.5885574108938,48.6750801100015));
#6943=CARTESIAN_POINT('Ctrl Pts',(67.3914109706777,96.2025819138499,48.8706930423452));
#6944=CARTESIAN_POINT('Ctrl Pts',(66.6254372797421,96.8166048935232,49.066300691241));
#6945=CARTESIAN_POINT('Ctrl Pts',(65.8594609704326,97.4306263579818,49.2619030856516));
#6946=CARTESIAN_POINT('Ctrl Pts',(65.093482058211,98.044646315062,49.4575002543595));
#6947=CARTESIAN_POINT('Ctrl Pts',(64.3275005585193,98.6586647723416,49.6530922259644));
#6948=CARTESIAN_POINT('Ctrl Pts',(63.5615164867889,99.2726817371093,49.8486790288799));
#6949=CARTESIAN_POINT('Ctrl Pts',(62.79552985845,99.886697216328,50.0442606913291));
#6950=CARTESIAN_POINT('Ctrl Pts',(62.0295406889444,100.500711216593,50.2398372413402));
#6951=CARTESIAN_POINT('Ctrl Pts',(61.2635489937399,101.114723744083,50.4354087067403));
#6952=CARTESIAN_POINT('Ctrl Pts',(60.4975547883462,101.728734804503,50.6309751151484));
#6953=CARTESIAN_POINT('Ctrl Pts',(59.7315580883357,102.342744403016,50.826536493967));
#6954=CARTESIAN_POINT('Ctrl Pts',(58.9655589093638,102.956752544169,51.0220928703729));
#6955=CARTESIAN_POINT('Ctrl Pts',(58.1995572672005,103.570759231799,51.2176442713047));
#6956=CARTESIAN_POINT('Ctrl Pts',(57.4335531777496,104.184764468938,51.4131907234516));
#6957=CARTESIAN_POINT('Ctrl Pts',(56.667546657113,104.798768257667,51.608732253231));
#6958=CARTESIAN_POINT('Ctrl Pts',(55.9015377213869,105.412770599178,51.8042688868327));
#6959=CARTESIAN_POINT('Ctrl Pts',(55.1355263871707,106.026771493232,51.999800650079));
#6960=CARTESIAN_POINT('Ctrl Pts',(54.3695126713375,106.640770938209,52.1953275684737));
#6961=CARTESIAN_POINT('Ctrl Pts',(53.6034965911666,107.254768930825,52.3908496671546));
#6962=CARTESIAN_POINT('Ctrl Pts',(52.837478164391,107.868765465905,52.5863669708676));
#6963=CARTESIAN_POINT('Ctrl Pts',(52.0714574092958,108.482760536078,52.7818795039234));
#6964=CARTESIAN_POINT('Ctrl Pts',(51.305434344814,109.096754131432,52.9773872901534));
#6965=CARTESIAN_POINT('Ctrl Pts',(50.539408990646,109.710746239123,53.1728903528562));
#6966=CARTESIAN_POINT('Ctrl Pts',(49.773381367393,110.324736842908,53.3683887147351));
#6967=CARTESIAN_POINT('Ctrl Pts',(49.0073514967162,110.93872592261,53.5638823978271));
#6968=CARTESIAN_POINT('Ctrl Pts',(48.2413194015169,111.552713453499,53.7593714234184));
#6969=CARTESIAN_POINT('Ctrl Pts',(47.4752851061514,112.166699405568,53.9548558119484));
#6970=CARTESIAN_POINT('Ctrl Pts',(46.7092486366682,112.780683742701,54.1503355828956));
#6971=CARTESIAN_POINT('Ctrl Pts',(45.9432100211111,113.394666421691,54.3458107546501));
#6972=CARTESIAN_POINT('Ctrl Pts',(45.1771692898068,114.008647391145,54.5412813443545));
#6973=CARTESIAN_POINT('Ctrl Pts',(44.4111264758422,114.622626590105,54.7367473677436));
#6974=CARTESIAN_POINT('Ctrl Pts',(43.6450816152963,115.236603946697,54.9322088389051));
#6975=CARTESIAN_POINT('Ctrl Pts',(42.8790347482292,115.85057937601,55.1276657701194));
#6976=CARTESIAN_POINT('Ctrl Pts',(42.1129859182182,116.464552778861,55.3231181714125));
#6977=CARTESIAN_POINT('Ctrl Pts',(41.3469351754255,117.078524037634,55.5185660506195));
#6978=CARTESIAN_POINT('Ctrl Pts',(40.5808825720846,117.692493017561,55.7140094121574));
#6979=CARTESIAN_POINT('Ctrl Pts',(39.8148281753367,118.306459554514,55.9094482585108));
#6980=CARTESIAN_POINT('Ctrl Pts',(39.0487720416603,118.920423471523,56.1048825854435));
#6981=CARTESIAN_POINT('Ctrl Pts',(38.2827142777933,119.53438452924,56.3003123910218));
#6982=CARTESIAN_POINT('Ctrl Pts',(37.5166549086041,120.148342522276,56.4957376534436));
#6983=CARTESIAN_POINT('Ctrl Pts',(36.7505941778476,120.762297046626,56.6911583783885));
#6984=CARTESIAN_POINT('Ctrl Pts',(35.984531880501,121.376248000812,56.8865744903805));
#6985=CARTESIAN_POINT('Ctrl Pts',(35.218468864044,121.990194441301,57.0819860729592));
#6986=CARTESIAN_POINT('Ctrl Pts',(34.4524036756003,122.604137118231,57.2773928273044));
#6987=CARTESIAN_POINT('Ctrl Pts',(33.6863400769464,123.218072768078,57.4727952801851));
#6988=CARTESIAN_POINT('Ctrl Pts',(32.9202702304426,123.832006855635,57.668192074821));
#6989=CARTESIAN_POINT('Ctrl Pts',(32.1542123541277,124.445925006301,57.8635860304829));
#6990=CARTESIAN_POINT('Ctrl Pts',(31.3881264337823,125.059856915488,58.058970569848));
#6991=CARTESIAN_POINT('Ctrl Pts',(30.6221029510914,125.673733206355,58.2543600991728));
#6992=CARTESIAN_POINT('Ctrl Pts',(29.8559401375717,126.287706022233,58.4497219475566));
#6993=CARTESIAN_POINT('Ctrl Pts',(29.0900965857342,126.901426357801,58.6451296757204));
#6994=CARTESIAN_POINT('Ctrl Pts',(28.5789676924942,127.310998457631,58.7753072010289));
#6995=CARTESIAN_POINT('Ctrl Pts',(28.3208452184736,127.51785114881,58.8414207356564));
#6996=CARTESIAN_POINT('Ctrl Pts',(28.3156252062646,127.522026665684,58.8432170473081));
#6997=CARTESIAN_POINT('Ctrl Pts',(28.2929744010131,127.540119873495,58.8503449119263));
#6998=CARTESIAN_POINT('Ctrl Pts',(28.2735934442167,127.555501899395,58.8565045886336));
#6999=CARTESIAN_POINT('Ctrl Pts',(28.1971887016222,127.615830516054,58.8800342092455));
#7000=CARTESIAN_POINT('Ctrl Pts',(28.0714329281426,127.713601330289,58.915385984484));
#7001=CARTESIAN_POINT('Ctrl Pts',(27.8195109174883,127.903370606346,58.9812533022333));
#7002=CARTESIAN_POINT('Ctrl Pts',(27.6251419537296,128.04307143175,59.0250200955585));
#7003=CARTESIAN_POINT('Ctrl Pts',(27.4614521439118,128.15705962704,59.05855730792));
#7004=CARTESIAN_POINT('Ctrl Pts',(27.4121940303552,128.190710722587,59.0713804706849));
#7005=CARTESIAN_POINT('Ctrl Pts',(27.3020980416595,128.263525296086,59.0933592999178));
#7006=CARTESIAN_POINT('Ctrl Pts',(27.1107814082358,128.383137366798,59.1220711634104));
#7007=CARTESIAN_POINT('Ctrl Pts',(26.7084335302762,128.608579403616,59.1407712968021));
#7008=CARTESIAN_POINT('Ctrl Pts',(26.1016052971467,128.870656694578,59.0500514538617));
#7009=CARTESIAN_POINT('Ctrl Pts',(25.3681955633935,129.07892964897,58.7729834900525));
#7010=CARTESIAN_POINT('Ctrl Pts',(24.6395490180039,129.187020952336,58.3423622985282));
#7011=CARTESIAN_POINT('Ctrl Pts',(23.9562483366514,129.202434674352,57.7954098441737));
#7012=CARTESIAN_POINT('Ctrl Pts',(23.3231281010092,129.142174351116,57.153801702218));
#7013=CARTESIAN_POINT('Ctrl Pts',(22.7446211658381,129.018498782207,56.4323169435317));
#7014=CARTESIAN_POINT('Ctrl Pts',(22.4031252315626,128.904331633034,55.9153890646478));
#7015=CARTESIAN_POINT('Ctrl Pts',(22.171491149328,128.813341888199,55.5335994155492));
#7016=CARTESIAN_POINT('Ctrl Pts',(21.9957576179294,128.73974631987,55.2920341043271));
#7017=CARTESIAN_POINT('Ctrl Pts',(21.6798670613219,128.594865724988,54.8088534228953));
#7018=CARTESIAN_POINT('Ctrl Pts',(21.303604098495,128.397423104863,54.197551150629));
#7019=CARTESIAN_POINT('Ctrl Pts',(20.9020573826481,128.142590979229,53.4593828861247));
#7020=CARTESIAN_POINT('Ctrl Pts',(20.6644668426371,127.960511052865,52.9658103803483));
#7021=CARTESIAN_POINT('Ctrl Pts',(20.5463770780254,127.859964598204,52.7067667511218));
#7022=CARTESIAN_POINT('Ctrl Pts',(20.5264377519995,127.842010751201,52.6819278028921));
#7023=CARTESIAN_POINT('Ctrl Pts',(20.4918741489332,127.811245557764,52.6330070788968));
#7024=CARTESIAN_POINT('Ctrl Pts',(20.4552987315648,127.778619773904,52.5838454987197));
#7025=CARTESIAN_POINT('Ctrl Pts',(20.4196850304059,127.746984078445,52.5348511995122));
#7026=CARTESIAN_POINT('Ctrl Pts',(20.3837219108477,127.715058337739,52.485831659669));
#7027=CARTESIAN_POINT('Ctrl Pts',(20.3568294796158,127.691241467235,52.4491028378666));
#7028=CARTESIAN_POINT('Ctrl Pts',(20.0978478526242,127.462175726986,52.0960147618069));
#7029=CARTESIAN_POINT('Ctrl Pts',(19.6424388656532,127.06224737996,51.4421350416541));
#7030=CARTESIAN_POINT('Ctrl Pts',(18.9454378623047,126.451850307946,50.4613986884721));
#7031=CARTESIAN_POINT('Ctrl Pts',(18.2509419064562,125.846405663595,49.4821029258458));
#7032=CARTESIAN_POINT('Ctrl Pts',(17.5534931902592,125.240476294813,48.5033666697748));
#7033=CARTESIAN_POINT('Ctrl Pts',(16.855650542948,124.636332234558,47.5255441472264));
#7034=CARTESIAN_POINT('Ctrl Pts',(16.1558777642507,124.032335309887,46.548340246084));
#7035=CARTESIAN_POINT('Ctrl Pts',(15.4554482607871,123.429488354282,45.5719260354403));
#7036=CARTESIAN_POINT('Ctrl Pts',(14.9878294814535,123.028037064891,44.9214575322807));
#7037=CARTESIAN_POINT('Ctrl Pts',(14.6237439231775,122.715852858956,44.4158880033162));
#7038=CARTESIAN_POINT('Ctrl Pts',(14.4190524289753,122.540580640025,44.1438035368173));
#7039=CARTESIAN_POINT('Ctrl Pts',(14.148072529317,122.311416690379,43.7834032401156));
#7040=CARTESIAN_POINT('Ctrl Pts',(13.8752430997936,122.082096635777,43.4237032755875));
#7041=CARTESIAN_POINT('Ctrl Pts',(13.6013149132618,121.854096283906,43.0653988054799));
#7042=CARTESIAN_POINT('Ctrl Pts',(13.3260701227662,121.627002580087,42.7084652428037));
#7043=CARTESIAN_POINT('Ctrl Pts',(13.1880549940677,121.513743399456,42.5304271784225));
#7044=CARTESIAN_POINT('Ctrl Pts',(13.0983529816465,121.440372156619,42.4146098672435));
#7045=CARTESIAN_POINT('Ctrl Pts',(13.0654314743699,121.414279128116,42.3628132517592));
#7046=CARTESIAN_POINT('Ctrl Pts',(13.0299247620802,121.385500942975,42.3101338373823));
#7047=CARTESIAN_POINT('Ctrl Pts',(12.9897629811594,121.352983184284,42.2484056638501));
#7048=CARTESIAN_POINT('Ctrl Pts',(12.9660020207856,121.336168958348,42.1831059216647));
#7049=CARTESIAN_POINT('Ctrl Pts',(12.9074991105209,121.289913428577,42.0487793198719));
#7050=CARTESIAN_POINT('Ctrl Pts',(12.8151703321345,121.212519657574,41.8138210216518));
#7051=CARTESIAN_POINT('Ctrl Pts',(12.6900375858649,121.091456457842,41.4730534707439));
#7052=CARTESIAN_POINT('Ctrl Pts',(12.5591175727755,120.937556319715,41.0599963722807));
#7053=CARTESIAN_POINT('Ctrl Pts',(12.4067292758925,120.717898489686,40.5057028366459));
#7054=CARTESIAN_POINT('Ctrl Pts',(12.2609054533908,120.419057538118,39.8105258280838));
#7055=CARTESIAN_POINT('Ctrl Pts',(12.1581321639127,120.02687056211,38.9927950710076));
#7056=CARTESIAN_POINT('Ctrl Pts',(12.1280560384811,119.592850267326,38.183194508164));
#7057=CARTESIAN_POINT('Ctrl Pts',(12.1686083444469,119.199727425144,37.531939181166));
#7058=CARTESIAN_POINT('Ctrl Pts',(12.2337351969524,118.910554823165,37.0952292388196));
#7059=CARTESIAN_POINT('Ctrl Pts',(12.2814140546582,118.741960138802,36.8523206652642));
#7060=CARTESIAN_POINT('Ctrl Pts',(12.3158783717027,118.63479265882,36.7027582954945));
#7061=CARTESIAN_POINT('Ctrl Pts',(12.3462986218184,118.547907286684,36.5844019562756));
#7062=CARTESIAN_POINT('Ctrl Pts',(12.3786503776824,118.460325185985,36.46703209736));
#7063=CARTESIAN_POINT('Ctrl Pts',(12.4227897367473,118.349532069363,36.3222073456181));
#7064=CARTESIAN_POINT('Ctrl Pts',(12.4718846166577,118.237173917768,36.1801899649779));
#7065=CARTESIAN_POINT('Ctrl Pts',(12.5088602624284,118.157801896489,36.0823879649536));
#7066=CARTESIAN_POINT('Ctrl Pts',(12.52800330057,118.117949526325,36.0339081281427));
#7067=CARTESIAN_POINT('Ctrl Pts',(12.5377397020378,118.097981423883,36.0097750503168));
#7068=CARTESIAN_POINT('Ctrl Pts',(12.5426479948911,118.087989758281,35.9977361713932));
#7069=CARTESIAN_POINT('Ctrl Pts',(12.5454659711191,118.082274056692,35.9908637582869));
#7070=CARTESIAN_POINT('Ctrl Pts',(12.5468762444817,118.079421248961,35.987431616722));
#7071=CARTESIAN_POINT('Ctrl Pts',(12.6528605882705,117.865137458982,35.7312982351414));
#7072=CARTESIAN_POINT('Ctrl Pts',(12.7853530301906,117.630386960237,35.4897779277384));
#7073=CARTESIAN_POINT('Ctrl Pts',(13.0435178273936,117.238157668083,35.1163726744412));
#7074=CARTESIAN_POINT('Ctrl Pts',(13.2207651679017,116.992616901471,34.8996114540965));
#7075=CARTESIAN_POINT('Ctrl Pts',(13.4867460729075,116.668863169563,34.6467780784509));
#7076=CARTESIAN_POINT('Ctrl Pts',(13.7732317174593,116.34780489044,34.4183835585916));
#7077=CARTESIAN_POINT('Ctrl Pts',(14.1682589468395,115.954408420565,34.1801118519871));
#7078=CARTESIAN_POINT('Ctrl Pts',(14.5206860918377,115.653320315648,34.0422692322402));
#7079=CARTESIAN_POINT('Ctrl Pts',(14.7516091101509,115.470572102393,33.9735661672777));
#7080=CARTESIAN_POINT('Ctrl Pts',(14.8845847940572,115.36376772307,33.9409830485153));
#7081=CARTESIAN_POINT('Ctrl Pts',(15.1247978955107,115.171440816587,33.8794194801313));
#7082=CARTESIAN_POINT('Ctrl Pts',(15.4341762984629,114.923448950889,33.8013895643496));
#7083=CARTESIAN_POINT('Ctrl Pts',(15.7975077879852,114.632378116777,33.7090136458613));
#7084=CARTESIAN_POINT('Ctrl Pts',(16.1020706249634,114.388318168044,33.631880527895));
#7085=CARTESIAN_POINT('Ctrl Pts',(16.34447059019,114.194102436905,33.5703686987729));
#7086=CARTESIAN_POINT('Ctrl Pts',(16.5264777535907,114.048267894666,33.5242112096584));
#7087=CARTESIAN_POINT('Ctrl Pts',(16.6780677922495,113.926807788707,33.4857562626963));
#7088=CARTESIAN_POINT('Ctrl Pts',(16.7842218385071,113.841752824997,33.4588290190037));
#7089=CARTESIAN_POINT('Ctrl Pts',(16.8448780471276,113.793153100556,33.4434412177632));
#7090=CARTESIAN_POINT('Ctrl Pts',(17.1179094076935,113.574389878473,33.3741807380487));
#7091=CARTESIAN_POINT('Ctrl Pts',(17.4375426880844,113.318259536999,33.2931694046066));
#7092=CARTESIAN_POINT('Ctrl Pts',(17.75764861406,113.061778881972,33.211965241292));
#7093=CARTESIAN_POINT('Ctrl Pts',(17.8491966313382,112.988427204574,33.1887414839416));
#7094=CARTESIAN_POINT('Ctrl Pts',(17.9102490192833,112.939509930599,33.1732533662708));
#7095=CARTESIAN_POINT('Ctrl Pts',(17.9866186513329,112.87831963118,33.1538802918274));
#7096=CARTESIAN_POINT('Ctrl Pts',(18.0783356649522,112.804832583649,33.1306135181562));
#7097=CARTESIAN_POINT('Ctrl Pts',(18.2007324890545,112.706763715242,33.0995639272513));
#7098=CARTESIAN_POINT('Ctrl Pts',(18.4152341503363,112.534896277676,33.0451510728007));
#7099=CARTESIAN_POINT('Ctrl Pts',(18.7225883104734,112.288629532113,32.9671893999518));
#7100=CARTESIAN_POINT('Ctrl Pts',(19.0311936827119,112.041360427265,32.8889095861352));
#7101=CARTESIAN_POINT('Ctrl Pts',(19.2788209257017,111.842951642429,32.8260925281637));
#7102=CARTESIAN_POINT('Ctrl Pts',(19.5269753032655,111.644120549479,32.7631414801421));
#7103=CARTESIAN_POINT('Ctrl Pts',(19.8382072835804,111.394747462855,32.6841932594677));
#7104=CARTESIAN_POINT('Ctrl Pts',(20.1507572863126,111.144318557072,32.6049097530467));
#7105=CARTESIAN_POINT('Ctrl Pts',(20.4015427692529,110.943379314685,32.5412905852326));
#7106=CARTESIAN_POINT('Ctrl Pts',(20.7784784122195,110.641363501685,32.445669679591));
#7107=CARTESIAN_POINT('Ctrl Pts',(21.3468166060874,110.185981854192,32.3015096991583));
#7108=CARTESIAN_POINT('Ctrl Pts',(22.1095899119484,109.574813131971,32.1080182566841));
#7109=CARTESIAN_POINT('Ctrl Pts',(22.8763348725535,108.960460539911,31.9135217032124));
#7110=CARTESIAN_POINT('Ctrl Pts',(23.6456400967671,108.344057253687,31.7183721448565));
#7111=CARTESIAN_POINT('Ctrl Pts',(24.4160517293728,107.726766960134,31.5229414552415));
#7112=CARTESIAN_POINT('Ctrl Pts',(25.1860724313056,107.109789782216,31.3276084736739));
#7113=CARTESIAN_POINT('Ctrl Pts',(25.9542422996485,106.494295162944,31.1327443069126));
#7114=CARTESIAN_POINT('Ctrl Pts',(26.7193458166375,105.881257063362,30.9386572326961));
#7115=CARTESIAN_POINT('Ctrl Pts',(27.4802048795396,105.271619340589,30.745646370177));
#7116=CARTESIAN_POINT('Ctrl Pts',(28.2364711894474,104.665661048023,30.553800149945));
#7117=CARTESIAN_POINT('Ctrl Pts',(28.9871627419694,104.064168976089,30.3633678152501));
#7118=CARTESIAN_POINT('Ctrl Pts',(29.734472131175,103.465386291984,30.1737932242167));
#7119=CARTESIAN_POINT('Ctrl Pts',(30.4826241465916,102.865927852312,29.9840047128));
#7120=CARTESIAN_POINT('Ctrl Pts',(31.2304194302966,102.266754610554,29.7943066070113));
#7121=CARTESIAN_POINT('Ctrl Pts',(31.9783673041231,101.667458445844,29.6045697650103));
#7122=CARTESIAN_POINT('Ctrl Pts',(32.7262420566791,101.068220185294,29.4148514999159));
#7123=CARTESIAN_POINT('Ctrl Pts',(33.474145072154,100.468958573782,29.225126139972));
#7124=CARTESIAN_POINT('Ctrl Pts',(34.2220315954873,99.8697094525664,29.0354050797904));
#7125=CARTESIAN_POINT('Ctrl Pts',(34.9699220732156,99.2704564222851,28.8456831682239));
#7126=CARTESIAN_POINT('Ctrl Pts',(35.7178077670932,98.6712064696738,28.6559626530448));
#7127=CARTESIAN_POINT('Ctrl Pts',(36.4656929211276,98.0719561810196,28.4662424846379));
#7128=CARTESIAN_POINT('Ctrl Pts',(37.2135759343984,97.472706827209,28.276523092629));
#7129=CARTESIAN_POINT('Ctrl Pts',(37.9614577766745,96.8734576205372,28.0868042514822));
#7130=CARTESIAN_POINT('Ctrl Pts',(38.7093382348779,96.2742087220659,27.8970860331072));
#7131=CARTESIAN_POINT('Ctrl Pts',(39.4572175943134,95.6749598944009,27.7073683807184));
#7132=CARTESIAN_POINT('Ctrl Pts',(40.2050958917665,95.0757111000271,27.5176512986152));
#7133=CARTESIAN_POINT('Ctrl Pts',(40.95297325261,94.4764622310985,27.3279347669295));
#7134=CARTESIAN_POINT('Ctrl Pts',(41.7008497432541,93.8772132275732,27.1382187792856));
#7135=CARTESIAN_POINT('Ctrl Pts',(42.4487254396661,93.2779640222341,26.9485033256163));
#7136=CARTESIAN_POINT('Ctrl Pts',(43.1966003990274,92.6787145633322,26.7587883995242));
#7137=CARTESIAN_POINT('Ctrl Pts',(43.9444746743497,92.0794648028172,26.5690739947227));
#7138=CARTESIAN_POINT('Ctrl Pts',(44.6923483096394,91.4802147001616,26.3793601063907));
#7139=CARTESIAN_POINT('Ctrl Pts',(45.4402213435219,90.8809642194141,26.1896467303645));
#7140=CARTESIAN_POINT('Ctrl Pts',(46.1880938088896,90.2817133294441,25.9999338633232));
#7141=CARTESIAN_POINT('Ctrl Pts',(46.9359657341543,89.6824620029053,25.8102215025544));
#7142=CARTESIAN_POINT('Ctrl Pts',(47.6838371436359,89.0832102158972,25.6205096459271));
#7143=CARTESIAN_POINT('Ctrl Pts',(48.4317080582087,88.4839579474227,25.4307982917908));
#7144=CARTESIAN_POINT('Ctrl Pts',(49.1795784957218,87.8847051790307,25.2410874389223));
#7145=CARTESIAN_POINT('Ctrl Pts',(49.927448471424,87.2854518944578,25.0513770864649));
#7146=CARTESIAN_POINT('Ctrl Pts',(50.675317998305,86.6861980793398,24.8616672338826));
#7147=CARTESIAN_POINT('Ctrl Pts',(51.4231870874015,86.0869437209534,24.6719578809172));
#7148=CARTESIAN_POINT('Ctrl Pts',(52.1710557480564,85.4876888079969,24.4822490275532));
#7149=CARTESIAN_POINT('Ctrl Pts',(52.9189239881463,84.8884333303991,24.2925406739869));
#7150=CARTESIAN_POINT('Ctrl Pts',(53.6667918142757,84.2891772791555,24.1028328205997));
#7151=CARTESIAN_POINT('Ctrl Pts',(54.4146592319463,83.6899206461861,23.9131254679357));
#7152=CARTESIAN_POINT('Ctrl Pts',(55.162526245702,83.090663424214,23.7234186166821));
#7153=CARTESIAN_POINT('Ctrl Pts',(55.910392859255,82.4914056066599,23.533712267653));
#7154=CARTESIAN_POINT('Ctrl Pts',(56.6582590755936,81.8921471875527,23.3440064217752));
#7155=CARTESIAN_POINT('Ctrl Pts',(57.4061248970755,81.2928881614521,23.1543010800768));
#7156=CARTESIAN_POINT('Ctrl Pts',(58.1539903255077,80.6936285233836,22.9645962436775));
#7157=CARTESIAN_POINT('Ctrl Pts',(58.9018553622156,80.0943682687823,22.7748919137807));
#7158=CARTESIAN_POINT('Ctrl Pts',(59.6497200081007,79.4951073934472,22.5851880916674));
#7159=CARTESIAN_POINT('Ctrl Pts',(60.3975842636917,78.895845893501,22.3954847786917));
#7160=CARTESIAN_POINT('Ctrl Pts',(61.1454481291845,78.2965837653611,22.2057819762775));
#7161=CARTESIAN_POINT('Ctrl Pts',(61.8933116044829,77.6973210057087,22.0160796859159));
#7162=CARTESIAN_POINT('Ctrl Pts',(62.6411746892263,77.098057611472,21.8263779091647));
#7163=CARTESIAN_POINT('Ctrl Pts',(63.3890373828041,76.4987935798187,21.6366766476513));
#7164=CARTESIAN_POINT('Ctrl Pts',(64.1368996843845,75.8995289081402,21.4469759030732));
#7165=CARTESIAN_POINT('Ctrl Pts',(64.8847615929245,75.3002635940504,21.2572756772013));
#7166=CARTESIAN_POINT('Ctrl Pts',(65.6326231071824,74.7009976353856,21.067575971885));
#7167=CARTESIAN_POINT('Ctrl Pts',(66.3804842257227,74.1017310302112,20.8778767890588));
#7168=CARTESIAN_POINT('Ctrl Pts',(67.1283449469186,73.5024637768323,20.68817813075));
#7169=CARTESIAN_POINT('Ctrl Pts',(67.8762052689501,72.9031958738108,20.4984799990888));
#7170=CARTESIAN_POINT('Ctrl Pts',(68.6240651897989,72.3039273199867,20.3087823963201));
#7171=CARTESIAN_POINT('Ctrl Pts',(69.3719247072381,71.7046581145071,20.1190853248182));
#7172=CARTESIAN_POINT('Ctrl Pts',(70.1197838188187,71.1053882568602,19.9293887871029));
#7173=CARTESIAN_POINT('Ctrl Pts',(70.8676425218513,70.5061177469186,19.7396927858601));
#7174=CARTESIAN_POINT('Ctrl Pts',(71.6155008133829,69.9068465849889,19.5499973239645));
#7175=CARTESIAN_POINT('Ctrl Pts',(72.3633586901684,69.3075747718728,19.3603024045066));
#7176=CARTESIAN_POINT('Ctrl Pts',(73.1112161486355,68.708302308937,19.1706080308245));
#7177=CARTESIAN_POINT('Ctrl Pts',(73.859073184844,68.1090291981969,18.9809142065401));
#7178=CARTESIAN_POINT('Ctrl Pts',(74.606929794437,67.5097554424127,18.7912209356015));
#7179=CARTESIAN_POINT('Ctrl Pts',(75.3547859725828,66.9104810452023,18.6015282223326));
#7180=CARTESIAN_POINT('Ctrl Pts',(76.1026417139085,66.3112060111727,18.4118360714892));
#7181=CARTESIAN_POINT('Ctrl Pts',(76.850497012421,65.7119303460718,18.2221444883257));
#7182=CARTESIAN_POINT('Ctrl Pts',(77.5983518614161,65.112654056965,18.0324534786707));
#7183=CARTESIAN_POINT('Ctrl Pts',(78.3462062533716,64.5133771524393,17.8427630490157));
#7184=CARTESIAN_POINT('Ctrl Pts',(79.0940601798255,63.9140996428404,17.6530732066167));
#7185=CARTESIAN_POINT('Ctrl Pts',(79.8419136312318,63.3148215405464,17.4633839596125));
#7186=CARTESIAN_POINT('Ctrl Pts',(80.5897665967971,62.7155428602844,17.2736953171608));
#7187=CARTESIAN_POINT('Ctrl Pts',(81.3376190642856,62.1162636194992,17.0840072895968));
#7188=CARTESIAN_POINT('Ctrl Pts',(82.0854710198057,61.5169838387715,16.8943198886134));
#7189=CARTESIAN_POINT('Ctrl Pts',(82.8333224475484,60.9177035423124,16.7046331274737));
#7190=CARTESIAN_POINT('Ctrl Pts',(83.5811733294846,60.3184227585357,16.5149470212558));
#7191=CARTESIAN_POINT('Ctrl Pts',(84.3290236450301,59.719141520707,16.3252615871334));
#7192=CARTESIAN_POINT('Ctrl Pts',(85.076873370647,59.1198598677045,16.1355768447013));
#7193=CARTESIAN_POINT('Ctrl Pts',(85.8247224793853,58.5205778448943,15.9458928163526));
#7194=CARTESIAN_POINT('Ctrl Pts',(86.5725709403538,57.9212955051438,15.7562095277134));
#7195=CARTESIAN_POINT('Ctrl Pts',(87.3204187181066,57.3220129099937,15.5665270081465));
#7196=CARTESIAN_POINT('Ctrl Pts',(88.0682657719356,56.7227301310111,15.3768452913323));
#7197=CARTESIAN_POINT('Ctrl Pts',(88.8161120550504,56.1234472513563,15.1871644159427));
#7198=CARTESIAN_POINT('Ctrl Pts',(89.5639575136346,55.52416436759,14.9974844264158));
#7199=CARTESIAN_POINT('Ctrl Pts',(90.3118020857448,54.9248815917704,14.8078053738587));
#7200=CARTESIAN_POINT('Ctrl Pts',(91.0596457000622,54.3255990538587,14.6181273170773));
#7201=CARTESIAN_POINT('Ctrl Pts',(91.8074882743921,53.7263169045428,14.4284503237967));
#7202=CARTESIAN_POINT('Ctrl Pts',(92.5553297140608,53.127035318405,14.2387744720035));
#7203=CARTESIAN_POINT('Ctrl Pts',(93.3031699097657,52.5277544977988,14.0490998516527));
#7204=CARTESIAN_POINT('Ctrl Pts',(94.0510087357569,51.9284746768491,13.8594265662918));
#7205=CARTESIAN_POINT('Ctrl Pts',(94.7988460462403,51.3291961271533,13.6697547357191));
#7206=CARTESIAN_POINT('Ctrl Pts',(95.5466816745687,50.729919161961,13.4800844973101));
#7207=CARTESIAN_POINT('Ctrl Pts',(96.294515424807,50.1306441464015,13.2904160114588));
#7208=CARTESIAN_POINT('Ctrl Pts',(97.0423470787745,49.5313714972259,13.1007494591184));
#7209=CARTESIAN_POINT('Ctrl Pts',(97.7901763665883,48.9321017095541,12.9110850585475));
#7210=CARTESIAN_POINT('Ctrl Pts',(98.5380030167881,48.3328353272443,12.7214230408102));
#7211=CARTESIAN_POINT('Ctrl Pts',(99.2858266258233,47.7335730441999,12.5317637196455));
#7212=CARTESIAN_POINT('Ctrl Pts',(100.033646929105,47.1343155179825,12.3421073524017));
#7213=CARTESIAN_POINT('Ctrl Pts',(100.781463169725,46.5350638338271,12.152454471449));
#7214=CARTESIAN_POINT('Ctrl Pts',(101.529275483532,45.9358185198028,11.9628051653987));
#7215=CARTESIAN_POINT('Ctrl Pts',(102.27708176553,45.3365818141327,11.7731607151461));
#7216=CARTESIAN_POINT('Ctrl Pts',(103.024884647731,44.7373526612214,11.5835199620423));
#7217=CARTESIAN_POINT('Ctrl Pts',(103.772675833253,44.1381379981455,11.3938874747791));
#7218=CARTESIAN_POINT('Ctrl Pts',(104.520471119218,43.5389275825303,11.2042553065242));
#7219=CARTESIAN_POINT('Ctrl Pts',(105.268231928068,42.9397504601669,11.014643885496));
#7220=CARTESIAN_POINT('Ctrl Pts',(106.016040918285,42.3405486724189,10.825010523208));
#7221=CARTESIAN_POINT('Ctrl Pts',(106.763708744228,41.7414601525608,10.63545431296));
#7222=CARTESIAN_POINT('Ctrl Pts',(107.51165435124,41.1421855516602,10.4457574729043));
#7223=CARTESIAN_POINT('Ctrl Pts',(108.258934372968,40.5434057329296,10.2564122294918));
#7224=CARTESIAN_POINT('Ctrl Pts',(109.007646433118,39.943615407251,10.0663233503161));
#7225=CARTESIAN_POINT('Ctrl Pts',(109.75328345967,39.3460372372348,9.87791521950844));
#7226=CARTESIAN_POINT('Ctrl Pts',(110.256140900291,38.9435228854915,9.74927003005692));
#7227=CARTESIAN_POINT('Ctrl Pts',(110.533214545526,38.720942949572,9.68125514018993));
#7228=CARTESIAN_POINT('Ctrl Pts',(110.553437624113,38.703885125778,9.68067042608115));
#7229=CARTESIAN_POINT('Ctrl Pts',(110.729009485147,38.5622623167738,9.65500246226177));
#7230=CARTESIAN_POINT('Ctrl Pts',(111.023707256697,38.3361828785685,9.63303911682483));
#7231=CARTESIAN_POINT('Ctrl Pts',(111.335636836714,38.1199655939095,9.64296884168771));
#7232=CARTESIAN_POINT('Ctrl Pts',(111.746592259634,37.8487492494521,9.67839691952938));
#7233=CARTESIAN_POINT('Ctrl Pts',(112.242796324245,37.54803492937,9.77067396609969));
#7234=CARTESIAN_POINT('Ctrl Pts',(113.004159365884,37.1644137127282,10.0117158783388));
#7235=CARTESIAN_POINT('Ctrl Pts',(113.76659045603,36.8482060679949,10.3579741651553));
#7236=CARTESIAN_POINT('Ctrl Pts',(114.517009104664,36.5977972369273,10.7971470584251));
#7237=CARTESIAN_POINT('Ctrl Pts',(115.053294247744,36.4606301010931,11.1827361168532));
#7238=CARTESIAN_POINT('Ctrl Pts',(115.402085456643,36.387303579092,11.46189180108));
#7239=CARTESIAN_POINT('Ctrl Pts',(115.632097323434,36.3433062253091,11.6538523843293));
#7240=CARTESIAN_POINT('Ctrl Pts',(115.858095350561,36.3071001437939,11.8540792853361));
#7241=CARTESIAN_POINT('Ctrl Pts',(116.079140504218,36.2780011928394,12.0615433088495));
#7242=CARTESIAN_POINT('Ctrl Pts',(116.242368233486,36.2599168032123,12.2205336579502));
#7243=CARTESIAN_POINT('Ctrl Pts',(116.362771948397,36.2491534375071,12.3421358859944));
#7244=CARTESIAN_POINT('Ctrl Pts',(116.442104475051,36.2430656112588,12.4240904363727));
#7245=CARTESIAN_POINT('Ctrl Pts',(116.494749398227,36.2393106084749,12.478960577284));
#7246=CARTESIAN_POINT('Ctrl Pts',(116.560114342693,36.2352159796126,12.5479820286326));
#7247=CARTESIAN_POINT('Ctrl Pts',(116.637794881121,36.2312102435887,12.6314596429788));
#7248=CARTESIAN_POINT('Ctrl Pts',(116.740346578943,36.2270890270065,12.7435928989367));
#7249=CARTESIAN_POINT('Ctrl Pts',(116.866647335304,36.2243148931176,12.8852429019405));
#7250=CARTESIAN_POINT('Ctrl Pts',(116.990246946553,36.2245712841938,13.02865036225));
#7251=CARTESIAN_POINT('Ctrl Pts',(117.07522443066,36.2262638318412,13.129814398892));
#7252=CARTESIAN_POINT('Ctrl Pts',(117.112872009065,36.2273624265726,13.1752082339906));
#7253=CARTESIAN_POINT('Ctrl Pts',(117.127881814562,36.227849736324,13.1933964609186));
#7254=CARTESIAN_POINT('Ctrl Pts',(117.133881551469,36.2280489927702,13.2006746262879));
#7255=CARTESIAN_POINT('Ctrl Pts',(117.141374490935,36.2283076599142,13.2097777927618));
#7256=CARTESIAN_POINT('Ctrl Pts',(117.148857478343,36.2285779641739,13.2188880719002));
#7257=CARTESIAN_POINT('Ctrl Pts',(117.154090182298,36.2287731342274,13.2252689350915));
#7258=CARTESIAN_POINT('Ctrl Pts',(117.156705104654,36.2288721278203,13.22846027487));
#7259=CARTESIAN_POINT('Ctrl Pts',(117.15801230587,36.2289220704094,13.2300561795625));
#7260=CARTESIAN_POINT('Ctrl Pts',(117.158665710671,36.2289470289824,13.2308541793756));
#7261=CARTESIAN_POINT('Ctrl Pts',(117.159039228858,36.2289614770285,13.2313102099646));
#7262=CARTESIAN_POINT('Ctrl Pts',(117.159225684304,36.2289684296401,13.2315382053411));
#7263=CARTESIAN_POINT('Ctrl Pts',(117.319918165825,36.2357868999904,13.4270111176606));
#7264=CARTESIAN_POINT('Ctrl Pts',(117.670894136788,36.2902807819078,13.8291242414417));
#7265=CARTESIAN_POINT('Ctrl Pts',(118.149719493381,36.3953028980054,14.4603972663917));
#7266=CARTESIAN_POINT('Ctrl Pts',(118.533454827299,36.5208504427342,15.0083417207992));
#7267=CARTESIAN_POINT('Ctrl Pts',(118.7544883145,36.6102377732509,15.3516304304478));
#7268=CARTESIAN_POINT('Ctrl Pts',(118.834230342896,36.6449595226834,15.4785652260309));
#7269=CARTESIAN_POINT('Ctrl Pts',(118.851881348996,36.6526952753742,15.5067915074416));
#7270=CARTESIAN_POINT('Ctrl Pts',(118.882689382968,36.6663888391745,15.5562492567637));
#7271=CARTESIAN_POINT('Ctrl Pts',(118.917688924914,36.6823773718991,15.6129096779302));
#7272=CARTESIAN_POINT('Ctrl Pts',(118.948064605054,36.6965854508247,15.6625894316302));
#7273=CARTESIAN_POINT('Ctrl Pts',(118.965360355703,36.7047753971646,15.6910141052913));
#7274=CARTESIAN_POINT('Ctrl Pts',(118.97614634116,36.7099263251462,15.7087942199068));
#7275=CARTESIAN_POINT('Ctrl Pts',(118.984758438127,36.7140634491429,15.7230267689748));
#7276=CARTESIAN_POINT('Ctrl Pts',(118.991210355179,36.7171759638619,15.7337055925333));
#7277=CARTESIAN_POINT('Ctrl Pts',(118.997654836733,36.7202978046314,15.7443887783198));
#7278=CARTESIAN_POINT('Ctrl Pts',(119.004092060576,36.7234292084976,15.7550763331582));
#7279=CARTESIAN_POINT('Ctrl Pts',(119.010521749153,36.7265698392223,15.7657681757965));
#7280=CARTESIAN_POINT('Ctrl Pts',(119.015873985601,36.7291952834253,15.7746817043159));
#7281=CARTESIAN_POINT('Ctrl Pts',(119.020151441085,36.731299556892,15.7818145092091));
#7282=CARTESIAN_POINT('Ctrl Pts',(119.023357691725,36.73288012434,15.7871651774513));
#7283=CARTESIAN_POINT('Ctrl Pts',(119.026028128419,36.7341993711907,15.7916249851317));
#7284=CARTESIAN_POINT('Ctrl Pts',(119.027896413235,36.7351235919629,15.7947472519859));
#7285=CARTESIAN_POINT('Ctrl Pts',(119.028830423914,36.7355860681164,15.7963085283045));
#7286=CARTESIAN_POINT('Ctrl Pts',(119.02929724856,36.7358171816461,15.7970891499709));
#7287=CARTESIAN_POINT('Ctrl Pts',(119.029530811212,36.7359329934188,15.7974795259187));
#7288=CARTESIAN_POINT('Ctrl Pts',(119.029647367495,36.735990578599,15.7976746371214));
#7289=CARTESIAN_POINT('Ctrl Pts',(119.029714309908,36.7360239829299,15.7977862501372));
#7290=CARTESIAN_POINT('Ctrl Pts',(119.02974718496,36.7360398131905,15.7978418456944));
#7291=CARTESIAN_POINT('Ctrl Pts',(119.087009245658,36.767020457291,15.8900432718047));
#7292=CARTESIAN_POINT('Ctrl Pts',(119.18071940775,36.8509864410359,15.9951879839773));
#7293=CARTESIAN_POINT('Ctrl Pts',(119.401906162391,37.019029236453,16.2815838538662));
#7294=CARTESIAN_POINT('Ctrl Pts',(119.546973784612,37.1291226558005,16.4690469690962));
#7295=CARTESIAN_POINT('Ctrl Pts',(119.691186314047,37.2378783158634,16.6562624349157));
#7296=CARTESIAN_POINT('Ctrl Pts',(119.784676541385,37.632456231056,16.3456278226358));
#7297=CARTESIAN_POINT('Ctrl Pts',(120.020652302318,37.8117958469451,16.652872018042));
#7298=CARTESIAN_POINT('Ctrl Pts',(120.493177622564,38.1700189770063,17.2674604111873));
#7299=CARTESIAN_POINT('Ctrl Pts',(121.204000271773,38.7058430988144,18.1895903867702));
#7300=CARTESIAN_POINT('Ctrl Pts',(121.917016881596,39.2400196092366,19.1118458517552));
#7301=CARTESIAN_POINT('Ctrl Pts',(122.632264028873,39.7723907656697,20.0340665383218));
#7302=CARTESIAN_POINT('Ctrl Pts',(123.34998023571,40.3028455429001,20.9561206633116));
#7303=CARTESIAN_POINT('Ctrl Pts',(124.070358230778,40.8312002181029,21.8778748759313));
#7304=CARTESIAN_POINT('Ctrl Pts',(124.793676211813,41.3575078599307,22.7992489590681));
#7305=CARTESIAN_POINT('Ctrl Pts',(125.277875239366,41.7067208465356,23.4131640599532));
#7306=CARTESIAN_POINT('Ctrl Pts',(125.664660564972,41.9845552100128,23.9017387853565));
#7307=CARTESIAN_POINT('Ctrl Pts',(125.970511921213,42.2091073645688,24.2686802343266));
#7308=CARTESIAN_POINT('Ctrl Pts',(126.5809354236,42.6387093697602,25.0008904602201));
#7309=CARTESIAN_POINT('Ctrl Pts',(127.051562927731,42.9562629687343,25.5499137296791));
#7310=CARTESIAN_POINT('Ctrl Pts',(127.395483702442,43.1784545265808,25.9488419833241));
#7311=CARTESIAN_POINT('Ctrl Pts',(127.478379844477,43.2185096882661,26.0732020738928));
#7312=CARTESIAN_POINT('Ctrl Pts',(127.568450824954,43.2690127761451,26.198758253645));
#7313=CARTESIAN_POINT('Ctrl Pts',(127.681918336927,43.3305916085431,26.3662283227786));
#7314=CARTESIAN_POINT('Ctrl Pts',(127.757785356556,43.3576285019202,26.5102494541209));
#7315=CARTESIAN_POINT('Ctrl Pts',(127.917916510985,43.4317812661594,26.8002650022588));
#7316=CARTESIAN_POINT('Ctrl Pts',(128.178304729392,43.5642283551706,27.3056249579225));
#7317=CARTESIAN_POINT('Ctrl Pts',(128.511189092512,43.7876467454199,28.0172750510791));
#7318=CARTESIAN_POINT('Ctrl Pts',(128.836160241526,44.1071931767134,28.8596648811185));
#7319=CARTESIAN_POINT('Ctrl Pts',(129.067507143159,44.4781592431281,29.665384135897));
#7320=CARTESIAN_POINT('Ctrl Pts',(129.188551963993,44.8926959608683,30.4103129005555));
#7321=CARTESIAN_POINT('Ctrl Pts',(129.183367410922,45.3530011526726,31.0776660774299));
#7322=CARTESIAN_POINT('Ctrl Pts',(129.039043141969,45.8360138254505,31.6142535055775));
#7323=CARTESIAN_POINT('Ctrl Pts',(128.847340096748,46.1750963123723,31.8768334209307));
#7324=CARTESIAN_POINT('Ctrl Pts',(128.712646761571,46.3684314185886,31.9924975982664));
#7325=CARTESIAN_POINT('Ctrl Pts',(128.66238943665,46.4409628275461,32.0313112165143));
#7326=CARTESIAN_POINT('Ctrl Pts',(128.525484312388,46.6342201171255,32.1357474748362));
#7327=CARTESIAN_POINT('Ctrl Pts',(128.354498112248,46.8654749594071,32.2570505879461));
#7328=CARTESIAN_POINT('Ctrl Pts',(128.204915828596,47.0569644021921,32.3546766451311));
#7329=CARTESIAN_POINT('Ctrl Pts',(128.08368495091,47.2096699164196,32.4316187793229));
#7330=CARTESIAN_POINT('Ctrl Pts',(127.950065083889,47.372823004324,32.5119833720243));
#7331=CARTESIAN_POINT('Ctrl Pts',(127.664794824023,47.7021409413401,32.6650096394525));
#7332=CARTESIAN_POINT('Ctrl Pts',(127.287714355875,48.1024458989903,32.8338864775789));
#7333=CARTESIAN_POINT('Ctrl Pts',(126.798800167301,48.5694208353264,33.0028590880883));
#7334=CARTESIAN_POINT('Ctrl Pts',(126.453516420157,48.866591862951,33.0906247018829));
#7335=CARTESIAN_POINT('Ctrl Pts',(126.250004545441,49.0329367550557,33.1341473465015));
#7336=CARTESIAN_POINT('Ctrl Pts',(126.181746627173,49.0874407383901,33.1522347295834));
#7337=CARTESIAN_POINT('Ctrl Pts',(126.05513747699,49.1890772481311,33.1843247656418));
#7338=CARTESIAN_POINT('Ctrl Pts',(125.828799708962,49.3704782106676,33.2424800946202));
#7339=CARTESIAN_POINT('Ctrl Pts',(125.380394942589,49.7300680338696,33.3571082920319));
#7340=CARTESIAN_POINT('Ctrl Pts',(124.741766380569,50.2420450190627,33.5207355379439));
#7341=CARTESIAN_POINT('Ctrl Pts',(123.975851045062,50.856158207651,33.7167407356739));
#7342=CARTESIAN_POINT('Ctrl Pts',(123.209717757102,51.470406547594,33.912887618696));
#7343=CARTESIAN_POINT('Ctrl Pts',(122.443725672114,52.0845591929607,34.1089436052191));
#7344=CARTESIAN_POINT('Ctrl Pts',(121.677705122776,52.6987258222194,34.3050155235906));
#7345=CARTESIAN_POINT('Ctrl Pts',(120.911726542248,53.3128609797017,34.5010576023689));
#7346=CARTESIAN_POINT('Ctrl Pts',(120.145753756801,53.926988102586,34.6970919949042));
#7347=CARTESIAN_POINT('Ctrl Pts',(119.379798869397,54.5410994221601,34.8931102854123));
#7348=CARTESIAN_POINT('Ctrl Pts',(118.613852982526,55.1552007382953,35.0891175159387));
#7349=CARTESIAN_POINT('Ctrl Pts',(117.847917064539,55.7692914710648,35.2851125478684));
#7350=CARTESIAN_POINT('Ctrl Pts',(117.081988095701,56.3833736149838,35.4810968571763));
#7351=CARTESIAN_POINT('Ctrl Pts',(116.31606519861,56.997447777328,35.6770706259566));
#7352=CARTESIAN_POINT('Ctrl Pts',(115.550146850001,57.6115149804981,35.8730345055994));
#7353=CARTESIAN_POINT('Ctrl Pts',(114.784232083213,58.2255758851618,36.0689888441874));
#7354=CARTESIAN_POINT('Ctrl Pts',(114.018319914057,58.8396311615692,36.2649340444894));
#7355=CARTESIAN_POINT('Ctrl Pts',(113.252409565361,59.4536813446541,36.4608704151676));
#7356=CARTESIAN_POINT('Ctrl Pts',(112.486500339157,60.0677269168289,36.6567982468219));
#7357=CARTESIAN_POINT('Ctrl Pts',(111.720591650077,60.6817682865631,36.8527177862774));
#7358=CARTESIAN_POINT('Ctrl Pts',(110.954682989958,61.2958058114081,37.0486292551979));
#7359=CARTESIAN_POINT('Ctrl Pts',(110.188773926128,61.9098397992098,37.2445328478849));
#7360=CARTESIAN_POINT('Ctrl Pts',(109.422864086578,62.5238705178693,37.4404287376545));
#7361=CARTESIAN_POINT('Ctrl Pts',(108.656953153979,63.1378981991942,37.6363170784253));
#7362=CARTESIAN_POINT('Ctrl Pts',(107.891040857046,63.7519230446062,37.8321980079452));
#7363=CARTESIAN_POINT('Ctrl Pts',(107.125126964546,64.3659452290841,38.0280716497708));
#7364=CARTESIAN_POINT('Ctrl Pts',(106.359211279589,64.979964904909,38.2239381153038));
#7365=CARTESIAN_POINT('Ctrl Pts',(105.593293634947,65.5939822047402,38.4197975054));
#7366=CARTESIAN_POINT('Ctrl Pts',(104.82737388892,66.2079972443342,38.6156499118205));
#7367=CARTESIAN_POINT('Ctrl Pts',(104.061451921809,66.8220101248586,38.8114954184552));
#7368=CARTESIAN_POINT('Ctrl Pts',(103.295527632861,67.4360209349,39.007334102389));
#7369=CARTESIAN_POINT('Ctrl Pts',(102.529600937645,68.0500297521895,39.2031660348164));
#7370=CARTESIAN_POINT('Ctrl Pts',(101.763671765781,68.6640366450919,39.3989912818315));
#7371=CARTESIAN_POINT('Ctrl Pts',(100.997740058995,69.278041673889,39.5948099051086));
#7372=CARTESIAN_POINT('Ctrl Pts',(100.231805769426,69.8920448918858,39.7906219624893));
#7373=CARTESIAN_POINT('Ctrl Pts',(99.4658688581837,70.5060463463647,39.986427508488));
#7374=CARTESIAN_POINT('Ctrl Pts',(98.6999292940911,71.1200460794069,40.1822265947282));
#7375=CARTESIAN_POINT('Ctrl Pts',(97.93398705261,71.734044128602,40.3780192703188));
#7376=CARTESIAN_POINT('Ctrl Pts',(97.1680421149102,72.3480405276583,40.5738055821781));
#7377=CARTESIAN_POINT('Ctrl Pts',(96.4020944670693,72.96203530693,40.7695855753132));
#7378=CARTESIAN_POINT('Ctrl Pts',(95.6361440993819,73.576028493871,40.9653592930611));
#7379=CARTESIAN_POINT('Ctrl Pts',(94.8701910057644,74.1900201134262,41.161126777297));
#7380=CARTESIAN_POINT('Ctrl Pts',(94.1042351832426,74.8040101883693,41.3568880686127));
#7381=CARTESIAN_POINT('Ctrl Pts',(93.338276631509,75.4179987395934,41.5526432064716));
#7382=CARTESIAN_POINT('Ctrl Pts',(92.5723153525425,76.0319857863619,41.7483922293419));
#7383=CARTESIAN_POINT('Ctrl Pts',(91.8063513502795,76.6459713465246,41.9441351748119));
#7384=CARTESIAN_POINT('Ctrl Pts',(91.0403846303312,77.259955436704,42.1398720796885));
#7385=CARTESIAN_POINT('Ctrl Pts',(90.2744151997396,77.8739380724561,42.3356029800832));
#7386=CARTESIAN_POINT('Ctrl Pts',(89.5084430667675,78.4879192684084,42.5313279114857));
#7387=CARTESIAN_POINT('Ctrl Pts',(88.7424682407174,79.1018990383795,42.727046908828));
#7388=CARTESIAN_POINT('Ctrl Pts',(87.9764907317755,79.7158773954818,42.9227600065386));
#7389=CARTESIAN_POINT('Ctrl Pts',(87.2105105508771,80.3298543522101,43.1184672385909));
#7390=CARTESIAN_POINT('Ctrl Pts',(86.4445277095911,80.9438299205173,43.3141686385433));
#7391=CARTESIAN_POINT('Ctrl Pts',(85.67854222002,81.5578041118808,43.5098642395752));
#7392=CARTESIAN_POINT('Ctrl Pts',(84.9125540947142,82.1717769373582,43.7055540745173));
#7393=CARTESIAN_POINT('Ctrl Pts',(84.1465633465979,82.7857484076359,43.9012381758782));
#7394=CARTESIAN_POINT('Ctrl Pts',(83.3805699889058,83.3997185330707,44.0969165758671));
#7395=CARTESIAN_POINT('Ctrl Pts',(82.6145740351275,84.0136873237257,44.2925893064137));
#7396=CARTESIAN_POINT('Ctrl Pts',(81.8485754989619,84.6276547893996,44.4882563991851));
#7397=CARTESIAN_POINT('Ctrl Pts',(81.0825743942735,85.2416209396544,44.6839178856013));
#7398=CARTESIAN_POINT('Ctrl Pts',(80.3165707350643,85.8555857838333,44.8795737968468));
#7399=CARTESIAN_POINT('Ctrl Pts',(79.5505645354297,86.4695493310885,45.0752241638844));
#7400=CARTESIAN_POINT('Ctrl Pts',(78.7845558095634,87.0835115903738,45.2708690174583));
#7401=CARTESIAN_POINT('Ctrl Pts',(78.018544571668,87.6974725705094,45.466508388119));
#7402=CARTESIAN_POINT('Ctrl Pts',(77.2525308360977,88.3114322800637,45.6621423061897));
#7403=CARTESIAN_POINT('Ctrl Pts',(76.4865146166787,88.925390727892,45.8577708019422));
#7404=CARTESIAN_POINT('Ctrl Pts',(75.7204959277258,89.5393479223161,46.0533939053393));
#7405=CARTESIAN_POINT('Ctrl Pts',(74.9544747835067,90.1533038715487,46.2490116461738));
#7406=CARTESIAN_POINT('Ctrl Pts',(74.1884511982898,90.7672585836477,46.4446240540581));
#7407=CARTESIAN_POINT('Ctrl Pts',(73.4224251863143,91.3812120665337,46.6402311584334));
#7408=CARTESIAN_POINT('Ctrl Pts',(72.6563967617928,91.9951643279801,46.8358329885711));
#7409=CARTESIAN_POINT('Ctrl Pts',(71.8903659389017,92.6091153756117,47.0314295735766));
#7410=CARTESIAN_POINT('Ctrl Pts',(71.1243327317784,93.2230652168968,47.2270209423918));
#7411=CARTESIAN_POINT('Ctrl Pts',(70.3582971545174,93.8370138591391,47.4226071237976));
#7412=CARTESIAN_POINT('Ctrl Pts',(69.5922592211676,94.4509613094659,47.6181881464164));
#7413=CARTESIAN_POINT('Ctrl Pts',(68.8262189457312,95.0649075748142,47.8137640387137));
#7414=CARTESIAN_POINT('Ctrl Pts',(68.0601763421622,95.6788526619138,48.0093348290004));
#7415=CARTESIAN_POINT('Ctrl Pts',(67.2941314243668,96.2927965772663,48.2049005454347));
#7416=CARTESIAN_POINT('Ctrl Pts',(66.5280842062038,96.9067393271212,48.4004612160233));
#7417=CARTESIAN_POINT('Ctrl Pts',(65.7620347014863,97.5206809174466,48.5960168686238));
#7418=CARTESIAN_POINT('Ctrl Pts',(64.9959829239836,98.134621353895,48.7915675309456));
#7419=CARTESIAN_POINT('Ctrl Pts',(64.2299288874245,98.7485606417643,48.9871132305521));
#7420=CARTESIAN_POINT('Ctrl Pts',(63.4638726055013,99.3624987859501,49.1826539948615));
#7421=CARTESIAN_POINT('Ctrl Pts',(62.6978140918745,99.9764357908924,49.3781898511496));
#7422=CARTESIAN_POINT('Ctrl Pts',(61.9317533601789,100.590371660512,49.5737208265503));
#7423=CARTESIAN_POINT('Ctrl Pts',(61.165690424031,101.204306398134,49.7692469480582));
#7424=CARTESIAN_POINT('Ctrl Pts',(60.3996252970371,101.818240006409,49.9647682425299));
#7425=CARTESIAN_POINT('Ctrl Pts',(59.6335579928041,102.432172487206,50.1602847366861));
#7426=CARTESIAN_POINT('Ctrl Pts',(58.8674885249494,103.046103841499,50.3557964571145));
#7427=CARTESIAN_POINT('Ctrl Pts',(58.1014169071192,103.660034069234,50.5513034302704));
#7428=CARTESIAN_POINT('Ctrl Pts',(57.3353431529938,104.273963169174,50.7468056824823));
#7429=CARTESIAN_POINT('Ctrl Pts',(56.5692672763345,104.887891138702,50.9423032399478));
#7430=CARTESIAN_POINT('Ctrl Pts',(55.8031892907596,105.501817973803,51.137796128799));
#7431=CARTESIAN_POINT('Ctrl Pts',(55.037109210232,106.11574366845,51.3332843749885));
#7432=CARTESIAN_POINT('Ctrl Pts',(54.2710270488014,106.72966821455,51.5287680043664));
#7433=CARTESIAN_POINT('Ctrl Pts',(53.5049428207077,107.343591601561,51.7242470426671));
#7434=CARTESIAN_POINT('Ctrl Pts',(52.7388565403916,107.957513816133,51.9197215155222));
#7435=CARTESIAN_POINT('Ctrl Pts',(51.9727682225529,108.571434841652,52.1151914484627));
#7436=CARTESIAN_POINT('Ctrl Pts',(51.2066778821977,109.185354657734,52.3106568669273));
#7437=CARTESIAN_POINT('Ctrl Pts',(50.4405855347023,109.799273239625,52.5061177962696));
#7438=CARTESIAN_POINT('Ctrl Pts',(49.6744911958828,110.413190557511,52.7015742617671));
#7439=CARTESIAN_POINT('Ctrl Pts',(48.9083948820793,111.027106575712,52.8970262886314));
#7440=CARTESIAN_POINT('Ctrl Pts',(48.1422966102485,111.641021251755,53.0924739020195));
#7441=CARTESIAN_POINT('Ctrl Pts',(47.3761963980803,112.254934535291,53.2879171270477));
#7442=CARTESIAN_POINT('Ctrl Pts',(46.6100942641145,112.868846366844,53.4833559888068));
#7443=CARTESIAN_POINT('Ctrl Pts',(45.843990227915,113.482756676347,53.6787905123803));
#7444=CARTESIAN_POINT('Ctrl Pts',(45.0778843101879,114.096665381489,53.8742207228641));
#7445=CARTESIAN_POINT('Ctrl Pts',(44.3117765331043,114.710572385665,54.0696466453926));
#7446=CARTESIAN_POINT('Ctrl Pts',(43.5456669202588,115.324477575931,54.2650683051612));
#7447=CARTESIAN_POINT('Ctrl Pts',(42.7795554975528,115.938380819858,54.4604857274698));
#7448=CARTESIAN_POINT('Ctrl Pts',(42.0134422921342,116.552281963618,54.6558989377329));
#7449=CARTESIAN_POINT('Ctrl Pts',(41.2473273358344,117.16618082589,54.8513079615831));
#7450=CARTESIAN_POINT('Ctrl Pts',(40.4812106587062,117.780077199459,55.0467128247839));
#7451=CARTESIAN_POINT('Ctrl Pts',(39.7150923049228,118.393970833646,55.242113553593));
#7452=CARTESIAN_POINT('Ctrl Pts',(38.9489722988422,119.007861457444,55.4375101741433));
#7453=CARTESIAN_POINT('Ctrl Pts',(38.1828507229066,119.621748708902,55.6329027140542));
#7454=CARTESIAN_POINT('Ctrl Pts',(37.4167275454754,120.2356322714,55.8282911990854));
#7455=CARTESIAN_POINT('Ctrl Pts',(36.6506030088627,120.849511543241,56.0236756609299));
#7456=CARTESIAN_POINT('Ctrl Pts',(35.8844767635357,121.463386348057,56.2190561201371));
#7457=CARTESIAN_POINT('Ctrl Pts',(35.1183498098126,122.077255310396,56.4144326247836));
#7458=CARTESIAN_POINT('Ctrl Pts',(34.3522201553271,122.691119452541,56.6098051642514));
#7459=CARTESIAN_POINT('Ctrl Pts',(33.5860925414438,123.304974096378,56.8051738628738));
#7460=CARTESIAN_POINT('Ctrl Pts',(32.8199566733824,123.91882694015,57.0005385470373));
#7461=CARTESIAN_POINT('Ctrl Pts',(32.0538359645467,124.532657526835,57.1958997150804));
#7462=CARTESIAN_POINT('Ctrl Pts',(31.287678415444,125.146507914445,57.391256366744));
#7463=CARTESIAN_POINT('Ctrl Pts',(30.5216009328675,125.760279591141,57.5866108637962));
#7464=CARTESIAN_POINT('Ctrl Pts',(29.755342049078,126.374188315324,57.7819580430163));
#7465=CARTESIAN_POINT('Ctrl Pts',(28.9894950864439,126.987738806237,57.9773097498143));
#7466=CARTESIAN_POINT('Ctrl Pts',(28.478196807758,127.397375938474,58.107527189563));
#7467=CARTESIAN_POINT('Ctrl Pts',(28.2202509695038,127.603960756109,58.1735427877078));
#7468=CARTESIAN_POINT('Ctrl Pts',(28.2153565686444,127.607740358384,58.1751950184496));
#7469=CARTESIAN_POINT('Ctrl Pts',(28.1936805573539,127.624650676369,58.1818938933086));
#7470=CARTESIAN_POINT('Ctrl Pts',(28.1752556717576,127.638883085746,58.1876405446339));
#7471=CARTESIAN_POINT('Ctrl Pts',(28.1023509845309,127.695038433939,58.2096862042135));
#7472=CARTESIAN_POINT('Ctrl Pts',(27.9810024848495,127.787603548621,58.2432344321263));
#7473=CARTESIAN_POINT('Ctrl Pts',(27.7388173891028,127.96621570632,58.3054167136531));
#7474=CARTESIAN_POINT('Ctrl Pts',(27.5517096980393,128.097910870574,58.3467698921031));
#7475=CARTESIAN_POINT('Ctrl Pts',(27.3945198448531,128.204968079345,58.3783407359193));
#7476=CARTESIAN_POINT('Ctrl Pts',(27.3520825712283,128.232289361096,58.3895298749342));
#7477=CARTESIAN_POINT('Ctrl Pts',(27.253886573317,128.294786146763,58.409158042721));
#7478=CARTESIAN_POINT('Ctrl Pts',(27.0858206797129,128.396302467172,58.4345836846884));
#7479=CARTESIAN_POINT('Ctrl Pts',(26.7339165239731,128.590540700711,58.4513121148143));
#7480=CARTESIAN_POINT('Ctrl Pts',(26.2079644758781,128.824236138751,58.3714741354894));
#7481=CARTESIAN_POINT('Ctrl Pts',(25.5646271424724,129.0293945389,58.1245423672102));
#7482=CARTESIAN_POINT('Ctrl Pts',(24.9093176134859,129.159565341857,57.7346513276963));
#7483=CARTESIAN_POINT('Ctrl Pts',(24.2757582099294,129.213971722119,57.2317034126158));
#7484=CARTESIAN_POINT('Ctrl Pts',(23.6703221534672,129.201913003722,56.6338736316996));
#7485=CARTESIAN_POINT('Ctrl Pts',(23.0991588514752,129.129898348193,55.9543924392469));
#7486=CARTESIAN_POINT('Ctrl Pts',(22.7507988699495,129.04912501235,55.4634233162466));
#7487=CARTESIAN_POINT('Ctrl Pts',(22.5108310430976,128.980938948186,55.0994074119861));
#7488=CARTESIAN_POINT('Ctrl Pts',(22.3302314050022,128.916937428209,54.8649938721429));
#7489=CARTESIAN_POINT('Ctrl Pts',(22.0028464247999,128.792815352964,54.3980893064342));
#7490=CARTESIAN_POINT('Ctrl Pts',(21.6095996646962,128.618295086332,53.8058479298625));
#7491=CARTESIAN_POINT('Ctrl Pts',(21.1838612276645,128.387814121325,53.0897344654317));
#7492=CARTESIAN_POINT('Ctrl Pts',(20.9278075839681,128.218879570594,52.6097435703749));
#7493=CARTESIAN_POINT('Ctrl Pts',(20.7998719250902,128.124325740173,52.3573268756293));
#7494=CARTESIAN_POINT('Ctrl Pts',(20.7802362366353,128.106163576148,52.332252100316));
#7495=CARTESIAN_POINT('Ctrl Pts',(20.745584330986,128.075419710814,52.2833469052613));
#7496=CARTESIAN_POINT('Ctrl Pts',(20.7091805574291,128.04265208837,52.2340200823533));
#7497=CARTESIAN_POINT('Ctrl Pts',(20.6736104508589,128.010956167612,52.1849510985303));
#7498=CARTESIAN_POINT('Ctrl Pts',(20.6377348617373,127.978943221483,52.1358268245194));
#7499=CARTESIAN_POINT('Ctrl Pts',(20.6108955796007,127.95506942974,52.0990289174168));
#7500=CARTESIAN_POINT('Ctrl Pts',(20.3524511754692,127.725419248325,51.7452649632434));
#7501=CARTESIAN_POINT('Ctrl Pts',(19.8944366219542,127.326626218763,51.0926959413792));
#7502=CARTESIAN_POINT('Ctrl Pts',(19.195306491933,126.716867865384,50.1127152012256));
#7503=CARTESIAN_POINT('Ctrl Pts',(18.4982685876886,126.112410754681,49.1345050693143));
#7504=CARTESIAN_POINT('Ctrl Pts',(17.7985441733334,125.507284026869,48.1567160976161));
#7505=CARTESIAN_POINT('Ctrl Pts',(17.0983861093166,124.903984805217,47.1799097527396));
#7506=CARTESIAN_POINT('Ctrl Pts',(16.3964841478499,124.300782748319,46.2036239349857));
#7507=CARTESIAN_POINT('Ctrl Pts',(15.6939291764808,123.69869516747,45.2281707865608));
#7508=CARTESIAN_POINT('Ctrl Pts',(15.2249459325112,123.297728798982,44.5783318312405));
#7509=CARTESIAN_POINT('Ctrl Pts',(14.8598567923011,122.985908989272,44.073213170727));
#7510=CARTESIAN_POINT('Ctrl Pts',(14.6557613349953,122.810177779058,43.8005612276766));
#7511=CARTESIAN_POINT('Ctrl Pts',(14.3853117976339,122.580612809234,43.4396450755935));
#7512=CARTESIAN_POINT('Ctrl Pts',(14.1132020152321,122.350794049491,43.0793246099265));
#7513=CARTESIAN_POINT('Ctrl Pts',(13.8400802819307,122.122266935614,42.7203841213094));
#7514=CARTESIAN_POINT('Ctrl Pts',(13.5657781233442,121.894599372854,42.3627540897012));
#7515=CARTESIAN_POINT('Ctrl Pts',(13.4282735158818,121.781032289404,42.1843530461292));
#7516=CARTESIAN_POINT('Ctrl Pts',(13.338874638149,121.707485040177,42.0683264108235));
#7517=CARTESIAN_POINT('Ctrl Pts',(13.305116162304,121.681932904523,42.0171976341252));
#7518=CARTESIAN_POINT('Ctrl Pts',(13.2690561204324,121.653500892191,41.9649485663259));
#7519=CARTESIAN_POINT('Ctrl Pts',(13.2280603956639,121.621499566551,41.9038627354701));
#7520=CARTESIAN_POINT('Ctrl Pts',(13.200839506332,121.606775088927,41.8411911936763));
#7521=CARTESIAN_POINT('Ctrl Pts',(13.1366670969928,121.563657373233,41.7109401179671));
#7522=CARTESIAN_POINT('Ctrl Pts',(13.0333375258775,121.491741382481,41.4834196294775));
#7523=CARTESIAN_POINT('Ctrl Pts',(12.8919761983327,121.376875555252,41.1522448155191));
#7524=CARTESIAN_POINT('Ctrl Pts',(12.7402823703482,121.228245678609,40.7497134036227));
#7525=CARTESIAN_POINT('Ctrl Pts',(12.559487633865,121.012348127235,40.2078267414823));
#7526=CARTESIAN_POINT('Ctrl Pts',(12.3775763583797,120.712151343192,39.5253760045348));
#7527=CARTESIAN_POINT('Ctrl Pts',(12.2340124342182,120.309350196345,38.718855604612));
#7528=CARTESIAN_POINT('Ctrl Pts',(12.1670768420286,119.856672978136,37.9173102521465));
#7529=CARTESIAN_POINT('Ctrl Pts',(12.1821812244665,119.44265855008,37.2705438432268));
#7530=CARTESIAN_POINT('Ctrl Pts',(12.232771323777,119.136994032371,36.8361845877581));
#7531=CARTESIAN_POINT('Ctrl Pts',(12.2731292841967,118.958588259554,36.594416389177));
#7532=CARTESIAN_POINT('Ctrl Pts',(12.3034063101072,118.845126435455,36.4455056864496));
#7533=CARTESIAN_POINT('Ctrl Pts',(12.3307123191174,118.753114588624,36.3276344125145));
#7534=CARTESIAN_POINT('Ctrl Pts',(12.3601084642885,118.660354110788,36.2107293726667));
#7535=CARTESIAN_POINT('Ctrl Pts',(12.4008499249448,118.542999236365,36.0664526480536));
#7536=CARTESIAN_POINT('Ctrl Pts',(12.4469489610871,118.423988341843,35.9249441754775));
#7537=CARTESIAN_POINT('Ctrl Pts',(12.4820400336886,118.33992484563,35.8274807705238));
#7538=CARTESIAN_POINT('Ctrl Pts',(12.5002937888895,118.297719815645,35.7791663779226));
#7539=CARTESIAN_POINT('Ctrl Pts',(12.5095988070749,118.276573996639,35.7551151384768));
#7540=CARTESIAN_POINT('Ctrl Pts',(12.5142946917465,118.265992954956,35.7431169459571));
#7541=CARTESIAN_POINT('Ctrl Pts',(12.5169922731777,118.259940626993,35.7362677493056));
#7542=CARTESIAN_POINT('Ctrl Pts',(12.5183425993728,118.256919023543,35.7328471487648));
#7543=CARTESIAN_POINT('Ctrl Pts',(12.6198865051847,118.030172059279,35.4775865321724));
#7544=CARTESIAN_POINT('Ctrl Pts',(12.7500644382055,117.78439897201,35.2366899554704));
#7545=CARTESIAN_POINT('Ctrl Pts',(13.0068035886984,117.373361927051,34.8637917375855));
#7546=CARTESIAN_POINT('Ctrl Pts',(13.184354438979,117.11646830823,34.6471771638683));
#7547=CARTESIAN_POINT('Ctrl Pts',(13.4528474984261,116.778702615976,34.3941953349918));
#7548=CARTESIAN_POINT('Ctrl Pts',(13.7430967298585,116.444471203037,34.1654715861757));
#7549=CARTESIAN_POINT('Ctrl Pts',(14.1450115672763,116.036256075346,33.9264482475732));
#7550=CARTESIAN_POINT('Ctrl Pts',(14.5049938689912,115.725176588452,33.7876918537178));
#7551=CARTESIAN_POINT('Ctrl Pts',(14.7410609150251,115.536957460325,33.7183375135171));
#7552=CARTESIAN_POINT('Ctrl Pts',(14.8734559937078,115.430783636832,33.6858228509349));
#7553=CARTESIAN_POINT('Ctrl Pts',(15.1139927323989,115.238130732302,33.6242105030211));
#7554=CARTESIAN_POINT('Ctrl Pts',(15.4231491150931,114.990402168068,33.5462002767835));
#7555=CARTESIAN_POINT('Ctrl Pts',(15.7865942078403,114.699240138202,33.4537988332616));
#7556=CARTESIAN_POINT('Ctrl Pts',(16.0910997746275,114.455267102138,33.3766644923875));
#7557=CARTESIAN_POINT('Ctrl Pts',(16.3335156549516,114.261053982344,33.3151421947584));
#7558=CARTESIAN_POINT('Ctrl Pts',(16.5155201098545,114.115237112767,33.2689787898556));
#7559=CARTESIAN_POINT('Ctrl Pts',(16.6671136524594,113.993785590736,33.230518201016));
#7560=CARTESIAN_POINT('Ctrl Pts',(16.7732692782051,113.908737458983,33.2035868959298));
#7561=CARTESIAN_POINT('Ctrl Pts',(16.8339271946217,113.86014073183,33.188196581952));
#7562=CARTESIAN_POINT('Ctrl Pts',(17.1069640444142,113.641393541906,33.1189254272997));
#7563=CARTESIAN_POINT('Ctrl Pts',(17.4265696955818,113.385322137409,33.0379130102212));
#7564=CARTESIAN_POINT('Ctrl Pts',(17.7466832164115,113.128858994404,32.9566959413464));
#7565=CARTESIAN_POINT('Ctrl Pts',(17.8382333833885,113.055512354987,32.9334685007416));
#7566=CARTESIAN_POINT('Ctrl Pts',(17.8992874199327,113.006598188196,32.9179778544944));
#7567=CARTESIAN_POINT('Ctrl Pts',(17.975658726254,112.94541223387,32.8986017463738));
#7568=CARTESIAN_POINT('Ctrl Pts',(18.0673779711811,112.871930147007,32.8753312549148));
#7569=CARTESIAN_POINT('Ctrl Pts',(18.1897777593027,112.773867917719,32.8442767062911));
#7570=CARTESIAN_POINT('Ctrl Pts',(18.4042837275214,112.602013168173,32.7898554571301));
#7571=CARTESIAN_POINT('Ctrl Pts',(18.7116415999023,112.35576752094,32.711882569299));
#7572=CARTESIAN_POINT('Ctrl Pts',(19.0202511140164,112.108519141957,32.6335913466412));
#7573=CARTESIAN_POINT('Ctrl Pts',(19.2678840007374,111.910124274199,32.5707643549327));
#7574=CARTESIAN_POINT('Ctrl Pts',(19.5160441820351,111.711306965851,32.5078032987704));
#7575=CARTESIAN_POINT('Ctrl Pts',(19.827281468618,111.461953512821,32.4288431758401));
#7576=CARTESIAN_POINT('Ctrl Pts',(20.1398373056077,111.211543759331,32.349547538098));
#7577=CARTESIAN_POINT('Ctrl Pts',(20.3906290705872,111.010618019576,32.2859180982149));
#7578=CARTESIAN_POINT('Ctrl Pts',(20.767574189851,110.708622479626,32.1902817358189));
#7579=CARTESIAN_POINT('Ctrl Pts',(21.3359191259475,110.253280347056,32.0461009311397));
#7580=CARTESIAN_POINT('Ctrl Pts',(22.0987078205459,109.642157354285,31.8525793867517));
#7581=CARTESIAN_POINT('Ctrl Pts',(22.8654673420893,109.027851954553,31.6580528262737));
#7582=CARTESIAN_POINT('Ctrl Pts',(23.6347891308999,108.411493877221,31.4628724622265));
#7583=CARTESIAN_POINT('Ctrl Pts',(24.4052178194464,107.794248467845,31.2674107178269));
#7584=CARTESIAN_POINT('Ctrl Pts',(25.1752565151644,107.17731519894,31.0720463336711));
#7585=CARTESIAN_POINT('Ctrl Pts',(25.9434449092974,106.561863867554,30.877150599762));
#7586=CARTESIAN_POINT('Ctrl Pts',(26.7085674854681,105.948868329328,30.6830318341395));
#7587=CARTESIAN_POINT('Ctrl Pts',(27.4694459809981,105.339272527759,30.4899892488589));
#7588=CARTESIAN_POINT('Ctrl Pts',(28.2257320481896,104.733355541954,30.2981113031142));
#7589=CARTESIAN_POINT('Ctrl Pts',(28.9764435887044,104.131904186366,30.1076473049875));
#7590=CARTESIAN_POINT('Ctrl Pts',(29.723773219152,103.533161786879,29.9180410329942));
#7591=CARTESIAN_POINT('Ctrl Pts',(30.4719458121932,102.933743464701,29.7282206547009));
#7592=CARTESIAN_POINT('Ctrl Pts',(31.2197619410462,102.334610152245,29.5384905589204));
#7593=CARTESIAN_POINT('Ctrl Pts',(31.9677309125101,101.735353790544,29.3487215918008));
#7594=CARTESIAN_POINT('Ctrl Pts',(32.7156269830646,101.136155225786,29.1589710846036));
#7595=CARTESIAN_POINT('Ctrl Pts',(33.463551517659,100.536933234763,28.9692133685291));
#7596=CARTESIAN_POINT('Ctrl Pts',(34.2114597408109,99.9377236795245,28.7794598463981));
#7597=CARTESIAN_POINT('Ctrl Pts',(34.9593720831193,99.3385101818031,28.5897053716046));
#7598=CARTESIAN_POINT('Ctrl Pts',(35.7072797918208,98.7392997452603,28.3999521969567));
#7599=CARTESIAN_POINT('Ctrl Pts',(36.4551870987328,98.1400889714813,28.2101992766641));
#7600=CARTESIAN_POINT('Ctrl Pts',(37.2030923922669,97.5408791443593,28.0204470438622));
#7601=CARTESIAN_POINT('Ctrl Pts',(37.950996633061,96.9416694876087,27.8306952759248));
#7602=CARTESIAN_POINT('Ctrl Pts',(38.6988996001377,96.3424601721607,27.6409440472981));
#7603=CARTESIAN_POINT('Ctrl Pts',(39.4468015720114,95.7432509692294,27.451193303345));
#7604=CARTESIAN_POINT('Ctrl Pts',(40.1947025796179,95.1440418487817,27.2614430502064));
#7605=CARTESIAN_POINT('Ctrl Pts',(40.9426027433024,94.5448327094952,27.0716932695777));
#7606=CARTESIAN_POINT('Ctrl Pts',(41.6905021251554,93.9456234970152,26.8819439564114));
#7607=CARTESIAN_POINT('Ctrl Pts',(42.4384007974385,93.3464141490926,26.6921951017621));
#7608=CARTESIAN_POINT('Ctrl Pts',(43.1862988141582,92.747204618322,26.5024467001773));
#7609=CARTESIAN_POINT('Ctrl Pts',(43.9341962256113,92.1479948604577,26.3126987461609));
#7610=CARTESIAN_POINT('Ctrl Pts',(44.6820930734866,91.5487848383106,26.1229512355495));
#7611=CARTESIAN_POINT('Ctrl Pts',(45.4299893944367,90.9495745188646,25.9332041647215));
#7612=CARTESIAN_POINT('Ctrl Pts',(46.1778852196791,90.3503638735754,25.7434575307985));
#7613=CARTESIAN_POINT('Ctrl Pts',(46.9257805762093,89.7511528773819,25.5537113314235));
#7614=CARTESIAN_POINT('Ctrl Pts',(47.6736754871543,89.1519415084077,25.3639655647464));
#7615=CARTESIAN_POINT('Ctrl Pts',(48.4215699723896,88.5527297474547,25.1742202293321));
#7616=CARTESIAN_POINT('Ctrl Pts',(49.169464048933,87.9535175776763,24.9844753241165));
#7617=CARTESIAN_POINT('Ctrl Pts',(49.9173577313486,87.3543049842443,24.7947308483532));
#7618=CARTESIAN_POINT('Ctrl Pts',(50.6652510320672,86.7550919540849,24.6049868015733));
#7619=CARTESIAN_POINT('Ctrl Pts',(51.4131439616768,86.1558784756389,24.4152431835493));
#7620=CARTESIAN_POINT('Ctrl Pts',(52.1610365291673,85.5566645386598,24.2254999942637));
#7621=CARTESIAN_POINT('Ctrl Pts',(52.9089287421453,84.9574501340377,24.0357572338828));
#7622=CARTESIAN_POINT('Ctrl Pts',(53.6568206070182,84.3582352536476,23.8460149027333));
#7623=CARTESIAN_POINT('Ctrl Pts',(54.4047121291538,83.7590198902189,23.6562730012828));
#7624=CARTESIAN_POINT('Ctrl Pts',(55.1526033130184,83.1598040372226,23.4665315301234));
#7625=CARTESIAN_POINT('Ctrl Pts',(55.9004941622953,82.5605876887745,23.2767904899568));
#7626=CARTESIAN_POINT('Ctrl Pts',(56.6483846799875,81.9613708395526,23.0870498815826));
#7627=CARTESIAN_POINT('Ctrl Pts',(57.3962748685062,81.3621534847258,22.8973097058885));
#7628=CARTESIAN_POINT('Ctrl Pts',(58.1441647297471,80.7629356198934,22.7075699638412));
#7629=CARTESIAN_POINT('Ctrl Pts',(58.8920542651552,80.1637172410342,22.5178306564805));
#7630=CARTESIAN_POINT('Ctrl Pts',(59.6399434757813,79.5644983444633,22.3280917849133));
#7631=CARTESIAN_POINT('Ctrl Pts',(60.38783236233,78.9652789267959,22.13835335031));
#7632=CARTESIAN_POINT('Ctrl Pts',(61.1357209251988,78.3660589849202,21.9486153539017));
#7633=CARTESIAN_POINT('Ctrl Pts',(61.8836091645176,77.7668385159687,21.7588777969777));
#7634=CARTESIAN_POINT('Ctrl Pts',(62.6314970801761,77.1676175173028,21.5691406808852));
#7635=CARTESIAN_POINT('Ctrl Pts',(63.3793846718383,76.5683959865068,21.3794040070324));
#7636=CARTESIAN_POINT('Ctrl Pts',(64.1272719389712,75.9691739213723,21.189667776888));
#7637=CARTESIAN_POINT('Ctrl Pts',(64.8751588808569,75.3699513198979,20.9999319919848));
#7638=CARTESIAN_POINT('Ctrl Pts',(65.6230454966054,74.7707281802885,20.8101966539241));
#7639=CARTESIAN_POINT('Ctrl Pts',(66.3709317851626,74.1715045009622,20.6204617643808));
#7640=CARTESIAN_POINT('Ctrl Pts',(67.1188177453147,73.5722802805601,20.430727325111));
#7641=CARTESIAN_POINT('Ctrl Pts',(67.8667033756899,72.9730555179617,20.2409933379602));
#7642=CARTESIAN_POINT('Ctrl Pts',(68.6145886747575,72.3738302123052,20.0512598048741));
#7643=CARTESIAN_POINT('Ctrl Pts',(69.3624736408218,71.7746043630142,19.8615267279107));
#7644=CARTESIAN_POINT('Ctrl Pts',(70.1103582720151,71.1753779698296,19.6717941092551));
#7645=CARTESIAN_POINT('Ctrl Pts',(70.8582425662857,70.576151032849,19.482061951237));
#7646=CARTESIAN_POINT('Ctrl Pts',(71.6061265213822,69.9769235525736,19.2923302563503));
#7647=CARTESIAN_POINT('Ctrl Pts',(72.354010134835,69.3776955299644,19.1025990272776));
#7648=CARTESIAN_POINT('Ctrl Pts',(73.1018934039314,68.7784669665073,18.9128682669166));
#7649=CARTESIAN_POINT('Ctrl Pts',(73.8497763256876,68.1792378642901,18.7231379784125));
#7650=CARTESIAN_POINT('Ctrl Pts',(74.5976588968141,67.5800082260925,18.533408165195));
#7651=CARTESIAN_POINT('Ctrl Pts',(75.3455411136748,66.9807780554904,18.3436788310208));
#7652=CARTESIAN_POINT('Ctrl Pts',(76.0934229722398,66.3815473569774,18.1539499800234));
#7653=CARTESIAN_POINT('Ctrl Pts',(76.8413044680289,65.7823161361062,17.9642216167705));
#7654=CARTESIAN_POINT('Ctrl Pts',(77.5891855960466,65.1830843996519,17.7744937463303));
#7655=CARTESIAN_POINT('Ctrl Pts',(78.3370663507064,64.5838521558016,17.5847663743486));
#7656=CARTESIAN_POINT('Ctrl Pts',(79.0849467257422,63.9846194143736,17.3950395071374));
#7657=CARTESIAN_POINT('Ctrl Pts',(79.832826714106,63.3853861870722,17.2053131517781));
#7658=CARTESIAN_POINT('Ctrl Pts',(80.5807063078503,62.7861524877803,17.0155873162398));
#7659=CARTESIAN_POINT('Ctrl Pts',(81.3285854979877,62.186918332902,16.825862009518));
#7660=CARTESIAN_POINT('Ctrl Pts',(82.076464274339,61.5876837417496,16.6361372417911));
#7661=CARTESIAN_POINT('Ctrl Pts',(82.824342625345,60.9884487370027,16.4464130246054));
#7662=CARTESIAN_POINT('Ctrl Pts',(83.5722205378458,60.3892133452389,16.2566893710899));
#7663=CARTESIAN_POINT('Ctrl Pts',(84.3200979968438,59.7899775975354,16.0669662961989));
#7664=CARTESIAN_POINT('Ctrl Pts',(85.0679749852149,59.1907415301747,15.877243816997));
#7665=CARTESIAN_POINT('Ctrl Pts',(85.8158514833806,58.5915051854555,15.6875219529871));
#7666=CARTESIAN_POINT('Ctrl Pts',(86.5637274689267,57.9922686126335,15.4978007264897));
#7667=CARTESIAN_POINT('Ctrl Pts',(87.3116029161622,57.3930318690068,15.3080801630813));
#7668=CARTESIAN_POINT('Ctrl Pts',(88.0594777956116,56.7937950211718,15.1183602921012));
#7669=CARTESIAN_POINT('Ctrl Pts',(88.8073520734238,56.1945581464747,14.9286411472383));
#7670=CARTESIAN_POINT('Ctrl Pts',(89.5552257106956,55.595321334688,14.7389227672064));
#7671=CARTESIAN_POINT('Ctrl Pts',(90.3030986626771,54.9960846899549,14.5492051965312));
#7672=CARTESIAN_POINT('Ctrl Pts',(91.0509708778788,54.396848333019,14.3594884864466));
#7673=CARTESIAN_POINT('Ctrl Pts',(91.7988422969844,53.797612403844,14.1697726959604));
#7674=CARTESIAN_POINT('Ctrl Pts',(92.5467128517156,53.198377064548,13.9800578930205));
#7675=CARTESIAN_POINT('Ctrl Pts',(93.2945824632472,52.5991425030033,13.7903441560086));
#7676=CARTESIAN_POINT('Ctrl Pts',(94.0424510409874,51.9999089365351,13.6006315751425));
#7677=CARTESIAN_POINT('Ctrl Pts',(94.7903184797955,51.4006766172304,13.4109202548217));
#7678=CARTESIAN_POINT('Ctrl Pts',(95.5381846598387,50.8014458357617,13.2212103147179));
#7679=CARTESIAN_POINT('Ctrl Pts',(96.2860494395463,50.2022169309867,13.0315018946627));
#7680=CARTESIAN_POINT('Ctrl Pts',(97.0339126628693,49.6029902894478,12.8417951521793));
#7681=CARTESIAN_POINT('Ctrl Pts',(97.7817741331838,49.0037663707571,12.652090277802));
#7682=CARTESIAN_POINT('Ctrl Pts',(98.5296336603405,48.4045456788139,12.4623874721013));
#7683=CARTESIAN_POINT('Ctrl Pts',(99.277490942175,47.8053288586673,12.2726870102073));
#7684=CARTESIAN_POINT('Ctrl Pts',(100.025345814584,47.2061165171361,12.0829891124825));
#7685=CARTESIAN_POINT('Ctrl Pts',(100.773197674074,46.6069096677368,11.8932942515501));
#7686=CARTESIAN_POINT('Ctrl Pts',(101.521046750262,46.0077087846452,11.7036024851247));
#7687=CARTESIAN_POINT('Ctrl Pts',(102.26889123348,45.4085159786031,11.5139149730573));
#7688=CARTESIAN_POINT('Ctrl Pts',(103.016733678449,44.8093301923507,11.3242306079394));
#7689=CARTESIAN_POINT('Ctrl Pts',(103.764566636126,44.2101580346106,11.1345535898391));
#7690=CARTESIAN_POINT('Ctrl Pts',(104.512404785327,43.6109896140311,10.9448765038334));
#7691=CARTESIAN_POINT('Ctrl Pts',(105.260212953517,43.0118527462752,10.7552182482811));
#7692=CARTESIAN_POINT('Ctrl Pts',(106.008067217624,42.4126917129878,10.5655391680474));
#7693=CARTESIAN_POINT('Ctrl Pts',(106.755794171013,41.8136388376969,10.3759311125506));
#7694=CARTESIAN_POINT('Ctrl Pts',(107.503778465568,41.2144066438276,10.1861919947277));
#7695=CARTESIAN_POINT('Ctrl Pts',(108.2511551285,40.615648617248,9.99677829482816));
#7696=CARTESIAN_POINT('Ctrl Pts',(108.999847934762,40.0159199124037,9.8066742016482));
#7697=CARTESIAN_POINT('Ctrl Pts',(109.745746175553,39.4183050686826,9.61812320110722));
#7698=CARTESIAN_POINT('Ctrl Pts',(110.248290879822,39.0159356268989,9.48960517496021));
#7699=CARTESIAN_POINT('Ctrl Pts',(110.526086198246,38.7931223782765,9.42125330742851));
#7700=CARTESIAN_POINT('Ctrl Pts',(110.547641256367,38.7756117165045,9.42006582869429));
#7701=CARTESIAN_POINT('Ctrl Pts',(110.727952529747,38.6325244238443,9.39227488173483));
#7702=CARTESIAN_POINT('Ctrl Pts',(111.031838230772,38.4044598450019,9.36630907719248));
#7703=CARTESIAN_POINT('Ctrl Pts',(111.3535662796,38.1880002699769,9.37223485420805));
#7704=CARTESIAN_POINT('Ctrl Pts',(111.77789374257,37.9176027476021,9.40237708493376));
#7705=CARTESIAN_POINT('Ctrl Pts',(112.293137735537,37.6197327500199,9.488063317569));
#7706=CARTESIAN_POINT('Ctrl Pts',(113.082332744616,37.2467401031173,9.72159915576449));
#7707=CARTESIAN_POINT('Ctrl Pts',(113.872313831182,36.9480809305589,10.0622152175084));
#7708=CARTESIAN_POINT('Ctrl Pts',(114.647370267298,36.7224566356773,10.4979146047043));
#7709=CARTESIAN_POINT('Ctrl Pts',(115.198601315412,36.6085756614592,10.8822816578903));
#7710=CARTESIAN_POINT('Ctrl Pts',(115.555330687269,36.5526429396153,11.1610855065572));
#7711=CARTESIAN_POINT('Ctrl Pts',(115.790052734055,36.5207249356617,11.352921837895));
#7712=CARTESIAN_POINT('Ctrl Pts',(116.019894207538,36.4972121941029,11.5531504975036));
#7713=CARTESIAN_POINT('Ctrl Pts',(116.243707063764,36.481381399692,11.7607237558841));
#7714=CARTESIAN_POINT('Ctrl Pts',(116.40847698433,36.4734782804876,11.9198273664185));
#7715=CARTESIAN_POINT('Ctrl Pts',(116.529620382732,36.4704964960839,12.0415275120913));
#7716=CARTESIAN_POINT('Ctrl Pts',(116.609256121711,36.4696535815101,12.1235502383803));
#7717=CARTESIAN_POINT('Ctrl Pts',(116.662054105758,36.469408012871,12.1784658012185));
#7718=CARTESIAN_POINT('Ctrl Pts',(116.72752186832,36.4697190804743,12.2475423534254));
#7719=CARTESIAN_POINT('Ctrl Pts',(116.80517568098,36.4710310219271,12.3310828016088));
#7720=CARTESIAN_POINT('Ctrl Pts',(116.907491059767,36.4740329009443,12.4432921549962));
#7721=CARTESIAN_POINT('Ctrl Pts',(117.033129156575,36.4801990553959,12.5850148493353));
#7722=CARTESIAN_POINT('Ctrl Pts',(117.155552448754,36.4894240264414,12.7284532122797));
#7723=CARTESIAN_POINT('Ctrl Pts',(117.239426448842,36.4973970569313,12.8296100942898));
#7724=CARTESIAN_POINT('Ctrl Pts',(117.276518516458,36.5013015129484,12.8749932473622));
#7725=CARTESIAN_POINT('Ctrl Pts',(117.291296226118,36.5029115994692,12.8931760690935));
#7726=CARTESIAN_POINT('Ctrl Pts',(117.297202254244,36.5035600025142,12.9004519696571));
#7727=CARTESIAN_POINT('Ctrl Pts',(117.304576607939,36.504379976415,12.9095520830734));
#7728=CARTESIAN_POINT('Ctrl Pts',(117.311938932952,36.505211557386,12.9186590300235));
#7729=CARTESIAN_POINT('Ctrl Pts',(117.317086063388,36.5057996175335,12.9250374138863));
#7730=CARTESIAN_POINT('Ctrl Pts',(117.31965791334,36.5060950664055,12.9282274777007));
#7731=CARTESIAN_POINT('Ctrl Pts',(117.320943516082,36.5062432254408,12.9298227346395));
#7732=CARTESIAN_POINT('Ctrl Pts',(117.321586094036,36.5063173075784,12.9306204089342));
#7733=CARTESIAN_POINT('Ctrl Pts',(117.321953435936,36.5063598028857,12.9310762518181));
#7734=CARTESIAN_POINT('Ctrl Pts',(117.322136774441,36.5063808201,12.9313041549254));
#7735=CARTESIAN_POINT('Ctrl Pts',(117.480240288614,36.5251275487895,13.1266923694901));
#7736=CARTESIAN_POINT('Ctrl Pts',(117.82564880781,36.5983267487854,13.5283864479505));
#7737=CARTESIAN_POINT('Ctrl Pts',(118.289851535606,36.7338364306534,14.1578940679356));
#7738=CARTESIAN_POINT('Ctrl Pts',(118.657342898828,36.8826853709418,14.7031811962503));
#7739=CARTESIAN_POINT('Ctrl Pts',(118.866359049089,36.9858184494027,15.0442259371602));
#7740=CARTESIAN_POINT('Ctrl Pts',(118.941442721709,37.0254366891644,15.1702520603239));
#7741=CARTESIAN_POINT('Ctrl Pts',(118.958049340111,37.034260794722,15.1982743400144));
#7742=CARTESIAN_POINT('Ctrl Pts',(118.987016820428,37.0498458327467,15.2473690852763));
#7743=CARTESIAN_POINT('Ctrl Pts',(119.019882377975,37.0679685715101,15.3036011505047));
#7744=CARTESIAN_POINT('Ctrl Pts',(119.048355294879,37.0840279326335,15.352894222629));
#7745=CARTESIAN_POINT('Ctrl Pts',(119.064554280765,37.0932705190026,15.3810944650347));
#7746=CARTESIAN_POINT('Ctrl Pts',(119.074651211137,37.099076785081,15.3987328708051));
#7747=CARTESIAN_POINT('Ctrl Pts',(119.0827095659,37.1037369791772,15.4128511777288));
#7748=CARTESIAN_POINT('Ctrl Pts',(119.088745107827,37.1072410213536,15.4234438857476));
#7749=CARTESIAN_POINT('Ctrl Pts',(119.094772105735,37.1107536522412,15.4340405200692));
#7750=CARTESIAN_POINT('Ctrl Pts',(119.100790768835,37.1142750776607,15.4446410882552));
#7751=CARTESIAN_POINT('Ctrl Pts',(119.106800782793,37.1178049950354,15.4552455067597));
#7752=CARTESIAN_POINT('Ctrl Pts',(119.11180243036,37.1207541673277,15.4640858200963));
#7753=CARTESIAN_POINT('Ctrl Pts',(119.115798779932,37.1231171277378,15.4711598295434));
#7754=CARTESIAN_POINT('Ctrl Pts',(119.118793931302,37.1248915176496,15.4764662911281));
#7755=CARTESIAN_POINT('Ctrl Pts',(119.12128824285,37.1263721083575,15.4808891712935));
#7756=CARTESIAN_POINT('Ctrl Pts',(119.123033089771,37.1274092149905,15.4839855367716));
#7757=CARTESIAN_POINT('Ctrl Pts',(119.123905363842,37.1279281025523,15.485533853527));
#7758=CARTESIAN_POINT('Ctrl Pts',(119.124341291811,37.1281874352538,15.4863079879265));
#7759=CARTESIAN_POINT('Ctrl Pts',(119.124559430763,37.1283173317132,15.486695125385));
#7760=CARTESIAN_POINT('Ctrl Pts',(119.124668238725,37.1283819909847,15.4868886091954));
#7761=CARTESIAN_POINT('Ctrl Pts',(119.124730808543,37.1284193884368,15.4869993044272));
#7762=CARTESIAN_POINT('Ctrl Pts',(119.124761400531,37.1284373013811,15.4870544196684));
#7763=CARTESIAN_POINT('Ctrl Pts',(119.178850522369,37.1623244395193,15.5785944622364));
#7764=CARTESIAN_POINT('Ctrl Pts',(119.275272362297,37.2439652073621,15.6844005802636));
#7765=CARTESIAN_POINT('Ctrl Pts',(119.496041035301,37.4126567251199,15.9708708124637));
#7766=CARTESIAN_POINT('Ctrl Pts',(119.640860405486,37.5231571637755,16.1583769253994));
#7767=CARTESIAN_POINT('Ctrl Pts',(119.784676541385,37.632456231056,16.3456278226358));
#7768=CARTESIAN_POINT('Ctrl Pts',(120.187818022412,38.2963240091724,15.6306346059797));
#7769=CARTESIAN_POINT('Ctrl Pts',(120.422978832123,38.4775102260286,15.9373732870019));
#7770=CARTESIAN_POINT('Ctrl Pts',(120.893814652886,38.8394772376063,16.5509894055149));
#7771=CARTESIAN_POINT('Ctrl Pts',(121.602012446796,39.3810898996102,17.4716431181051));
#7772=CARTESIAN_POINT('Ctrl Pts',(122.312329995998,39.9212163450091,18.3923947170341));
#7773=CARTESIAN_POINT('Ctrl Pts',(123.024771370149,40.4596800749195,19.3131515185124));
#7774=CARTESIAN_POINT('Ctrl Pts',(123.739607958635,40.9963430910375,20.2337640725239));
#7775=CARTESIAN_POINT('Ctrl Pts',(124.45705328377,41.5310172803384,21.154080993635));
#7776=CARTESIAN_POINT('Ctrl Pts',(125.177379081267,42.0636732950354,22.0741117729286));
#7777=CARTESIAN_POINT('Ctrl Pts',(125.65953231816,42.4171904829925,22.6871700100834));
#7778=CARTESIAN_POINT('Ctrl Pts',(126.04477591602,42.6982969696177,23.1750876512586));
#7779=CARTESIAN_POINT('Ctrl Pts',(126.352143208366,42.9195600198973,23.5427719936153));
#7780=CARTESIAN_POINT('Ctrl Pts',(126.963539433148,43.3469608632002,24.2754301120973));
#7781=CARTESIAN_POINT('Ctrl Pts',(127.435064855585,43.662247022131,24.8249812014937));
#7782=CARTESIAN_POINT('Ctrl Pts',(127.778870355747,43.8845944866557,25.2238920523075));
#7783=CARTESIAN_POINT('Ctrl Pts',(127.857337233315,43.934910565631,25.3463395241636));
#7784=CARTESIAN_POINT('Ctrl Pts',(127.94411549,43.9924788869365,25.4705428423182));
#7785=CARTESIAN_POINT('Ctrl Pts',(128.052002722953,44.0656988940221,25.6357358227884));
#7786=CARTESIAN_POINT('Ctrl Pts',(128.11824957229,44.1116213756855,25.7758886585359));
#7787=CARTESIAN_POINT('Ctrl Pts',(128.259925340155,44.2176484661708,26.0586988494589));
#7788=CARTESIAN_POINT('Ctrl Pts',(128.482527417507,44.4056552882816,26.549510750801));
#7789=CARTESIAN_POINT('Ctrl Pts',(128.751180741155,44.6969470634523,27.2358838226629));
#7790=CARTESIAN_POINT('Ctrl Pts',(128.983259060334,45.0775084195594,28.0344563147918));
#7791=CARTESIAN_POINT('Ctrl Pts',(129.113717824877,45.4787125849733,28.7789797415238));
#7792=CARTESIAN_POINT('Ctrl Pts',(129.137944463482,45.8847846077386,29.441859761147));
#7793=CARTESIAN_POINT('Ctrl Pts',(129.059220440845,46.2889490664444,30.0049103886076));
#7794=CARTESIAN_POINT('Ctrl Pts',(128.893432508668,46.6718777704632,30.4300125391877));
#7795=CARTESIAN_POINT('Ctrl Pts',(128.735505534222,46.9278822089364,30.6294177036208));
#7796=CARTESIAN_POINT('Ctrl Pts',(128.631157227013,47.0787285207315,30.7196911297923));
#7797=CARTESIAN_POINT('Ctrl Pts',(128.58392381307,47.1498256077251,30.7587483137845));
#7798=CARTESIAN_POINT('Ctrl Pts',(128.458956052267,47.332506952832,30.8592890896604));
#7799=CARTESIAN_POINT('Ctrl Pts',(128.300705125759,47.5537593263027,30.9777409318573));
#7800=CARTESIAN_POINT('Ctrl Pts',(128.162380837719,47.7357485900932,31.0722026744456));
#7801=CARTESIAN_POINT('Ctrl Pts',(128.049960110911,47.8812029820955,31.1468525580352));
#7802=CARTESIAN_POINT('Ctrl Pts',(127.929112690811,48.0326251590364,31.2226642838435));
#7803=CARTESIAN_POINT('Ctrl Pts',(127.668555151971,48.3413659266402,31.3689984334952));
#7804=CARTESIAN_POINT('Ctrl Pts',(127.323892489999,48.7166787589609,31.5311297480456));
#7805=CARTESIAN_POINT('Ctrl Pts',(126.874816689707,49.1566349265892,31.695540517702));
#7806=CARTESIAN_POINT('Ctrl Pts',(126.557034649252,49.4372438143603,31.7823033874007));
#7807=CARTESIAN_POINT('Ctrl Pts',(126.36896522254,49.594875663361,31.8258611644813));
#7808=CARTESIAN_POINT('Ctrl Pts',(126.299583770492,49.6499894076078,31.8439202831012));
#7809=CARTESIAN_POINT('Ctrl Pts',(126.173526879355,49.7512794868744,31.8759742913533));
#7810=CARTESIAN_POINT('Ctrl Pts',(125.946749612338,49.9328613016294,31.9340578931936));
#7811=CARTESIAN_POINT('Ctrl Pts',(125.498523880611,50.2922222599237,32.0485537343863));
#7812=CARTESIAN_POINT('Ctrl Pts',(124.859452069194,50.8042696890381,32.2120030792379));
#7813=CARTESIAN_POINT('Ctrl Pts',(124.09342931761,51.4182268263151,32.407787792768));
#7814=CARTESIAN_POINT('Ctrl Pts',(123.327018423128,52.032415290013,32.603714492531));
#7815=CARTESIAN_POINT('Ctrl Pts',(122.560838295176,52.6464574126876,32.7995480964866));
#7816=CARTESIAN_POINT('Ctrl Pts',(121.794601640524,53.2605295453071,32.995397045363));
#7817=CARTESIAN_POINT('Ctrl Pts',(121.028429914704,53.874557471683,33.1912152801063));
#7818=CARTESIAN_POINT('Ctrl Pts',(120.262262850334,54.488578351401,33.3870254542172));
#7819=CARTESIAN_POINT('Ctrl Pts',(119.496122188047,55.1025790411483,33.5828192479501));
#7820=CARTESIAN_POINT('Ctrl Pts',(118.729993755822,55.7165683917697,33.7786019348545));
#7821=CARTESIAN_POINT('Ctrl Pts',(117.963880041639,56.3305450207596,33.9743725084887));
#7822=CARTESIAN_POINT('Ctrl Pts',(117.197776625545,56.9445117636689,34.1701325879067));
#7823=CARTESIAN_POINT('Ctrl Pts',(116.431682633177,57.558469267711,34.365882464568));
#7824=CARTESIAN_POINT('Ctrl Pts',(115.665596002892,58.172418895347,34.5616228894273));
#7825=CARTESIAN_POINT('Ctrl Pts',(114.899515545083,58.7863614635057,34.7573542930827));
#7826=CARTESIAN_POINT('Ctrl Pts',(114.133439975164,59.4002978379178,34.953077149966));
#7827=CARTESIAN_POINT('Ctrl Pts',(113.36736830485,60.0142286945166,35.1487918293335));
#7828=CARTESIAN_POINT('Ctrl Pts',(112.601299632319,60.6281546491869,35.3444986736057));
#7829=CARTESIAN_POINT('Ctrl Pts',(111.835233205744,61.2420762197672,35.5401979735248));
#7830=CARTESIAN_POINT('Ctrl Pts',(111.069168368833,61.8559938602677,35.7358899880143));
#7831=CARTESIAN_POINT('Ctrl Pts',(110.303104562792,62.4699079603509,35.9315749428294));
#7832=CARTESIAN_POINT('Ctrl Pts',(109.537041305691,63.0838188586815,36.1272530377678));
#7833=CARTESIAN_POINT('Ctrl Pts',(108.770978185481,63.697726847602,36.3229244489322));
#7834=CARTESIAN_POINT('Ctrl Pts',(108.004914848715,64.3116321805651,36.5185893325576));
#7835=CARTESIAN_POINT('Ctrl Pts',(107.238850993059,64.9255350771096,36.7142478275006));
#7836=CARTESIAN_POINT('Ctrl Pts',(106.472786359956,65.5394357276997,36.9099000577185));
#7837=CARTESIAN_POINT('Ctrl Pts',(105.706720728693,66.153334297652,37.1055461342579));
#7838=CARTESIAN_POINT('Ctrl Pts',(104.940653911109,66.7672309306302,37.3011861570354));
#7839=CARTESIAN_POINT('Ctrl Pts',(104.174585747115,67.3811257516087,37.496820216343));
#7840=CARTESIAN_POINT('Ctrl Pts',(103.408516100798,67.9950188694485,37.6924483941586));
#7841=CARTESIAN_POINT('Ctrl Pts',(102.642444857073,68.6089103791093,37.8880707652707));
#7842=CARTESIAN_POINT('Ctrl Pts',(101.876371918795,69.2228003635595,38.0836873982497));
#7843=CARTESIAN_POINT('Ctrl Pts',(101.110297204275,69.8366888954215,38.2792983562847));
#7844=CARTESIAN_POINT('Ctrl Pts',(100.344220645127,70.4505760383903,38.474903697905));
#7845=CARTESIAN_POINT('Ctrl Pts',(99.5781421844242,71.0644618484569,38.6705034776023));
#7846=CARTESIAN_POINT('Ctrl Pts',(98.8120617751044,71.678346374962,38.8660977463665));
#7847=CARTESIAN_POINT('Ctrl Pts',(98.0459793785947,72.2922296615054,39.0616865521487));
#7848=CARTESIAN_POINT('Ctrl Pts',(97.2798949636278,72.906111746729,39.257269940259));
#7849=CARTESIAN_POINT('Ctrl Pts',(96.5138085052218,73.5199926649925,39.4528479537106));
#7850=CARTESIAN_POINT('Ctrl Pts',(95.7477199837996,74.1338724469554,39.648420633516));
#7851=CARTESIAN_POINT('Ctrl Pts',(94.9816293844313,74.7477511200792,39.8439880189424));
#7852=CARTESIAN_POINT('Ctrl Pts',(94.2155366961801,75.3616287090602,40.039550147732));
#7853=CARTESIAN_POINT('Ctrl Pts',(93.4494419115393,75.9755052362019,40.2351070562918));
#7854=CARTESIAN_POINT('Ctrl Pts',(92.6833450259466,76.5893807217375,40.4306587798576));
#7855=CARTESIAN_POINT('Ctrl Pts',(91.917246037366,77.2032551841062,40.6262053526348));
#7856=CARTESIAN_POINT('Ctrl Pts',(91.1511449459268,77.817128640193,40.8217468079208));
#7857=CARTESIAN_POINT('Ctrl Pts',(90.3850417536132,78.431001105534,41.0172831782094));
#7858=CARTESIAN_POINT('Ctrl Pts',(89.6189364639966,79.0448725944945,41.2128144952817));
#7859=CARTESIAN_POINT('Ctrl Pts',(88.8528290820047,79.6587431204215,41.4083407902842));
#7860=CARTESIAN_POINT('Ctrl Pts',(88.086719613723,80.2726126957761,41.6038620937957));
#7861=CARTESIAN_POINT('Ctrl Pts',(87.3206080662234,80.8864813322467,41.7993784358863));
#7862=CARTESIAN_POINT('Ctrl Pts',(86.5544944474168,81.5003490408469,41.9948898461666));
#7863=CARTESIAN_POINT('Ctrl Pts',(85.7883787659266,82.1142158320001,42.1903963538311));
#7864=CARTESIAN_POINT('Ctrl Pts',(85.0222610309787,82.7280817156113,42.3858979876958));
#7865=CARTESIAN_POINT('Ctrl Pts',(84.2561412523079,83.3419467011303,42.5813947762298));
#7866=CARTESIAN_POINT('Ctrl Pts',(83.4900194400774,83.9558107976044,42.7768867475829));
#7867=CARTESIAN_POINT('Ctrl Pts',(82.7238956048081,84.5696740137248,42.9723739296098));
#7868=CARTESIAN_POINT('Ctrl Pts',(81.9577697573207,85.1835363578652,43.1678563498898));
#7869=CARTESIAN_POINT('Ctrl Pts',(81.1916419086816,85.7973978381172,43.3633340357451));
#7870=CARTESIAN_POINT('Ctrl Pts',(80.425512070165,86.4112584623143,43.5588070142544));
#7871=CARTESIAN_POINT('Ctrl Pts',(79.6593802532019,87.0251182380659,43.7542753122687));
#7872=CARTESIAN_POINT('Ctrl Pts',(78.8932464693783,87.6389771727547,43.9497389564146));
#7873=CARTESIAN_POINT('Ctrl Pts',(78.1271107303405,88.2528352736059,44.1451979731207));
#7874=CARTESIAN_POINT('Ctrl Pts',(77.360973047934,88.8666925475722,44.3406523885834));
#7875=CARTESIAN_POINT('Ctrl Pts',(76.5948334335202,89.4805490018763,44.536102228943));
#7876=CARTESIAN_POINT('Ctrl Pts',(75.8286918989908,90.0944046431929,44.7315475200252));
#7877=CARTESIAN_POINT('Ctrl Pts',(75.0625484562302,90.7082594780756,44.9269882874787));
#7878=CARTESIAN_POINT('Ctrl Pts',(74.296403117163,91.3221135129128,45.1224245567633));
#7879=CARTESIAN_POINT('Ctrl Pts',(73.5302558937229,91.935966753948,45.3178563531571));
#7880=CARTESIAN_POINT('Ctrl Pts',(72.7641067978568,92.5498192072701,45.513283701754));
#7881=CARTESIAN_POINT('Ctrl Pts',(71.997955841516,93.163670878814,45.7087066274654));
#7882=CARTESIAN_POINT('Ctrl Pts',(71.2318030366555,93.7775217743541,45.9041251550174));
#7883=CARTESIAN_POINT('Ctrl Pts',(70.4656483952328,94.3913718994961,46.0995393089486));
#7884=CARTESIAN_POINT('Ctrl Pts',(69.6994919292097,95.0052212596673,46.2949491136065));
#7885=CARTESIAN_POINT('Ctrl Pts',(68.9333336505545,95.6190698601022,46.4903545931425));
#7886=CARTESIAN_POINT('Ctrl Pts',(68.1671735712475,96.2329177058268,46.6857557715053));
#7887=CARTESIAN_POINT('Ctrl Pts',(67.4010117032875,96.846764801638,46.8811526724333));
#7888=CARTESIAN_POINT('Ctrl Pts',(66.6348480587006,97.4606111520797,47.0765453194447));
#7889=CARTESIAN_POINT('Ctrl Pts',(65.8686826495519,98.074456761414,47.2719337358263));
#7890=CARTESIAN_POINT('Ctrl Pts',(65.1025154879583,98.6883016335874,47.4673179446194));
#7891=CARTESIAN_POINT('Ctrl Pts',(64.3363465861058,99.3021457721913,47.6626979686041));
#7892=CARTESIAN_POINT('Ctrl Pts',(63.5701759562687,99.915989180415,47.8580738302793));
#7893=CARTESIAN_POINT('Ctrl Pts',(62.804003610833,100.529831860991,48.053445551841));
#7894=CARTESIAN_POINT('Ctrl Pts',(62.0378295623234,101.143673816134,48.2488131551557));
#7895=CARTESIAN_POINT('Ctrl Pts',(61.2716538234358,101.757515047461,48.4441766617293));
#7896=CARTESIAN_POINT('Ctrl Pts',(60.5054764070741,102.371355555914,48.6395360926719));
#7897=CARTESIAN_POINT('Ctrl Pts',(59.7392973263945,102.985195341649,48.8348914686554));
#7898=CARTESIAN_POINT('Ctrl Pts',(58.9731165948541,103.599034403931,49.0302428098653));
#7899=CARTESIAN_POINT('Ctrl Pts',(58.2069342262751,104.212872740988,49.2255901359432));
#7900=CARTESIAN_POINT('Ctrl Pts',(57.4407502349017,104.826710349867,49.4209334659236));
#7901=CARTESIAN_POINT('Ctrl Pts',(56.674564635508,105.440547226225,49.6162728181499));
#7902=CARTESIAN_POINT('Ctrl Pts',(55.9083774432453,106.054383364319,49.8116082102486));
#7903=CARTESIAN_POINT('Ctrl Pts',(55.1421886742108,106.668218756383,50.006939658908));
#7904=CARTESIAN_POINT('Ctrl Pts',(54.3759983452853,107.28205339258,50.202267179831));
#7905=CARTESIAN_POINT('Ctrl Pts',(53.609806474347,107.895887260611,50.3975907875791));
#7906=CARTESIAN_POINT('Ctrl Pts',(52.84361308041,108.509720345355,50.5929104954172));
#7907=CARTESIAN_POINT('Ctrl Pts',(52.0774181838309,109.123552628412,50.7882263151233));
#7908=CARTESIAN_POINT('Ctrl Pts',(51.3112218065284,109.737384087592,50.9835382567718));
#7909=CARTESIAN_POINT('Ctrl Pts',(50.5450239722474,110.351214696313,51.1788463284807));
#7910=CARTESIAN_POINT('Ctrl Pts',(49.77882470686,110.965044422904,51.3741505361179));
#7911=CARTESIAN_POINT('Ctrl Pts',(49.0126240387185,111.578873229799,51.5694508829615));
#7912=CARTESIAN_POINT('Ctrl Pts',(48.2464219990607,112.192701072598,51.7647473693043));
#7913=CARTESIAN_POINT('Ctrl Pts',(47.4802186224883,112.806527898981,51.9600399919959));
#7914=CARTESIAN_POINT('Ctrl Pts',(46.7140139475018,113.420353647451,52.1553287439117));
#7915=CARTESIAN_POINT('Ctrl Pts',(45.9478080171678,114.034178245852,52.350613613333));
#7916=CARTESIAN_POINT('Ctrl Pts',(45.1816008797878,114.648001609726,52.5458945832393));
#7917=CARTESIAN_POINT('Ctrl Pts',(44.4153925899086,115.261823640206,52.7411716304595));
#7918=CARTESIAN_POINT('Ctrl Pts',(43.6491832089705,115.875644222054,52.9364447247498));
#7919=CARTESIAN_POINT('Ctrl Pts',(42.8829728072312,116.489463220284,53.1317138275837));
#7920=CARTESIAN_POINT('Ctrl Pts',(42.1167614633748,117.10328047871,53.3269788910617));
#7921=CARTESIAN_POINT('Ctrl Pts',(41.3505492699285,117.717095812752,53.522239855945));
#7922=CARTESIAN_POINT('Ctrl Pts',(40.5843363264055,118.330909013416,53.7174966509437));
#7923=CARTESIAN_POINT('Ctrl Pts',(39.8181227607691,118.944719824319,53.9127491883791));
#7924=CARTESIAN_POINT('Ctrl Pts',(39.051908688469,119.558527976809,54.1079973670124));
#7925=CARTESIAN_POINT('Ctrl Pts',(38.2856943123771,120.172333092415,54.3032410577273));
#7926=CARTESIAN_POINT('Ctrl Pts',(37.519479708594,120.786134879277,54.498480126322));
#7927=CARTESIAN_POINT('Ctrl Pts',(36.753265317054,121.399932666908,54.693714371736));
#7928=CARTESIAN_POINT('Ctrl Pts',(35.9870508559348,122.013726418271,54.8889436519001));
#7929=CARTESIAN_POINT('Ctrl Pts',(35.2208377668251,122.627514429779,55.0841675875571));
#7930=CARTESIAN_POINT('Ctrl Pts',(34.4546237582693,123.241298440352,55.2793862084473));
#7931=CARTESIAN_POINT('Ctrl Pts',(33.6884150413621,123.855072147435,55.4745984872459));
#7932=CARTESIAN_POINT('Ctrl Pts',(32.9221989601849,124.468846863599,55.669805599176));
#7933=CARTESIAN_POINT('Ctrl Pts',(32.1560052932863,125.082594014893,55.8650035982502));
#7934=CARTESIAN_POINT('Ctrl Pts',(31.3897690437227,125.696373803059,56.0601997832621));
#7935=CARTESIAN_POINT('Ctrl Pts',(30.6236376742965,126.310047060207,56.2553760205559));
#7936=CARTESIAN_POINT('Ctrl Pts',(29.8572829185226,126.923920628789,56.4505708684056));
#7937=CARTESIAN_POINT('Ctrl Pts',(29.0914515955444,127.537292729668,56.6456943339032));
#7938=CARTESIAN_POINT('Ctrl Pts',(28.5799770212873,127.94706635694,56.775882306634));
#7939=CARTESIAN_POINT('Ctrl Pts',(28.3222572573722,128.153312582014,56.8416661623164));
#7940=CARTESIAN_POINT('Ctrl Pts',(28.3177765180179,128.156577583237,56.843022827192));
#7941=CARTESIAN_POINT('Ctrl Pts',(28.2973397137813,128.171950160314,56.8488400105538));
#7942=CARTESIAN_POINT('Ctrl Pts',(28.2801321955718,128.184686647404,56.8537360000573));
#7943=CARTESIAN_POINT('Ctrl Pts',(28.211692727419,128.235407882491,56.8727148508842));
#7944=CARTESIAN_POINT('Ctrl Pts',(28.0959891425199,128.321186830767,56.9024653371674));
#7945=CARTESIAN_POINT('Ctrl Pts',(27.8663358808023,128.485177670604,56.9567087452759));
#7946=CARTESIAN_POINT('Ctrl Pts',(27.6886831639581,128.606332189063,56.9925609374486));
#7947=CARTESIAN_POINT('Ctrl Pts',(27.5400008619023,128.704214507225,57.0195229650914));
#7948=CARTESIAN_POINT('Ctrl Pts',(27.5065800455527,128.723110766987,57.0271593067713));
#7949=CARTESIAN_POINT('Ctrl Pts',(27.4242171936639,128.77181251257,57.0415629338856));
#7950=CARTESIAN_POINT('Ctrl Pts',(27.2873313285239,128.849029096905,57.0595610685025));
#7951=CARTESIAN_POINT('Ctrl Pts',(27.003768982134,129.001026253828,57.0709944877133));
#7952=CARTESIAN_POINT('Ctrl Pts',(26.5875120143698,129.196863381206,57.0117070233239));
#7953=CARTESIAN_POINT('Ctrl Pts',(26.0600391907696,129.400273439315,56.82568769526));
#7954=CARTESIAN_POINT('Ctrl Pts',(25.4886309533522,129.563864594264,56.5187517088703));
#7955=CARTESIAN_POINT('Ctrl Pts',(24.8979659512789,129.672872864246,56.1060831978383));
#7956=CARTESIAN_POINT('Ctrl Pts',(24.2982295585432,129.72400389255,55.5986690793796));
#7957=CARTESIAN_POINT('Ctrl Pts',(23.7003999287986,129.714959461731,55.0057431458947));
#7958=CARTESIAN_POINT('Ctrl Pts',(23.3168318424514,129.670898344438,54.5681845591957));
#7959=CARTESIAN_POINT('Ctrl Pts',(23.0469166172972,129.62600173417,54.2408579131987));
#7960=CARTESIAN_POINT('Ctrl Pts',(22.8518801070719,129.571603451138,54.0219530722503));
#7961=CARTESIAN_POINT('Ctrl Pts',(22.4910646391151,129.466972637764,53.5891215832094));
#7962=CARTESIAN_POINT('Ctrl Pts',(22.0536223111103,129.311571015519,53.0357382824203));
#7963=CARTESIAN_POINT('Ctrl Pts',(21.5699531893117,129.096891668914,52.3632834511654));
#7964=CARTESIAN_POINT('Ctrl Pts',(21.2731605994089,128.932837703411,51.9092149076464));
#7965=CARTESIAN_POINT('Ctrl Pts',(21.1240670552112,128.839344753238,51.6693670447436));
#7966=CARTESIAN_POINT('Ctrl Pts',(21.1051256605548,128.821155768226,51.6438958388909));
#7967=CARTESIAN_POINT('Ctrl Pts',(21.0703417881275,128.790429382457,51.5950914164494));
#7968=CARTESIAN_POINT('Ctrl Pts',(21.0343730245001,128.757652215137,51.5455307936952));
#7969=CARTESIAN_POINT('Ctrl Pts',(20.9989563379452,128.725959366353,51.4963929985635));
#7970=CARTESIAN_POINT('Ctrl Pts',(20.9633289903124,128.693944663888,51.4471436987439));
#7971=CARTESIAN_POINT('Ctrl Pts',(20.9366474383841,128.670070434505,51.410268164395));
#7972=CARTESIAN_POINT('Ctrl Pts',(20.6797982943655,128.44041826528,51.0556902984666));
#7973=CARTESIAN_POINT('Ctrl Pts',(20.2169312069176,128.042034453942,50.4061866420259));
#7974=CARTESIAN_POINT('Ctrl Pts',(19.5143191073245,127.432662652485,49.4286063522762));
#7975=CARTESIAN_POINT('Ctrl Pts',(18.812780779912,126.828592595403,48.4534595094485));
#7976=CARTESIAN_POINT('Ctrl Pts',(18.1091315410335,126.223821991228,47.478376268193));
#7977=CARTESIAN_POINT('Ctrl Pts',(17.4049244377991,125.62086428863,46.504353502458));
#7978=CARTESIAN_POINT('Ctrl Pts',(16.6992869738865,125.017947739278,45.5307048396799));
#7979=CARTESIAN_POINT('Ctrl Pts',(15.9930161206877,124.416156785242,44.5578402348366));
#7980=CARTESIAN_POINT('Ctrl Pts',(15.5216391997442,124.015378740434,43.9096760094646));
#7981=CARTESIAN_POINT('Ctrl Pts',(15.1547926949926,123.703682494517,43.4058127216951));
#7982=CARTESIAN_POINT('Ctrl Pts',(14.9522385948346,123.528036483248,43.1323907436426));
#7983=CARTESIAN_POINT('Ctrl Pts',(14.6831544450745,123.298522039592,42.7707924312678));
#7984=CARTESIAN_POINT('Ctrl Pts',(14.4127818980095,123.068744768036,42.4095325181285));
#7985=CARTESIAN_POINT('Ctrl Pts',(14.1415160182732,122.840233244986,42.0495204016599));
#7986=CARTESIAN_POINT('Ctrl Pts',(13.8692966327054,122.612539603436,41.6906420146939));
#7987=CARTESIAN_POINT('Ctrl Pts',(13.7329016250461,122.498953741293,41.5115566254844));
#7988=CARTESIAN_POINT('Ctrl Pts',(13.6441497417676,122.4253887504,41.3951261472973));
#7989=CARTESIAN_POINT('Ctrl Pts',(13.6084750472599,122.399859261589,41.3451117741263));
#7990=CARTESIAN_POINT('Ctrl Pts',(13.5711615955449,122.371434374379,41.2935871909719));
#7991=CARTESIAN_POINT('Ctrl Pts',(13.5282855626666,122.339443346267,41.2335903834275));
#7992=CARTESIAN_POINT('Ctrl Pts',(13.4932895402002,122.324673053569,41.1753439879472));
#7993=CARTESIAN_POINT('Ctrl Pts',(13.4166086145329,122.281136012726,41.051948005778));
#7994=CARTESIAN_POINT('Ctrl Pts',(13.2894835383777,122.20765821859,40.8369050669358));
#7995=CARTESIAN_POINT('Ctrl Pts',(13.1144430915385,122.08814778119,40.5217235539107));
#7996=CARTESIAN_POINT('Ctrl Pts',(12.9215159568524,121.929956525113,40.1366586161798));
#7997=CARTESIAN_POINT('Ctrl Pts',(12.6865970048108,121.696164076464,39.6152223927922));
#7998=CARTESIAN_POINT('Ctrl Pts',(12.4396439563544,121.364071605048,38.9535879679696));
#7999=CARTESIAN_POINT('Ctrl Pts',(12.2273095790825,120.910535593574,38.1652291402071));
#8000=CARTESIAN_POINT('Ctrl Pts',(12.1024426590083,120.396049968475,37.3767395635202));
#8001=CARTESIAN_POINT('Ctrl Pts',(12.080995733244,119.924201777203,36.7374392731591));
#8002=CARTESIAN_POINT('Ctrl Pts',(12.112565383926,119.57649520846,36.3071220217998));
#8003=CARTESIAN_POINT('Ctrl Pts',(12.143971301075,119.37382793462,36.0673961530814));
#8004=CARTESIAN_POINT('Ctrl Pts',(12.1694045137918,119.245103586372,35.919675132493));
#8005=CARTESIAN_POINT('Ctrl Pts',(12.1932927645261,119.140814766214,35.8027125706422));
#8006=CARTESIAN_POINT('Ctrl Pts',(12.2195733302667,119.035756215946,35.686690394514));
#8007=CARTESIAN_POINT('Ctrl Pts',(12.2569807342818,118.903007042845,35.5434747448847));
#8008=CARTESIAN_POINT('Ctrl Pts',(12.30049753581,118.768611786515,35.4029840884714));
#8009=CARTESIAN_POINT('Ctrl Pts',(12.3341751293907,118.673802741763,35.3062174025654));
#8010=CARTESIAN_POINT('Ctrl Pts',(12.3518198278125,118.626233756174,35.2582482884182));
#8011=CARTESIAN_POINT('Ctrl Pts',(12.3608446235548,118.602408834766,35.2343690530717));
#8012=CARTESIAN_POINT('Ctrl Pts',(12.3654065002239,118.590488525569,35.2224566793039));
#8013=CARTESIAN_POINT('Ctrl Pts',(12.3680291840405,118.583671731284,35.2156565291829));
#8014=CARTESIAN_POINT('Ctrl Pts',(12.3693427322304,118.580266864983,35.212260353086));
#8015=CARTESIAN_POINT('Ctrl Pts',(12.4681394745603,118.325247902554,34.9588427319365));
#8016=CARTESIAN_POINT('Ctrl Pts',(12.5987374746055,118.055165806755,34.7193206862734));
#8017=CARTESIAN_POINT('Ctrl Pts',(12.8608349326626,117.602927230225,34.3475313623105));
#8018=CARTESIAN_POINT('Ctrl Pts',(13.0437369940984,117.321433127757,34.131217879758));
#8019=CARTESIAN_POINT('Ctrl Pts',(13.3229340779367,116.953375625615,33.8779492103323));
#8020=CARTESIAN_POINT('Ctrl Pts',(13.6259455524279,116.590726578868,33.6485129612185));
#8021=CARTESIAN_POINT('Ctrl Pts',(14.0474532568903,116.150452838076,33.4078353291394));
#8022=CARTESIAN_POINT('Ctrl Pts',(14.4265903307347,115.817448686246,33.2669854093793));
#8023=CARTESIAN_POINT('Ctrl Pts',(14.6752871716869,115.617022984295,33.1961333796153));
#8024=CARTESIAN_POINT('Ctrl Pts',(14.8062503445103,115.512254283035,33.1637731328478));
#8025=CARTESIAN_POINT('Ctrl Pts',(15.0475735286559,115.318869767196,33.1020457881858));
#8026=CARTESIAN_POINT('Ctrl Pts',(15.356169463665,115.071729985336,33.0240707927388));
#8027=CARTESIAN_POINT('Ctrl Pts',(15.7198786804971,114.780361250308,32.9316032483219));
#8028=CARTESIAN_POINT('Ctrl Pts',(16.0242293719255,114.536582390044,32.8544572410067));
#8029=CARTESIAN_POINT('Ctrl Pts',(16.2666756541778,114.342370334085,32.7929079925684));
#8030=CARTESIAN_POINT('Ctrl Pts',(16.4486667548195,114.196589624028,32.7467285506415));
#8031=CARTESIAN_POINT('Ctrl Pts',(16.6002633112392,114.075154555659,32.7082529449268));
#8032=CARTESIAN_POINT('Ctrl Pts',(16.7064192124472,113.99011916592,32.6813113714034));
#8033=CARTESIAN_POINT('Ctrl Pts',(16.7670793951577,113.941527443417,32.6659149578829));
#8034=CARTESIAN_POINT('Ctrl Pts',(17.0401205238153,113.722809457482,32.5966169754939));
#8035=CARTESIAN_POINT('Ctrl Pts',(17.3596371907233,113.46688184627,32.5155829013348));
#8036=CARTESIAN_POINT('Ctrl Pts',(17.6797588641443,113.210449444677,32.4343339790451));
#8037=CARTESIAN_POINT('Ctrl Pts',(17.7713112982764,113.137111678588,32.4110974323162));
#8038=CARTESIAN_POINT('Ctrl Pts',(17.8323674395662,113.088202739721,32.3956006508505));
#8039=CARTESIAN_POINT('Ctrl Pts',(17.9087403080474,113.02702457418,32.3762169784611));
#8040=CARTESIAN_POINT('Ctrl Pts',(18.0004620364114,112.953551137365,32.3529373371425));
#8041=CARTESIAN_POINT('Ctrl Pts',(18.1228650995476,112.855500501884,32.3218705791145));
#8042=CARTESIAN_POINT('Ctrl Pts',(18.3373743563329,112.683668936994,32.2674281810275));
#8043=CARTESIAN_POINT('Ctrl Pts',(18.644730149767,112.437464454005,32.1894256763725));
#8044=CARTESIAN_POINT('Ctrl Pts',(18.9533387058258,112.19025613846,32.1111045691789));
#8045=CARTESIAN_POINT('Ctrl Pts',(19.2009772123546,111.99188600696,32.0482529120403));
#8046=CARTESIAN_POINT('Ctrl Pts',(19.4491434278214,111.793093037977,31.985267083929));
#8047=CARTESIAN_POINT('Ctrl Pts',(19.7603828333489,111.543776492128,31.9062764399117));
#8048=CARTESIAN_POINT('Ctrl Pts',(20.0729421778994,111.293402243843,31.8269499774439));
#8049=CARTESIAN_POINT('Ctrl Pts',(20.3237411603671,111.092499895698,31.7632953238525));
#8050=CARTESIAN_POINT('Ctrl Pts',(20.7006972135944,110.790539443115,31.6676210374634));
#8051=CARTESIAN_POINT('Ctrl Pts',(21.2690378095518,110.335274572094,31.5233851716708));
#8052=CARTESIAN_POINT('Ctrl Pts',(22.031838077896,109.724235258881,31.329787748238));
#8053=CARTESIAN_POINT('Ctrl Pts',(22.7986066585577,109.110017217917,31.1351850299527));
#8054=CARTESIAN_POINT('Ctrl Pts',(23.5679428496581,108.49374085448,30.9399275386114));
#8055=CARTESIAN_POINT('Ctrl Pts',(24.3383871742437,107.876576115167,30.7443882703814));
#8056=CARTESIAN_POINT('Ctrl Pts',(25.1084440303769,107.259720779228,30.5489459765715));
#8057=CARTESIAN_POINT('Ctrl Pts',(25.8766520503862,106.644345688581,30.3539722025818));
#8058=CARTESIAN_POINT('Ctrl Pts',(26.6417957716746,106.031424478135,30.159775381798));
#8059=CARTESIAN_POINT('Ctrl Pts',(27.4026965398336,105.421901392343,29.9666548859368));
#8060=CARTESIAN_POINT('Ctrl Pts',(28.1590058878973,104.816055600783,29.7746992233475));
#8061=CARTESIAN_POINT('Ctrl Pts',(28.9097415003134,104.214674038941,29.5841578253635));
#8062=CARTESIAN_POINT('Ctrl Pts',(29.6570959662573,103.616000346525,29.394474257079));
#8063=CARTESIAN_POINT('Ctrl Pts',(30.4052942123646,103.016650133763,29.2045762580921));
#8064=CARTESIAN_POINT('Ctrl Pts',(31.1531366713465,102.4175843412,29.0147683511261));
#8065=CARTESIAN_POINT('Ctrl Pts',(31.9011325871673,101.818395050359,28.8249213375509));
#8066=CARTESIAN_POINT('Ctrl Pts',(32.6490561367713,101.219263171518,28.6350925789747));
#8067=CARTESIAN_POINT('Ctrl Pts',(33.3970086275702,100.620107562604,28.445256401995));
#8068=CARTESIAN_POINT('Ctrl Pts',(34.1449452293359,100.020964144489,28.2554242191289));
#8069=CARTESIAN_POINT('Ctrl Pts',(34.8928863275891,99.421816594982,28.0655908859486));
#8070=CARTESIAN_POINT('Ctrl Pts',(35.6408231296123,98.8226719640473,27.8757586598195));
#8071=CARTESIAN_POINT('Ctrl Pts',(36.3887598331485,98.2235268944233,27.6859264975989));
#8072=CARTESIAN_POINT('Ctrl Pts',(37.1366947969759,97.6243827052257,27.4960948351891));
#8073=CARTESIAN_POINT('Ctrl Pts',(37.8846289562294,97.0252386509206,27.3062634520429));
#8074=CARTESIAN_POINT('Ctrl Pts',(38.6325620678729,96.4260949290291,27.1164324244433));
#8075=CARTESIAN_POINT('Ctrl Pts',(39.3804943914003,95.826951333886,26.9266016992219));
#8076=CARTESIAN_POINT('Ctrl Pts',(40.1284259413288,95.2278078555202,26.7367712837413));
#8077=CARTESIAN_POINT('Ctrl Pts',(40.8763568238484,94.6286644100513,26.5469411606717));
#8078=CARTESIAN_POINT('Ctrl Pts',(41.6242870888474,94.0295209582889,26.3571113257414));
#8079=CARTESIAN_POINT('Ctrl Pts',(42.3722167980768,93.4303774511827,26.1672817706024));
#8080=CARTESIAN_POINT('Ctrl Pts',(43.120145996496,92.8312338528245,25.977452490247));
#8081=CARTESIAN_POINT('Ctrl Pts',(43.8680747266205,92.2320901289945,25.7876234794908));
#8082=CARTESIAN_POINT('Ctrl Pts',(44.6160030234542,91.6329462512567,25.5977947343671));
#8083=CARTESIAN_POINT('Ctrl Pts',(45.3639309179123,91.0338021942474,25.4079662513513));
#8084=CARTESIAN_POINT('Ctrl Pts',(46.1118584362958,90.4346579361228,25.218138027575));
#8085=CARTESIAN_POINT('Ctrl Pts',(46.8597856013941,89.8355134576986,25.028310060616));
#8086=CARTESIAN_POINT('Ctrl Pts',(47.6077124327428,89.2363687422632,24.8384823484938));
#8087=CARTESIAN_POINT('Ctrl Pts',(48.3556389471581,88.6372237751673,24.6486548895857));
#8088=CARTESIAN_POINT('Ctrl Pts',(49.1035651590598,88.0380785435803,24.458827682591));
#8089=CARTESIAN_POINT('Ctrl Pts',(49.8514910808127,87.4389330362295,24.2690007264831));
#8090=CARTESIAN_POINT('Ctrl Pts',(50.5994167229945,86.8397872431974,24.0791740204756));
#8091=CARTESIAN_POINT('Ctrl Pts',(51.3473420946394,86.2406411557366,23.8893475639906));
#8092=CARTESIAN_POINT('Ctrl Pts',(52.0952672034436,85.6414947661136,23.6995213566317));
#8093=CARTESIAN_POINT('Ctrl Pts',(52.8431920559455,85.0423480674733,23.509695398161));
#8094=CARTESIAN_POINT('Ctrl Pts',(53.5911166576796,84.4432010537215,23.3198696884792));
#8095=CARTESIAN_POINT('Ctrl Pts',(54.3390410133114,83.8440537194243,23.1300442276086));
#8096=CARTESIAN_POINT('Ctrl Pts',(55.0869651267525,83.2449060597212,22.9402190156787));
#8097=CARTESIAN_POINT('Ctrl Pts',(55.8348890012605,82.6457580702502,22.750394052914));
#8098=CARTESIAN_POINT('Ctrl Pts',(56.5828126395256,82.0466097470839,22.5605693396236));
#8099=CARTESIAN_POINT('Ctrl Pts',(57.3307360437448,81.4474610866746,22.3707448761924));
#8100=CARTESIAN_POINT('Ctrl Pts',(58.078659215686,80.8483120858078,22.1809206630746));
#8101=CARTESIAN_POINT('Ctrl Pts',(58.8265821567431,80.2491627415625,21.9910967007875));
#8102=CARTESIAN_POINT('Ctrl Pts',(59.5745048679837,79.6500130512784,21.8012729899077));
#8103=CARTESIAN_POINT('Ctrl Pts',(60.32242735019,79.0508630125271,21.6114495310672));
#8104=CARTESIAN_POINT('Ctrl Pts',(61.0703496038916,78.4517126230923,21.4216263249524));
#8105=CARTESIAN_POINT('Ctrl Pts',(61.8182716294007,77.8525618809462,21.2318033723014));
#8106=CARTESIAN_POINT('Ctrl Pts',(62.5661934268348,77.253410784238,21.0419806739049));
#8107=CARTESIAN_POINT('Ctrl Pts',(63.3141149961292,76.6542593312909,20.8521582306091));
#8108=CARTESIAN_POINT('Ctrl Pts',(64.0620363370632,76.0551075205888,20.6623360433162));
#8109=CARTESIAN_POINT('Ctrl Pts',(64.8099574492709,75.4559553507757,20.4725141129882));
#8110=CARTESIAN_POINT('Ctrl Pts',(65.5578783322538,74.856802820656,20.2826924406515));
#8111=CARTESIAN_POINT('Ctrl Pts',(66.305798985389,74.2576499291991,20.0928710274026));
#8112=CARTESIAN_POINT('Ctrl Pts',(67.0537194079348,73.6584966755475,19.9030498744154));
#8113=CARTESIAN_POINT('Ctrl Pts',(67.8016395990346,73.0593430590279,19.7132289829502));
#8114=CARTESIAN_POINT('Ctrl Pts',(68.5495595577182,72.4601890791679,19.5234083543646));
#8115=CARTESIAN_POINT('Ctrl Pts',(69.2974792829004,71.8610347357157,19.3335879901254));
#8116=CARTESIAN_POINT('Ctrl Pts',(70.045398773378,71.2618800286651,19.1437678918242));
#8117=CARTESIAN_POINT('Ctrl Pts',(70.7933180278239,70.6627249582858,18.9539480611947));
#8118=CARTESIAN_POINT('Ctrl Pts',(71.5412370447788,70.0635695251596,18.7641285001327));
#8119=CARTESIAN_POINT('Ctrl Pts',(72.2891558226406,69.4644137302236,18.5743092107203));
#8120=CARTESIAN_POINT('Ctrl Pts',(73.03707435965,68.8652575748205,18.3844901952534));
#8121=CARTESIAN_POINT('Ctrl Pts',(73.784992653874,68.2661010607581,18.1946714562735));
#8122=CARTESIAN_POINT('Ctrl Pts',(74.5329107031851,67.6669441903783,18.0048529966053));
#8123=CARTESIAN_POINT('Ctrl Pts',(75.2808285052369,67.067786966638,17.8150348193994));
#8124=CARTESIAN_POINT('Ctrl Pts',(76.028746057435,66.4686293932026,17.6252169281823));
#8125=CARTESIAN_POINT('Ctrl Pts',(76.7766633569024,65.8694714745547,17.4353993269142));
#8126=CARTESIAN_POINT('Ctrl Pts',(77.5245804004403,65.2703132161205,17.2455820200558));
#8127=CARTESIAN_POINT('Ctrl Pts',(78.2724971844809,64.6711546244158,17.0557650126454));
#8128=CARTESIAN_POINT('Ctrl Pts',(79.0204137050332,64.0719957072151,16.8659483103885));
#8129=CARTESIAN_POINT('Ctrl Pts',(79.7683299576197,63.4728364737478,16.6761319197608));
#8130=CARTESIAN_POINT('Ctrl Pts',(80.5162459372045,62.8736769349239,16.486315848128));
#8131=CARTESIAN_POINT('Ctrl Pts',(81.2641616381047,62.2745171035987,16.2965001038844));
#8132=CARTESIAN_POINT('Ctrl Pts',(82.0120770539004,61.67535699487,16.1066846966106));
#8133=CARTESIAN_POINT('Ctrl Pts',(82.7599921773157,61.0761966264321,15.9168696372597));
#8134=CARTESIAN_POINT('Ctrl Pts',(83.5079070000803,60.4770360189875,15.7270549383724));
#8135=CARTESIAN_POINT('Ctrl Pts',(84.2558215127854,59.8778751967083,15.5372406143213));
#8136=CARTESIAN_POINT('Ctrl Pts',(85.0037357047043,59.2787141877812,15.3474266815977));
#8137=CARTESIAN_POINT('Ctrl Pts',(85.75164956359,58.6795530250327,15.1576131591405));
#8138=CARTESIAN_POINT('Ctrl Pts',(86.4995630754385,58.0803917466542,14.9678000687178));
#8139=CARTESIAN_POINT('Ctrl Pts',(87.2474762242169,57.4812303970393,14.7779874353677));
#8140=CARTESIAN_POINT('Ctrl Pts',(87.9953889915481,56.8820690277514,14.5881752879072));
#8141=CARTESIAN_POINT('Ctrl Pts',(88.7433013563454,56.2829076986441,14.3983636595222));
#8142=CARTESIAN_POINT('Ctrl Pts',(89.4912132943941,55.6837464791528,14.2085525884463));
#8143=CARTESIAN_POINT('Ctrl Pts',(90.2391247778585,55.0845854497944,14.0187421187512));
#8144=CARTESIAN_POINT('Ctrl Pts',(90.9870357747322,54.4854247038859,13.8289323012492));
#8145=CARTESIAN_POINT('Ctrl Pts',(91.7349462481582,53.8862643495665,13.6391231945602));
#8146=CARTESIAN_POINT('Ctrl Pts',(92.4828561557412,53.2871045120542,13.4493148662928));
#8147=CARTESIAN_POINT('Ctrl Pts',(93.2307654485339,52.6879453364354,13.2595073945259));
#8148=CARTESIAN_POINT('Ctrl Pts',(93.9786740703547,52.0887869904847,13.0697008692609));
#8149=CARTESIAN_POINT('Ctrl Pts',(94.7265819559029,51.48962966883,12.879895394684));
#8150=CARTESIAN_POINT('Ctrl Pts',(95.4744890310334,50.8904735957416,12.6900910904755));
#8151=CARTESIAN_POINT('Ctrl Pts',(96.2223952075829,50.2913190328888,12.5002880962442));
#8152=CARTESIAN_POINT('Ctrl Pts',(96.9703003896814,49.6921662781598,12.3104865701163));
#8153=CARTESIAN_POINT('Ctrl Pts',(97.7182044535295,49.0930156870142,12.120686701738));
#8154=CARTESIAN_POINT('Ctrl Pts',(98.4661072856309,48.4938676463043,11.9308886945446));
#8155=CARTESIAN_POINT('Ctrl Pts',(99.2140086890545,47.8947226578859,11.74109281861));
#8156=CARTESIAN_POINT('Ctrl Pts',(99.9619085838876,47.2955811803265,11.5512993075304));
#8157=CARTESIAN_POINT('Ctrl Pts',(100.709806547576,46.6964440166984,11.3615086068609));
#8158=CARTESIAN_POINT('Ctrl Pts',(101.45770283145,46.0973114849909,11.1717208382236));
#8159=CARTESIAN_POINT('Ctrl Pts',(102.205596070367,45.498185320049,10.9819370225638));
#8160=CARTESIAN_POINT('Ctrl Pts',(102.953488393627,44.8990644670527,10.7921563686326));
#8161=CARTESIAN_POINT('Ctrl Pts',(103.701373963055,44.299954558864,10.6023823750025));
#8162=CARTESIAN_POINT('Ctrl Pts',(104.449264611872,43.7008467667788,10.4126092049552));
#8163=CARTESIAN_POINT('Ctrl Pts',(105.197132417624,43.1017652298246,10.2228522327409));
#8164=CARTESIAN_POINT('Ctrl Pts',(105.945038241688,42.5026609607052,10.0330797041306));
#8165=CARTESIAN_POINT('Ctrl Pts',(106.692843916891,41.9036494785374,9.84336579283171));
#8166=CARTESIAN_POINT('Ctrl Pts',(107.440856556498,41.3044789236835,9.65354800056114));
#8167=CARTESIAN_POINT('Ctrl Pts',(108.18838636962,40.7057207146719,9.46399418451992));
#8168=CARTESIAN_POINT('Ctrl Pts',(108.936966304428,40.1061112671682,9.27388718733592));
#8169=CARTESIAN_POINT('Ctrl Pts',(109.683373779231,39.5083209782268,9.08502020621538));
#8170=CARTESIAN_POINT('Ctrl Pts',(110.185163231288,39.1063423545566,8.95684793437098));
#8171=CARTESIAN_POINT('Ctrl Pts',(110.464524011,38.8828052341546,8.88768931611507));
#8172=CARTESIAN_POINT('Ctrl Pts',(110.489002054905,38.8639200429843,8.88504399545282));
#8173=CARTESIAN_POINT('Ctrl Pts',(110.67968310512,38.7162306834165,8.8521143789672));
#8174=CARTESIAN_POINT('Ctrl Pts',(111.00357242146,38.4809271580483,8.81637765790662));
#8175=CARTESIAN_POINT('Ctrl Pts',(111.3465670041,38.260356213741,8.8122566008578));
#8176=CARTESIAN_POINT('Ctrl Pts',(111.799948615552,37.986505603942,8.82892496690676));
#8177=CARTESIAN_POINT('Ctrl Pts',(112.357034570959,37.6869345814606,8.89731313357275));
#8178=CARTESIAN_POINT('Ctrl Pts',(113.209587094764,37.323517733143,9.10914746464509));
#8179=CARTESIAN_POINT('Ctrl Pts',(114.065429586778,37.0472122314693,9.43097281635614));
#8180=CARTESIAN_POINT('Ctrl Pts',(114.904442226013,36.8581912755349,9.85149228646477));
#8181=CARTESIAN_POINT('Ctrl Pts',(115.499653264465,36.7815941824649,10.2270650852401));
#8182=CARTESIAN_POINT('Ctrl Pts',(115.88327341719,36.7547438206167,10.5008598203013));
#8183=CARTESIAN_POINT('Ctrl Pts',(116.135214441775,36.7433390251145,10.6895624708885));
#8184=CARTESIAN_POINT('Ctrl Pts',(116.381096801704,36.7418040500368,10.886988947841));
#8185=CARTESIAN_POINT('Ctrl Pts',(116.619526419289,36.7494860461623,11.0919838483341));
#8186=CARTESIAN_POINT('Ctrl Pts',(116.794499896048,36.7598758118969,11.249264162814));
#8187=CARTESIAN_POINT('Ctrl Pts',(116.922688732795,36.7710701847287,11.3696663913117));
#8188=CARTESIAN_POINT('Ctrl Pts',(117.006752331652,36.7798753003461,11.4508402583991));
#8189=CARTESIAN_POINT('Ctrl Pts',(117.062429885875,36.7861086943301,11.505194982725));
#8190=CARTESIAN_POINT('Ctrl Pts',(117.131360412008,36.7945942619646,11.5735816847173));
#8191=CARTESIAN_POINT('Ctrl Pts',(117.212944734801,36.8058453412155,11.6563053677739));
#8192=CARTESIAN_POINT('Ctrl Pts',(117.320194985814,36.8222584024215,11.7674375393411));
#8193=CARTESIAN_POINT('Ctrl Pts',(117.451418105863,36.8454342505386,11.9078367004532));
#8194=CARTESIAN_POINT('Ctrl Pts',(117.578619959493,36.8719848964463,12.0499506257915));
#8195=CARTESIAN_POINT('Ctrl Pts',(117.665402652803,36.8922418622772,12.1501629053509));
#8196=CARTESIAN_POINT('Ctrl Pts',(117.70369664883,36.9016684735251,12.1951188482022));
#8197=CARTESIAN_POINT('Ctrl Pts',(117.71894038827,36.905493815909,12.2131295800515));
#8198=CARTESIAN_POINT('Ctrl Pts',(117.72503152351,36.9070288776579,12.2203365414772));
#8199=CARTESIAN_POINT('Ctrl Pts',(117.732634825561,36.9089577047669,12.2293504076496));
#8200=CARTESIAN_POINT('Ctrl Pts',(117.740222834113,36.9108992264238,12.2383709084421));
#8201=CARTESIAN_POINT('Ctrl Pts',(117.745526222221,36.9122648570931,12.2446886598641));
#8202=CARTESIAN_POINT('Ctrl Pts',(117.748175770822,36.9129492717509,12.2478483711941));
#8203=CARTESIAN_POINT('Ctrl Pts',(117.749500114771,36.9132919258461,12.2494284494302));
#8204=CARTESIAN_POINT('Ctrl Pts',(117.750162036992,36.9134633020635,12.2502185249694));
#8205=CARTESIAN_POINT('Ctrl Pts',(117.750540424155,36.9135613408152,12.2506700364247));
#8206=CARTESIAN_POINT('Ctrl Pts',(117.75072928432,36.9136102288919,12.2508957538252));
#8207=CARTESIAN_POINT('Ctrl Pts',(117.913558964171,36.9559427053124,12.4444712675157));
#8208=CARTESIAN_POINT('Ctrl Pts',(118.264028850523,37.0669394077702,12.8434243383657));
#8209=CARTESIAN_POINT('Ctrl Pts',(118.727256723218,37.2671484139461,13.4660426376094));
#8210=CARTESIAN_POINT('Ctrl Pts',(119.085816393525,37.4684248032991,14.0038151065993));
#8211=CARTESIAN_POINT('Ctrl Pts',(119.285839043374,37.6040755382498,14.338982483867));
#8212=CARTESIAN_POINT('Ctrl Pts',(119.357150837789,37.6555302041504,14.4626879438612));
#8213=CARTESIAN_POINT('Ctrl Pts',(119.372907107308,37.666991969862,14.4901882163628));
#8214=CARTESIAN_POINT('Ctrl Pts',(119.400355943647,37.6871771165076,14.5383606065495));
#8215=CARTESIAN_POINT('Ctrl Pts',(119.431417389919,37.7105269235698,14.5935169564095));
#8216=CARTESIAN_POINT('Ctrl Pts',(119.458248888603,37.7311560456349,14.6418436659146));
#8217=CARTESIAN_POINT('Ctrl Pts',(119.473492132979,37.743007055221,14.669484899344));
#8218=CARTESIAN_POINT('Ctrl Pts',(119.482984467793,37.7504414000805,14.6867713021811));
#8219=CARTESIAN_POINT('Ctrl Pts',(119.49055465313,37.7564036613577,14.7006062036284));
#8220=CARTESIAN_POINT('Ctrl Pts',(119.496221895693,37.7608835862319,14.710985565643));
#8221=CARTESIAN_POINT('Ctrl Pts',(119.501878405986,37.7653715357916,14.7213680346168));
#8222=CARTESIAN_POINT('Ctrl Pts',(119.50752440852,37.7698676345206,14.7317536345905));
#8223=CARTESIAN_POINT('Ctrl Pts',(119.513159573071,37.7743716730007,14.7421422569017));
#8224=CARTESIAN_POINT('Ctrl Pts',(119.517847055249,37.7781319794082,14.7508020891882));
#8225=CARTESIAN_POINT('Ctrl Pts',(119.521590942074,37.7811437674504,14.7577312499456));
#8226=CARTESIAN_POINT('Ctrl Pts',(119.524396202209,37.7834046167051,14.7629288719935));
#8227=CARTESIAN_POINT('Ctrl Pts',(119.526731830776,37.7852904193252,14.7672608912379));
#8228=CARTESIAN_POINT('Ctrl Pts',(119.528365340965,37.7866111817829,14.7702935467691));
#8229=CARTESIAN_POINT('Ctrl Pts',(119.529181898906,37.7872718534892,14.7718099918994));
#8230=CARTESIAN_POINT('Ctrl Pts',(119.529589935933,37.7876021218302,14.7725681742147));
#8231=CARTESIAN_POINT('Ctrl Pts',(119.529794149021,37.787767424864,14.7729473475736));
#8232=CARTESIAN_POINT('Ctrl Pts',(119.529895961548,37.7878498690145,14.7731368308144));
#8233=CARTESIAN_POINT('Ctrl Pts',(119.529954582107,37.7878973038232,14.7732452677247));
#8234=CARTESIAN_POINT('Ctrl Pts',(119.529983114509,37.7879204552767,14.7732992049804));
#8235=CARTESIAN_POINT('Ctrl Pts',(119.581195949525,37.8290998834937,14.8631956254346));
#8236=CARTESIAN_POINT('Ctrl Pts',(119.679937604956,37.90468758448,14.9703117571412));
#8237=CARTESIAN_POINT('Ctrl Pts',(119.900096450328,38.0746418859544,15.2564048294632));
#8238=CARTESIAN_POINT('Ctrl Pts',(120.044498560982,38.185899525389,15.4436917960023));
#8239=CARTESIAN_POINT('Ctrl Pts',(120.187818022412,38.2963240091724,15.6306346059797));
#8240=CARTESIAN_POINT('Ctrl Pts',(121.102743766589,38.6008527039926,14.7314809210164));
#8241=CARTESIAN_POINT('Ctrl Pts',(121.338069215702,38.7834564293966,15.036702616029));
#8242=CARTESIAN_POINT('Ctrl Pts',(121.809244392458,39.1483227640742,15.6472205698784));
#8243=CARTESIAN_POINT('Ctrl Pts',(122.51789798075,39.694395346596,16.5630578710119));
#8244=CARTESIAN_POINT('Ctrl Pts',(123.22859726584,40.2390674018807,17.4788301143786));
#8245=CARTESIAN_POINT('Ctrl Pts',(123.941372691066,40.7821862082095,18.3944404488378));
#8246=CARTESIAN_POINT('Ctrl Pts',(124.656461803055,41.3235638970441,19.3097547108018));
#8247=CARTESIAN_POINT('Ctrl Pts',(125.37406312023,41.8629932922432,20.2246371721734));
#8248=CARTESIAN_POINT('Ctrl Pts',(126.094450399234,42.400404472559,21.139108425035));
#8249=CARTESIAN_POINT('Ctrl Pts',(126.576610533323,42.7571483683998,21.7483867070452));
#8250=CARTESIAN_POINT('Ctrl Pts',(126.961721088447,43.0406103784814,22.2332980120759));
#8251=CARTESIAN_POINT('Ctrl Pts',(127.265369912329,43.2567356491322,22.5992032128873));
#8252=CARTESIAN_POINT('Ctrl Pts',(127.871297379513,43.6786931831997,23.3271253996636));
#8253=CARTESIAN_POINT('Ctrl Pts',(128.337724262386,43.9889173039386,23.8724657628717));
#8254=CARTESIAN_POINT('Ctrl Pts',(128.678618881792,44.2095205421933,24.2678337660319));
#8255=CARTESIAN_POINT('Ctrl Pts',(128.762394586057,44.2709299234424,24.3878365366821));
#8256=CARTESIAN_POINT('Ctrl Pts',(128.852571853416,44.3361875423715,24.5101731762903));
#8257=CARTESIAN_POINT('Ctrl Pts',(128.966369821963,44.4224269273764,24.6727293834859));
#8258=CARTESIAN_POINT('Ctrl Pts',(129.04264278832,44.4903014219006,24.8093868179936));
#8259=CARTESIAN_POINT('Ctrl Pts',(129.200366517508,44.6349347742933,25.0862518383391));
#8260=CARTESIAN_POINT('Ctrl Pts',(129.449475387148,44.8947719927886,25.5671563148276));
#8261=CARTESIAN_POINT('Ctrl Pts',(129.746237761191,45.2892564198698,26.2418962046681));
#8262=CARTESIAN_POINT('Ctrl Pts',(129.997612929782,45.7976135888549,27.0292961195316));
#8263=CARTESIAN_POINT('Ctrl Pts',(130.131741704299,46.3249426818319,27.7652977365235));
#8264=CARTESIAN_POINT('Ctrl Pts',(130.144837537658,46.8508790499966,28.4223237249185));
#8265=CARTESIAN_POINT('Ctrl Pts',(130.041317190817,47.3643991355528,28.9840190408421));
#8266=CARTESIAN_POINT('Ctrl Pts',(129.842116045628,47.8367121110472,29.4169042013112));
#8267=CARTESIAN_POINT('Ctrl Pts',(129.658096360555,48.1391873663773,29.6333515160568));
#8268=CARTESIAN_POINT('Ctrl Pts',(129.538602160164,48.3117559417705,29.7376523098232));
#8269=CARTESIAN_POINT('Ctrl Pts',(129.491168733409,48.383012480742,29.7791462044696));
#8270=CARTESIAN_POINT('Ctrl Pts',(129.362935837605,48.5699766117476,29.8873571834268));
#8271=CARTESIAN_POINT('Ctrl Pts',(129.201342923524,48.7952279902179,30.0141276200384));
#8272=CARTESIAN_POINT('Ctrl Pts',(129.059337144021,48.9815060265166,30.115332864904));
#8273=CARTESIAN_POINT('Ctrl Pts',(128.943993200072,49.1302691841814,30.1952077074139));
#8274=CARTESIAN_POINT('Ctrl Pts',(128.818019967894,49.2875411579417,30.2776585826415));
#8275=CARTESIAN_POINT('Ctrl Pts',(128.54752469635,49.6066924193775,30.4366762501422));
#8276=CARTESIAN_POINT('Ctrl Pts',(128.188913504499,49.99536247507,30.6143954654758));
#8277=CARTESIAN_POINT('Ctrl Pts',(127.721410488219,50.4507621578892,30.7966469878349));
#8278=CARTESIAN_POINT('Ctrl Pts',(127.389869142847,50.7416154429373,30.8948311125441));
#8279=CARTESIAN_POINT('Ctrl Pts',(127.193773634902,50.904846158433,30.9445670213185));
#8280=CARTESIAN_POINT('Ctrl Pts',(127.124964943849,50.9595678648284,30.9621523748279));
#8281=CARTESIAN_POINT('Ctrl Pts',(126.998604989416,51.0610797275911,30.99439229839));
#8282=CARTESIAN_POINT('Ctrl Pts',(126.772024856543,51.2425460312011,31.0522328334913));
#8283=CARTESIAN_POINT('Ctrl Pts',(126.323645836919,51.6020591278197,31.1666727314544));
#8284=CARTESIAN_POINT('Ctrl Pts',(125.684716615857,52.1140869994427,31.3297678840776));
#8285=CARTESIAN_POINT('Ctrl Pts',(124.918646392828,52.7281605219894,31.5252947285666));
#8286=CARTESIAN_POINT('Ctrl Pts',(124.152276562328,53.3424036463322,31.7208958209426));
#8287=CARTESIAN_POINT('Ctrl Pts',(123.386091840782,53.9565275309587,31.9164390491925));
#8288=CARTESIAN_POINT('Ctrl Pts',(122.619865660828,54.5706688841453,32.1119864747701));
#8289=CARTESIAN_POINT('Ctrl Pts',(121.853693101608,55.1847711833168,32.3075123701398));
#8290=CARTESIAN_POINT('Ctrl Pts',(121.087526319408,55.798863675125,32.503029976625));
#8291=CARTESIAN_POINT('Ctrl Pts',(120.321382059166,56.4129367426795,32.6985348924943));
#8292=CARTESIAN_POINT('Ctrl Pts',(119.555248857506,57.0269976550956,32.8940303935653));
#8293=CARTESIAN_POINT('Ctrl Pts',(118.789128403896,57.6410457310781,33.0895161512199));
#8294=CARTESIAN_POINT('Ctrl Pts',(118.02301698966,58.2550834887606,33.2849932958274));
#8295=CARTESIAN_POINT('Ctrl Pts',(117.256913728399,58.869111713875,33.4804621758518));
#8296=CARTESIAN_POINT('Ctrl Pts',(116.490816827342,59.4831317045597,33.6759233767529));
#8297=CARTESIAN_POINT('Ctrl Pts',(115.724725203921,60.097144304723,33.8713772813324));
#8298=CARTESIAN_POINT('Ctrl Pts',(114.958637721536,60.7111503668931,34.0668242794422));
#8299=CARTESIAN_POINT('Ctrl Pts',(114.192553494575,61.3251505722656,34.2622646858008));
#8300=CARTESIAN_POINT('Ctrl Pts',(113.426471720843,61.9391455341834,34.4576987866074));
#8301=CARTESIAN_POINT('Ctrl Pts',(112.660391729424,62.55313577181,34.6531268272529));
#8302=CARTESIAN_POINT('Ctrl Pts',(111.894312935988,63.16712173908,34.8485490251777));
#8303=CARTESIAN_POINT('Ctrl Pts',(111.128234842784,63.7811038264862,35.043965570448));
#8304=CARTESIAN_POINT('Ctrl Pts',(110.362157020939,64.3950823733588,35.2393766310702));
#8305=CARTESIAN_POINT('Ctrl Pts',(109.596079103943,65.0090576729851,35.4347823552074));
#8306=CARTESIAN_POINT('Ctrl Pts',(108.830000777685,65.6230299798132,35.6301828742578));
#8307=CARTESIAN_POINT('Ctrl Pts',(108.063921773703,66.2369995145047,35.8255783050148));
#8308=CARTESIAN_POINT('Ctrl Pts',(107.297841862649,66.8509664687171,36.0209687517213));
#8309=CARTESIAN_POINT('Ctrl Pts',(106.531760848977,67.4649310090377,36.2163543077551));
#8310=CARTESIAN_POINT('Ctrl Pts',(105.765678566221,68.0788932804581,36.4117350571203));
#8311=CARTESIAN_POINT('Ctrl Pts',(104.999594872987,68.6928534093329,36.6071110757151));
#8312=CARTESIAN_POINT('Ctrl Pts',(104.233509649475,69.3068115059458,36.8024824324335));
#8313=CARTESIAN_POINT('Ctrl Pts',(103.467422794482,69.9207676667151,36.9978491901107));
#8314=CARTESIAN_POINT('Ctrl Pts',(102.701334222827,70.5347219760977,37.1932114063404));
#8315=CARTESIAN_POINT('Ctrl Pts',(101.935243863126,71.1486745082295,37.3885691341778));
#8316=CARTESIAN_POINT('Ctrl Pts',(101.169151655874,71.762625328339,37.5839224227469));
#8317=CARTESIAN_POINT('Ctrl Pts',(100.403057551791,72.3765744939675,37.7792713177634));
#8318=CARTESIAN_POINT('Ctrl Pts',(99.6369615104011,72.990522056019,37.9746158619858));
#8319=CARTESIAN_POINT('Ctrl Pts',(98.8708634988018,73.6044680596669,38.1699560956044));
#8320=CARTESIAN_POINT('Ctrl Pts',(98.1047634906075,74.2184125451348,38.3652920565761));
#8321=CARTESIAN_POINT('Ctrl Pts',(97.3386614650372,74.8323555483697,38.5606237809141));
#8322=CARTESIAN_POINT('Ctrl Pts',(96.5725574061275,75.4462971016225,38.7559513029366));
#8323=CARTESIAN_POINT('Ctrl Pts',(95.8064513020559,76.0602372339487,38.9512746554822));
#8324=CARTESIAN_POINT('Ctrl Pts',(95.0403431445564,76.6741759716391,39.1465938700949));
#8325=CARTESIAN_POINT('Ctrl Pts',(94.2742329284161,77.2881133385925,39.3419089771843));
#8326=CARTESIAN_POINT('Ctrl Pts',(93.5081206510418,77.9020493566355,39.537220006163));
#8327=CARTESIAN_POINT('Ctrl Pts',(92.7420063120856,78.5159840457996,39.7325269855661));
#8328=CARTESIAN_POINT('Ctrl Pts',(91.9758899131235,79.1299174245589,39.9278299431531));
#8329=CARTESIAN_POINT('Ctrl Pts',(91.2097714573771,79.743849510036,40.1231289059968));
#8330=CARTESIAN_POINT('Ctrl Pts',(90.4436509494749,80.3577803181783,40.3184239005593));
#8331=CARTESIAN_POINT('Ctrl Pts',(89.677528395246,80.9717098639114,40.5137149527583));
#8332=CARTESIAN_POINT('Ctrl Pts',(88.9114038015427,81.5856381612703,40.7090020880231));
#8333=CARTESIAN_POINT('Ctrl Pts',(88.1452771760875,82.1995652235124,40.9042853313442));
#8334=CARTESIAN_POINT('Ctrl Pts',(87.3791485273413,82.8134910632155,41.0995647073153));
#8335=CARTESIAN_POINT('Ctrl Pts',(86.6130178643906,83.427415692362,41.2948402401697));
#8336=CARTESIAN_POINT('Ctrl Pts',(85.8468851968491,84.0413391224106,41.4901119538117));
#8337=CARTESIAN_POINT('Ctrl Pts',(85.0807505347743,84.6552613643594,41.6853798718435));
#8338=CARTESIAN_POINT('Ctrl Pts',(84.3146138885952,85.2691824287986,41.8806440175887));
#8339=CARTESIAN_POINT('Ctrl Pts',(83.54847526905,85.8831023259572,42.0759044141122));
#8340=CARTESIAN_POINT('Ctrl Pts',(82.7823346871334,86.497021065741,42.2711610842373));
#8341=CARTESIAN_POINT('Ctrl Pts',(82.016192154049,87.1109386577688,42.4664140505607));
#8342=CARTESIAN_POINT('Ctrl Pts',(81.2500476811754,87.724855111396,42.6616633354638));
#8343=CARTESIAN_POINT('Ctrl Pts',(80.4839012800198,88.3387704357492,42.8569089611267));
#8344=CARTESIAN_POINT('Ctrl Pts',(79.717752962219,88.9526846397237,43.0521509495296));
#8345=CARTESIAN_POINT('Ctrl Pts',(78.9516027394484,89.5665977320528,43.2473893224772));
#8346=CARTESIAN_POINT('Ctrl Pts',(78.1854506235623,90.1805097211939,43.4426241015638));
#8347=CARTESIAN_POINT('Ctrl Pts',(77.4192966259135,90.7944206158704,43.6378553083473));
#8348=CARTESIAN_POINT('Ctrl Pts',(76.6531407583694,91.4083304242553,43.8330829640904));
#8349=CARTESIAN_POINT('Ctrl Pts',(75.8869830327751,92.0222391543977,44.0283070898972));
#8350=CARTESIAN_POINT('Ctrl Pts',(75.1208234610023,92.6361468141806,44.2235277066997));
#8351=CARTESIAN_POINT('Ctrl Pts',(74.3546620549193,93.250053411341,44.4187448352645));
#8352=CARTESIAN_POINT('Ctrl Pts',(73.5884988263952,93.8639589534618,44.6139584961902));
#8353=CARTESIAN_POINT('Ctrl Pts',(72.8223337872916,94.4778634479736,44.8091687099071));
#8354=CARTESIAN_POINT('Ctrl Pts',(72.0561669494621,95.0917669021493,45.0043754966745));
#8355=CARTESIAN_POINT('Ctrl Pts',(71.2899983247506,95.7056693230979,45.1995788765775));
#8356=CARTESIAN_POINT('Ctrl Pts',(70.523827924993,96.3195707177559,45.3947788695224));
#8357=CARTESIAN_POINT('Ctrl Pts',(69.7576557620185,96.9334710928762,45.5899754952311));
#8358=CARTESIAN_POINT('Ctrl Pts',(68.9914818476546,97.5473704550138,45.7851687732334));
#8359=CARTESIAN_POINT('Ctrl Pts',(68.2253061937317,98.1612688105087,45.9803587228584));
#8360=CARTESIAN_POINT('Ctrl Pts',(67.4591288120912,98.7751661654654,46.1755453632237));
#8361=CARTESIAN_POINT('Ctrl Pts',(66.6929497145947,99.3890625257278,46.3707287132226));
#8362=CARTESIAN_POINT('Ctrl Pts',(65.9267689131351,100.00295789685,46.5659087915087));
#8363=CARTESIAN_POINT('Ctrl Pts',(65.1605864196506,100.616852284062,46.7610856164783));
#8364=CARTESIAN_POINT('Ctrl Pts',(64.3944022461414,101.230745692228,46.9562592062491));
#8365=CARTESIAN_POINT('Ctrl Pts',(63.6282164046887,101.844638125802,47.1514295786358));
#8366=CARTESIAN_POINT('Ctrl Pts',(62.862028907478,102.458529588769,47.346596751121));
#8367=CARTESIAN_POINT('Ctrl Pts',(62.095839766826,103.072420084583,47.5417607408216));
#8368=CARTESIAN_POINT('Ctrl Pts',(61.3296489952114,103.68630961609,47.7369215644499));
#8369=CARTESIAN_POINT('Ctrl Pts',(60.5634566053125,104.300198185442,47.9320792382672));
#8370=CARTESIAN_POINT('Ctrl Pts',(59.7972626100477,104.914085793995,48.1272337780318));
#8371=CARTESIAN_POINT('Ctrl Pts',(59.0310670226297,105.52797244219,48.3223851989355));
#8372=CARTESIAN_POINT('Ctrl Pts',(58.2648698566121,106.141858129422,48.5175335155346));
#8373=CARTESIAN_POINT('Ctrl Pts',(57.498671125984,106.755742853859,48.7126787416594));
#8374=CARTESIAN_POINT('Ctrl Pts',(56.7324708450029,107.369626612453,48.9078208903796));
#8375=CARTESIAN_POINT('Ctrl Pts',(55.9662690287456,107.983509400358,49.1029599737737));
#8376=CARTESIAN_POINT('Ctrl Pts',(55.2000656929269,108.597391210907,49.2980960028717));
#8377=CARTESIAN_POINT('Ctrl Pts',(54.4338608540888,109.21127203527,49.4932289874851));
#8378=CARTESIAN_POINT('Ctrl Pts',(53.6676545297133,109.825151862138,49.688358936038));
#8379=CARTESIAN_POINT('Ctrl Pts',(52.9014467383972,110.43903067733,49.8834858553595));
#8380=CARTESIAN_POINT('Ctrl Pts',(52.1352375000354,111.052908463338,50.0786097504473));
#8381=CARTESIAN_POINT('Ctrl Pts',(51.3690268360429,111.666785198807,50.2737306241915));
#8382=CARTESIAN_POINT('Ctrl Pts',(50.6028147696074,112.280660857923,50.468848477055));
#8383=CARTESIAN_POINT('Ctrl Pts',(49.8366013259851,112.894535409713,50.6639633067021));
#8384=CARTESIAN_POINT('Ctrl Pts',(49.0703865328407,113.50840881722,50.8590751075683));
#8385=CARTESIAN_POINT('Ctrl Pts',(48.3041704206487,114.122281036555,51.0541838703594));
#8386=CARTESIAN_POINT('Ctrl Pts',(47.5379530231423,114.736152015806,51.249289581474));
#8387=CARTESIAN_POINT('Ctrl Pts',(46.7717343778723,115.35002169373,51.4443922223254));
#8388=CARTESIAN_POINT('Ctrl Pts',(46.0055145267692,115.963889998331,51.6394917685731));
#8389=CARTESIAN_POINT('Ctrl Pts',(45.239293516989,116.577756845013,51.8345881891897));
#8390=CARTESIAN_POINT('Ctrl Pts',(44.473071401459,117.19162213486,52.0296814454725));
#8391=CARTESIAN_POINT('Ctrl Pts',(43.7068482404876,117.805485751709,52.2247714896842));
#8392=CARTESIAN_POINT('Ctrl Pts',(42.9406241014435,118.419347560828,52.4198582639534));
#8393=CARTESIAN_POINT('Ctrl Pts',(42.1743990632829,119.03320740275,52.6149416979288));
#8394=CARTESIAN_POINT('Ctrl Pts',(41.4081732108336,119.647065096487,52.8100217084541));
#8395=CARTESIAN_POINT('Ctrl Pts',(40.6419466527172,120.260920420042,53.0050981938271));
#8396=CARTESIAN_POINT('Ctrl Pts',(39.8757194871712,120.874773139791,53.2001710391461));
#8397=CARTESIAN_POINT('Ctrl Pts',(39.1094918854638,121.48862292816,53.395240095633));
#8398=CARTESIAN_POINT('Ctrl Pts',(38.3432639131489,122.102469528754,53.5903052168232));
#8399=CARTESIAN_POINT('Ctrl Pts',(37.5770359395221,122.716312364408,53.7853661658242));
#8400=CARTESIAN_POINT('Ctrl Pts',(36.8108077316325,123.330151388913,53.9804228093677));
#8401=CARTESIAN_POINT('Ctrl Pts',(36.0445804949556,123.943985150352,54.1754746676294));
#8402=CARTESIAN_POINT('Ctrl Pts',(35.2783523197245,124.557815091744,54.3705219036713));
#8403=CARTESIAN_POINT('Ctrl Pts',(34.5121283921459,125.171635882751,54.5655630871368));
#8404=CARTESIAN_POINT('Ctrl Pts',(33.7458981532246,125.785457018116,54.760600176224));
#8405=CARTESIAN_POINT('Ctrl Pts',(32.9796864578124,126.399254409209,54.9556273355641));
#8406=CARTESIAN_POINT('Ctrl Pts',(32.21343906639,127.013078697562,55.1506559375336));
#8407=CARTESIAN_POINT('Ctrl Pts',(31.4472790475912,127.626812678746,55.3456585482308));
#8408=CARTESIAN_POINT('Ctrl Pts',(30.6809324516193,128.240714615056,55.5406943642603));
#8409=CARTESIAN_POINT('Ctrl Pts',(29.9150225404258,128.854193639665,55.7356263608802));
#8410=CARTESIAN_POINT('Ctrl Pts',(29.403647740372,129.26390236103,55.865745002827));
#8411=CARTESIAN_POINT('Ctrl Pts',(29.1457321428713,129.470339290077,55.931399598379));
#8412=CARTESIAN_POINT('Ctrl Pts',(29.1409374975748,129.473892496627,55.9326342333383));
#8413=CARTESIAN_POINT('Ctrl Pts',(29.1195625083654,129.490124858341,55.9380850799483));
#8414=CARTESIAN_POINT('Ctrl Pts',(29.1014409939275,129.503693944206,55.9426243779132));
#8415=CARTESIAN_POINT('Ctrl Pts',(29.0296766263342,129.557425896272,55.96030291276));
#8416=CARTESIAN_POINT('Ctrl Pts',(28.9098241196103,129.646914758953,55.9883381535602));
#8417=CARTESIAN_POINT('Ctrl Pts',(28.6712268939983,129.818693359352,56.038641397781));
#8418=CARTESIAN_POINT('Ctrl Pts',(28.4871343004644,129.945229867769,56.0713215602876));
#8419=CARTESIAN_POINT('Ctrl Pts',(28.3328436152089,130.047671068082,56.0953995153831));
#8420=CARTESIAN_POINT('Ctrl Pts',(28.2939237303437,130.070787236076,56.1012310268198));
#8421=CARTESIAN_POINT('Ctrl Pts',(28.2022928182597,130.126268394864,56.1127940979432));
#8422=CARTESIAN_POINT('Ctrl Pts',(28.048085721854,130.215291116927,56.1266123359994));
#8423=CARTESIAN_POINT('Ctrl Pts',(27.7294484868572,130.38766688273,56.1338371119105));
#8424=CARTESIAN_POINT('Ctrl Pts',(27.2585158938196,130.605557909025,56.0808219077088));
#8425=CARTESIAN_POINT('Ctrl Pts',(26.6575576189383,130.824646280307,55.918466918404));
#8426=CARTESIAN_POINT('Ctrl Pts',(26.001197378848,130.993649172209,55.6461777938516));
#8427=CARTESIAN_POINT('Ctrl Pts',(25.3177825177209,131.09650771133,55.2732409533821));
#8428=CARTESIAN_POINT('Ctrl Pts',(24.618931912586,131.129291931716,54.8074893698408));
#8429=CARTESIAN_POINT('Ctrl Pts',(23.9178069100466,131.088720113289,54.2563654269095));
#8430=CARTESIAN_POINT('Ctrl Pts',(23.4650695136944,131.014704247592,53.8456500148651));
#8431=CARTESIAN_POINT('Ctrl Pts',(23.1461965995358,130.945242688096,53.5370923885194));
#8432=CARTESIAN_POINT('Ctrl Pts',(22.9311717618318,130.880161593162,53.3279001926218));
#8433=CARTESIAN_POINT('Ctrl Pts',(22.5243163153125,130.749184534631,52.913879385998));
#8434=CARTESIAN_POINT('Ctrl Pts',(22.0317116099673,130.557824505345,52.3808814826468));
#8435=CARTESIAN_POINT('Ctrl Pts',(21.482020085224,130.292957740594,51.7285052867907));
#8436=CARTESIAN_POINT('Ctrl Pts',(21.1431664594848,130.091075667233,51.2847655383115));
#8437=CARTESIAN_POINT('Ctrl Pts',(20.9731496544071,129.977186010092,51.0494871804718));
#8438=CARTESIAN_POINT('Ctrl Pts',(20.954990338479,129.959750693032,51.0240130303787));
#8439=CARTESIAN_POINT('Ctrl Pts',(20.9202091311435,129.929014459775,50.9754414569855));
#8440=CARTESIAN_POINT('Ctrl Pts',(20.8848211086377,129.896788762319,50.9260175386232));
#8441=CARTESIAN_POINT('Ctrl Pts',(20.8496932468224,129.865363649162,50.8770556843616));
#8442=CARTESIAN_POINT('Ctrl Pts',(20.8144498363579,129.833709006149,50.8279634138333));
#8443=CARTESIAN_POINT('Ctrl Pts',(20.7880246936698,129.810074010517,50.7912059420741));
#8444=CARTESIAN_POINT('Ctrl Pts',(20.5336990769139,129.582773364308,50.4377229721616));
#8445=CARTESIAN_POINT('Ctrl Pts',(20.0674148453327,129.180908170152,49.7914609526528));
#8446=CARTESIAN_POINT('Ctrl Pts',(19.3635187114791,128.570018111581,48.8180072808524));
#8447=CARTESIAN_POINT('Ctrl Pts',(18.6595803684819,127.963345530436,47.8470199330473));
#8448=CARTESIAN_POINT('Ctrl Pts',(17.9540266900664,127.356436907842,46.8758697342219));
#8449=CARTESIAN_POINT('Ctrl Pts',(17.2477020235223,126.751123273422,45.9056684775787));
#8450=CARTESIAN_POINT('Ctrl Pts',(16.5402015843985,126.14609544672,44.935663472154));
#8451=CARTESIAN_POINT('Ctrl Pts',(15.8319882558518,125.542109232413,43.9663101132745));
#8452=CARTESIAN_POINT('Ctrl Pts',(15.3593458720447,125.13989916,43.3203876931996));
#8453=CARTESIAN_POINT('Ctrl Pts',(14.9916143386358,124.82718034244,42.8182280312964));
#8454=CARTESIAN_POINT('Ctrl Pts',(14.7911854988226,124.653566275341,42.5454551478926));
#8455=CARTESIAN_POINT('Ctrl Pts',(14.524001002158,124.425844975961,42.1844217633442));
#8456=CARTESIAN_POINT('Ctrl Pts',(14.2558054465344,124.198148283255,41.8235030568916));
#8457=CARTESIAN_POINT('Ctrl Pts',(13.9866643640133,123.971681686062,41.4635231606748));
#8458=CARTESIAN_POINT('Ctrl Pts',(13.7166562910792,123.746126871703,41.1043895814327));
#8459=CARTESIAN_POINT('Ctrl Pts',(13.5813891990232,123.633636933446,40.9250867130087));
#8460=CARTESIAN_POINT('Ctrl Pts',(13.4932708846759,123.560689598112,40.8084898738242));
#8461=CARTESIAN_POINT('Ctrl Pts',(13.4554043634454,123.53307690521,40.7584872541275));
#8462=CARTESIAN_POINT('Ctrl Pts',(13.4166829966434,123.503298124138,40.7069907696535));
#8463=CARTESIAN_POINT('Ctrl Pts',(13.3717133798916,123.469288356826,40.6470603749958));
#8464=CARTESIAN_POINT('Ctrl Pts',(13.328090560742,123.446093511324,40.5889779045326));
#8465=CARTESIAN_POINT('Ctrl Pts',(13.237924348128,123.388885896997,40.465792506471));
#8466=CARTESIAN_POINT('Ctrl Pts',(13.0859505117938,123.289090760039,40.2509943619938));
#8467=CARTESIAN_POINT('Ctrl Pts',(12.8781774756173,123.131229382935,39.9357168871583));
#8468=CARTESIAN_POINT('Ctrl Pts',(12.6484810588143,122.923866294262,39.5499000801173));
#8469=CARTESIAN_POINT('Ctrl Pts',(12.3693975029171,122.621943262158,39.0266839223971));
#8470=CARTESIAN_POINT('Ctrl Pts',(12.0763644022043,122.199927451228,38.3615439006923));
#8471=CARTESIAN_POINT('Ctrl Pts',(11.8249597791064,121.63529826868,37.5677103277044));
#8472=CARTESIAN_POINT('Ctrl Pts',(11.6768615916354,121.006671865665,36.7731120211707));
#8473=CARTESIAN_POINT('Ctrl Pts',(11.6498831074108,120.440602982333,36.1289050760759));
#8474=CARTESIAN_POINT('Ctrl Pts',(11.6843255899175,120.028797535645,35.6956216302291));
#8475=CARTESIAN_POINT('Ctrl Pts',(11.7192537334417,119.790246938952,35.4543779760082));
#8476=CARTESIAN_POINT('Ctrl Pts',(11.7476318021685,119.639334971784,35.3057899607661));
#8477=CARTESIAN_POINT('Ctrl Pts',(11.7743346345807,119.5174304435,35.1881862320026));
#8478=CARTESIAN_POINT('Ctrl Pts',(11.8037227818172,119.394865583401,35.0715611064774));
#8479=CARTESIAN_POINT('Ctrl Pts',(11.845551910622,119.240448575942,34.9276678435132));
#8480=CARTESIAN_POINT('Ctrl Pts',(11.8941980788453,119.084709687389,34.7866095426298));
#8481=CARTESIAN_POINT('Ctrl Pts',(11.9318318618225,118.975145417578,34.6895072833237));
#8482=CARTESIAN_POINT('Ctrl Pts',(11.9515443141229,118.920247296263,34.6413863675654));
#8483=CARTESIAN_POINT('Ctrl Pts',(11.9616250358002,118.89277062391,34.6174353765044));
#8484=CARTESIAN_POINT('Ctrl Pts',(11.966720625409,118.87902701536,34.6054880530311));
#8485=CARTESIAN_POINT('Ctrl Pts',(11.9696495174849,118.871170092879,34.5986683769061));
#8486=CARTESIAN_POINT('Ctrl Pts',(11.9711173008459,118.867243955979,34.5952622713734));
#8487=CARTESIAN_POINT('Ctrl Pts',(12.0812658889691,118.573782146362,34.341178967558));
#8488=CARTESIAN_POINT('Ctrl Pts',(12.2242572396737,118.271504610978,34.1012679436684));
#8489=CARTESIAN_POINT('Ctrl Pts',(12.5119738376327,117.764826580474,33.7274551233135));
#8490=CARTESIAN_POINT('Ctrl Pts',(12.7123525478069,117.450990275392,33.5096560316337));
#8491=CARTESIAN_POINT('Ctrl Pts',(13.0175147299684,117.043122691754,33.2539360824879));
#8492=CARTESIAN_POINT('Ctrl Pts',(13.3479248511057,116.642953137063,33.0217632999285));
#8493=CARTESIAN_POINT('Ctrl Pts',(13.8063244050341,116.159843249963,32.777097076177));
#8494=CARTESIAN_POINT('Ctrl Pts',(14.2177370219224,115.796509087255,32.6324107573753));
#8495=CARTESIAN_POINT('Ctrl Pts',(14.4869360806728,115.578749133772,32.5590123946113));
#8496=CARTESIAN_POINT('Ctrl Pts',(14.6155646912242,115.475962206335,32.5269200127694));
#8497=CARTESIAN_POINT('Ctrl Pts',(14.8581504340904,115.281521321357,32.4650043047748));
#8498=CARTESIAN_POINT('Ctrl Pts',(15.165815477168,115.035185067804,32.3871010738854));
#8499=CARTESIAN_POINT('Ctrl Pts',(15.5299304816972,114.743491271493,32.2945333509472));
#8500=CARTESIAN_POINT('Ctrl Pts',(15.8340095717665,114.499957829229,32.2173786990193));
#8501=CARTESIAN_POINT('Ctrl Pts',(16.0764900808902,114.305728757666,32.1557912620133));
#8502=CARTESIAN_POINT('Ctrl Pts',(16.2584480489535,114.15998508368,32.1095903838505));
#8503=CARTESIAN_POINT('Ctrl Pts',(16.4100399647056,114.038561448556,32.0710941008866));
#8504=CARTESIAN_POINT('Ctrl Pts',(16.5161897273949,113.953536449421,32.0441383260329));
#8505=CARTESIAN_POINT('Ctrl Pts',(16.5768498671369,113.904947707747,32.0287333421938));
#8506=CARTESIAN_POINT('Ctrl Pts',(16.8498810216632,113.686251519514,31.9593980927587));
#8507=CARTESIAN_POINT('Ctrl Pts',(17.1692301789358,113.430483329913,31.8783417493607));
#8508=CARTESIAN_POINT('Ctrl Pts',(17.4893452949302,113.174072123981,31.7970483246771));
#8509=CARTESIAN_POINT('Ctrl Pts',(17.5808957444459,113.100740515669,31.7737990615664));
#8510=CARTESIAN_POINT('Ctrl Pts',(17.6419515442854,113.051834840142,31.7582936636437));
#8511=CARTESIAN_POINT('Ctrl Pts',(17.718322209962,112.990662283021,31.7388994547476));
#8512=CARTESIAN_POINT('Ctrl Pts',(17.8100422978414,112.917194719814,31.7156070180341));
#8513=CARTESIAN_POINT('Ctrl Pts',(17.9324431045877,112.819151982371,31.6845231891235));
#8514=CARTESIAN_POINT('Ctrl Pts',(18.1469443385401,112.647337758877,31.6300514206774));
#8515=CARTESIAN_POINT('Ctrl Pts',(18.4542773626328,112.401167822825,31.5520083451781));
#8516=CARTESIAN_POINT('Ctrl Pts',(18.7628649054632,112.153992626556,31.4736462013331));
#8517=CARTESIAN_POINT('Ctrl Pts',(19.0104971262964,111.955639998511,31.4107601357781));
#8518=CARTESIAN_POINT('Ctrl Pts',(19.2586577003076,111.756864013463,31.3477397167406));
#8519=CARTESIAN_POINT('Ctrl Pts',(19.569880980512,111.507576557113,31.268706895954));
#8520=CARTESIAN_POINT('Ctrl Pts',(19.8824263944261,111.257229598189,31.1893377191712));
#8521=CARTESIAN_POINT('Ctrl Pts',(20.133221483356,111.056342903149,31.1256477631072));
#8522=CARTESIAN_POINT('Ctrl Pts',(20.5101718124259,110.754405880066,31.0299203694872));
#8523=CARTESIAN_POINT('Ctrl Pts',(21.0784692001521,110.299206077084,30.8856090649529));
#8524=CARTESIAN_POINT('Ctrl Pts',(21.8412402002358,109.688229529613,30.691906211279));
#8525=CARTESIAN_POINT('Ctrl Pts',(22.6079749712201,109.074078455162,30.4971978722073));
#8526=CARTESIAN_POINT('Ctrl Pts',(23.3772859247043,108.45786192971,30.3018329685945));
#8527=CARTESIAN_POINT('Ctrl Pts',(24.1477068632892,107.840755600468,30.1061856260882));
#8528=CARTESIAN_POINT('Ctrl Pts',(24.9177444196963,107.223955253894,29.9106345043892));
#8529=CARTESIAN_POINT('Ctrl Pts',(25.685935564763,106.608633085996,29.7155515886693));
#8530=CARTESIAN_POINT('Ctrl Pts',(26.4510650039639,105.995762526068,29.5212454671527));
#8531=CARTESIAN_POINT('Ctrl Pts',(27.2119535109182,105.386288249563,29.3280157643018));
#8532=CARTESIAN_POINT('Ctrl Pts',(27.9682524451165,104.780489556265,29.135951066433));
#8533=CARTESIAN_POINT('Ctrl Pts',(28.7189791966781,104.179153583134,28.945300993032));
#8534=CARTESIAN_POINT('Ctrl Pts',(29.4663261688195,103.580524238954,28.7555088177213));
#8535=CARTESIAN_POINT('Ctrl Pts',(30.2145181026674,102.981217507695,28.5655016860384));
#8536=CARTESIAN_POINT('Ctrl Pts',(30.9623552755546,102.382194403074,28.3755843169218));
#8537=CARTESIAN_POINT('Ctrl Pts',(31.7103467937831,101.783047151081,28.1856274552977));
#8538=CARTESIAN_POINT('Ctrl Pts',(32.4582667167106,101.183956752006,27.9956885112083));
#8539=CARTESIAN_POINT('Ctrl Pts',(33.2062162493678,100.584842157282,27.8057418096939));
#8540=CARTESIAN_POINT('Ctrl Pts',(33.9541504732671,99.985739361763,27.615798781172));
#8541=CARTESIAN_POINT('Ctrl Pts',(34.7020896974539,99.3866321104156,27.4258542879458));
#8542=CARTESIAN_POINT('Ctrl Pts',(35.4500250631234,98.7875275099647,27.2359105969552));
#8543=CARTESIAN_POINT('Ctrl Pts',(36.1979607108314,98.188422252921,27.0459666715054));
#8544=CARTESIAN_POINT('Ctrl Pts',(36.9458949499069,97.5893177012319,26.8560229537365));
#8545=CARTESIAN_POINT('Ctrl Pts',(37.6938286727127,96.9902131465903,26.6660792280423));
#8546=CARTESIAN_POINT('Ctrl Pts',(38.4417615992248,96.3911088187175,26.4761355750222));
#8547=CARTESIAN_POINT('Ctrl Pts',(39.1896939569494,95.7920045398802,26.2861919450614));
#8548=CARTESIAN_POINT('Ctrl Pts',(39.9376257327437,95.1929003243106,26.0962483485142));
#8549=CARTESIAN_POINT('Ctrl Pts',(40.6855570088806,94.5937961091226,25.9063047705129));
#8550=CARTESIAN_POINT('Ctrl Pts',(41.4334878145696,93.994691873337,25.7163612088077));
#8551=CARTESIAN_POINT('Ctrl Pts',(42.1814181936852,93.3955875837102,25.5264176566829));
#8552=CARTESIAN_POINT('Ctrl Pts',(42.9293481757332,92.7964832180594,25.3364741104299));
#8553=CARTESIAN_POINT('Ctrl Pts',(43.6772777898732,92.1973787540905,25.146530565872));
#8554=CARTESIAN_POINT('Ctrl Pts',(44.4252070595669,91.5982741737362,24.9565870197993));
#8555=CARTESIAN_POINT('Ctrl Pts',(45.1731360057573,90.9991694606543,24.7666434692251));
#8556=CARTESIAN_POINT('Ctrl Pts',(45.9210646461309,90.4000646008576,24.5766999116301));
#8557=CARTESIAN_POINT('Ctrl Pts',(46.6689929960377,89.8009595820103,24.3867563447765));
#8558=CARTESIAN_POINT('Ctrl Pts',(47.4169210685905,89.2018543933775,24.1968127667254));
#8559=CARTESIAN_POINT('Ctrl Pts',(48.1648488750625,88.6027490255322,24.006869175772));
#8560=CARTESIAN_POINT('Ctrl Pts',(48.9127764250916,88.0036434702132,23.8169255704248));
#8561=CARTESIAN_POINT('Ctrl Pts',(49.6607037269198,87.4045377201524,23.6269819493727));
#8562=CARTESIAN_POINT('Ctrl Pts',(50.4086307875719,86.8054317689483,23.4370383114632));
#8563=CARTESIAN_POINT('Ctrl Pts',(51.156557613023,86.206325610946,23.2470946556799));
#8564=CARTESIAN_POINT('Ctrl Pts',(51.9044842083375,85.6072192411383,23.0571509811258));
#8565=CARTESIAN_POINT('Ctrl Pts',(52.652410577792,85.0081126550786,22.8672072870069));
#8566=CARTESIAN_POINT('Ctrl Pts',(53.4003367249802,84.4090058488063,22.6772635726199));
#8567=CARTESIAN_POINT('Ctrl Pts',(54.1482626529042,83.8098988187818,22.48731983734));
#8568=CARTESIAN_POINT('Ctrl Pts',(54.8961883640533,83.2107915618315,22.2973760806122));
#8569=CARTESIAN_POINT('Ctrl Pts',(55.6441138604722,82.6116840750999,22.1074323019422));
#8570=CARTESIAN_POINT('Ctrl Pts',(56.3920391438192,82.0125763560082,21.9174885008907));
#8571=CARTESIAN_POINT('Ctrl Pts',(57.1399642154178,81.41346840222,21.7275446770668));
#8572=CARTESIAN_POINT('Ctrl Pts',(57.8878890762998,80.8143602116107,21.537600830124));
#8573=CARTESIAN_POINT('Ctrl Pts',(58.6358137272432,80.2152517822426,21.3476569597563));
#8574=CARTESIAN_POINT('Ctrl Pts',(59.3837381688047,79.6161431123438,21.1577130656957));
#8575=CARTESIAN_POINT('Ctrl Pts',(60.131662401348,79.0170342002894,20.96776914771));
#8576=CARTESIAN_POINT('Ctrl Pts',(60.8795864250658,78.4179250445893,20.7778252056023));
#8577=CARTESIAN_POINT('Ctrl Pts',(61.6275102400057,77.8188156438719,20.587881239209));
#8578=CARTESIAN_POINT('Ctrl Pts',(62.3754338460856,77.2197059968766,20.3979372484011));
#8579=CARTESIAN_POINT('Ctrl Pts',(63.1233572430993,76.6205961024545,20.2079932330872));
#8580=CARTESIAN_POINT('Ctrl Pts',(63.8712804307385,76.0214859595571,20.0180491932133));
#8581=CARTESIAN_POINT('Ctrl Pts',(64.6192034085988,75.4223755672369,19.8281051287665));
#8582=CARTESIAN_POINT('Ctrl Pts',(65.3671261761903,74.8232649246467,19.6381610397781));
#8583=CARTESIAN_POINT('Ctrl Pts',(66.1150487329427,74.2241540310425,19.4482169263286));
#8584=CARTESIAN_POINT('Ctrl Pts',(66.862971078211,73.6250428857882,19.2582727885532));
#8585=CARTESIAN_POINT('Ctrl Pts',(67.6108932112786,73.0259314883629,19.0683286266487));
#8586=CARTESIAN_POINT('Ctrl Pts',(68.3588151313596,72.4268198383703,18.8783844408817));
#8587=CARTESIAN_POINT('Ctrl Pts',(69.1067368375991,71.8277079355517,18.6884402315983));
#8588=CARTESIAN_POINT('Ctrl Pts',(69.8546583290728,71.2285957798008,18.4984959992357));
#8589=CARTESIAN_POINT('Ctrl Pts',(70.6025796047848,70.629483371183,18.3085517443352));
#8590=CARTESIAN_POINT('Ctrl Pts',(71.3505006636641,70.0303707099573,18.118607467558));
#8591=CARTESIAN_POINT('Ctrl Pts',(72.0984215045595,69.4312577966033,17.9286631697032));
#8592=CARTESIAN_POINT('Ctrl Pts',(72.8463421262335,68.8321446318528,17.7387188517291));
#8593=CARTESIAN_POINT('Ctrl Pts',(73.5942625273531,68.2330312167259,17.5487745147774));
#8594=CARTESIAN_POINT('Ctrl Pts',(74.3421827064805,67.6339175525748,17.3588301602017));
#8595=CARTESIAN_POINT('Ctrl Pts',(75.0901026620602,67.034803641133,17.1688857896002));
#8596=CARTESIAN_POINT('Ctrl Pts',(75.8380223924046,66.4356894845743,16.9789414048538));
#8597=CARTESIAN_POINT('Ctrl Pts',(76.5859418956763,65.8365750855799,16.7889970081702));
#8598=CARTESIAN_POINT('Ctrl Pts',(77.3338611698678,65.237460447417,16.5990526021344));
#8599=CARTESIAN_POINT('Ctrl Pts',(78.0817802127774,64.6383455740293,16.4091081897682));
#8600=CARTESIAN_POINT('Ctrl Pts',(78.8296990219817,64.0392304701423,16.2191637745975));
#8601=CARTESIAN_POINT('Ctrl Pts',(79.5776175948023,63.4401151413853,16.0292193607321));
#8602=CARTESIAN_POINT('Ctrl Pts',(80.3255359282695,62.8409995944313,15.8392749529554));
#8603=CARTESIAN_POINT('Ctrl Pts',(81.0734540190752,62.241883837162,15.6493305568314));
#8604=CARTESIAN_POINT('Ctrl Pts',(81.8213718635297,61.642767878851,15.4593861788238));
#8605=CARTESIAN_POINT('Ctrl Pts',(82.5692894574984,61.0436517303844,15.2694418264384));
#8606=CARTESIAN_POINT('Ctrl Pts',(83.3172067963264,60.4445354045191,15.0794975083872));
#8607=CARTESIAN_POINT('Ctrl Pts',(84.0651238747684,59.8454189161671,14.8895532347744));
#8608=CARTESIAN_POINT('Ctrl Pts',(84.8130406868943,59.2463022827347,14.6996090173147));
#8609=CARTESIAN_POINT('Ctrl Pts',(85.5609572259851,58.6471855245109,14.5096648695843));
#8610=CARTESIAN_POINT('Ctrl Pts',(86.3088734844101,58.0480686651181,14.3197208073113));
#8611=CARTESIAN_POINT('Ctrl Pts',(87.0567894534864,57.4489517320325,14.1297768487116));
#8612=CARTESIAN_POINT('Ctrl Pts',(87.8047051233155,56.8498347571852,13.9398330148772));
#8613=CARTESIAN_POINT('Ctrl Pts',(88.5526204825946,56.2507177776585,13.7498893302251));
#8614=CARTESIAN_POINT('Ctrl Pts',(89.3005355183997,55.6516008364883,13.5599458230152));
#8615=CARTESIAN_POINT('Ctrl Pts',(90.0484502159303,55.0524839835969,13.370002525952));
#8616=CARTESIAN_POINT('Ctrl Pts',(90.7963645582261,54.4533672768596,13.1800594768731));
#8617=CARTESIAN_POINT('Ctrl Pts',(91.5442785258118,53.8542507833635,12.9901167195607));
#8618=CARTESIAN_POINT('Ctrl Pts',(92.2921920963491,53.2551345808053,12.8001743046453));
#8619=CARTESIAN_POINT('Ctrl Pts',(93.0401052440939,52.6560187592348,12.6102322907263));
#8620=CARTESIAN_POINT('Ctrl Pts',(93.788017939584,52.056903422785,12.4202907454983));
#8621=CARTESIAN_POINT('Ctrl Pts',(94.5359301485719,51.4577886923109,12.2303497474301));
#8622=CARTESIAN_POINT('Ctrl Pts',(95.2838418323731,50.858674707008,12.040409386863));
#8623=CARTESIAN_POINT('Ctrl Pts',(96.031752944725,50.2595616294908,11.8504697691661));
#8624=CARTESIAN_POINT('Ctrl Pts',(96.7796634360929,49.6604496444811,11.6605310141609));
#8625=CARTESIAN_POINT('Ctrl Pts',(97.5275732408753,49.061338973371,11.4705932649116));
#8626=CARTESIAN_POINT('Ctrl Pts',(98.2754823024036,48.4622298550588,11.2806566767162));
#8627=CARTESIAN_POINT('Ctrl Pts',(99.0233905127592,47.8631226043904,11.0907214517772));
#8628=CARTESIAN_POINT('Ctrl Pts',(99.7712978426414,47.264017499277,10.9007877731668));
#8629=CARTESIAN_POINT('Ctrl Pts',(100.519204044985,46.6649150541787,10.7108559660612));
#8630=CARTESIAN_POINT('Ctrl Pts',(101.267109312002,46.0658154318174,10.5209261522459));
#8631=CARTESIAN_POINT('Ctrl Pts',(102.015012796661,45.4667197879866,10.3309990415169));
#8632=CARTESIAN_POINT('Ctrl Pts',(102.762915914142,44.8676272928146,10.1410741805535));
#8633=CARTESIAN_POINT('Ctrl Pts',(103.510814940371,44.2685418367313,9.951153897315));
#8634=CARTESIAN_POINT('Ctrl Pts',(104.258717571046,43.6694570597729,9.76123449784186));
#8635=CARTESIAN_POINT('Ctrl Pts',(105.006605835338,43.0703899179714,9.5713260070872));
#8636=CARTESIAN_POINT('Ctrl Pts',(105.754519110308,42.4713055911376,9.38140800946623));
#8637=CARTESIAN_POINT('Ctrl Pts',(106.502368248282,41.8722856673692,9.19152855698225));
#8638=CARTESIAN_POINT('Ctrl Pts',(107.250351678248,41.2731516948636,9.0015827833288));
#8639=CARTESIAN_POINT('Ctrl Pts',(107.998024187901,40.6743077698194,8.81180852184847));
#8640=CARTESIAN_POINT('Ctrl Pts',(108.746371968217,40.0748619146433,8.62167890682364));
#8641=CARTESIAN_POINT('Ctrl Pts',(109.493413509347,39.4766380106903,8.43232769131539));
#8642=CARTESIAN_POINT('Ctrl Pts',(109.994093995909,39.0754112626948,8.30464559201806));
#8643=CARTESIAN_POINT('Ctrl Pts',(110.275602065124,38.8503856114388,8.23428608374499));
#8644=CARTESIAN_POINT('Ctrl Pts',(110.304130161609,38.828709489108,8.22947692349263));
#8645=CARTESIAN_POINT('Ctrl Pts',(110.509128708527,38.671423628584,8.18891369047633));
#8646=CARTESIAN_POINT('Ctrl Pts',(110.860380078212,38.4194072249596,8.13866341417164));
#8647=CARTESIAN_POINT('Ctrl Pts',(111.232153901256,38.1848346096483,8.11950890574136));
#8648=CARTESIAN_POINT('Ctrl Pts',(111.724831218396,37.8940248718072,8.11584725365663));
#8649=CARTESIAN_POINT('Ctrl Pts',(112.339352507231,37.5737297661754,8.15772795279542));
#8650=CARTESIAN_POINT('Ctrl Pts',(113.282246637894,37.191353801373,8.33504006923558));
#8651=CARTESIAN_POINT('Ctrl Pts',(114.237066963611,36.907344701266,8.62549745688538));
#8652=CARTESIAN_POINT('Ctrl Pts',(115.17993537405,36.7247102105658,9.01922623003423));
#8653=CARTESIAN_POINT('Ctrl Pts',(115.854441079848,36.6635204547831,9.37836016194009));
#8654=CARTESIAN_POINT('Ctrl Pts',(116.291266075668,36.6518151296633,9.642729869719));
#8655=CARTESIAN_POINT('Ctrl Pts',(116.578749582554,36.6518374487507,9.82556058637482));
#8656=CARTESIAN_POINT('Ctrl Pts',(116.860085640757,36.6635731824399,10.0177447545566));
#8657=CARTESIAN_POINT('Ctrl Pts',(117.133755452194,36.6865748041264,10.2181570473157));
#8658=CARTESIAN_POINT('Ctrl Pts',(117.334969043732,36.7094077629337,10.3723316427773));
#8659=CARTESIAN_POINT('Ctrl Pts',(117.482652160437,36.7306408572727,10.4906559100419));
#8660=CARTESIAN_POINT('Ctrl Pts',(117.579629687011,36.7464509431454,10.5705495706935));
#8661=CARTESIAN_POINT('Ctrl Pts',(117.643891155027,36.7574329648757,10.6240788862963));
#8662=CARTESIAN_POINT('Ctrl Pts',(117.72349653604,36.7719914921023,10.6914865745963));
#8663=CARTESIAN_POINT('Ctrl Pts',(117.817804452552,36.7907622648664,10.7731196514262));
#8664=CARTESIAN_POINT('Ctrl Pts',(117.941893808597,36.8175037653605,10.8829099022362));
#8665=CARTESIAN_POINT('Ctrl Pts',(118.093893736541,36.8541183824817,11.0218428895585));
#8666=CARTESIAN_POINT('Ctrl Pts',(118.241493158269,36.8948306631719,11.1627694486068));
#8667=CARTESIAN_POINT('Ctrl Pts',(118.342345205573,36.9253863949698,11.2622946328607));
#8668=CARTESIAN_POINT('Ctrl Pts',(118.386879752565,36.939500905494,11.3069754621337));
#8669=CARTESIAN_POINT('Ctrl Pts',(118.404613885011,36.9452157507925,11.3248808475918));
#8670=CARTESIAN_POINT('Ctrl Pts',(118.411700660922,36.9475078763719,11.3320460881367));
#8671=CARTESIAN_POINT('Ctrl Pts',(118.420547202237,36.9503849222298,11.3410086130899));
#8672=CARTESIAN_POINT('Ctrl Pts',(118.429376954119,36.9532775470534,11.3499788304857));
#8673=CARTESIAN_POINT('Ctrl Pts',(118.435548803105,36.9553105083067,11.3562619361314));
#8674=CARTESIAN_POINT('Ctrl Pts',(118.438632413558,36.9563290034286,11.3594044599607));
#8675=CARTESIAN_POINT('Ctrl Pts',(118.440173720553,36.9568387716342,11.3609759816188));
#8676=CARTESIAN_POINT('Ctrl Pts',(118.440944141459,36.9570937629422,11.3617617836873));
#8677=CARTESIAN_POINT('Ctrl Pts',(118.441384480606,36.9572395378987,11.3622108613805));
#8678=CARTESIAN_POINT('Ctrl Pts',(118.441604392737,36.9573123857007,11.3624353526014));
#8679=CARTESIAN_POINT('Ctrl Pts',(118.630809773716,37.0199066147929,11.5549912651838));
#8680=CARTESIAN_POINT('Ctrl Pts',(119.022216228952,37.1651108417922,11.953812783754));
#8681=CARTESIAN_POINT('Ctrl Pts',(119.546041834551,37.4282494318013,12.5751669323744));
#8682=CARTESIAN_POINT('Ctrl Pts',(119.947612265817,37.6850866429969,13.1117565465588));
#8683=CARTESIAN_POINT('Ctrl Pts',(120.171843354567,37.8572587042991,13.4457280413503));
#8684=CARTESIAN_POINT('Ctrl Pts',(120.251644585508,37.9223253380973,13.5689455101638));
#8685=CARTESIAN_POINT('Ctrl Pts',(120.269284906548,37.9368264428708,13.59633498726));
#8686=CARTESIAN_POINT('Ctrl Pts',(120.299998346692,37.9623352935671,13.64431014304));
#8687=CARTESIAN_POINT('Ctrl Pts',(120.334722008336,37.9917852389812,13.6992322598731));
#8688=CARTESIAN_POINT('Ctrl Pts',(120.364713861691,38.0177891299838,13.747344883379));
#8689=CARTESIAN_POINT('Ctrl Pts',(120.381749358831,38.0327204105912,13.7748611862325));
#8690=CARTESIAN_POINT('Ctrl Pts',(120.392355478351,38.0420826575378,13.7920684658849));
#8691=CARTESIAN_POINT('Ctrl Pts',(120.400813519968,38.0495898323093,13.805839392964));
#8692=CARTESIAN_POINT('Ctrl Pts',(120.407144744583,38.0552292548887,13.8161704563919));
#8693=CARTESIAN_POINT('Ctrl Pts',(120.413463402502,38.0608776241495,13.826504302333));
#8694=CARTESIAN_POINT('Ctrl Pts',(120.419769664542,38.0665349809881,13.8368409565628));
#8695=CARTESIAN_POINT('Ctrl Pts',(120.426063268496,38.0722012158349,13.8471803048213));
#8696=CARTESIAN_POINT('Ctrl Pts',(120.431297815498,38.0769306192933,13.8557988072153));
#8697=CARTESIAN_POINT('Ctrl Pts',(120.435478583884,38.0807183638866,13.8626947304719));
#8698=CARTESIAN_POINT('Ctrl Pts',(120.438611036021,38.0835613931485,13.8678673425024));
#8699=CARTESIAN_POINT('Ctrl Pts',(120.441218908282,38.0859324794244,13.8721784519435));
#8700=CARTESIAN_POINT('Ctrl Pts',(120.443042838795,38.0875931212772,13.8751964326135));
#8701=CARTESIAN_POINT('Ctrl Pts',(120.443954537124,38.0884237227059,13.8767055311003));
#8702=CARTESIAN_POINT('Ctrl Pts',(120.444410165445,38.0888390199729,13.8774600375695));
#8703=CARTESIAN_POINT('Ctrl Pts',(120.444638128443,38.0890467653067,13.8778373726437));
#8704=CARTESIAN_POINT('Ctrl Pts',(120.444751873017,38.0891505310395,13.8780259362941));
#8705=CARTESIAN_POINT('Ctrl Pts',(120.444817223017,38.0892099964482,13.8781338481442));
#8706=CARTESIAN_POINT('Ctrl Pts',(120.444849275534,38.089239432037,13.8781875220461));
#8707=CARTESIAN_POINT('Ctrl Pts',(120.500917238528,38.1391373311019,13.9676577150377));
#8708=CARTESIAN_POINT('Ctrl Pts',(120.595047157293,38.20707073735,14.0743550632338));
#8709=CARTESIAN_POINT('Ctrl Pts',(120.815066464745,38.3778357836674,14.3590784440973));
#8710=CARTESIAN_POINT('Ctrl Pts',(120.959323965181,38.4895643153694,14.5454626427165));
#8711=CARTESIAN_POINT('Ctrl Pts',(121.102743766589,38.6008527039926,14.7314809210164));
#8712=CARTESIAN_POINT('Ctrl Pts',(122.151512962342,38.4564242211696,13.997818093321));
#8713=CARTESIAN_POINT('Ctrl Pts',(122.387505704863,38.6394003822643,14.3014890854816));
#8714=CARTESIAN_POINT('Ctrl Pts',(122.860024578958,39.0050196791229,14.9088095626438));
#8715=CARTESIAN_POINT('Ctrl Pts',(123.570673884147,39.552220022912,15.81963996009));
#8716=CARTESIAN_POINT('Ctrl Pts',(124.283324269277,40.0980070269097,16.7302029207388));
#8717=CARTESIAN_POINT('Ctrl Pts',(124.998010676855,40.6422249681028,17.6403633154753));
#8718=CARTESIAN_POINT('Ctrl Pts',(125.714927524128,41.1846641910308,18.5500069750622));
#8719=CARTESIAN_POINT('Ctrl Pts',(126.434262317632,41.7251137361773,19.4590230085405));
#8720=CARTESIAN_POINT('Ctrl Pts',(127.156233411716,42.2634566337974,20.3673888078779));
#8721=CARTESIAN_POINT('Ctrl Pts',(127.639415274061,42.6208102025432,20.9724736732455));
#8722=CARTESIAN_POINT('Ctrl Pts',(128.025102158728,42.9046064631096,21.4539899104179));
#8723=CARTESIAN_POINT('Ctrl Pts',(128.322159897906,43.1160298375828,21.8158220092841));
#8724=CARTESIAN_POINT('Ctrl Pts',(128.91910387226,43.5317413984579,22.5355662200881));
#8725=CARTESIAN_POINT('Ctrl Pts',(129.37707785018,43.8362525457481,23.0734932519026));
#8726=CARTESIAN_POINT('Ctrl Pts',(129.713493870042,44.0539521376802,23.4634303438379));
#8727=CARTESIAN_POINT('Ctrl Pts',(129.807754126167,44.1223168848433,23.5834164766205));
#8728=CARTESIAN_POINT('Ctrl Pts',(129.904928971069,44.1923758739232,23.7055238739443));
#8729=CARTESIAN_POINT('Ctrl Pts',(130.030860558773,44.2870367945396,23.8684446078125));
#8730=CARTESIAN_POINT('Ctrl Pts',(130.127926743891,44.3697331531241,24.0071308707516));
#8731=CARTESIAN_POINT('Ctrl Pts',(130.321075236935,44.5412576338637,24.2882512342395));
#8732=CARTESIAN_POINT('Ctrl Pts',(130.633923696134,44.8536083719612,24.7798533903774));
#8733=CARTESIAN_POINT('Ctrl Pts',(131.015525849384,45.3313268903785,25.4778883699845));
#8734=CARTESIAN_POINT('Ctrl Pts',(131.361024360235,45.9597289546868,26.3103587110991));
#8735=CARTESIAN_POINT('Ctrl Pts',(131.573969256333,46.6284806229623,27.1109160198084));
#8736=CARTESIAN_POINT('Ctrl Pts',(131.642456311917,47.3195815287443,27.8542763154295));
#8737=CARTESIAN_POINT('Ctrl Pts',(131.556527686324,48.0264771021725,28.526748915963));
#8738=CARTESIAN_POINT('Ctrl Pts',(131.319772533026,48.7071147703104,29.0849321085892));
#8739=CARTESIAN_POINT('Ctrl Pts',(131.065060152868,49.1494585357394,29.38672260839));
#8740=CARTESIAN_POINT('Ctrl Pts',(130.895962568411,49.3924763686566,29.534391553743));
#8741=CARTESIAN_POINT('Ctrl Pts',(130.845792404789,49.4657869328907,29.5787176154643));
#8742=CARTESIAN_POINT('Ctrl Pts',(130.70260426692,49.6697349469748,29.7005702052701));
#8743=CARTESIAN_POINT('Ctrl Pts',(130.525341131342,49.9112270068182,29.8407871822336));
#8744=CARTESIAN_POINT('Ctrl Pts',(130.368298979511,50.1133552454758,29.9537876682435));
#8745=CARTESIAN_POINT('Ctrl Pts',(130.241127720288,50.2742911252752,30.0426491872126));
#8746=CARTESIAN_POINT('Ctrl Pts',(130.096523265827,50.4515198661431,30.1381830230437));
#8747=CARTESIAN_POINT('Ctrl Pts',(129.790029094403,50.8062347366692,30.320241487024));
#8748=CARTESIAN_POINT('Ctrl Pts',(129.382840351881,51.2391723878853,30.5248604530961));
#8749=CARTESIAN_POINT('Ctrl Pts',(128.853753004498,51.7443352278827,30.7348910674565));
#8750=CARTESIAN_POINT('Ctrl Pts',(128.478184141081,52.067004356182,30.8490025150526));
#8751=CARTESIAN_POINT('Ctrl Pts',(128.256917636521,52.2473881398691,30.9068073426277));
#8752=CARTESIAN_POINT('Ctrl Pts',(128.189920496309,52.3008973159387,30.9237988760887));
#8753=CARTESIAN_POINT('Ctrl Pts',(128.06263163703,52.403074084136,30.9563181921944));
#8754=CARTESIAN_POINT('Ctrl Pts',(127.83671340504,52.5841497267975,31.0139088701466));
#8755=CARTESIAN_POINT('Ctrl Pts',(127.387940254064,52.9440446423956,31.1283996608194));
#8756=CARTESIAN_POINT('Ctrl Pts',(126.749596971628,53.4558233831479,31.2911826126468));
#8757=CARTESIAN_POINT('Ctrl Pts',(125.983531417438,54.0700814326616,31.4865724663536));
#8758=CARTESIAN_POINT('Ctrl Pts',(125.217443842386,54.6843194153509,31.6819474640347));
#8759=CARTESIAN_POINT('Ctrl Pts',(124.451393217737,55.2985414735585,31.8773172625019));
#8760=CARTESIAN_POINT('Ctrl Pts',(123.685346190777,55.9127508999654,32.0726790188042));
#8761=CARTESIAN_POINT('Ctrl Pts',(122.919314392012,56.526948407334,32.2680345534131));
#8762=CARTESIAN_POINT('Ctrl Pts',(122.153289704011,57.1411356516522,32.4633835616383));
#8763=CARTESIAN_POINT('Ctrl Pts',(121.387273241551,57.7553135945398,32.6587266219449));
#8764=CARTESIAN_POINT('Ctrl Pts',(120.621262345756,58.3694832760059,32.8540638624773));
#8765=CARTESIAN_POINT('Ctrl Pts',(119.855256345077,58.9836455012668,33.0493955643669));
#8766=CARTESIAN_POINT('Ctrl Pts',(119.089253940557,59.5978010080337,33.244721898819));
#8767=CARTESIAN_POINT('Ctrl Pts',(118.323254337869,60.2119504155163,33.4400430502438));
#8768=CARTESIAN_POINT('Ctrl Pts',(117.557256710609,60.8260942677591,33.6353591662006));
#8769=CARTESIAN_POINT('Ctrl Pts',(116.791260413323,61.4402330319421,33.8306703839974));
#8770=CARTESIAN_POINT('Ctrl Pts',(116.025264863341,62.0543671143626,34.0259768224663));
#8771=CARTESIAN_POINT('Ctrl Pts',(115.259269573722,62.6684968664155,34.2212785887878));
#8772=CARTESIAN_POINT('Ctrl Pts',(114.493274121429,63.2826225932382,34.4165757781615));
#8773=CARTESIAN_POINT('Ctrl Pts',(113.72727814682,63.8967445595864,34.6118684762912));
#8774=CARTESIAN_POINT('Ctrl Pts',(112.961281341132,64.5108629956443,34.807156760304));
#8775=CARTESIAN_POINT('Ctrl Pts',(112.19528344121,65.1249781015999,35.002440700056));
#8776=CARTESIAN_POINT('Ctrl Pts',(111.429284222012,65.7390900521727,35.1977203591538));
#8777=CARTESIAN_POINT('Ctrl Pts',(110.663283492303,66.3531989995863,35.3929957956685));
#8778=CARTESIAN_POINT('Ctrl Pts',(109.897281089545,66.9673050768975,35.5882670629364));
#8779=CARTESIAN_POINT('Ctrl Pts',(109.131276876003,67.5814084006115,35.7835342101959));
#8780=CARTESIAN_POINT('Ctrl Pts',(108.365270735275,68.195509072961,35.9787972831314));
#8781=CARTESIAN_POINT('Ctrl Pts',(107.599262569347,68.809607183861,36.1740563243448));
#8782=CARTESIAN_POINT('Ctrl Pts',(106.833252296034,69.4237028125983,36.3693113737617));
#8783=CARTESIAN_POINT('Ctrl Pts',(106.067239846788,70.0377960292863,36.5645624689806));
#8784=CARTESIAN_POINT('Ctrl Pts',(105.301225164798,70.6518868961192,36.7598096455758));
#8785=CARTESIAN_POINT('Ctrl Pts',(104.535208203355,71.2659754684537,36.9550529373566));
#8786=CARTESIAN_POINT('Ctrl Pts',(103.769188924449,71.880061795741,37.1502923765925));
#8787=CARTESIAN_POINT('Ctrl Pts',(103.003167297549,72.4941459223306,37.3455279942066));
#8788=CARTESIAN_POINT('Ctrl Pts',(102.23714329856,73.108227888163,37.5407598199422));
#8789=CARTESIAN_POINT('Ctrl Pts',(101.471116908923,73.7223077293671,37.7359878825073));
#8790=CARTESIAN_POINT('Ctrl Pts',(100.705088114832,74.3363854787748,37.9312122096986));
#8791=CARTESIAN_POINT('Ctrl Pts',(99.939056906569,74.9504611663653,38.1264328285085));
#8792=CARTESIAN_POINT('Ctrl Pts',(99.1730232779241,75.5645348196475,38.3216497652181));
#8793=CARTESIAN_POINT('Ctrl Pts',(98.4069872256991,76.1786064639901,38.5168630454763));
#8794=CARTESIAN_POINT('Ctrl Pts',(97.6409487492776,76.7926761229058,38.7120726943693));
#8795=CARTESIAN_POINT('Ctrl Pts',(96.8749078502563,77.406743818297,38.9072787364799));
#8796=CARTESIAN_POINT('Ctrl Pts',(96.1088645321256,78.0208095706668,39.1024811959388));
#8797=CARTESIAN_POINT('Ctrl Pts',(95.3428187999957,78.6348733993018,39.2976800964688));
#8798=CARTESIAN_POINT('Ctrl Pts',(94.57677066036,79.2489353224286,39.4928754614236));
#8799=CARTESIAN_POINT('Ctrl Pts',(93.8107201208914,79.86299535735,39.6880673138204));
#8800=CARTESIAN_POINT('Ctrl Pts',(93.0446671902666,80.4770535205614,39.8832556763688));
#8801=CARTESIAN_POINT('Ctrl Pts',(92.2786118780153,81.0911098278519,40.0784405714957));
#8802=CARTESIAN_POINT('Ctrl Pts',(91.5125541943895,81.7051642943907,40.2736220213664));
#8803=CARTESIAN_POINT('Ctrl Pts',(90.7464941502522,82.3192169348026,40.4688000479036));
#8804=CARTESIAN_POINT('Ctrl Pts',(89.9804317569801,82.9332677632318,40.6639746728031));
#8805=CARTESIAN_POINT('Ctrl Pts',(89.2143670263813,83.5473167933981,40.8591459175477));
#8806=CARTESIAN_POINT('Ctrl Pts',(88.4482999706238,84.1613640386444,41.0543138034197));
#8807=CARTESIAN_POINT('Ctrl Pts',(87.6822306021737,84.7754095119783,41.249478351511));
#8808=CARTESIAN_POINT('Ctrl Pts',(86.9161589337436,85.3894532261074,41.4446395827325));
#8809=CARTESIAN_POINT('Ctrl Pts',(86.1500849782465,86.0034951934698,41.6397975178217));
#8810=CARTESIAN_POINT('Ctrl Pts',(85.384008748758,86.6175354262602,41.8349521773498));
#8811=CARTESIAN_POINT('Ctrl Pts',(84.6179302584823,87.2315739364529,42.0301035817276));
#8812=CARTESIAN_POINT('Ctrl Pts',(83.8518495207258,87.8456107358197,42.2252517512108));
#8813=CARTESIAN_POINT('Ctrl Pts',(83.0857665488702,88.4596458359489,42.4203967059046));
#8814=CARTESIAN_POINT('Ctrl Pts',(82.3196813563586,89.0736792482539,42.6155384657666));
#8815=CARTESIAN_POINT('Ctrl Pts',(81.5535939566652,89.6877109839955,42.8106770506132));
#8816=CARTESIAN_POINT('Ctrl Pts',(80.7875043633114,90.3017410542683,43.0058124801154));
#8817=CARTESIAN_POINT('Ctrl Pts',(80.0214125897869,90.9157694700617,43.2009447738181));
#8818=CARTESIAN_POINT('Ctrl Pts',(79.2553186497026,91.5297962421373,43.3960739511009));
#8819=CARTESIAN_POINT('Ctrl Pts',(78.4892225561194,92.1438213815655,43.5912000313497));
#8820=CARTESIAN_POINT('Ctrl Pts',(77.7231243225742,92.7578448989032,43.7863230336947));
#8821=CARTESIAN_POINT('Ctrl Pts',(76.9570239625515,93.3718668046169,43.9814429771463));
#8822=CARTESIAN_POINT('Ctrl Pts',(76.1909214895402,93.9858871090364,44.1765598805803));
#8823=CARTESIAN_POINT('Ctrl Pts',(75.4248169170113,94.599905822373,44.3716737627446));
#8824=CARTESIAN_POINT('Ctrl Pts',(74.6587102584298,95.2139229547104,44.5667846422573));
#8825=CARTESIAN_POINT('Ctrl Pts',(73.8926015272532,95.8279385160052,44.7618925376074));
#8826=CARTESIAN_POINT('Ctrl Pts',(73.1264907369391,96.4419525160814,44.9569974671544));
#8827=CARTESIAN_POINT('Ctrl Pts',(72.3603779009509,97.0559649646254,45.152099449128));
#8828=CARTESIAN_POINT('Ctrl Pts',(71.5942630327676,97.6699758711794,45.3471985016271));
#8829=CARTESIAN_POINT('Ctrl Pts',(70.8281461458949,98.2839852451317,45.5422946426181));
#8830=CARTESIAN_POINT('Ctrl Pts',(70.0620272538785,98.8979930957069,45.7373878899343));
#8831=CARTESIAN_POINT('Ctrl Pts',(69.2959063703206,99.5119994319522,45.9324782612726));
#8832=CARTESIAN_POINT('Ctrl Pts',(68.5297835088997,100.126004262723,46.1275657741916));
#8833=CARTESIAN_POINT('Ctrl Pts',(67.7636586833928,100.740007596663,46.322650446108));
#8834=CARTESIAN_POINT('Ctrl Pts',(66.9975319077028,101.354009442185,46.5177322942927));
#8835=CARTESIAN_POINT('Ctrl Pts',(66.2314031958899,101.968009807443,46.7128113358663));
#8836=CARTESIAN_POINT('Ctrl Pts',(65.4652725622078,102.582008700307,46.9078875877928));
#8837=CARTESIAN_POINT('Ctrl Pts',(64.6991400211471,103.196006128323,47.1029610668737));
#8838=CARTESIAN_POINT('Ctrl Pts',(63.9330055874843,103.810002098677,47.2980317897396));
#8839=CARTESIAN_POINT('Ctrl Pts',(63.1668692763402,104.423996618146,47.4930997728409));
#8840=CARTESIAN_POINT('Ctrl Pts',(62.4007311032462,105.037989693047,47.688165032437));
#8841=CARTESIAN_POINT('Ctrl Pts',(61.6345910842235,105.651981329168,47.8832275845835));
#8842=CARTESIAN_POINT('Ctrl Pts',(60.8684492358707,106.265971531701,48.0782874451174));
#8843=CARTESIAN_POINT('Ctrl Pts',(60.1023055754743,106.879960305149,48.2733446296386));
#8844=CARTESIAN_POINT('Ctrl Pts',(59.3361601211189,107.493947653239,48.4683991534922));
#8845=CARTESIAN_POINT('Ctrl Pts',(58.5700128918565,108.107933578782,48.6634510317378));
#8846=CARTESIAN_POINT('Ctrl Pts',(57.8038639076252,108.721918083734,48.8585002791841));
#8847=CARTESIAN_POINT('Ctrl Pts',(57.0377131899008,109.335901168675,49.0535469102388));
#8848=CARTESIAN_POINT('Ctrl Pts',(56.2715607616308,109.949882832856,49.2485909389447));
#8849=CARTESIAN_POINT('Ctrl Pts',(55.5054066475587,110.563863073934,49.4436323789177));
#8850=CARTESIAN_POINT('Ctrl Pts',(54.7392508744923,111.177841887753,49.6386712433043));
#8851=CARTESIAN_POINT('Ctrl Pts',(53.9730934716598,111.791819268051,49.8337075447187));
#8852=CARTESIAN_POINT('Ctrl Pts',(53.206934471103,112.405795206138,50.0287412951764));
#8853=CARTESIAN_POINT('Ctrl Pts',(52.4407739081427,113.019769690518,50.2237725060135));
#8854=CARTESIAN_POINT('Ctrl Pts',(51.6746118219135,113.633742706443,50.4188011877954));
#8855=CARTESIAN_POINT('Ctrl Pts',(50.9084482559877,114.247714235409,50.6138273502088));
#8856=CARTESIAN_POINT('Ctrl Pts',(50.1422832590956,114.861684254559,50.8088510019381));
#8857=CARTESIAN_POINT('Ctrl Pts',(49.3761168859658,115.475652735998,51.0038721505199));
#8858=CARTESIAN_POINT('Ctrl Pts',(48.6099491982913,116.089619645995,51.1988908021772));
#8859=CARTESIAN_POINT('Ctrl Pts',(47.8437802658675,116.703584944053,51.393906961621));
#8860=CARTESIAN_POINT('Ctrl Pts',(47.0776101678757,117.317548581857,51.5889206318331));
#8861=CARTESIAN_POINT('Ctrl Pts',(46.3114389944527,117.931510501975,51.7839318137845));
#8862=CARTESIAN_POINT('Ctrl Pts',(45.5452668483313,118.545470636532,51.9789405061751));
#8863=CARTESIAN_POINT('Ctrl Pts',(44.7790938471469,119.15942890527,52.1739467049831));
#8864=CARTESIAN_POINT('Ctrl Pts',(44.0129201252092,119.773385214202,52.3689504032735));
#8865=CARTESIAN_POINT('Ctrl Pts',(43.2467458375835,120.387339452006,52.5639515902361));
#8866=CARTESIAN_POINT('Ctrl Pts',(42.4805711602865,121.001291490444,52.758950251723));
#8867=CARTESIAN_POINT('Ctrl Pts',(41.7143963006771,121.61524117452,52.9539463671726));
#8868=CARTESIAN_POINT('Ctrl Pts',(40.9482214867547,122.229188334202,53.1489399143221));
#8869=CARTESIAN_POINT('Ctrl Pts',(40.1820470056904,122.843132746214,53.3439308561342));
#8870=CARTESIAN_POINT('Ctrl Pts',(39.4158731344689,123.457074205679,53.5389191671397));
#8871=CARTESIAN_POINT('Ctrl Pts',(38.6497003147786,124.071012349628,53.7339047710661));
#8872=CARTESIAN_POINT('Ctrl Pts',(37.883528784147,124.68494703349,53.9288876765537));
#8873=CARTESIAN_POINT('Ctrl Pts',(37.1173594280099,125.298877466643,54.1238676687802));
#8874=CARTESIAN_POINT('Ctrl Pts',(36.3511919031905,125.912804122202,54.3188449944269));
#8875=CARTESIAN_POINT('Ctrl Pts',(35.5850288742707,126.526724432464,54.5138188221063));
#8876=CARTESIAN_POINT('Ctrl Pts',(34.8188665704897,127.140642392014,54.7087906819918));
#8877=CARTESIAN_POINT('Ctrl Pts',(34.052715974589,127.754547019198,54.9037567569571));
#8878=CARTESIAN_POINT('Ctrl Pts',(33.2865554408345,128.368460530864,55.098725131509));
#8879=CARTESIAN_POINT('Ctrl Pts',(32.5204368430575,128.982330430966,55.2936771620213));
#8880=CARTESIAN_POINT('Ctrl Pts',(31.7542478602347,129.596271186337,55.4886539987044));
#8881=CARTESIAN_POINT('Ctrl Pts',(30.9882479585111,130.210019384898,55.6835615721806));
#8882=CARTESIAN_POINT('Ctrl Pts',(30.4772659968958,130.619504548836,55.8136137588676));
#8883=CARTESIAN_POINT('Ctrl Pts',(30.2188467806276,130.826483207027,55.879331662192));
#8884=CARTESIAN_POINT('Ctrl Pts',(30.2131878923289,130.830873833815,55.8807038325642));
#8885=CARTESIAN_POINT('Ctrl Pts',(30.1892277297176,130.84960643028,55.8865619141642));
#8886=CARTESIAN_POINT('Ctrl Pts',(30.16857910984,130.865602933489,55.8914898801643));
#8887=CARTESIAN_POINT('Ctrl Pts',(30.087593050085,130.928134770692,55.9105507392593));
#8888=CARTESIAN_POINT('Ctrl Pts',(29.9561743096895,131.028529851999,55.9401603225069));
#8889=CARTESIAN_POINT('Ctrl Pts',(29.6922819240219,131.223486769972,55.9932969031624));
#8890=CARTESIAN_POINT('Ctrl Pts',(29.4896114724976,131.36636645633,56.027366321935));
#8891=CARTESIAN_POINT('Ctrl Pts',(29.3188773928947,131.482843268147,56.052318826574));
#8892=CARTESIAN_POINT('Ctrl Pts',(29.2633644340891,131.519113564232,56.0593662053928));
#8893=CARTESIAN_POINT('Ctrl Pts',(29.1432557907653,131.596022399161,56.0724771074985));
#8894=CARTESIAN_POINT('Ctrl Pts',(28.9346513079159,131.722919387372,56.0883122949013));
#8895=CARTESIAN_POINT('Ctrl Pts',(28.5020980043053,131.962201959834,56.0953911332856));
#8896=CARTESIAN_POINT('Ctrl Pts',(27.8537622697115,132.249913683923,56.0299111445964));
#8897=CARTESIAN_POINT('Ctrl Pts',(27.045722031051,132.504093699555,55.8371524241341));
#8898=CARTESIAN_POINT('Ctrl Pts',(26.196863124668,132.667195008903,55.5263382242943));
#8899=CARTESIAN_POINT('Ctrl Pts',(25.3469167173105,132.731914849875,55.1138948895933));
#8900=CARTESIAN_POINT('Ctrl Pts',(24.5045365194218,132.703397599088,54.6108821100708));
#8901=CARTESIAN_POINT('Ctrl Pts',(23.6809408296441,132.583935679762,54.0264863955793));
#8902=CARTESIAN_POINT('Ctrl Pts',(23.1597643105817,132.448875232357,53.5966287998075));
#8903=CARTESIAN_POINT('Ctrl Pts',(22.7961268639264,132.333417614875,53.2754089691981));
#8904=CARTESIAN_POINT('Ctrl Pts',(22.5647814823478,132.248882636044,53.0634694125711));
#8905=CARTESIAN_POINT('Ctrl Pts',(22.1198284745448,132.07202659769,52.6397882740603));
#8906=CARTESIAN_POINT('Ctrl Pts',(21.5843115895111,131.822473363391,52.0941795477602));
#8907=CARTESIAN_POINT('Ctrl Pts',(20.9861288425213,131.482277070183,51.4232978373491));
#8908=CARTESIAN_POINT('Ctrl Pts',(20.6188173513321,131.227576223383,50.9658830685604));
#8909=CARTESIAN_POINT('Ctrl Pts',(20.4351779345762,131.086000015564,50.723227824619));
#8910=CARTESIAN_POINT('Ctrl Pts',(20.4176149010826,131.069600274431,50.6982092808647));
#8911=CARTESIAN_POINT('Ctrl Pts',(20.3829566738976,131.038867928118,50.6498884681683));
#8912=CARTESIAN_POINT('Ctrl Pts',(20.3480840891328,131.007410767142,50.6009517081573));
#8913=CARTESIAN_POINT('Ctrl Pts',(20.3132691092423,130.976367048273,50.5523474851309));
#8914=CARTESIAN_POINT('Ctrl Pts',(20.2784016244515,130.94521923666,50.5036482507298));
#8915=CARTESIAN_POINT('Ctrl Pts',(20.2522347338931,130.921922077562,50.4671672619583));
#8916=CARTESIAN_POINT('Ctrl Pts',(20.0004214963122,130.697953314733,50.1163499077355));
#8917=CARTESIAN_POINT('Ctrl Pts',(19.5332171876264,130.291613997563,49.4716209580184));
#8918=CARTESIAN_POINT('Ctrl Pts',(18.8304853715199,129.679030411793,48.501881390405));
#8919=CARTESIAN_POINT('Ctrl Pts',(18.1268588131682,129.06913766184,47.5339244308316));
#8920=CARTESIAN_POINT('Ctrl Pts',(17.42186746105,128.459657986685,46.5658627806547));
#8921=CARTESIAN_POINT('Ctrl Pts',(16.7158788773645,127.851471502203,45.5984932269585));
#8922=CARTESIAN_POINT('Ctrl Pts',(16.0088088274761,127.243867511222,44.6312333482393));
#8923=CARTESIAN_POINT('Ctrl Pts',(15.3008844468235,126.637215240406,43.6644652278269));
#8924=CARTESIAN_POINT('Ctrl Pts',(14.8283946317188,126.233265651002,43.0201749849101));
#8925=CARTESIAN_POINT('Ctrl Pts',(14.4608458378496,125.919305254603,42.5192821846346));
#8926=CARTESIAN_POINT('Ctrl Pts',(14.262361172816,125.748479525031,42.2484256265996));
#8927=CARTESIAN_POINT('Ctrl Pts',(13.9969266573746,125.523215950683,41.8890754408841));
#8928=CARTESIAN_POINT('Ctrl Pts',(13.7305789022182,125.298354809025,41.5297766401576));
#8929=CARTESIAN_POINT('Ctrl Pts',(13.4630931192329,125.074663363918,41.1710735360956));
#8930=CARTESIAN_POINT('Ctrl Pts',(13.1946740676814,124.851992736874,40.8129628771178));
#8931=CARTESIAN_POINT('Ctrl Pts',(13.060171969285,124.740979671741,40.6340964106708));
#8932=CARTESIAN_POINT('Ctrl Pts',(12.9724631401138,124.668861271529,40.5176970221539));
#8933=CARTESIAN_POINT('Ctrl Pts',(12.9328872688681,124.638421395091,40.4664373032083));
#8934=CARTESIAN_POINT('Ctrl Pts',(12.8930862892974,124.606812321161,40.4141549936772));
#8935=CARTESIAN_POINT('Ctrl Pts',(12.8465255586361,124.570076538368,40.3530816226371));
#8936=CARTESIAN_POINT('Ctrl Pts',(12.796358033301,124.535544481995,40.2901773633137));
#8937=CARTESIAN_POINT('Ctrl Pts',(12.6962201403997,124.460140190839,40.1594147236757));
#8938=CARTESIAN_POINT('Ctrl Pts',(12.5264097279585,124.325750817346,39.9305162955305));
#8939=CARTESIAN_POINT('Ctrl Pts',(12.2968144225396,124.118852777221,39.5962270680077));
#8940=CARTESIAN_POINT('Ctrl Pts',(12.0450713577848,123.850635485372,39.188161625873));
#8941=CARTESIAN_POINT('Ctrl Pts',(11.7428286721914,123.467000760965,38.6367996114662));
#8942=CARTESIAN_POINT('Ctrl Pts',(11.4319191416942,122.941655199042,37.9390167922558));
#8943=CARTESIAN_POINT('Ctrl Pts',(11.1755907039378,122.255389697407,37.1108186388264));
#8944=CARTESIAN_POINT('Ctrl Pts',(11.0378223124293,121.506688775967,36.2859833468097));
#8945=CARTESIAN_POINT('Ctrl Pts',(11.0314234946606,120.844754318372,35.6205832987818));
#8946=CARTESIAN_POINT('Ctrl Pts',(11.0855905617126,120.368980264232,35.1746668064765));
#8947=CARTESIAN_POINT('Ctrl Pts',(11.1332438876016,120.094929882516,34.9268503710275));
#8948=CARTESIAN_POINT('Ctrl Pts',(11.1701500332895,119.922185333713,34.7744074459418));
#8949=CARTESIAN_POINT('Ctrl Pts',(11.204042605545,119.783013447432,34.6538688070935));
#8950=CARTESIAN_POINT('Ctrl Pts',(11.2408454084665,119.643330678469,34.5344116599878));
#8951=CARTESIAN_POINT('Ctrl Pts',(11.2923495630796,119.467802381313,34.3871732058286));
#8952=CARTESIAN_POINT('Ctrl Pts',(11.3512026234215,119.291360587778,34.2430333579874));
#8953=CARTESIAN_POINT('Ctrl Pts',(11.3962547841671,119.167528324369,34.1439135243756));
#8954=CARTESIAN_POINT('Ctrl Pts',(11.4197428272737,119.105553657618,34.0948188846601));
#8955=CARTESIAN_POINT('Ctrl Pts',(11.4317274689156,119.074553686622,34.0703899483697));
#8956=CARTESIAN_POINT('Ctrl Pts',(11.4377794211349,119.059051533032,34.0582056984478));
#8957=CARTESIAN_POINT('Ctrl Pts',(11.4412554381046,119.05019163418,34.051251506553));
#8958=CARTESIAN_POINT('Ctrl Pts',(11.4429980891603,119.04576285201,34.047777929935));
#8959=CARTESIAN_POINT('Ctrl Pts',(11.573401085874,118.715248386605,33.788786043133));
#8960=CARTESIAN_POINT('Ctrl Pts',(11.7358066620693,118.382163325251,33.5453025829383));
#8961=CARTESIAN_POINT('Ctrl Pts',(12.0602024909653,117.823057704001,33.1645384917162));
#8962=CARTESIAN_POINT('Ctrl Pts',(12.2842671143528,117.478011551258,32.9425614761615));
#8963=CARTESIAN_POINT('Ctrl Pts',(12.6225471267111,117.031424672555,32.6814533505861));
#8964=CARTESIAN_POINT('Ctrl Pts',(12.986759067518,116.594509200487,32.4440197970441));
#8965=CARTESIAN_POINT('Ctrl Pts',(13.4888243240174,116.068867279485,32.1929144427714));
#8966=CARTESIAN_POINT('Ctrl Pts',(13.9368511496186,115.674595854584,32.043089174096));
#8967=CARTESIAN_POINT('Ctrl Pts',(14.228946191563,115.438833898852,31.9665307160559));
#8968=CARTESIAN_POINT('Ctrl Pts',(14.3549609879736,115.338097869001,31.9347777312754));
#8969=CARTESIAN_POINT('Ctrl Pts',(14.5989482931921,115.142549891728,31.8726379843032));
#8970=CARTESIAN_POINT('Ctrl Pts',(14.9055573690378,114.897032999664,31.794838278467));
#8971=CARTESIAN_POINT('Ctrl Pts',(15.2701100089247,114.604985227492,31.7021620295938));
#8972=CARTESIAN_POINT('Ctrl Pts',(15.5738706051062,114.361692209957,31.6250104929144));
#8973=CARTESIAN_POINT('Ctrl Pts',(15.8163804150712,114.167434709718,31.5633860976807));
#8974=CARTESIAN_POINT('Ctrl Pts',(15.9982944597085,114.021721347681,31.5171665139606));
#8975=CARTESIAN_POINT('Ctrl Pts',(16.1498754201341,113.900302802674,31.4786511418467));
#8976=CARTESIAN_POINT('Ctrl Pts',(16.2560146545077,113.815283916464,31.4516822909076));
#8977=CARTESIAN_POINT('Ctrl Pts',(16.3166728034388,113.766695630113,31.4362692449265));
#8978=CARTESIAN_POINT('Ctrl Pts',(16.5896834520707,113.548010062967,31.3668994325416));
#8979=CARTESIAN_POINT('Ctrl Pts',(16.9088222890121,113.29239080254,31.28583109619));
#8980=CARTESIAN_POINT('Ctrl Pts',(17.2289194472395,113.035987562898,31.2044961165508));
#8981=CARTESIAN_POINT('Ctrl Pts',(17.3204646278797,112.962658328973,31.1812349854755));
#8982=CARTESIAN_POINT('Ctrl Pts',(17.3815180876465,112.913753376875,31.1657214921808));
#8983=CARTESIAN_POINT('Ctrl Pts',(17.4578837033635,112.852583280326,31.1463174795866));
#8984=CARTESIAN_POINT('Ctrl Pts',(17.5495989267963,112.779117792332,31.1230130819381));
#8985=CARTESIAN_POINT('Ctrl Pts',(17.6719931605023,112.681077883671,31.0919132990272));
#8986=CARTESIAN_POINT('Ctrl Pts',(17.8864780104613,112.509272183354,31.0374143033635));
#8987=CARTESIAN_POINT('Ctrl Pts',(18.1937740782378,112.263124340622,30.9593342427654));
#8988=CARTESIAN_POINT('Ctrl Pts',(18.5023267130959,112.015969714607,30.8809345806408));
#8989=CARTESIAN_POINT('Ctrl Pts',(18.749943553339,111.817624330687,30.8180164499069));
#8990=CARTESIAN_POINT('Ctrl Pts',(18.9980894954304,111.618855031635,30.7549637591419));
#8991=CARTESIAN_POINT('Ctrl Pts',(19.3092836031214,111.369583894842,30.6758920838009));
#8992=CARTESIAN_POINT('Ctrl Pts',(19.6218024141014,111.119251348765,30.5964834282604));
#8993=CARTESIAN_POINT('Ctrl Pts',(19.8725848522714,110.918369838938,30.5327604360126));
#8994=CARTESIAN_POINT('Ctrl Pts',(20.2495163132562,110.616440501457,30.4369833369883));
#8995=CARTESIAN_POINT('Ctrl Pts',(20.8177439251034,110.161282607823,30.2926033000309));
#8996=CARTESIAN_POINT('Ctrl Pts',(21.5804555296911,109.550337166519,30.0988027225323));
#8997=CARTESIAN_POINT('Ctrl Pts',(22.347125296006,108.936221239883,29.9039967204423));
#8998=CARTESIAN_POINT('Ctrl Pts',(23.1163813429431,108.320032400364,29.7085320059927));
#8999=CARTESIAN_POINT('Ctrl Pts',(23.8867494914552,107.702952174881,29.5127841277937));
#9000=CARTESIAN_POINT('Ctrl Pts',(24.6567390910702,107.086174380291,29.3171315398668));
#9001=CARTESIAN_POINT('Ctrl Pts',(25.4248851749848,106.470872657907,29.1219467304065));
#9002=CARTESIAN_POINT('Ctrl Pts',(26.1899726889129,105.858020280416,28.9275384245305));
#9003=CARTESIAN_POINT('Ctrl Pts',(26.9508217620347,105.248562415378,28.7342065153663));
#9004=CARTESIAN_POINT('Ctrl Pts',(27.7070835585005,104.642778511555,28.542039671988));
#9005=CARTESIAN_POINT('Ctrl Pts',(28.4577751498393,104.041455955924,28.3512877068799));
#9006=CARTESIAN_POINT('Ctrl Pts',(29.205088646083,103.442838836127,28.1613936291098));
#9007=CARTESIAN_POINT('Ctrl Pts',(29.9532484278466,102.843543330468,27.9712840345832));
#9008=CARTESIAN_POINT('Ctrl Pts',(30.7010546258587,102.244530579906,27.7812638353583));
#9009=CARTESIAN_POINT('Ctrl Pts',(31.4490161649607,101.645392934973,27.5912037305521));
#9010=CARTESIAN_POINT('Ctrl Pts',(32.1969069711465,101.046311497408,27.4011611821072));
#9011=CARTESIAN_POINT('Ctrl Pts',(32.9448281235301,100.447205309229,27.2111105190634));
#9012=CARTESIAN_POINT('Ctrl Pts',(33.6927345993773,99.8481104424123,27.0210631934091));
#9013=CARTESIAN_POINT('Ctrl Pts',(34.4406466154331,99.2490107092152,26.8310140778662));
#9014=CARTESIAN_POINT('Ctrl Pts',(35.1885552339637,98.6499132743376,26.6409654519161));
#9015=CARTESIAN_POINT('Ctrl Pts',(35.9364645268071,98.0508148805691,26.4509162879836));
#9016=CARTESIAN_POINT('Ctrl Pts',(36.6843727440142,97.4517169333149,26.2608670367163));
#9017=CARTESIAN_POINT('Ctrl Pts',(37.4322807265649,96.8526187618988,26.0708174894363));
#9018=CARTESIAN_POINT('Ctrl Pts',(38.1801881500034,96.2535206285986,25.8807677327734));
#9019=CARTESIAN_POINT('Ctrl Pts',(38.9280952033629,95.6544223838631,25.6907177221565));
#9020=CARTESIAN_POINT('Ctrl Pts',(39.6760018402074,95.0553240663153,25.5006674722235));
#9021=CARTESIAN_POINT('Ctrl Pts',(40.4239081139863,94.4562256341833,25.3106169716894));
#9022=CARTESIAN_POINT('Ctrl Pts',(41.1718140289569,93.8571270847659,25.1205662213003));
#9023=CARTESIAN_POINT('Ctrl Pts',(41.9197196073888,93.2580284006451,24.9305152168188));
#9024=CARTESIAN_POINT('Ctrl Pts',(42.6676248600792,92.6589295733416,24.7404639565704));
#9025=CARTESIAN_POINT('Ctrl Pts',(43.4155297999842,92.0598305924286,24.5504124380266));
#9026=CARTESIAN_POINT('Ctrl Pts',(44.1634344365294,91.4607314501182,24.3603606592908));
#9027=CARTESIAN_POINT('Ctrl Pts',(44.9113387784966,90.861632138974,24.1703086184004));
#9028=CARTESIAN_POINT('Ctrl Pts',(45.6592428330331,90.2625326527252,23.9802563136084));
#9029=CARTESIAN_POINT('Ctrl Pts',(46.4071466063523,89.6634329857248,23.7902037432316));
#9030=CARTESIAN_POINT('Ctrl Pts',(47.1550501036445,89.0643331330364,23.6001509056964));
#9031=CARTESIAN_POINT('Ctrl Pts',(47.9029533293103,88.4652330902619,23.4100977994989));
#9032=CARTESIAN_POINT('Ctrl Pts',(48.6508562870232,87.8661328535026,23.220044423206));
#9033=CARTESIAN_POINT('Ctrl Pts',(49.3987589798465,87.2670324192768,23.0299907754405));
#9034=CARTESIAN_POINT('Ctrl Pts',(50.1466614103061,86.6679317844699,22.8399368548755));
#9035=CARTESIAN_POINT('Ctrl Pts',(50.894563580466,86.0688309462821,22.6498826602262));
#9036=CARTESIAN_POINT('Ctrl Pts',(51.6424654919884,85.4697299021875,22.4598281902442));
#9037=CARTESIAN_POINT('Ctrl Pts',(52.3903671461876,84.8706286498964,22.2697734437127));
#9038=CARTESIAN_POINT('Ctrl Pts',(53.1382685440757,84.2715271873241,22.0797184194412));
#9039=CARTESIAN_POINT('Ctrl Pts',(53.8861696864026,83.6724255125639,21.8896631162629));
#9040=CARTESIAN_POINT('Ctrl Pts',(54.6340705736905,83.073323623863,21.6996075330305));
#9041=CARTESIAN_POINT('Ctrl Pts',(55.3819712062634,82.4742215196032,21.5095516686143));
#9042=CARTESIAN_POINT('Ctrl Pts',(56.1298715842726,81.8751191982831,21.3194955218997));
#9043=CARTESIAN_POINT('Ctrl Pts',(56.8777717077191,81.2760166585039,21.1294390917858));
#9044=CARTESIAN_POINT('Ctrl Pts',(57.6256715764722,80.6769138989568,20.9393823771836));
#9045=CARTESIAN_POINT('Ctrl Pts',(58.3735711902862,80.0778109184123,20.7493253770152));
#9046=CARTESIAN_POINT('Ctrl Pts',(59.1214705488137,79.4787077157121,20.5592680902135));
#9047=CARTESIAN_POINT('Ctrl Pts',(59.8693696516191,78.8796042897614,20.3692105157214));
#9048=CARTESIAN_POINT('Ctrl Pts',(60.6172684981856,78.2805006395247,20.1791526524923));
#9049=CARTESIAN_POINT('Ctrl Pts',(61.3651670879301,77.6813967640168,19.9890944994893));
#9050=CARTESIAN_POINT('Ctrl Pts',(62.113065420208,77.0822926623017,19.7990360556861));
#9051=CARTESIAN_POINT('Ctrl Pts',(62.8609634943107,76.4831883334974,19.6089773200705));
#9052=CARTESIAN_POINT('Ctrl Pts',(63.6088613094791,75.8840837767679,19.4189182916432));
#9053=CARTESIAN_POINT('Ctrl Pts',(64.3567588649046,75.2849789913257,19.2288589694208));
#9054=CARTESIAN_POINT('Ctrl Pts',(65.104656159733,74.6858739764323,19.0387993524373));
#9055=CARTESIAN_POINT('Ctrl Pts',(65.8525531930658,74.0867687314009,18.8487394397471));
#9056=CARTESIAN_POINT('Ctrl Pts',(66.6004499639624,73.4876632556,18.6586792304283));
#9057=CARTESIAN_POINT('Ctrl Pts',(67.3483464714396,72.8885575484581,18.4686187235862));
#9058=CARTESIAN_POINT('Ctrl Pts',(68.0962427144716,72.2894516094699,18.2785579183585));
#9059=CARTESIAN_POINT('Ctrl Pts',(68.8441386919889,71.690345438204,18.0884968139199));
#9060=CARTESIAN_POINT('Ctrl Pts',(69.5920344028759,71.0912390343126,17.8984354094888));
#9061=CARTESIAN_POINT('Ctrl Pts',(70.3399298459684,70.4921323975417,17.7083737043346));
#9062=CARTESIAN_POINT('Ctrl Pts',(71.0878250200498,69.8930255277454,17.5183116977858));
#9063=CARTESIAN_POINT('Ctrl Pts',(71.8357199238458,69.2939184249009,17.3282493892401));
#9064=CARTESIAN_POINT('Ctrl Pts',(72.5836145560194,68.6948110891269,17.1381867781759));
#9065=CARTESIAN_POINT('Ctrl Pts',(73.3315089151626,68.0957035207047,16.9481238641651));
#9066=CARTESIAN_POINT('Ctrl Pts',(74.079402999789,67.4965957201038,16.7580606468889));
#9067=CARTESIAN_POINT('Ctrl Pts',(74.8272968083227,66.89748768801,16.5679971261551));
#9068=CARTESIAN_POINT('Ctrl Pts',(75.5751903390876,66.2983794253591,16.3779333019188));
#9069=CARTESIAN_POINT('Ctrl Pts',(76.3230835902925,65.6992709333764,16.1878691743064));
#9070=CARTESIAN_POINT('Ctrl Pts',(77.0709765600154,65.1001622136211,15.9978047436424));
#9071=CARTESIAN_POINT('Ctrl Pts',(77.8188692461848,64.5010532680388,15.8077400104818));
#9072=CARTESIAN_POINT('Ctrl Pts',(78.5667616465577,63.9019440990219,15.6176749756464));
#9073=CARTESIAN_POINT('Ctrl Pts',(79.3146537586938,63.3028347094798,15.4276096402675));
#9074=CARTESIAN_POINT('Ctrl Pts',(80.0625455799279,62.7037251029188,15.2375440058349));
#9075=CARTESIAN_POINT('Ctrl Pts',(80.8104371073318,62.1046152835385,15.0474780742539));
#9076=CARTESIAN_POINT('Ctrl Pts',(81.5583283376834,61.5055052563331,14.8574118479095));
#9077=CARTESIAN_POINT('Ctrl Pts',(82.3062192674158,60.9063950272214,14.6673453297435));
#9078=CARTESIAN_POINT('Ctrl Pts',(83.0541098925579,60.3072846031963,14.4772785233436));
#9079=CARTESIAN_POINT('Ctrl Pts',(83.8020002086817,59.7081739924853,14.287211433043));
#9080=CARTESIAN_POINT('Ctrl Pts',(84.5498902108291,59.1090632047468,14.0971440640381));
#9081=CARTESIAN_POINT('Ctrl Pts',(85.2977798934308,58.5099522512925,13.9070764225242));
#9082=CARTESIAN_POINT('Ctrl Pts',(86.0456692502121,57.9108411453462,13.7170085158518));
#9083=CARTESIAN_POINT('Ctrl Pts',(86.7935582740838,57.3117299023423,13.5269403527079));
#9084=CARTESIAN_POINT('Ctrl Pts',(87.5414469570162,56.7126185402715,13.3368719433255));
#9085=CARTESIAN_POINT('Ctrl Pts',(88.289335289893,56.1135070800805,13.1468032997252));
#9086=CARTESIAN_POINT('Ctrl Pts',(89.0372232623436,55.5143955461322,12.9567344359954));
#9087=CARTESIAN_POINT('Ctrl Pts',(89.7851108625466,54.9152839667416,12.7666653686159));
#9088=CARTESIAN_POINT('Ctrl Pts',(90.5329980770086,54.3161723747886,12.5765961168301));
#9089=CARTESIAN_POINT('Ctrl Pts',(91.2808848902955,53.7170608084393,12.3865267030815));
#9090=CARTESIAN_POINT('Ctrl Pts',(92.0287712847499,53.1179493119517,12.1964571535034));
#9091=CARTESIAN_POINT('Ctrl Pts',(92.7766572401029,52.5188379366698,12.0063874985184));
#9092=CARTESIAN_POINT('Ctrl Pts',(93.5245427331624,51.9197267420327,11.8163177734565));
#9093=CARTESIAN_POINT('Ctrl Pts',(94.2724277371466,51.3206157970533,11.6262480194377));
#9094=CARTESIAN_POINT('Ctrl Pts',(95.0203122215982,50.7215051813302,11.4361782840151));
#9095=CARTESIAN_POINT('Ctrl Pts',(95.7681961507535,50.1223949877778,11.2461086227632));
#9096=CARTESIAN_POINT('Ctrl Pts',(96.5160794850858,49.5232853222892,11.0560390992224));
#9097=CARTESIAN_POINT('Ctrl Pts',(97.2639621754129,48.9241763111656,10.8659697890695));
#9098=CARTESIAN_POINT('Ctrl Pts',(98.0118441732737,48.3250680922007,10.6759007754573));
#9099=CARTESIAN_POINT('Ctrl Pts',(98.7597254044405,47.7259608435602,10.485832164855));
#9100=CARTESIAN_POINT('Ctrl Pts',(99.5076058244571,47.1268547294366,10.2957640578345));
#9101=CARTESIAN_POINT('Ctrl Pts',(100.255485289948,46.5277500336376,10.1056966216988));
#9102=CARTESIAN_POINT('Ctrl Pts',(101.003363841707,45.9286468742819,9.91562993622989));
#9103=CARTESIAN_POINT('Ctrl Pts',(101.751241065104,45.3295458584686,9.72556434868515));
#9104=CARTESIAN_POINT('Ctrl Pts',(102.499117515302,44.7304466349939,9.53549969017914));
#9105=CARTESIAN_POINT('Ctrl Pts',(103.246991518652,44.1313511558677,9.34543704297581));
#9106=CARTESIAN_POINT('Ctrl Pts',(103.994866324876,43.5322563989157,9.15537479872541));
#9107=CARTESIAN_POINT('Ctrl Pts',(104.742734084144,42.9331706890827,8.96531750064337));
#9108=CARTESIAN_POINT('Ctrl Pts',(105.490611707676,42.3340771906771,8.77525606729212));
#9109=CARTESIAN_POINT('Ctrl Pts',(106.238460568694,41.7350156795598,8.58521209107313));
#9110=CARTESIAN_POINT('Ctrl Pts',(106.986366246015,41.1358995258677,8.39513869191343));
#9111=CARTESIAN_POINT('Ctrl Pts',(107.734136503609,40.5369251629038,8.20514242102402));
#9112=CARTESIAN_POINT('Ctrl Pts',(108.482190881492,39.9376636619955,8.01498898798339));
#9113=CARTESIAN_POINT('Ctrl Pts',(109.229832696473,39.3388863757963,7.82514686418987));
#9114=CARTESIAN_POINT('Ctrl Pts',(109.729325831479,38.9385878374772,7.69795685990723));
#9115=CARTESIAN_POINT('Ctrl Pts',(110.013024685296,38.7117237928161,7.62637986424368));
#9116=CARTESIAN_POINT('Ctrl Pts',(110.045713057903,38.6866094316806,7.61937743378067));
#9117=CARTESIAN_POINT('Ctrl Pts',(110.265380301106,38.5173969526936,7.57109697979651));
#9118=CARTESIAN_POINT('Ctrl Pts',(110.644479352654,38.2439241151472,7.50630787675291));
#9119=CARTESIAN_POINT('Ctrl Pts',(111.045245802087,37.9896573363307,7.47234861986382));
#9120=CARTESIAN_POINT('Ctrl Pts',(111.57739107732,37.6736658477106,7.44879047397834));
#9121=CARTESIAN_POINT('Ctrl Pts',(112.249905434031,37.320455395699,7.46498483734752));
#9122=CARTESIAN_POINT('Ctrl Pts',(113.285174175292,36.8982071880586,7.60982693501388));
#9123=CARTESIAN_POINT('Ctrl Pts',(114.342977516948,36.5816711023095,7.87198015238694));
#9124=CARTESIAN_POINT('Ctrl Pts',(115.396669354499,36.3768728864771,8.24329981925877));
#9125=CARTESIAN_POINT('Ctrl Pts',(116.158439073866,36.3074393066241,8.59043121643936));
#9126=CARTESIAN_POINT('Ctrl Pts',(116.655345708695,36.2941449935354,8.8490333512541));
#9127=CARTESIAN_POINT('Ctrl Pts',(116.983407884979,36.2941847481278,9.02863861507132));
#9128=CARTESIAN_POINT('Ctrl Pts',(117.305859084022,36.3075260945791,9.21851846388675));
#9129=CARTESIAN_POINT('Ctrl Pts',(117.621217692026,36.3338974006176,9.41767653008096));
#9130=CARTESIAN_POINT('Ctrl Pts',(117.853881347238,36.3601268001887,9.57143384863512));
#9131=CARTESIAN_POINT('Ctrl Pts',(118.025253524114,36.384569785314,9.68984980917106));
#9132=CARTESIAN_POINT('Ctrl Pts',(118.138076119112,36.4028106706062,9.76998386789678));
#9133=CARTESIAN_POINT('Ctrl Pts',(118.212909362809,36.415488979769,9.82372043798695));
#9134=CARTESIAN_POINT('Ctrl Pts',(118.305732952903,36.4323057885483,9.89147342240665));
#9135=CARTESIAN_POINT('Ctrl Pts',(118.415918981101,36.4540156293983,9.97366440309424));
#9136=CARTESIAN_POINT('Ctrl Pts',(118.561189031118,36.4849811182339,10.084391225899));
#9137=CARTESIAN_POINT('Ctrl Pts',(118.739631713931,36.5274355146939,10.2248530178694));
#9138=CARTESIAN_POINT('Ctrl Pts',(118.913636936302,36.5747586869127,10.3678058492651));
#9139=CARTESIAN_POINT('Ctrl Pts',(119.032954343559,36.6103581240027,10.4690200032534));
#9140=CARTESIAN_POINT('Ctrl Pts',(119.085736615368,36.6268201994049,10.5145166951853));
#9141=CARTESIAN_POINT('Ctrl Pts',(119.10677122506,36.6334889647044,10.5327579863295));
#9142=CARTESIAN_POINT('Ctrl Pts',(119.115178309062,36.6361639759821,10.5400584357792));
#9143=CARTESIAN_POINT('Ctrl Pts',(119.1256748595,36.6395218625332,10.5491914563628));
#9144=CARTESIAN_POINT('Ctrl Pts',(119.13615456887,36.6428984943637,10.5583342323463));
#9145=CARTESIAN_POINT('Ctrl Pts',(119.143481412733,36.6452719489834,10.5647392249079));
#9146=CARTESIAN_POINT('Ctrl Pts',(119.147142560896,36.6464611262666,10.5679429703922));
#9147=CARTESIAN_POINT('Ctrl Pts',(119.148972606409,36.6470563291556,10.5695451680474));
#9148=CARTESIAN_POINT('Ctrl Pts',(119.149887442534,36.6473540815191,10.570346330187));
#9149=CARTESIAN_POINT('Ctrl Pts',(119.150410235994,36.6475242728393,10.5708041825657));
#9150=CARTESIAN_POINT('Ctrl Pts',(119.150671496217,36.6476093771806,10.5710330757715));
#9151=CARTESIAN_POINT('Ctrl Pts',(119.374943086739,36.7205685386412,10.7673224235214));
#9152=CARTESIAN_POINT('Ctrl Pts',(119.822162738001,36.8848711806354,11.1744285419042));
#9153=CARTESIAN_POINT('Ctrl Pts',(120.434059549519,37.1862981481779,11.8104837032398));
#9154=CARTESIAN_POINT('Ctrl Pts',(120.903398634768,37.4800479434102,12.3609087268401));
#9155=CARTESIAN_POINT('Ctrl Pts',(121.168446274837,37.6776626975938,12.7040636574103));
#9156=CARTESIAN_POINT('Ctrl Pts',(121.262981215318,37.7523862140574,12.8307437581002));
#9157=CARTESIAN_POINT('Ctrl Pts',(121.283901528841,37.7690462894393,12.8589064071578));
#9158=CARTESIAN_POINT('Ctrl Pts',(121.320327441427,37.7983495221214,12.9082380427439));
#9159=CARTESIAN_POINT('Ctrl Pts',(121.361524667175,37.8321747749651,12.9647183186813));
#9160=CARTESIAN_POINT('Ctrl Pts',(121.397161442809,37.8620550714269,13.0142072032535));
#9161=CARTESIAN_POINT('Ctrl Pts',(121.417415095765,37.8792142789489,13.0425131834393));
#9162=CARTESIAN_POINT('Ctrl Pts',(121.43002824605,37.889973717204,13.0602151171142));
#9163=CARTESIAN_POINT('Ctrl Pts',(121.440090469959,37.8986020744974,13.0743826707655));
#9164=CARTESIAN_POINT('Ctrl Pts',(121.447623537078,37.9050838026357,13.0850115331455));
#9165=CARTESIAN_POINT('Ctrl Pts',(121.455142876234,37.9115759645409,13.0956435347898));
#9166=CARTESIAN_POINT('Ctrl Pts',(121.462648562903,37.9180785492668,13.1062786798454));
#9167=CARTESIAN_POINT('Ctrl Pts',(121.470140455152,37.9245915108023,13.1169168802435));
#9168=CARTESIAN_POINT('Ctrl Pts',(121.476372418746,37.9300276541603,13.125784679138));
#9169=CARTESIAN_POINT('Ctrl Pts',(121.481350800411,37.9343816738614,13.1328802759158));
#9170=CARTESIAN_POINT('Ctrl Pts',(121.485081153233,37.9376497719778,13.138202728176));
#9171=CARTESIAN_POINT('Ctrl Pts',(121.48818697244,37.9403753525091,13.1426387621074));
#9172=CARTESIAN_POINT('Ctrl Pts',(121.490359429035,37.9422843589177,13.1457442521049));
#9173=CARTESIAN_POINT('Ctrl Pts',(121.491445322893,37.9432391564644,13.147297103855));
#9174=CARTESIAN_POINT('Ctrl Pts',(121.491988101972,37.9437166049363,13.1480735072319));
#9175=CARTESIAN_POINT('Ctrl Pts',(121.49225956111,37.9439553732622,13.1484617684742));
#9176=CARTESIAN_POINT('Ctrl Pts',(121.49239515819,37.9440747258891,13.1486558263954));
#9177=CARTESIAN_POINT('Ctrl Pts',(121.49247283446,37.9441429837087,13.1487668303144));
#9178=CARTESIAN_POINT('Ctrl Pts',(121.492511331958,37.9441770164757,13.1488221336659));
#9179=CARTESIAN_POINT('Ctrl Pts',(121.557484673896,38.0004281061649,13.2404732434991));
#9180=CARTESIAN_POINT('Ctrl Pts',(121.643359068406,38.0624339250338,13.3442167670512));
#9181=CARTESIAN_POINT('Ctrl Pts',(121.863465536459,38.2332039257795,13.6274000434156));
#9182=CARTESIAN_POINT('Ctrl Pts',(122.007686476964,38.3449088504966,13.8127448955294));
#9183=CARTESIAN_POINT('Ctrl Pts',(122.151512962342,38.4564242211696,13.997818093321));
#9184=CARTESIAN_POINT('Ctrl Pts',(122.797388776902,38.1102184337097,13.7008356178061));
#9185=CARTESIAN_POINT('Ctrl Pts',(123.033899935216,38.2928044268965,14.0037423504999));
#9186=CARTESIAN_POINT('Ctrl Pts',(123.507499275206,38.657578137544,14.6095439895577));
#9187=CARTESIAN_POINT('Ctrl Pts',(124.219753017455,39.2034558290804,15.5179543582382));
#9188=CARTESIAN_POINT('Ctrl Pts',(124.933958655838,39.7478786161535,16.4259276154742));
#9189=CARTESIAN_POINT('Ctrl Pts',(125.650203244546,40.2906321536651,17.333398828169));
#9190=CARTESIAN_POINT('Ctrl Pts',(126.368624356235,40.8315297163696,18.2402104959608));
#9191=CARTESIAN_POINT('Ctrl Pts',(127.089380866648,41.3703897240205,19.1462266277898));
#9192=CARTESIAN_POINT('Ctrl Pts',(127.812704283114,41.9070185279344,20.0514933896946));
#9193=CARTESIAN_POINT('Ctrl Pts',(128.296778294726,42.2631848069145,20.6544578046381));
#9194=CARTESIAN_POINT('Ctrl Pts',(128.682975386575,42.5459995336134,21.13416280863));
#9195=CARTESIAN_POINT('Ctrl Pts',(128.975089399174,42.7550992810856,21.4923495881212));
#9196=CARTESIAN_POINT('Ctrl Pts',(129.565309531693,43.1669492901809,22.2055708553463));
#9197=CARTESIAN_POINT('Ctrl Pts',(130.017050192524,43.4679463679518,22.7377394430607));
#9198=CARTESIAN_POINT('Ctrl Pts',(130.350162147244,43.6833955495082,23.1237319170126));
#9199=CARTESIAN_POINT('Ctrl Pts',(130.452353465215,43.7532051519851,23.2457026294384));
#9200=CARTESIAN_POINT('Ctrl Pts',(130.554874472756,43.8242325341087,23.3690630115759));
#9201=CARTESIAN_POINT('Ctrl Pts',(130.690089591653,43.9208529759553,23.5346180903284));
#9202=CARTESIAN_POINT('Ctrl Pts',(130.803144579497,44.0075232696822,23.6787404375901));
#9203=CARTESIAN_POINT('Ctrl Pts',(131.023928246709,44.1868626297688,23.9700503604168));
#9204=CARTESIAN_POINT('Ctrl Pts',(131.387458514429,44.5162612832449,24.4829808686106));
#9205=CARTESIAN_POINT('Ctrl Pts',(131.83958221857,45.0263598910232,25.2192019556061));
#9206=CARTESIAN_POINT('Ctrl Pts',(132.267714798786,45.7120263024911,26.1136292444208));
#9207=CARTESIAN_POINT('Ctrl Pts',(132.55474538344,46.4607718662897,26.995434330756));
#9208=CARTESIAN_POINT('Ctrl Pts',(132.68015054983,47.2594822558135,27.8407224589656));
#9209=CARTESIAN_POINT('Ctrl Pts',(132.618903293803,48.1088081531398,28.6368108542236));
#9210=CARTESIAN_POINT('Ctrl Pts',(132.355399043803,48.9589108801272,29.3273241920406));
#9211=CARTESIAN_POINT('Ctrl Pts',(132.038730726535,49.523619766746,29.7114427782308));
#9212=CARTESIAN_POINT('Ctrl Pts',(131.825310725167,49.829702236711,29.8975865192169));
#9213=CARTESIAN_POINT('Ctrl Pts',(131.772529920189,49.9052862394274,29.9435132755036));
#9214=CARTESIAN_POINT('Ctrl Pts',(131.615646570394,50.1253369274237,30.0755191260645));
#9215=CARTESIAN_POINT('Ctrl Pts',(131.424027735481,50.3823996971564,30.2253313356512));
#9216=CARTESIAN_POINT('Ctrl Pts',(131.253346907059,50.5993989731152,30.3470783963357));
#9217=CARTESIAN_POINT('Ctrl Pts',(131.115460454558,50.7717545531721,30.4425532309997));
#9218=CARTESIAN_POINT('Ctrl Pts',(130.954100540354,50.9673323851834,30.5483159464177));
#9219=CARTESIAN_POINT('Ctrl Pts',(130.615313991825,51.3548090153624,30.7477568126276));
#9220=CARTESIAN_POINT('Ctrl Pts',(130.164687555877,51.8284865579002,30.9723570070005));
#9221=CARTESIAN_POINT('Ctrl Pts',(129.58092060071,52.3792763650481,31.2019679912776));
#9222=CARTESIAN_POINT('Ctrl Pts',(129.166454632509,52.7310918844608,31.3267139824001));
#9223=CARTESIAN_POINT('Ctrl Pts',(128.923051405073,52.9271319138626,31.3896476041249));
#9224=CARTESIAN_POINT('Ctrl Pts',(128.857645940195,52.9795317746611,31.4062755950958));
#9225=CARTESIAN_POINT('Ctrl Pts',(128.729539003212,53.0823102561533,31.4389912322955));
#9226=CARTESIAN_POINT('Ctrl Pts',(128.504196163045,53.2630257852958,31.4964650798658));
#9227=CARTESIAN_POINT('Ctrl Pts',(128.05505625037,53.6232729776879,31.611077866212));
#9228=CARTESIAN_POINT('Ctrl Pts',(127.417163533042,54.1348818655679,31.7738364587092));
#9229=CARTESIAN_POINT('Ctrl Pts',(126.651053078384,54.7493364454186,31.9693113856158));
#9230=CARTESIAN_POINT('Ctrl Pts',(125.885164492713,55.3635984275097,32.1647153822273));
#9231=CARTESIAN_POINT('Ctrl Pts',(125.119193107563,55.9779238857749,32.3601341338574));
#9232=CARTESIAN_POINT('Ctrl Pts',(124.353269250446,56.5922032965329,32.555531549425));
#9233=CARTESIAN_POINT('Ctrl Pts',(123.587332705311,57.2064873946038,32.7509248831922));
#9234=CARTESIAN_POINT('Ctrl Pts',(122.82140852969,57.8207551790347,32.9463074403292));
#9235=CARTESIAN_POINT('Ctrl Pts',(122.055483954281,58.4350174615591,33.1416830878353));
#9236=CARTESIAN_POINT('Ctrl Pts',(121.289563327386,59.049270649951,33.337050859381));
#9237=CARTESIAN_POINT('Ctrl Pts',(120.523643542196,59.66351741847,33.5324118478209));
#9238=CARTESIAN_POINT('Ctrl Pts',(119.757724986558,60.2777574978856,33.7277661401873));
#9239=CARTESIAN_POINT('Ctrl Pts',(118.991806629331,60.8919918091798,33.9231141985703));
#9240=CARTESIAN_POINT('Ctrl Pts',(118.225888195477,61.5062206343716,34.1184562535483));
#9241=CARTESIAN_POINT('Ctrl Pts',(117.459969177615,62.1204444483497,34.3137925839242));
#9242=CARTESIAN_POINT('Ctrl Pts',(116.694049262966,62.7346635600676,34.5091233993605));
#9243=CARTESIAN_POINT('Ctrl Pts',(115.928128130096,63.3488782838008,34.7044488993403));
#9244=CARTESIAN_POINT('Ctrl Pts',(115.162205528874,63.9630888721312,34.8997692524695));
#9245=CARTESIAN_POINT('Ctrl Pts',(114.396281235446,64.5772955540351,35.0950846105758));
#9246=CARTESIAN_POINT('Ctrl Pts',(113.630355064268,65.1914985249415,35.2903951066097));
#9247=CARTESIAN_POINT('Ctrl Pts',(112.86442685589,65.8056979571664,35.4857008591684));
#9248=CARTESIAN_POINT('Ctrl Pts',(112.098496476035,66.4198940008105,35.6810019736916));
#9249=CARTESIAN_POINT('Ctrl Pts',(111.33256381134,67.0340867874789,35.8762985444864));
#9250=CARTESIAN_POINT('Ctrl Pts',(110.566628766801,67.6482764325227,36.0715906561412));
#9251=CARTESIAN_POINT('Ctrl Pts',(109.800691262962,68.2624630374915,36.2668783849205));
#9252=CARTESIAN_POINT('Ctrl Pts',(109.03475123387,68.8766466919245,36.4621617998602));
#9253=CARTESIAN_POINT('Ctrl Pts',(108.268808625146,69.4908274750414,36.6574409637603));
#9254=CARTESIAN_POINT('Ctrl Pts',(107.502863392399,70.1050054571336,36.8527159340191));
#9255=CARTESIAN_POINT('Ctrl Pts',(106.736915499818,70.7191807007933,37.0479867633618));
#9256=CARTESIAN_POINT('Ctrl Pts',(105.97096491898,71.3333532619601,37.2432535004648));
#9257=CARTESIAN_POINT('Ctrl Pts',(105.205011627814,71.9475231908284,37.4385161904954));
#9258=CARTESIAN_POINT('Ctrl Pts',(104.439055609712,72.5616905326279,37.6337748755763));
#9259=CARTESIAN_POINT('Ctrl Pts',(103.673096852758,73.1758553282972,37.8290295951871));
#9260=CARTESIAN_POINT('Ctrl Pts',(102.907135349067,73.7900176150634,38.0242803865094));
#9261=CARTESIAN_POINT('Ctrl Pts',(102.141171094215,74.4041774269435,38.2195272847252));
#9262=CARTESIAN_POINT('Ctrl Pts',(101.375204086747,75.0183347951749,38.4147703232735));
#9263=CARTESIAN_POINT('Ctrl Pts',(100.609234327752,75.6324897485879,38.6100095340723));
#9264=CARTESIAN_POINT('Ctrl Pts',(99.8432618205003,76.2466423139261,38.8052449477098));
#9265=CARTESIAN_POINT('Ctrl Pts',(99.0772865701256,76.8607925161226,39.0004765936086));
#9266=CARTESIAN_POINT('Ctrl Pts',(98.3113085833554,77.4749403785388,39.1957045001688));
#9267=CARTESIAN_POINT('Ctrl Pts',(97.5453278682772,78.0890859231701,39.3909286948897));
#9268=CARTESIAN_POINT('Ctrl Pts',(96.7793444341362,78.7032291708222,39.5861492044765));
#9269=CARTESIAN_POINT('Ctrl Pts',(96.0133582911628,79.3173701412649,39.7813660549307));
#9270=CARTESIAN_POINT('Ctrl Pts',(95.2473694504217,79.9315088533635,39.9765792716296));
#9271=CARTESIAN_POINT('Ctrl Pts',(94.4813779236843,80.5456453251924,40.1717888793938));
#9272=CARTESIAN_POINT('Ctrl Pts',(93.7153837233168,81.1597795741333,40.3669949025458));
#9273=CARTESIAN_POINT('Ctrl Pts',(92.9493868621851,81.7739116169598,40.5621973649612));
#9274=CARTESIAN_POINT('Ctrl Pts',(92.1833873535717,82.3880414699101,40.7573962901116));
#9275=CARTESIAN_POINT('Ctrl Pts',(91.4173852111058,83.0021691487503,40.9525917011028));
#9276=CARTESIAN_POINT('Ctrl Pts',(90.6513804487011,83.6162946688282,41.1477836207072));
#9277=CARTESIAN_POINT('Ctrl Pts',(89.8853730805042,84.230418045121,41.3429720713918));
#9278=CARTESIAN_POINT('Ctrl Pts',(89.1193631208484,84.8445392922748,41.5381570753429));
#9279=CARTESIAN_POINT('Ctrl Pts',(88.3533505842152,85.4586584246403,41.7333386544862));
#9280=CARTESIAN_POINT('Ctrl Pts',(87.587335485201,86.0727754563027,41.9285168305054));
#9281=CARTESIAN_POINT('Ctrl Pts',(86.8213178384872,86.6868904011076,42.1236916248578));
#9282=CARTESIAN_POINT('Ctrl Pts',(86.0552976588168,87.3010032726837,42.318863058787));
#9283=CARTESIAN_POINT('Ctrl Pts',(85.2892749609715,87.9151140844625,42.5140311533353));
#9284=CARTESIAN_POINT('Ctrl Pts',(84.523249759755,88.5292228496941,42.7091959293524));
#9285=CARTESIAN_POINT('Ctrl Pts',(83.7572220699742,89.1433295814642,42.9043574075049));
#9286=CARTESIAN_POINT('Ctrl Pts',(82.9911919064319,89.7574342927017,43.0995156082817));
#9287=CARTESIAN_POINT('Ctrl Pts',(82.2251592839013,90.3715369962001,43.2946705520035));
#9288=CARTESIAN_POINT('Ctrl Pts',(81.4591242171462,90.9856377046039,43.4898222588196));
#9289=CARTESIAN_POINT('Ctrl Pts',(80.6930867208449,91.5997364304693,43.6849707487294));
#9290=CARTESIAN_POINT('Ctrl Pts',(79.9270468097441,92.2138331861429,43.8801160415441));
#9291=CARTESIAN_POINT('Ctrl Pts',(79.1610044979891,92.8279279842996,44.0752581570584));
#9292=CARTESIAN_POINT('Ctrl Pts',(78.3949598001482,93.4420208371217,44.2703971147888));
#9293=CARTESIAN_POINT('Ctrl Pts',(77.6289127306833,94.0561117567245,44.4655329341087));
#9294=CARTESIAN_POINT('Ctrl Pts',(76.8628633040039,94.6702007551131,44.6606656342332));
#9295=CARTESIAN_POINT('Ctrl Pts',(76.0968115344407,95.2842878442047,44.855795234224));
#9296=CARTESIAN_POINT('Ctrl Pts',(75.3307574362522,95.8983730358233,45.0509217529856));
#9297=CARTESIAN_POINT('Ctrl Pts',(74.5647010236167,96.5124563417059,45.2460452092637));
#9298=CARTESIAN_POINT('Ctrl Pts',(73.7986423106319,97.1265377735037,45.4411656216416));
#9299=CARTESIAN_POINT('Ctrl Pts',(73.0325813113107,97.7406173427843,45.6362830085358));
#9300=CARTESIAN_POINT('Ctrl Pts',(72.2665180395794,98.3546950610339,45.8313973881908));
#9301=CARTESIAN_POINT('Ctrl Pts',(71.5004525092742,98.9687709396584,46.0265087786723));
#9302=CARTESIAN_POINT('Ctrl Pts',(70.7343847341392,99.5828449899851,46.2216171978589));
#9303=CARTESIAN_POINT('Ctrl Pts',(69.9683147278231,100.196917223264,46.4167226634326));
#9304=CARTESIAN_POINT('Ctrl Pts',(69.202242503876,100.810987650668,46.6118251928674));
#9305=CARTESIAN_POINT('Ctrl Pts',(68.4361680757463,101.425056283295,46.8069248034151));
#9306=CARTESIAN_POINT('Ctrl Pts',(67.6700914567767,102.039123132168,47.0020215120899));
#9307=CARTESIAN_POINT('Ctrl Pts',(66.9040126602002,102.653188208237,47.1971153356491));
#9308=CARTESIAN_POINT('Ctrl Pts',(66.137931699135,103.267251522375,47.3922062905713));
#9309=CARTESIAN_POINT('Ctrl Pts',(65.3718485865793,103.881313085386,47.5872943930304));
#9310=CARTESIAN_POINT('Ctrl Pts',(64.6057633354045,104.495372907998,47.7823796588657));
#9311=CARTESIAN_POINT('Ctrl Pts',(63.8396759583488,105.109431000867,47.9774621035467));
#9312=CARTESIAN_POINT('Ctrl Pts',(63.0735864680074,105.723487374576,48.1725417421324));
#9313=CARTESIAN_POINT('Ctrl Pts',(62.3074948768248,106.337542039635,48.3676185892237));
#9314=CARTESIAN_POINT('Ctrl Pts',(61.5414011970801,106.951595006482,48.5626926589083));
#9315=CARTESIAN_POINT('Ctrl Pts',(60.7753054408796,107.565646285478,48.7577639646959));
#9316=CARTESIAN_POINT('Ctrl Pts',(60.0092076201302,108.179695886916,48.9528325194456));
#9317=CARTESIAN_POINT('Ctrl Pts',(59.2431077465498,108.793743820997,49.1478983352725));
#9318=CARTESIAN_POINT('Ctrl Pts',(58.4770058314015,109.407790098028,49.3429614235093));
#9319=CARTESIAN_POINT('Ctrl Pts',(57.710901885931,110.021834728045,49.5380217944717));
#9320=CARTESIAN_POINT('Ctrl Pts',(56.9447959210532,110.635877721046,49.7330794573955));
#9321=CARTESIAN_POINT('Ctrl Pts',(56.178687947388,111.249919086934,49.9281344202615));
#9322=CARTESIAN_POINT('Ctrl Pts',(55.4125779751945,111.863958835532,50.1231866896198));
#9323=CARTESIAN_POINT('Ctrl Pts',(54.6464660143401,112.477996976575,50.318236270374));
#9324=CARTESIAN_POINT('Ctrl Pts',(53.8803520742439,113.092033519712,50.5132831655359));
#9325=CARTESIAN_POINT('Ctrl Pts',(53.1142361638204,113.706068474494,50.7083273759395));
#9326=CARTESIAN_POINT('Ctrl Pts',(52.3481182914098,114.320101850377,50.9033688999086));
#9327=CARTESIAN_POINT('Ctrl Pts',(51.5819984646996,114.934133656713,51.0984077328719));
#9328=CARTESIAN_POINT('Ctrl Pts',(50.8158766906313,115.548163902741,51.2934438669158));
#9329=CARTESIAN_POINT('Ctrl Pts',(50.0497529752943,116.162192597586,51.4884772902657));
#9330=CARTESIAN_POINT('Ctrl Pts',(49.2836273238013,116.776219750246,51.6835079866847));
#9331=CARTESIAN_POINT('Ctrl Pts',(48.5174997401438,117.39024536958,51.8785359347748));
#9332=CARTESIAN_POINT('Ctrl Pts',(47.751370227026,118.004269464302,52.073561107167));
#9333=CARTESIAN_POINT('Ctrl Pts',(46.9852387856677,118.618292042962,52.2685834695824));
#9334=CARTESIAN_POINT('Ctrl Pts',(46.2191054155853,119.232313113931,52.4636029797386));
#9335=CARTESIAN_POINT('Ctrl Pts',(45.4529701143168,119.846332685383,52.6586195860929));
#9336=CARTESIAN_POINT('Ctrl Pts',(44.6868328771482,120.460350765274,52.8536332263553));
#9337=CARTESIAN_POINT('Ctrl Pts',(43.9206936966951,121.074367361311,53.0486438258299));
#9338=CARTESIAN_POINT('Ctrl Pts',(43.1545525626427,121.688382480939,53.2436512953409));
#9339=CARTESIAN_POINT('Ctrl Pts',(42.3884094609395,122.302396131266,53.4386555291616));
#9340=CARTESIAN_POINT('Ctrl Pts',(41.6222643739916,122.916408319111,53.6336564018622));
#9341=CARTESIAN_POINT('Ctrl Pts',(40.8561172783594,123.530419050768,53.8286537663304));
#9342=CARTESIAN_POINT('Ctrl Pts',(40.0899681477455,124.144428332375,54.0236474477206));
#9343=CARTESIAN_POINT('Ctrl Pts',(39.3238169437927,124.758436168897,54.2186372448376));
#9344=CARTESIAN_POINT('Ctrl Pts',(38.5576636336928,125.372442566253,54.4136229129496));
#9345=CARTESIAN_POINT('Ctrl Pts',(37.7915081472497,125.986447526411,54.6086041859316));
#9346=CARTESIAN_POINT('Ctrl Pts',(37.0253504695374,126.600451057713,54.8035807075866));
#9347=CARTESIAN_POINT('Ctrl Pts',(36.2591904286371,127.214453151641,54.9985521634424));
#9348=CARTESIAN_POINT('Ctrl Pts',(35.4930281655677,127.828453834439,55.1935179601317));
#9349=CARTESIAN_POINT('Ctrl Pts',(34.7268630760775,128.442453051095,55.388477913546));
#9350=CARTESIAN_POINT('Ctrl Pts',(33.9606961726411,129.056450924566,55.5834306738218));
#9351=CARTESIAN_POINT('Ctrl Pts',(33.1945247878828,129.670447174783,55.7783772114599));
#9352=CARTESIAN_POINT('Ctrl Pts',(32.4283544310787,130.284442419549,55.9733129688159));
#9353=CARTESIAN_POINT('Ctrl Pts',(31.6621720259667,130.898435239352,56.1682453160842));
#9354=CARTESIAN_POINT('Ctrl Pts',(31.151398033576,131.307764614209,56.2981857450485));
#9355=CARTESIAN_POINT('Ctrl Pts',(30.8925138339564,131.515204691302,56.3640345678125));
#9356=CARTESIAN_POINT('Ctrl Pts',(30.8860925343636,131.520307814274,56.3656255689254));
#9357=CARTESIAN_POINT('Ctrl Pts',(30.8598507952254,131.541168117567,56.3721341284585));
#9358=CARTESIAN_POINT('Ctrl Pts',(30.8369709706113,131.559231476881,56.3776870482544));
#9359=CARTESIAN_POINT('Ctrl Pts',(30.747835332269,131.629261323553,56.3989866131577));
#9360=CARTESIAN_POINT('Ctrl Pts',(30.6061646700881,131.738958250121,56.4312703690131));
#9361=CARTESIAN_POINT('Ctrl Pts',(30.319844777112,131.953696929628,56.4897356614938));
#9362=CARTESIAN_POINT('Ctrl Pts',(30.1005843302993,132.110569260289,56.5270999111256));
#9363=CARTESIAN_POINT('Ctrl Pts',(29.9151577549877,132.239075785801,56.5546485269578));
#9364=CARTESIAN_POINT('Ctrl Pts',(29.844837932786,132.28673857979,56.5640439506968));
#9365=CARTESIAN_POINT('Ctrl Pts',(29.6992722420347,132.382280203097,56.5804569101688));
#9366=CARTESIAN_POINT('Ctrl Pts',(29.4419449968006,132.542338012553,56.6008404872043));
#9367=CARTESIAN_POINT('Ctrl Pts',(28.9072157265733,132.840989537303,56.610113874523));
#9368=CARTESIAN_POINT('Ctrl Pts',(28.1004623191548,133.192240121862,56.5270625332549));
#9369=CARTESIAN_POINT('Ctrl Pts',(27.1139411458732,133.480024678574,56.2876737315185));
#9370=CARTESIAN_POINT('Ctrl Pts',(26.1076753179764,133.6412991742,55.9143207989791));
#9371=CARTESIAN_POINT('Ctrl Pts',(25.1313062378722,133.677514015991,55.4348052030612));
#9372=CARTESIAN_POINT('Ctrl Pts',(24.1896242064183,133.602949733341,54.8656827194202));
#9373=CARTESIAN_POINT('Ctrl Pts',(23.2902192745643,133.425693375034,54.2184564630558));
#9374=CARTESIAN_POINT('Ctrl Pts',(22.732219400681,133.24743502766,53.7502652052594));
#9375=CARTESIAN_POINT('Ctrl Pts',(22.3463070077804,133.100073626946,53.4030765677442));
#9376=CARTESIAN_POINT('Ctrl Pts',(22.1079447201618,133.002252005858,53.1819437626901));
#9377=CARTESIAN_POINT('Ctrl Pts',(21.6461932754898,132.794249382252,52.7356222526625));
#9378=CARTESIAN_POINT('Ctrl Pts',(21.0932533340549,132.505856435979,52.1626099322167));
#9379=CARTESIAN_POINT('Ctrl Pts',(20.4770314163166,132.116344877808,51.4577031630415));
#9380=CARTESIAN_POINT('Ctrl Pts',(20.1006726924527,131.82775754368,50.9775776082243));
#9381=CARTESIAN_POINT('Ctrl Pts',(19.9130751030289,131.668584758842,50.7233732714649));
#9382=CARTESIAN_POINT('Ctrl Pts',(19.8957540755843,131.652856833019,50.6988871408277));
#9383=CARTESIAN_POINT('Ctrl Pts',(19.8612273049267,131.622145953888,50.6507081927645));
#9384=CARTESIAN_POINT('Ctrl Pts',(19.8266129163467,131.591198677373,50.6022498057512));
#9385=CARTESIAN_POINT('Ctrl Pts',(19.7919874012334,131.560416830944,50.5539484498326));
#9386=CARTESIAN_POINT('Ctrl Pts',(19.7573286151548,131.529610786784,50.5056057812008));
#9387=CARTESIAN_POINT('Ctrl Pts',(19.7313088072473,131.506542554211,50.4693709049003));
#9388=CARTESIAN_POINT('Ctrl Pts',(19.4809151893817,131.284825138364,50.1209110034293));
#9389=CARTESIAN_POINT('Ctrl Pts',(19.0144911172813,130.875839150481,49.4756709100734));
#9390=CARTESIAN_POINT('Ctrl Pts',(18.3137130490145,130.262489121539,48.5073785791856));
#9391=CARTESIAN_POINT('Ctrl Pts',(17.6116741159392,129.65084423258,47.5401832237125));
#9392=CARTESIAN_POINT('Ctrl Pts',(16.908315822125,129.040018367525,46.573038505384));
#9393=CARTESIAN_POINT('Ctrl Pts',(16.203827784294,128.430282320558,45.6063634707064));
#9394=CARTESIAN_POINT('Ctrl Pts',(15.4982152396328,127.821309558811,44.639909386795));
#9395=CARTESIAN_POINT('Ctrl Pts',(14.791674353239,127.213221846161,43.6737523636702));
#9396=CARTESIAN_POINT('Ctrl Pts',(14.3200635160802,126.80833431512,43.0298257933554));
#9397=CARTESIAN_POINT('Ctrl Pts',(13.95319333417,126.493712037016,42.5292800303511));
#9398=CARTESIAN_POINT('Ctrl Pts',(13.7557429089269,126.324730444274,42.2601997962942));
#9399=CARTESIAN_POINT('Ctrl Pts',(13.4912263191583,126.101092154402,41.90244511628));
#9400=CARTESIAN_POINT('Ctrl Pts',(13.2257717817241,125.878082978149,41.5447918627589));
#9401=CARTESIAN_POINT('Ctrl Pts',(12.9590077192319,125.65618272433,41.1875171631005));
#9402=CARTESIAN_POINT('Ctrl Pts',(12.6911789050401,125.435351950111,40.8307426733961));
#9403=CARTESIAN_POINT('Ctrl Pts',(12.5569367861187,125.325275486824,40.6525030955189));
#9404=CARTESIAN_POINT('Ctrl Pts',(12.4693477511479,125.253679263987,40.5364338924983));
#9405=CARTESIAN_POINT('Ctrl Pts',(12.4290521074169,125.221416824478,40.4837068111193));
#9406=CARTESIAN_POINT('Ctrl Pts',(12.3888088960146,125.188630892032,40.4304930486788));
#9407=CARTESIAN_POINT('Ctrl Pts',(12.3416061915072,125.150144584925,40.3680483394305));
#9408=CARTESIAN_POINT('Ctrl Pts',(12.2888005801125,125.108335433774,40.2994315316874));
#9409=CARTESIAN_POINT('Ctrl Pts',(12.1848090004459,125.021299509396,40.159703242038));
#9410=CARTESIAN_POINT('Ctrl Pts',(12.008465642926,124.86490123511,39.9141655669709));
#9411=CARTESIAN_POINT('Ctrl Pts',(11.7720535266887,124.627144212745,39.5575432051503));
#9412=CARTESIAN_POINT('Ctrl Pts',(11.5152220709061,124.321140446143,39.1235931869314));
#9413=CARTESIAN_POINT('Ctrl Pts',(11.2104199161795,123.887453455152,38.5397340068794));
#9414=CARTESIAN_POINT('Ctrl Pts',(10.9035238469625,123.30002958274,37.8047743693426));
#9415=CARTESIAN_POINT('Ctrl Pts',(10.6617337709552,122.542374349046,36.9379291643866));
#9416=CARTESIAN_POINT('Ctrl Pts',(10.5470680000393,121.724595862711,36.0794325873943));
#9417=CARTESIAN_POINT('Ctrl Pts',(10.5659090683345,121.008433153995,35.3905953675062));
#9418=CARTESIAN_POINT('Ctrl Pts',(10.6402144258231,120.496827993688,34.9305625076194));
#9419=CARTESIAN_POINT('Ctrl Pts',(10.6999806981791,120.202972948411,34.6753824666781));
#9420=CARTESIAN_POINT('Ctrl Pts',(10.744724840319,120.018081986027,34.5185815638754));
#9421=CARTESIAN_POINT('Ctrl Pts',(10.7850519312192,119.869319984142,34.3947105595976));
#9422=CARTESIAN_POINT('Ctrl Pts',(10.8283904470524,119.720141498217,34.2720203291815));
#9423=CARTESIAN_POINT('Ctrl Pts',(10.8882487816137,119.532923568867,34.1209225493977));
#9424=CARTESIAN_POINT('Ctrl Pts',(10.955686052421,119.345042090208,33.9731744581525));
#9425=CARTESIAN_POINT('Ctrl Pts',(11.0068609404369,119.213336086775,33.871663202389));
#9426=CARTESIAN_POINT('Ctrl Pts',(11.0334376564659,119.147458669303,33.8214062747754));
#9427=CARTESIAN_POINT('Ctrl Pts',(11.0469731466881,119.114516177179,33.7964046339817));
#9428=CARTESIAN_POINT('Ctrl Pts',(11.0538024142241,119.098044598916,33.7839360030612));
#9429=CARTESIAN_POINT('Ctrl Pts',(11.0577227186171,119.088631863902,33.7768200770421));
#9430=CARTESIAN_POINT('Ctrl Pts',(11.059688308894,119.083925988046,33.7732655244349));
#9431=CARTESIAN_POINT('Ctrl Pts',(11.2065442485332,118.733000030264,33.5083255399456));
#9432=CARTESIAN_POINT('Ctrl Pts',(11.3840158033648,118.382981541807,33.2603798110559));
#9433=CARTESIAN_POINT('Ctrl Pts',(11.7357362889842,117.79473284918,32.871908595185));
#9434=CARTESIAN_POINT('Ctrl Pts',(11.9770403238707,117.432257169259,32.6454453522345));
#9435=CARTESIAN_POINT('Ctrl Pts',(12.3385591763754,116.963765524389,32.3790175975228));
#9436=CARTESIAN_POINT('Ctrl Pts',(12.7260764432866,116.505877982218,32.1366175912622));
#9437=CARTESIAN_POINT('Ctrl Pts',(13.2574761245916,115.955553397346,31.8799251644762));
#9438=CARTESIAN_POINT('Ctrl Pts',(13.729451591146,115.542823643616,31.7261122932908));
#9439=CARTESIAN_POINT('Ctrl Pts',(14.0363335968159,115.296131035336,31.6472632378789));
#9440=CARTESIAN_POINT('Ctrl Pts',(14.1606606063548,115.196637196634,31.6157581279315));
#9441=CARTESIAN_POINT('Ctrl Pts',(14.4055518114849,115.000412162276,31.5534601816853));
#9442=CARTESIAN_POINT('Ctrl Pts',(14.7114841950181,114.755387778664,31.4757349805873));
#9443=CARTESIAN_POINT('Ctrl Pts',(15.0763208597967,114.463118267312,31.3829836203837));
#9444=CARTESIAN_POINT('Ctrl Pts',(15.3798798813742,114.219966154649,31.3058347147015));
#9445=CARTESIAN_POINT('Ctrl Pts',(15.6224070572442,114.025686137888,31.2441882098198));
#9446=CARTESIAN_POINT('Ctrl Pts',(15.804291868933,113.87998729921,31.19795831352));
#9447=CARTESIAN_POINT('Ctrl Pts',(15.9558650554102,113.758568620669,31.1594317851716));
#9448=CARTESIAN_POINT('Ctrl Pts',(16.0619964110083,113.673551032818,31.1324558732057));
#9449=CARTESIAN_POINT('Ctrl Pts',(16.1226524122654,113.624961580602,31.1170385883193));
#9450=CARTESIAN_POINT('Ctrl Pts',(16.3956469126337,113.406276220309,31.0476500579888));
#9451=CARTESIAN_POINT('Ctrl Pts',(16.7146658292345,113.150745053001,30.9665628199952));
#9452=CARTESIAN_POINT('Ctrl Pts',(17.0347473812655,112.894339158634,30.8852057059219));
#9453=CARTESIAN_POINT('Ctrl Pts',(17.1262880279899,112.821009227274,30.8619382429306));
#9454=CARTESIAN_POINT('Ctrl Pts',(17.1873391004486,112.772103256297,30.8464205071126));
#9455=CARTESIAN_POINT('Ctrl Pts',(17.2637005778302,112.710932885683,30.8270112218228));
#9456=CARTESIAN_POINT('Ctrl Pts',(17.3554114819699,112.637466501667,30.8037004702584));
#9457=CARTESIAN_POINT('Ctrl Pts',(17.4777999067351,112.539425434548,30.7725922070599));
#9458=CARTESIAN_POINT('Ctrl Pts',(17.692271933904,112.367619994141,30.7180784253524));
#9459=CARTESIAN_POINT('Ctrl Pts',(17.9995423053993,112.12147886936,30.6399773874981));
#9460=CARTESIAN_POINT('Ctrl Pts',(18.3080703244368,111.874329939778,30.5615566035241));
#9461=CARTESIAN_POINT('Ctrl Pts',(18.5556742654916,111.675983167755,30.4986212976522));
#9462=CARTESIAN_POINT('Ctrl Pts',(18.8038077019339,111.477212104513,30.4355513728658));
#9463=CARTESIAN_POINT('Ctrl Pts',(19.1149802428153,111.227943844812,30.3564582485745));
#9464=CARTESIAN_POINT('Ctrl Pts',(19.4274788492097,110.977612906115,30.2770279848125));
#9465=CARTESIAN_POINT('Ctrl Pts',(19.6782497946647,110.776728583762,30.2132874918057));
#9466=CARTESIAN_POINT('Ctrl Pts',(20.0551640559295,110.474794942254,30.1174840723643));
#9467=CARTESIAN_POINT('Ctrl Pts',(20.6233432534122,110.019649985298,29.9730650075745));
#9468=CARTESIAN_POINT('Ctrl Pts',(21.3860084557481,109.408705720895,29.779211344837));
#9469=CARTESIAN_POINT('Ctrl Pts',(22.1526286572256,108.79459341088,29.5843519535887));
#9470=CARTESIAN_POINT('Ctrl Pts',(22.921840540379,108.178403282973,29.3888333736574));
#9471=CARTESIAN_POINT('Ctrl Pts',(23.6921656154427,107.56132067284,29.1930313928198));
#9472=CARTESIAN_POINT('Ctrl Pts',(24.46211473696,106.944538171615,28.9973245242969));
#9473=CARTESIAN_POINT('Ctrl Pts',(25.2302219128731,106.329230385039,28.802085393942));
#9474=CARTESIAN_POINT('Ctrl Pts',(25.9952722429292,105.716370516622,28.6076228104097));
#9475=CARTESIAN_POINT('Ctrl Pts',(26.7560855289808,105.106904080224,28.4142367638282));
#9476=CARTESIAN_POINT('Ctrl Pts',(27.5123128363903,104.501110630082,28.2220159531998));
#9477=CARTESIAN_POINT('Ctrl Pts',(28.2629710829484,103.899777739465,28.031210269398));
#9478=CARTESIAN_POINT('Ctrl Pts',(29.0102521787089,103.301149556776,27.8412625696049));
#9479=CARTESIAN_POINT('Ctrl Pts',(29.7583802285684,102.701842278923,27.6510991493455));
#9480=CARTESIAN_POINT('Ctrl Pts',(30.5061553063309,102.102817158796,27.4610250095642));
#9481=CARTESIAN_POINT('Ctrl Pts',(31.2540862286369,101.503666614126,27.2709108151146));
#9482=CARTESIAN_POINT('Ctrl Pts',(32.0019468532931,100.904571817474,27.0808140460999));
#9483=CARTESIAN_POINT('Ctrl Pts',(32.7498381890703,100.305451866458,26.8907090259101));
#9484=CARTESIAN_POINT('Ctrl Pts',(33.4977151574136,99.7063428836658,26.7006072111048));
#9485=CARTESIAN_POINT('Ctrl Pts',(34.2455979244923,99.1072287239958,26.5105034740562));
#9486=CARTESIAN_POINT('Ctrl Pts',(34.9934775098028,98.5081165895255,26.3204000957854));
#9487=CARTESIAN_POINT('Ctrl Pts',(35.7413579477065,97.90900325514,26.130296049146));
#9488=CARTESIAN_POINT('Ctrl Pts',(36.4892374560081,97.3098901540967,25.9401917854794));
#9489=CARTESIAN_POINT('Ctrl Pts',(37.2371168476752,96.7107766397543,25.7500870964823));
#9490=CARTESIAN_POINT('Ctrl Pts',(37.9849957740323,96.1116629951889,25.5599820691281));
#9491=CARTESIAN_POINT('Ctrl Pts',(38.7328744031158,95.5125490888175,25.3698766590526));
#9492=CARTESIAN_POINT('Ctrl Pts',(39.4807526703062,94.9134349747969,25.1797708810304));
#9493=CARTESIAN_POINT('Ctrl Pts',(40.2286306132924,94.3143206247762,24.9896647238315));
#9494=CARTESIAN_POINT('Ctrl Pts',(40.9765082226717,93.7152060476508,24.7995581881948));
#9495=CARTESIAN_POINT('Ctrl Pts',(41.7243855088686,93.1160912360188,24.6094512698178));
#9496=CARTESIAN_POINT('Ctrl Pts',(42.4722624724065,92.5169761900506,24.4193439669125));
#9497=CARTESIAN_POINT('Ctrl Pts',(43.2201391173258,91.9178609067868,24.2292362767936));
#9498=CARTESIAN_POINT('Ctrl Pts',(43.968015445312,91.3187453848836,24.0391281973705));
#9499=CARTESIAN_POINT('Ctrl Pts',(44.7158914584233,90.7196296224632,23.8490197264541));
#9500=CARTESIAN_POINT('Ctrl Pts',(45.4637671579625,90.1205136180478,23.6589108620423));
#9501=CARTESIAN_POINT('Ctrl Pts',(46.2116425450596,89.5213973701197,23.468801602172));
#9502=CARTESIAN_POINT('Ctrl Pts',(46.959517620479,88.9222808772984,23.2786919449679));
#9503=CARTESIAN_POINT('Ctrl Pts',(47.7073923847645,88.3231641382449,23.0885818886051));
#9504=CARTESIAN_POINT('Ctrl Pts',(48.4552668382251,87.7240471516893,22.8984714313124));
#9505=CARTESIAN_POINT('Ctrl Pts',(49.203140980985,87.1249299164061,22.7083605713597));
#9506=CARTESIAN_POINT('Ctrl Pts',(49.9510148129993,86.5258124312146,22.518249307054));
#9507=CARTESIAN_POINT('Ctrl Pts',(50.6988883340796,85.9266946949688,22.3281376367322));
#9508=CARTESIAN_POINT('Ctrl Pts',(51.4467615439111,85.3275767065539,22.1380255587572));
#9509=CARTESIAN_POINT('Ctrl Pts',(52.1946344420688,84.728458464881,21.9479130715137));
#9510=CARTESIAN_POINT('Ctrl Pts',(52.9425070280317,84.129339968883,21.7578001734042));
#9511=CARTESIAN_POINT('Ctrl Pts',(53.6903793011946,83.5302212175117,21.5676868628465));
#9512=CARTESIAN_POINT('Ctrl Pts',(54.4382512608784,82.931102209734,21.377573138271));
#9513=CARTESIAN_POINT('Ctrl Pts',(55.1861229063389,82.33198294453,21.1874589981186));
#9514=CARTESIAN_POINT('Ctrl Pts',(55.9339942367743,81.7328634208906,20.9973444408385));
#9515=CARTESIAN_POINT('Ctrl Pts',(56.6818652513319,81.1337436378153,20.8072294648877));
#9516=CARTESIAN_POINT('Ctrl Pts',(57.4297359491132,80.5346235943112,20.6171140687289));
#9517=CARTESIAN_POINT('Ctrl Pts',(58.1776063291792,79.9355032893907,20.4269982508301));
#9518=CARTESIAN_POINT('Ctrl Pts',(58.9254763905536,79.3363827220716,20.2368820096641));
#9519=CARTESIAN_POINT('Ctrl Pts',(59.6733461322271,78.7372618913746,20.0467653437077));
#9520=CARTESIAN_POINT('Ctrl Pts',(60.4212155531575,78.1381407963247,19.8566482514423));
#9521=CARTESIAN_POINT('Ctrl Pts',(61.169084652278,77.539019435946,19.6665307313524));
#9522=CARTESIAN_POINT('Ctrl Pts',(61.9169534284963,76.9398978092627,19.4764127819267));
#9523=CARTESIAN_POINT('Ctrl Pts',(62.6648218806871,76.3407759153058,19.2862944016609));
#9524=CARTESIAN_POINT('Ctrl Pts',(63.4126900077021,75.7416537531058,19.096175589056));
#9525=CARTESIAN_POINT('Ctrl Pts',(64.1605578083668,75.1425313216949,18.9060563426207));
#9526=CARTESIAN_POINT('Ctrl Pts',(64.9084252814815,74.543408620106,18.7159366608721));
#9527=CARTESIAN_POINT('Ctrl Pts',(65.6562924258209,73.9442856473735,18.5258165423378));
#9528=CARTESIAN_POINT('Ctrl Pts',(66.4041592401325,73.345162402533,18.3356959855581));
#9529=CARTESIAN_POINT('Ctrl Pts',(67.1520257231359,72.7460388846218,18.1455749890887));
#9530=CARTESIAN_POINT('Ctrl Pts',(67.8998918735205,72.1469150926797,17.9554535515033));
#9531=CARTESIAN_POINT('Ctrl Pts',(68.6477576899429,71.5477910257493,17.7653316713976));
#9532=CARTESIAN_POINT('Ctrl Pts',(69.3956231710244,70.9486666828769,17.5752093473938));
#9533=CARTESIAN_POINT('Ctrl Pts',(70.1434883153471,70.3495420631136,17.3850865781447));
#9534=CARTESIAN_POINT('Ctrl Pts',(70.8913531214499,69.7504171655163,17.1949633623404));
#9535=CARTESIAN_POINT('Ctrl Pts',(71.6392175878229,69.1512919891493,17.0048396987143));
#9536=CARTESIAN_POINT('Ctrl Pts',(72.387081712902,68.5521665330858,16.8147155860513));
#9537=CARTESIAN_POINT('Ctrl Pts',(73.1349454950613,67.9530407964099,16.6245910231967));
#9538=CARTESIAN_POINT('Ctrl Pts',(73.8828089326054,67.3539147782191,16.4344660090667));
#9539=CARTESIAN_POINT('Ctrl Pts',(74.6306720237597,66.7547884776266,16.2443405426603));
#9540=CARTESIAN_POINT('Ctrl Pts',(75.3785347666593,66.1556618937647,16.0542146230739));
#9541=CARTESIAN_POINT('Ctrl Pts',(76.1263971593363,65.5565350257883,15.8640882495167));
#9542=CARTESIAN_POINT('Ctrl Pts',(76.8742591997046,64.9574078728791,15.6739614213304));
#9543=CARTESIAN_POINT('Ctrl Pts',(77.6221208855429,64.3582804342506,15.4838341380105));
#9544=CARTESIAN_POINT('Ctrl Pts',(78.3699822144752,63.7591527091533,15.2937063992311));
#9545=CARTESIAN_POINT('Ctrl Pts',(79.1178431839465,63.1600246968821,15.103578204875));
#9546=CARTESIAN_POINT('Ctrl Pts',(79.8657037911979,62.5608963967825,14.9134495550662));
#9547=CARTESIAN_POINT('Ctrl Pts',(80.6135640332325,61.9617678082618,14.7233204502099));
#9548=CARTESIAN_POINT('Ctrl Pts',(81.3614239067873,61.3626389307935,14.5331908910359));
#9549=CARTESIAN_POINT('Ctrl Pts',(82.1092834082869,60.7635097639324,14.3430608786512));
#9550=CARTESIAN_POINT('Ctrl Pts',(82.8571425337893,60.1643803073341,14.1529304146023));
#9551=CARTESIAN_POINT('Ctrl Pts',(83.6050012789387,59.5652505607635,13.9627995009426));
#9552=CARTESIAN_POINT('Ctrl Pts',(84.3528596388992,58.9661205241157,13.7726681403135));
#9553=CARTESIAN_POINT('Ctrl Pts',(85.1007176082815,58.3669901974357,13.5825363360367));
#9554=CARTESIAN_POINT('Ctrl Pts',(85.8485751810578,57.7678595809434,13.3924040922224));
#9555=CARTESIAN_POINT('Ctrl Pts',(86.5964323504631,57.1687286750611,13.202271413893));
#9556=CARTESIAN_POINT('Ctrl Pts',(87.3442891088813,56.5695974804461,13.0121383071268));
#9557=CARTESIAN_POINT('Ctrl Pts',(88.0921454477135,55.9704659980283,12.822004779224));
#9558=CARTESIAN_POINT('Ctrl Pts',(88.8400013572257,55.3713342290532,12.6318708388985));
#9559=CARTESIAN_POINT('Ctrl Pts',(89.5878568263728,54.7722021751325,12.4417364965));
#9560=CARTESIAN_POINT('Ctrl Pts',(90.3357118425958,54.1730698383009,12.2516017642697));
#9561=CARTESIAN_POINT('Ctrl Pts',(91.0835663915848,53.5739372210852,12.0614666566382));
#9562=CARTESIAN_POINT('Ctrl Pts',(91.8314204570112,52.9748043265768,11.871331190565));
#9563=CARTESIAN_POINT('Ctrl Pts',(92.5792740202052,52.3756711585324,11.681195385941));
#9564=CARTESIAN_POINT('Ctrl Pts',(93.3271270598109,51.7765377214519,11.4910592660325));
#9565=CARTESIAN_POINT('Ctrl Pts',(94.0749795513252,51.177404020755,11.3009228580413));
#9566=CARTESIAN_POINT('Ctrl Pts',(94.8228314667055,50.578270062791,11.1107861936472));
#9567=CARTESIAN_POINT('Ctrl Pts',(95.5706827736007,49.9791358552866,10.920649309871));
#9568=CARTESIAN_POINT('Ctrl Pts',(96.3185334351685,49.3800014068853,10.7305122495417));
#9569=CARTESIAN_POINT('Ctrl Pts',(97.0663834082829,48.7808667288045,10.5403750630275));
#9570=CARTESIAN_POINT('Ctrl Pts',(97.8142326450031,48.1817318318513,10.3502378075677));
#9571=CARTESIAN_POINT('Ctrl Pts',(98.5620810863442,47.58259673394,10.1601005524762));
#9572=CARTESIAN_POINT('Ctrl Pts',(99.3099286728229,46.9834614442304,9.96996337177947));
#9573=CARTESIAN_POINT('Ctrl Pts',(100.057775316918,46.3843259997578,9.77982636565305));
#9574=CARTESIAN_POINT('Ctrl Pts',(100.805620960184,45.7851903847186,9.58968961815774));
#9575=CARTESIAN_POINT('Ctrl Pts',(101.553465440137,45.186054712667,9.39955329848013));
#9576=CARTESIAN_POINT('Ctrl Pts',(102.301308782203,44.5869188203366,9.20941744192677));
#9577=CARTESIAN_POINT('Ctrl Pts',(103.049150539063,43.9877831790171,9.0192824490927));
#9578=CARTESIAN_POINT('Ctrl Pts',(103.796991261651,43.3886468564331,8.82914797853064));
#9579=CARTESIAN_POINT('Ctrl Pts',(104.544829196458,42.7895120824256,8.63901543770056));
#9580=CARTESIAN_POINT('Ctrl Pts',(105.292667668854,42.1903740302673,8.44888241982564));
#9581=CARTESIAN_POINT('Ctrl Pts',(106.040498541212,41.5912436976057,8.2587551744624));
#9582=CARTESIAN_POINT('Ctrl Pts',(106.788339215875,40.99209669756,8.06862071049837));
#9583=CARTESIAN_POINT('Ctrl Pts',(107.536150204832,40.3929875696152,7.87850916687859));
#9584=CARTESIAN_POINT('Ctrl Pts',(108.284008806612,39.7938024959656,7.68835690250484));
#9585=CARTESIAN_POINT('Ctrl Pts',(109.031994213331,39.1945949615263,7.49824479976672));
#9586=CARTESIAN_POINT('Ctrl Pts',(109.530757553068,38.7948921869939,7.37135275194071));
#9587=CARTESIAN_POINT('Ctrl Pts',(109.815771201504,38.566741694784,7.29907602802337));
#9588=CARTESIAN_POINT('Ctrl Pts',(109.850966846862,38.5392437861825,7.2908073483144));
#9589=CARTESIAN_POINT('Ctrl Pts',(110.079455707846,38.361703158509,7.23809452567548));
#9590=CARTESIAN_POINT('Ctrl Pts',(110.47519585803,38.0729365723739,7.16507592913569));
#9591=CARTESIAN_POINT('Ctrl Pts',(110.893096171064,37.8038938691137,7.12298835556666));
#9592=CARTESIAN_POINT('Ctrl Pts',(111.448478469265,37.4684627059673,7.0886612408734));
#9593=CARTESIAN_POINT('Ctrl Pts',(112.155250648894,37.089010378183,7.09128519529973));
#9594=CARTESIAN_POINT('Ctrl Pts',(113.245399735689,36.631679049691,7.22012348652882));
#9595=CARTESIAN_POINT('Ctrl Pts',(114.364953455359,36.2822387594967,7.46977809743196));
#9596=CARTESIAN_POINT('Ctrl Pts',(115.485970496236,36.0487429263255,7.83322403052929));
#9597=CARTESIAN_POINT('Ctrl Pts',(116.301639376531,35.961375609277,8.17825148827573));
#9598=CARTESIAN_POINT('Ctrl Pts',(116.836142358817,35.9379159646073,8.43726120044561));
#9599=CARTESIAN_POINT('Ctrl Pts',(117.189733733777,35.9316814571639,8.61764436148416));
#9600=CARTESIAN_POINT('Ctrl Pts',(117.538271438481,35.9394470790202,8.80907545902537));
#9601=CARTESIAN_POINT('Ctrl Pts',(117.880324342649,35.9611566207371,9.01063514067035));
#9602=CARTESIAN_POINT('Ctrl Pts',(118.133255138778,35.9843276772517,9.16662722798952));
#9603=CARTESIAN_POINT('Ctrl Pts',(118.319994711387,36.0068214258611,9.2870545065678));
#9604=CARTESIAN_POINT('Ctrl Pts',(118.443139527895,36.0239255799268,9.36867560968185));
#9605=CARTESIAN_POINT('Ctrl Pts',(118.524871550748,36.0358874825286,9.42344235199464));
#9606=CARTESIAN_POINT('Ctrl Pts',(118.626343715443,36.0518819965299,9.49255532284491));
#9607=CARTESIAN_POINT('Ctrl Pts',(118.746955256456,36.0727328757524,9.57649710378154));
#9608=CARTESIAN_POINT('Ctrl Pts',(118.906182364636,36.102724628726,9.68971846217147));
#9609=CARTESIAN_POINT('Ctrl Pts',(119.102146384463,36.1442746700351,9.83359872812987));
#9610=CARTESIAN_POINT('Ctrl Pts',(119.293779938338,36.1911458897186,9.98038508546056));
#9611=CARTESIAN_POINT('Ctrl Pts',(119.425494509934,36.2266840025392,10.0845075723966));
#9612=CARTESIAN_POINT('Ctrl Pts',(119.483830007054,36.2431759361414,10.1313552295756));
#9613=CARTESIAN_POINT('Ctrl Pts',(119.507089178911,36.2498658114489,10.1501449488382));
#9614=CARTESIAN_POINT('Ctrl Pts',(119.516386375984,36.2525500714548,10.1576654849175));
#9615=CARTESIAN_POINT('Ctrl Pts',(119.527995737062,36.2559208331293,10.1670748893068));
#9616=CARTESIAN_POINT('Ctrl Pts',(119.539588763788,36.2593122490236,10.1764958051937));
#9617=CARTESIAN_POINT('Ctrl Pts',(119.547695228219,36.2616970768354,10.1830964267145));
#9618=CARTESIAN_POINT('Ctrl Pts',(119.551746283193,36.2628922040199,10.1863982238526));
#9619=CARTESIAN_POINT('Ctrl Pts',(119.553771280268,36.2634904402224,10.1880495017322));
#9620=CARTESIAN_POINT('Ctrl Pts',(119.554783626175,36.2637897335677,10.188875224171));
#9621=CARTESIAN_POINT('Ctrl Pts',(119.555362096573,36.2639607975728,10.1893471067182));
#9622=CARTESIAN_POINT('Ctrl Pts',(119.555651273528,36.2640463616815,10.1895830312635));
#9623=CARTESIAN_POINT('Ctrl Pts',(119.803610123691,36.3373332203798,10.3918534494676));
#9624=CARTESIAN_POINT('Ctrl Pts',(120.289046571611,36.5037071037208,10.8103864371919));
#9625=CARTESIAN_POINT('Ctrl Pts',(120.962492822711,36.8126577461864,11.4669894187608));
#9626=CARTESIAN_POINT('Ctrl Pts',(121.480555942078,37.1161348824088,12.0364194403904));
#9627=CARTESIAN_POINT('Ctrl Pts',(121.775504939333,37.3214585732076,12.3922645784321));
#9628=CARTESIAN_POINT('Ctrl Pts',(121.880916514116,37.3992449054545,12.5237249482948));
#9629=CARTESIAN_POINT('Ctrl Pts',(121.904259213648,37.4165938704353,12.5529546083033));
#9630=CARTESIAN_POINT('Ctrl Pts',(121.944910850611,37.4471145477426,12.6041598309242));
#9631=CARTESIAN_POINT('Ctrl Pts',(121.990911596509,37.4823592406454,12.6627960831673));
#9632=CARTESIAN_POINT('Ctrl Pts',(122.030747394229,37.5135147353591,12.7141897559321));
#9633=CARTESIAN_POINT('Ctrl Pts',(122.053398121742,37.5314114520359,12.7435891472251));
#9634=CARTESIAN_POINT('Ctrl Pts',(122.067507665819,37.5426352001198,12.7619762829123));
#9635=CARTESIAN_POINT('Ctrl Pts',(122.078766699273,37.5516373442399,12.7766933294867));
#9636=CARTESIAN_POINT('Ctrl Pts',(122.087196840526,37.5584004222993,12.7877348576704));
#9637=CARTESIAN_POINT('Ctrl Pts',(122.095612809281,37.5651749808109,12.7987800996755));
#9638=CARTESIAN_POINT('Ctrl Pts',(122.10401461676,37.5719609829097,12.809829038176));
#9639=CARTESIAN_POINT('Ctrl Pts',(122.112402201544,37.5787584166296,12.8208816121734));
#9640=CARTESIAN_POINT('Ctrl Pts',(122.119380077044,37.584432440563,12.8300951574008));
#9641=CARTESIAN_POINT('Ctrl Pts',(122.12495514103,37.588977362259,12.8374676985598));
#9642=CARTESIAN_POINT('Ctrl Pts',(122.129132882304,37.5923888934701,12.8429980000229));
#9643=CARTESIAN_POINT('Ctrl Pts',(122.132611388586,37.5952342035203,12.8476073427194));
#9644=CARTESIAN_POINT('Ctrl Pts',(122.135044741371,37.5972271596521,12.8508342387396));
#9645=CARTESIAN_POINT('Ctrl Pts',(122.136261043919,37.5982239517499,12.8524477948957));
#9646=CARTESIAN_POINT('Ctrl Pts',(122.136869069613,37.5987224203697,12.8532545767478));
#9647=CARTESIAN_POINT('Ctrl Pts',(122.137173093578,37.5989716807469,12.8536579993754));
#9648=CARTESIAN_POINT('Ctrl Pts',(122.137325051221,37.5990963067832,12.8538596772877));
#9649=CARTESIAN_POINT('Ctrl Pts',(122.137411956312,37.5991675368547,12.853974975701));
#9650=CARTESIAN_POINT('Ctrl Pts',(122.137455278681,37.5992031281406,12.8540325312878));
#9651=CARTESIAN_POINT('Ctrl Pts',(122.209098651699,37.6575834044199,12.9487581429614));
#9652=CARTESIAN_POINT('Ctrl Pts',(122.28880842509,37.7173118449524,13.0491231339993));
#9653=CARTESIAN_POINT('Ctrl Pts',(122.509010331265,37.8875995513423,13.3314511638193));
#9654=CARTESIAN_POINT('Ctrl Pts',(122.653246341462,37.9989408520394,13.5162282002408));
#9655=CARTESIAN_POINT('Ctrl Pts',(122.797388776902,38.1102184337097,13.7008356178061));
#9656=CARTESIAN_POINT('Ctrl Pts',(123.181410805575,37.7913654100405,13.5922729773513));
#9657=CARTESIAN_POINT('Ctrl Pts',(123.418170011807,37.9734879774457,13.8948671225474));
#9658=CARTESIAN_POINT('Ctrl Pts',(123.892270874519,38.3373375121602,14.4999766296522));
#9659=CARTESIAN_POINT('Ctrl Pts',(124.605261343268,38.8817586390475,15.4072906326663));
#9660=CARTESIAN_POINT('Ctrl Pts',(125.320175599038,39.4246463201384,16.3141231073412));
#9661=CARTESIAN_POINT('Ctrl Pts',(126.037106725534,39.9658138639087,17.2203409861355));
#9662=CARTESIAN_POINT('Ctrl Pts',(126.756170571448,40.5050621892304,18.1258111201856));
#9663=CARTESIAN_POINT('Ctrl Pts',(127.477519291581,41.0421987935591,19.0304259304526));
#9664=CARTESIAN_POINT('Ctrl Pts',(128.201363347337,41.5770619830143,19.9341386553687));
#9665=CARTESIAN_POINT('Ctrl Pts',(128.685766174396,41.9320207173952,20.5360068849537));
#9666=CARTESIAN_POINT('Ctrl Pts',(129.072112561852,42.2138445371352,21.0147899919994));
#9667=CARTESIAN_POINT('Ctrl Pts',(129.361073091361,42.4217805555975,21.3701070527284));
#9668=CARTESIAN_POINT('Ctrl Pts',(129.946901411341,42.8312913110546,22.0787049607184));
#9669=CARTESIAN_POINT('Ctrl Pts',(130.394525269317,43.1302662563313,22.6065460522188));
#9670=CARTESIAN_POINT('Ctrl Pts',(130.72539470499,43.3442174393308,22.9898385227219));
#9671=CARTESIAN_POINT('Ctrl Pts',(130.832355627042,43.4138799785621,23.114232338718));
#9672=CARTESIAN_POINT('Ctrl Pts',(130.938074675905,43.4847817648267,23.2391803085193));
#9673=CARTESIAN_POINT('Ctrl Pts',(131.078876720194,43.58142610647,23.407752477354));
#9674=CARTESIAN_POINT('Ctrl Pts',(131.201606644335,43.6686348213473,23.5575850444928));
#9675=CARTESIAN_POINT('Ctrl Pts',(131.439103556755,43.8494939713276,23.8593355143213));
#9676=CARTESIAN_POINT('Ctrl Pts',(131.833299723331,44.183498663342,24.393175497447));
#9677=CARTESIAN_POINT('Ctrl Pts',(132.328017225443,44.7058271257938,25.1637980848024));
#9678=CARTESIAN_POINT('Ctrl Pts',(132.806187291152,45.4182784197151,26.1112075526243));
#9679=CARTESIAN_POINT('Ctrl Pts',(133.137796609667,46.2095839397846,27.0582526991722));
#9680=CARTESIAN_POINT('Ctrl Pts',(133.296783951915,47.0704097523102,27.9820790732543));
#9681=CARTESIAN_POINT('Ctrl Pts',(133.248248869824,48.0069573363558,28.8703286500985));
#9682=CARTESIAN_POINT('Ctrl Pts',(132.963996787451,48.9655287732331,29.6557328422788));
#9683=CARTESIAN_POINT('Ctrl Pts',(132.604841085618,49.611415050077,30.0965196632267));
#9684=CARTESIAN_POINT('Ctrl Pts',(132.361505282288,49.9601746471545,30.3084729733226));
#9685=CARTESIAN_POINT('Ctrl Pts',(132.307066955161,50.0375209005801,30.3552297614131));
#9686=CARTESIAN_POINT('Ctrl Pts',(132.141163423268,50.2689407423372,30.4935308033023));
#9687=CARTESIAN_POINT('Ctrl Pts',(131.940128426377,50.5370894403604,30.6491395235138));
#9688=CARTESIAN_POINT('Ctrl Pts',(131.760442205711,50.7645430469576,30.7763003870552));
#9689=CARTESIAN_POINT('Ctrl Pts',(131.615480417438,50.944934478914,30.8758559767174));
#9690=CARTESIAN_POINT('Ctrl Pts',(131.442981920572,51.1532183470422,30.9881030372875));
#9691=CARTESIAN_POINT('Ctrl Pts',(131.082736869661,51.5635319802034,31.1984516082437));
#9692=CARTESIAN_POINT('Ctrl Pts',(130.603286855866,52.0655398978501,31.435394313572));
#9693=CARTESIAN_POINT('Ctrl Pts',(129.983191162189,52.6482297786132,31.6768762072267));
#9694=CARTESIAN_POINT('Ctrl Pts',(129.542922257229,53.0204182061967,31.8078127091812));
#9695=CARTESIAN_POINT('Ctrl Pts',(129.284810236225,53.2274548793098,31.8736835614453));
#9696=CARTESIAN_POINT('Ctrl Pts',(129.22046220998,53.2790697481895,31.8901054070871));
#9697=CARTESIAN_POINT('Ctrl Pts',(129.091810610152,53.3822636884483,31.9229376162023));
#9698=CARTESIAN_POINT('Ctrl Pts',(128.866851866075,53.5627069732533,31.9803471790054));
#9699=CARTESIAN_POINT('Ctrl Pts',(128.417477970478,53.9231558727392,32.0950259742729));
#9700=CARTESIAN_POINT('Ctrl Pts',(127.779929693123,54.434536784769,32.2577211897391));
#9701=CARTESIAN_POINT('Ctrl Pts',(127.013818783037,55.0490337056272,32.4532194996989));
#9702=CARTESIAN_POINT('Ctrl Pts',(126.248092062088,55.6632165416211,32.6486139877695));
#9703=CARTESIAN_POINT('Ctrl Pts',(125.482193934741,56.2775314175234,32.8440469027382));
#9704=CARTESIAN_POINT('Ctrl Pts',(124.716368873713,56.8917820199862,33.039455642772));
#9705=CARTESIAN_POINT('Ctrl Pts',(123.950507593055,57.5060561066425,33.2348681928171));
#9706=CARTESIAN_POINT('Ctrl Pts',(123.184658714304,58.1203146407991,33.4302721090022));
#9707=CARTESIAN_POINT('Ctrl Pts',(122.418800361876,58.7345751983023,33.6256730023442));
#9708=CARTESIAN_POINT('Ctrl Pts',(121.652942174961,59.348830052059,33.8210684174715));
#9709=CARTESIAN_POINT('Ctrl Pts',(120.88707973813,59.9630827635073,34.0164595004722));
#9710=CARTESIAN_POINT('Ctrl Pts',(120.121214932998,60.5773318399518,34.2118457873354));
#9711=CARTESIAN_POINT('Ctrl Pts',(119.355346845089,61.1915780359429,34.4072275319589));
#9712=CARTESIAN_POINT('Ctrl Pts',(118.589475823082,61.8058210934218,34.6026046664599));
#9713=CARTESIAN_POINT('Ctrl Pts',(117.823601663683,62.4200611990041,34.797977265697));
#9714=CARTESIAN_POINT('Ctrl Pts',(117.057724420672,63.034298334088,34.9933453398876));
#9715=CARTESIAN_POINT('Ctrl Pts',(116.291844042056,63.6485325660306,35.1887089273305));
#9716=CARTESIAN_POINT('Ctrl Pts',(115.525960530859,64.2627639188622,35.3840680530701));
#9717=CARTESIAN_POINT('Ctrl Pts',(114.760073872229,64.8769924316836,35.5794227474237));
#9718=CARTESIAN_POINT('Ctrl Pts',(113.994184065007,65.4912181331829,35.7747730377746));
#9719=CARTESIAN_POINT('Ctrl Pts',(113.22829110691,66.1054410534361,35.970118952265));
#9720=CARTESIAN_POINT('Ctrl Pts',(112.462395000041,66.7196612193865,36.165460518294));
#9721=CARTESIAN_POINT('Ctrl Pts',(111.696495748304,67.3338786568413,36.3607977631032));
#9722=CARTESIAN_POINT('Ctrl Pts',(110.93059335802,67.9480933899112,36.5561307135529));
#9723=CARTESIAN_POINT('Ctrl Pts',(110.164687837075,68.5623054416345,36.7514593962832));
#9724=CARTESIAN_POINT('Ctrl Pts',(109.398779194917,69.1765148339315,36.946783837666));
#9725=CARTESIAN_POINT('Ctrl Pts',(108.632867442219,69.7907215878277,37.1421040638482));
#9726=CARTESIAN_POINT('Ctrl Pts',(107.866952590749,70.4049257235279,37.3374201007509));
#9727=CARTESIAN_POINT('Ctrl Pts',(107.101034653173,71.0191272605343,37.5327319740859));
#9728=CARTESIAN_POINT('Ctrl Pts',(106.335113642935,71.633326217723,37.7280397093626));
#9729=CARTESIAN_POINT('Ctrl Pts',(105.569189574124,72.2475226134222,37.923343331897));
#9730=CARTESIAN_POINT('Ctrl Pts',(104.803262461376,72.8617164654737,38.1186428668186));
#9731=CARTESIAN_POINT('Ctrl Pts',(104.037332319781,73.4759077912889,38.3139383390763));
#9732=CARTESIAN_POINT('Ctrl Pts',(103.271399164807,74.0900966078957,38.5092297734445));
#9733=CARTESIAN_POINT('Ctrl Pts',(102.505463012233,74.7042829319796,38.7045171945275));
#9734=CARTESIAN_POINT('Ctrl Pts',(101.739523878092,75.318466779919,38.8998006267633));
#9735=CARTESIAN_POINT('Ctrl Pts',(100.97358177862,75.9326481678156,39.0950800944284));
#9736=CARTESIAN_POINT('Ctrl Pts',(100.207636730217,76.546827111521,39.29035562164));
#9737=CARTESIAN_POINT('Ctrl Pts',(99.4416887494057,77.1610036266594,39.4856272323596));
#9738=CARTESIAN_POINT('Ctrl Pts',(98.6757378528047,77.775177728647,39.6808949503955));
#9739=CARTESIAN_POINT('Ctrl Pts',(97.9097840570985,78.3893494327093,39.8761587994051));
#9740=CARTESIAN_POINT('Ctrl Pts',(97.1438273790153,79.003518753896,40.0714188028971));
#9741=CARTESIAN_POINT('Ctrl Pts',(96.3778678353073,79.6176857070934,40.2666749842331));
#9742=CARTESIAN_POINT('Ctrl Pts',(95.611905442733,80.2318503070354,40.46192736663));
#9743=CARTESIAN_POINT('Ctrl Pts',(94.8459402180428,80.8460125683134,40.6571759731611));
#9744=CARTESIAN_POINT('Ctrl Pts',(94.0799721779667,81.4601725053845,40.8524208267576));
#9745=CARTESIAN_POINT('Ctrl Pts',(93.3140013392033,82.0743301325786,41.0476619502104));
#9746=CARTESIAN_POINT('Ctrl Pts',(92.5480277184104,82.6884854641047,41.2428993661708));
#9747=CARTESIAN_POINT('Ctrl Pts',(91.7820513321979,83.3026385140563,41.4381330971521));
#9748=CARTESIAN_POINT('Ctrl Pts',(91.0160721971205,83.9167892964164,41.6333631655304));
#9749=CARTESIAN_POINT('Ctrl Pts',(90.250090329672,84.5309378250611,41.8285895935461));
#9750=CARTESIAN_POINT('Ctrl Pts',(89.4841057462814,85.1450841137639,42.0238124033045));
#9751=CARTESIAN_POINT('Ctrl Pts',(88.718118463308,85.7592281761981,42.2190316167768));
#9752=CARTESIAN_POINT('Ctrl Pts',(87.9521284970384,86.3733700259404,42.4142472558014));
#9753=CARTESIAN_POINT('Ctrl Pts',(87.1861358636838,86.9875096764723,42.6094593420844));
#9754=CARTESIAN_POINT('Ctrl Pts',(86.420140579378,87.6016471411832,42.8046678972007));
#9755=CARTESIAN_POINT('Ctrl Pts',(85.6541426601746,88.2157824333717,42.9998729425945));
#9756=CARTESIAN_POINT('Ctrl Pts',(84.8881421220474,88.8299155662467,43.1950744995806));
#9757=CARTESIAN_POINT('Ctrl Pts',(84.1221389808863,89.4440465529309,43.3902725893451));
#9758=CARTESIAN_POINT('Ctrl Pts',(83.3561332525026,90.0581754064574,43.5854672329454));
#9759=CARTESIAN_POINT('Ctrl Pts',(82.5901249526152,90.6723021397808,43.7806584513136));
#9760=CARTESIAN_POINT('Ctrl Pts',(81.8241140968802,91.2864267657553,43.9758462652505));
#9761=CARTESIAN_POINT('Ctrl Pts',(81.0581007008242,91.900549297188,44.1710306954428));
#9762=CARTESIAN_POINT('Ctrl Pts',(80.2920847800056,92.514669746711,44.3662117624233));
#9763=CARTESIAN_POINT('Ctrl Pts',(79.5260663493518,93.1287881273136,44.5613894867403));
#9764=CARTESIAN_POINT('Ctrl Pts',(78.7600454241905,93.7429044515164,44.7565638886959));
#9765=CARTESIAN_POINT('Ctrl Pts',(77.994022019726,94.3570187317926,44.9517349884811));
#9766=CARTESIAN_POINT('Ctrl Pts',(77.2279961510988,94.9711309805208,45.1469028061607));
#9767=CARTESIAN_POINT('Ctrl Pts',(76.4619678333646,95.5852412100036,45.3420673616807));
#9768=CARTESIAN_POINT('Ctrl Pts',(75.6959370815062,96.1993494324592,45.5372286748665));
#9769=CARTESIAN_POINT('Ctrl Pts',(74.9299039104316,96.8134556600246,45.7323867654243));
#9770=CARTESIAN_POINT('Ctrl Pts',(74.1638683349778,97.4275599047539,45.9275416529423));
#9771=CARTESIAN_POINT('Ctrl Pts',(73.3978303699135,98.0416621786178,46.1226933568913));
#9772=CARTESIAN_POINT('Ctrl Pts',(72.6317900299426,98.6557624935029,46.3178418966259));
#9773=CARTESIAN_POINT('Ctrl Pts',(71.8657473297083,99.2698608612105,46.5129872913853));
#9774=CARTESIAN_POINT('Ctrl Pts',(71.0997022837975,99.8839572934553,46.7081295602946));
#9775=CARTESIAN_POINT('Ctrl Pts',(70.3336549067463,100.498051801864,46.9032687223658));
#9776=CARTESIAN_POINT('Ctrl Pts',(69.567605213046,101.112144397971,47.0984047964991));
#9777=CARTESIAN_POINT('Ctrl Pts',(68.8015532171501,101.726235093221,47.2935378014841));
#9778=CARTESIAN_POINT('Ctrl Pts',(68.0354989334826,102.340323898961,47.4886677560014));
#9779=CARTESIAN_POINT('Ctrl Pts',(67.2694423764472,102.954410826439,47.6837946786241));
#9780=CARTESIAN_POINT('Ctrl Pts',(66.503383560438,103.568495886799,47.8789185878192));
#9781=CARTESIAN_POINT('Ctrl Pts',(65.7373224998525,104.182579091077,48.0740395019501));
#9782=CARTESIAN_POINT('Ctrl Pts',(64.9712592091052,104.796660450197,48.2691574392777));
#9783=CARTESIAN_POINT('Ctrl Pts',(64.2051937026454,105.410739974959,48.4642724179638));
#9784=CARTESIAN_POINT('Ctrl Pts',(63.439125994975,106.024817676038,48.6593844560726));
#9785=CARTESIAN_POINT('Ctrl Pts',(62.6730561006727,106.638893563969,48.8544935715742));
#9786=CARTESIAN_POINT('Ctrl Pts',(61.9069840344169,107.25296764914,49.0495997823477));
#9787=CARTESIAN_POINT('Ctrl Pts',(61.140909811021,107.867039941776,49.2447031061841));
#9788=CARTESIAN_POINT('Ctrl Pts',(60.3748334454566,108.481110451934,49.4398035607927));
#9789=CARTESIAN_POINT('Ctrl Pts',(59.6087549529216,109.095179189459,49.6349011637989));
#9790=CARTESIAN_POINT('Ctrl Pts',(58.842674348642,109.709246164169,49.8299959328119));
#9791=CARTESIAN_POINT('Ctrl Pts',(58.0765916483865,110.323311385455,50.0250878853128));
#9792=CARTESIAN_POINT('Ctrl Pts',(57.3105068682432,110.937374862484,50.220177038735));
#9793=CARTESIAN_POINT('Ctrl Pts',(56.5444200247601,111.551436604121,50.4152634104539));
#9794=CARTESIAN_POINT('Ctrl Pts',(55.7783311350007,112.165496618904,50.6103470178037));
#9795=CARTESIAN_POINT('Ctrl Pts',(55.0122402166532,112.779554915001,50.8054278780842));
#9796=CARTESIAN_POINT('Ctrl Pts',(54.2461472881378,113.393611500163,51.0005060085747));
#9797=CARTESIAN_POINT('Ctrl Pts',(53.4800523687387,114.007666381667,51.1955814265466));
#9798=CARTESIAN_POINT('Ctrl Pts',(52.713955478755,114.621719566247,51.39065414928));
#9799=CARTESIAN_POINT('Ctrl Pts',(51.9478566396754,115.235771060025,51.5857241940818));
#9800=CARTESIAN_POINT('Ctrl Pts',(51.1817558743826,115.849820868417,51.7807915783071));
#9801=CARTESIAN_POINT('Ctrl Pts',(50.4156532073867,116.463868996033,51.9758563193834));
#9802=CARTESIAN_POINT('Ctrl Pts',(49.6495486651028,117.077915446557,52.170918434839));
#9803=CARTESIAN_POINT('Ctrl Pts',(48.8834422761585,117.691960222616,52.3659779423369));
#9804=CARTESIAN_POINT('Ctrl Pts',(48.1173340717832,118.306003325602,52.5610348597086));
#9805=CARTESIAN_POINT('Ctrl Pts',(47.3512240861856,118.920044755525,52.756089205009));
#9806=CARTESIAN_POINT('Ctrl Pts',(46.5851123571581,119.534084510715,52.9511409965411));
#9807=CARTESIAN_POINT('Ctrl Pts',(45.8189989264046,120.148122587759,53.1461902529743));
#9808=CARTESIAN_POINT('Ctrl Pts',(45.0528838407565,120.762158980783,53.3412369932797));
#9809=CARTESIAN_POINT('Ctrl Pts',(44.2867671517123,121.376193682086,53.536281237106));
#9810=CARTESIAN_POINT('Ctrl Pts',(43.520648919092,121.990226679574,53.7313230042067));
#9811=CARTESIAN_POINT('Ctrl Pts',(42.7545292058991,122.604257961174,53.9263623160345));
#9812=CARTESIAN_POINT('Ctrl Pts',(41.9884080933543,123.218287503417,54.1213991925322));
#9813=CARTESIAN_POINT('Ctrl Pts',(41.2222856513328,123.832315295213,54.3164336597348));
#9814=CARTESIAN_POINT('Ctrl Pts',(40.456162009301,124.446341282556,54.5114657332359));
#9815=CARTESIAN_POINT('Ctrl Pts',(39.6900372030168,125.060365489904,54.7064954557638));
#9816=CARTESIAN_POINT('Ctrl Pts',(38.9239115240538,125.674387745711,54.9015228137282));
#9817=CARTESIAN_POINT('Ctrl Pts',(38.1577847445806,126.288408293775,55.0965479248423));
#9818=CARTESIAN_POINT('Ctrl Pts',(37.3916578619735,126.902426420438,55.2915706188377));
#9819=CARTESIAN_POINT('Ctrl Pts',(36.6255292027246,127.516443523845,55.4865913772368));
#9820=CARTESIAN_POINT('Ctrl Pts',(35.8594031565257,128.130456237487,55.6816092305848));
#9821=CARTESIAN_POINT('Ctrl Pts',(35.0932706359822,128.744471819235,55.8766264674586));
#9822=CARTESIAN_POINT('Ctrl Pts',(34.3271528388206,129.358473691712,56.0716380935624));
#9823=CARTESIAN_POINT('Ctrl Pts',(33.5610032871062,129.972498585822,56.2666554335576));
#9824=CARTESIAN_POINT('Ctrl Pts',(32.7949272828838,130.586463727019,56.4616532634062));
#9825=CARTESIAN_POINT('Ctrl Pts',(32.0286875426343,131.20055616779,56.6566889406463));
#9826=CARTESIAN_POINT('Ctrl Pts',(31.5181549624708,131.609718236464,56.7866405104604));
#9827=CARTESIAN_POINT('Ctrl Pts',(31.2589625210668,131.817442170508,56.8526120703481));
#9828=CARTESIAN_POINT('Ctrl Pts',(31.2520149967393,131.823005128955,56.8543755476355));
#9829=CARTESIAN_POINT('Ctrl Pts',(31.2241989763453,131.845238311807,56.8613975839905));
#9830=CARTESIAN_POINT('Ctrl Pts',(31.1997798252183,131.864635634306,56.8674442591747));
#9831=CARTESIAN_POINT('Ctrl Pts',(31.1050255382004,131.939503942777,56.8905173779762));
#9832=CARTESIAN_POINT('Ctrl Pts',(30.9562982926245,132.055190326143,56.9249498225703));
#9833=CARTESIAN_POINT('Ctrl Pts',(30.6545074541802,132.282672831429,56.9877314019364));
#9834=CARTESIAN_POINT('Ctrl Pts',(30.4238407301562,132.448519785656,57.0278875368661));
#9835=CARTESIAN_POINT('Ctrl Pts',(30.2282941197497,132.584747507245,57.0576673308499));
#9836=CARTESIAN_POINT('Ctrl Pts',(30.1478265676138,132.639831997979,57.0689720205335));
#9837=CARTESIAN_POINT('Ctrl Pts',(29.9848415913063,132.747546744384,57.0881053800492));
#9838=CARTESIAN_POINT('Ctrl Pts',(29.6942971274037,132.929401694104,57.1122973815143));
#9839=CARTESIAN_POINT('Ctrl Pts',(29.0903050189489,133.267632233778,57.1237385852284));
#9840=CARTESIAN_POINT('Ctrl Pts',(28.1775721440922,133.662858600649,57.0279404280173));
#9841=CARTESIAN_POINT('Ctrl Pts',(27.0730146576409,133.977475242298,56.7523028518013));
#9842=CARTESIAN_POINT('Ctrl Pts',(25.9645695034707,134.143762163315,56.3298796029623));
#9843=CARTESIAN_POINT('Ctrl Pts',(24.9079284955199,134.168487251459,55.7966507512984));
#9844=CARTESIAN_POINT('Ctrl Pts',(23.9048675972645,134.071763757405,55.1731788929703));
#9845=CARTESIAN_POINT('Ctrl Pts',(22.9605239271199,133.865212199371,54.4735126441634));
#9846=CARTESIAN_POINT('Ctrl Pts',(22.3819277589104,133.664617342042,53.9725824477268));
#9847=CARTESIAN_POINT('Ctrl Pts',(21.9840428488186,133.500696455967,53.6027586324673));
#9848=CARTESIAN_POINT('Ctrl Pts',(21.7422880890602,133.396109449631,53.3731859636381));
#9849=CARTESIAN_POINT('Ctrl Pts',(21.2721735450828,133.171987319881,52.9065203230997));
#9850=CARTESIAN_POINT('Ctrl Pts',(20.7109910779395,132.863254035441,52.3092577293809));
#9851=CARTESIAN_POINT('Ctrl Pts',(20.0867831922037,132.4475350581,51.5743576818538));
#9852=CARTESIAN_POINT('Ctrl Pts',(19.706976297655,132.14067092528,51.0745905406153));
#9853=CARTESIAN_POINT('Ctrl Pts',(19.5180567388843,131.97196010746,50.8103174719272));
#9854=CARTESIAN_POINT('Ctrl Pts',(19.5008545418163,131.956609127902,50.7862647386227));
#9855=CARTESIAN_POINT('Ctrl Pts',(19.4664246824108,131.925927736972,50.738165909374));
#9856=CARTESIAN_POINT('Ctrl Pts',(19.4319563819343,131.89527685894,50.6900765767416));
#9857=CARTESIAN_POINT('Ctrl Pts',(19.3974486572531,131.864655172614,50.6419949329724));
#9858=CARTESIAN_POINT('Ctrl Pts',(19.3629145913072,131.834052744385,50.593918186154));
#9859=CARTESIAN_POINT('Ctrl Pts',(19.3369838391133,131.811121888667,50.5578651521314));
#9860=CARTESIAN_POINT('Ctrl Pts',(19.087436313244,131.590745155707,50.2111983590695));
#9861=CARTESIAN_POINT('Ctrl Pts',(18.6218052334114,131.180489786392,49.5652752656513));
#9862=CARTESIAN_POINT('Ctrl Pts',(17.9225075550071,130.566985795245,48.5977752354785));
#9863=CARTESIAN_POINT('Ctrl Pts',(17.2217998677041,129.954652476021,47.6306737580293));
#9864=CARTESIAN_POINT('Ctrl Pts',(16.5197366666959,129.343336499602,46.6638499650481));
#9865=CARTESIAN_POINT('Ctrl Pts',(15.8164613478225,128.732987039945,45.6973299003747));
#9866=CARTESIAN_POINT('Ctrl Pts',(15.1120365711294,128.123501379679,44.7310463877404));
#9867=CARTESIAN_POINT('Ctrl Pts',(14.4065913122825,127.51483596065,43.7650249564011));
#9868=CARTESIAN_POINT('Ctrl Pts',(13.9356651715346,127.109563522936,43.121171007986));
#9869=CARTESIAN_POINT('Ctrl Pts',(13.5693403841403,126.79468523762,42.6206954468073));
#9870=CARTESIAN_POINT('Ctrl Pts',(13.3724679333713,126.626774967353,42.3530085502903));
#9871=CARTESIAN_POINT('Ctrl Pts',(13.1084827334231,126.404086971916,41.9964709537699));
#9872=CARTESIAN_POINT('Ctrl Pts',(12.8435075217272,126.182134662463,41.6401290049201));
#9873=CARTESIAN_POINT('Ctrl Pts',(12.5770894754358,125.961231550579,41.2840497634832));
#9874=CARTESIAN_POINT('Ctrl Pts',(12.3095167340763,125.741409186769,40.9284160025766));
#9875=CARTESIAN_POINT('Ctrl Pts',(12.1753667541142,125.631837205033,40.7507383060752));
#9876=CARTESIAN_POINT('Ctrl Pts',(12.0878141057543,125.560520281441,40.6349676336865));
#9877=CARTESIAN_POINT('Ctrl Pts',(12.0471549111033,125.527238313826,40.5810454151781));
#9878=CARTESIAN_POINT('Ctrl Pts',(12.0066923966005,125.493795324636,40.5270698218062));
#9879=CARTESIAN_POINT('Ctrl Pts',(11.9591749130471,125.454333380369,40.4634998001536));
#9880=CARTESIAN_POINT('Ctrl Pts',(11.9050783921464,125.408460551541,40.3902039624133));
#9881=CARTESIAN_POINT('Ctrl Pts',(11.7992615685748,125.314923185956,40.2431174027799));
#9882=CARTESIAN_POINT('Ctrl Pts',(11.6199538223989,125.146204974334,39.983907137815));
#9883=CARTESIAN_POINT('Ctrl Pts',(11.3808825412029,124.891115767293,39.6088950995934));
#9884=CARTESIAN_POINT('Ctrl Pts',(11.1229436922387,124.563828385554,39.153482353964));
#9885=CARTESIAN_POINT('Ctrl Pts',(10.8193629437528,124.101845985755,38.542563774314));
#9886=CARTESIAN_POINT('Ctrl Pts',(10.5186642187251,123.479166386643,37.7763626260935));
#9887=CARTESIAN_POINT('Ctrl Pts',(10.2903333662727,122.680670547747,36.876778519217));
#9888=CARTESIAN_POINT('Ctrl Pts',(10.1945104319158,121.823099307696,35.9894456711041));
#9889=CARTESIAN_POINT('Ctrl Pts',(10.2327984379333,121.075492634308,35.2801529978036));
#9890=CARTESIAN_POINT('Ctrl Pts',(10.3221549468125,120.542981620136,34.8076807379922));
#9891=CARTESIAN_POINT('Ctrl Pts',(10.3909086324341,120.237551301339,34.5459184379459));
#9892=CARTESIAN_POINT('Ctrl Pts',(10.4414212990336,120.045544238782,34.3852088968572));
#9893=CARTESIAN_POINT('Ctrl Pts',(10.4864688459293,119.891158233502,34.2583259533392));
#9894=CARTESIAN_POINT('Ctrl Pts',(10.5345868349596,119.736405254746,34.1327045200358));
#9895=CARTESIAN_POINT('Ctrl Pts',(10.6005228308632,119.542312373181,33.9780951736));
#9896=CARTESIAN_POINT('Ctrl Pts',(10.6741721282812,119.347689464432,33.8270372407385));
#9897=CARTESIAN_POINT('Ctrl Pts',(10.7297644160941,119.211337745616,33.7233136479212));
#9898=CARTESIAN_POINT('Ctrl Pts',(10.7585662066845,119.143156139132,33.671976700076));
#9899=CARTESIAN_POINT('Ctrl Pts',(10.7732180946505,119.109066415297,33.6464416724787));
#9900=CARTESIAN_POINT('Ctrl Pts',(10.7806067316841,119.092022214426,33.6337078729021));
#9901=CARTESIAN_POINT('Ctrl Pts',(10.7848466697127,119.082282900235,33.6264410602213));
#9902=CARTESIAN_POINT('Ctrl Pts',(10.786972670975,119.077413329735,33.6228109202543));
#9903=CARTESIAN_POINT('Ctrl Pts',(10.9456538598017,118.714427503145,33.3523227122634));
#9904=CARTESIAN_POINT('Ctrl Pts',(11.1338092578016,118.354320247941,33.1001903075444));
#9905=CARTESIAN_POINT('Ctrl Pts',(11.5047497171299,117.748488854425,32.7047038558418));
#9906=CARTESIAN_POINT('Ctrl Pts',(11.7580542621279,117.375388659396,32.4742581222627));
#9907=CARTESIAN_POINT('Ctrl Pts',(12.1356818292305,116.893405624482,32.2031459189802));
#9908=CARTESIAN_POINT('Ctrl Pts',(12.539235166764,116.422470952678,31.9564895964437));
#9909=CARTESIAN_POINT('Ctrl Pts',(13.0906692549343,115.856573413384,31.695175612383));
#9910=CARTESIAN_POINT('Ctrl Pts',(13.5788047773851,115.431937461414,31.5383112101468));
#9911=CARTESIAN_POINT('Ctrl Pts',(13.8956324760288,115.178123401769,31.457767821115));
#9912=CARTESIAN_POINT('Ctrl Pts',(14.0188207620572,115.079435939604,31.4264511004734));
#9913=CARTESIAN_POINT('Ctrl Pts',(14.2643166703111,114.882766535707,31.3640415509805));
#9914=CARTESIAN_POINT('Ctrl Pts',(14.5697820319895,114.638054675528,31.2863863923538));
#9915=CARTESIAN_POINT('Ctrl Pts',(14.9348010516002,114.345633718398,31.193591582177));
#9916=CARTESIAN_POINT('Ctrl Pts',(15.2382140427698,114.102565873678,31.1164580169993));
#9917=CARTESIAN_POINT('Ctrl Pts',(15.4807495873239,113.908267784073,31.0548007877116));
#9918=CARTESIAN_POINT('Ctrl Pts',(15.6626119238529,113.762575679356,31.0085678243281));
#9919=CARTESIAN_POINT('Ctrl Pts',(15.8141775190442,113.641154633136,30.9700368605342));
#9920=CARTESIAN_POINT('Ctrl Pts',(15.9203025238268,113.556136603243,30.9430577962987));
#9921=CARTESIAN_POINT('Ctrl Pts',(15.9809567314785,113.507545784921,30.9276383071279));
#9922=CARTESIAN_POINT('Ctrl Pts',(16.2539377974259,113.288857314721,30.858241126057));
#9923=CARTESIAN_POINT('Ctrl Pts',(16.5728532165026,113.033369565202,30.7771658346207));
#9924=CARTESIAN_POINT('Ctrl Pts',(16.8929218563137,112.776958440954,30.6957978444264));
#9925=CARTESIAN_POINT('Ctrl Pts',(16.9844587463378,112.703627045372,30.6725272864117));
#9926=CARTESIAN_POINT('Ctrl Pts',(17.0455078661812,112.654719801083,30.6570073471584));
#9927=CARTESIAN_POINT('Ctrl Pts',(17.1218659012066,112.593548374158,30.6375955562591));
#9928=CARTESIAN_POINT('Ctrl Pts',(17.2135732361293,112.52008041736,30.6142816524408));
#9929=CARTESIAN_POINT('Ctrl Pts',(17.335956858923,112.422037271017,30.5831691908627));
#9930=CARTESIAN_POINT('Ctrl Pts',(17.5504181790294,112.250229415908,30.5286486231158));
#9931=CARTESIAN_POINT('Ctrl Pts',(17.8576668585849,112.004088237047,30.4505394454177));
#9932=CARTESIAN_POINT('Ctrl Pts',(18.1661741282361,111.756938688842,30.3721102141823));
#9933=CARTESIAN_POINT('Ctrl Pts',(18.4137673625899,111.558588216353,30.3091666291501));
#9934=CARTESIAN_POINT('Ctrl Pts',(18.6618904355642,111.359813243542,30.2460883095198));
#9935=CARTESIAN_POINT('Ctrl Pts',(18.9730448813325,111.110542815924,30.1669859242597));
#9936=CARTESIAN_POINT('Ctrl Pts',(19.2855265792791,110.860209009996,30.0875460273424));
#9937=CARTESIAN_POINT('Ctrl Pts',(19.5362880468423,110.659320176259,30.0237967700249));
#9938=CARTESIAN_POINT('Ctrl Pts',(19.9131881287821,110.357379712207,29.9279801513902));
#9939=CARTESIAN_POINT('Ctrl Pts',(20.4813264903339,109.902234941034,29.7835460243458));
#9940=CARTESIAN_POINT('Ctrl Pts',(21.2439529795313,109.291282187831,29.5896680357994));
#9941=CARTESIAN_POINT('Ctrl Pts',(22.0105317482341,108.677162646001,29.3947847443164));
#9942=CARTESIAN_POINT('Ctrl Pts',(22.7797068890597,108.060962597503,29.1992408951565));
#9943=CARTESIAN_POINT('Ctrl Pts',(23.5499961766053,107.443869448152,29.0034132767839));
#9944=CARTESIAN_POINT('Ctrl Pts',(24.3199117646753,106.82707514498,28.8076801439831));
#9945=CARTESIAN_POINT('Ctrl Pts',(25.0879867700958,106.211754830636,28.6124144119291));
#9946=CARTESIAN_POINT('Ctrl Pts',(25.8530064229946,105.598881685417,28.4179249121035));
#9947=CARTESIAN_POINT('Ctrl Pts',(26.6137902390154,104.989401423845,28.2245117606819));
#9948=CARTESIAN_POINT('Ctrl Pts',(27.3699891968263,104.383593660996,28.0322636953667));
#9949=CARTESIAN_POINT('Ctrl Pts',(28.120620078794,103.78224608249,27.8414306870224));
#9950=CARTESIAN_POINT('Ctrl Pts',(28.8678746256822,103.183602842595,27.6514555368072));
#9951=CARTESIAN_POINT('Ctrl Pts',(29.6159767115339,102.584280096094,27.4612644055748));
#9952=CARTESIAN_POINT('Ctrl Pts',(30.3637263583255,101.985239170558,27.2711623616963));
#9953=CARTESIAN_POINT('Ctrl Pts',(31.1116322897959,101.386072513388,27.081020069943));
#9954=CARTESIAN_POINT('Ctrl Pts',(31.8594683041078,100.786961337808,26.8908950354545));
#9955=CARTESIAN_POINT('Ctrl Pts',(32.6073353491746,100.187824769916,26.7007615920618));
#9956=CARTESIAN_POINT('Ctrl Pts',(33.3551882978977,99.5886989599009,26.5106312103246));
#9957=CARTESIAN_POINT('Ctrl Pts',(34.1030472725869,98.9895677851904,26.3204987724663));
#9958=CARTESIAN_POINT('Ctrl Pts',(34.8509032555977,98.390438467929,26.1303665689985));
#9959=CARTESIAN_POINT('Ctrl Pts',(35.5987602487712,97.7913078000783,25.9402335805107));
#9960=CARTESIAN_POINT('Ctrl Pts',(36.3466164419213,97.1921772297695,25.7501002652063));
#9961=CARTESIAN_POINT('Ctrl Pts',(37.0944726237055,96.5930461231577,25.5599664206007));
#9962=CARTESIAN_POINT('Ctrl Pts',(37.8423284244281,95.993914774395,25.369832138711));
#9963=CARTESIAN_POINT('Ctrl Pts',(38.5901839939045,95.3947830614518,25.1796973794892));
#9964=CARTESIAN_POINT('Ctrl Pts',(39.3380392517363,94.795651046736,24.9895621614226));
#9965=CARTESIAN_POINT('Ctrl Pts',(40.0858942219364,94.1965187090148,24.7994264764591));
#9966=CARTESIAN_POINT('Ctrl Pts',(40.8337488832505,93.597386063324,24.6092903280589));
#9967=CARTESIAN_POINT('Ctrl Pts',(41.5816032358266,92.9982531075552,24.4191537142429));
#9968=CARTESIAN_POINT('Ctrl Pts',(42.3294572712753,92.3991198464402,24.2290166352029));
#9969=CARTESIAN_POINT('Ctrl Pts',(43.0773109859043,91.799986280947,24.0388790899359));
#9970=CARTESIAN_POINT('Ctrl Pts',(43.8251643746861,91.2008524131112,23.8487410777762));
#9971=CARTESIAN_POINT('Ctrl Pts',(44.5730174338485,90.6017182439599,23.6586025977364));
#9972=CARTESIAN_POINT('Ctrl Pts',(45.3208701596278,90.0025837745096,23.4684636488229));
#9973=CARTESIAN_POINT('Ctrl Pts',(46.0687225487472,89.403449005382,23.2783242299141));
#9974=CARTESIAN_POINT('Ctrl Pts',(46.816574598136,88.8043139370287,23.0881843398308));
#9975=CARTESIAN_POINT('Ctrl Pts',(47.5644263049965,88.2051785696765,22.8980439773186));
#9976=CARTESIAN_POINT('Ctrl Pts',(48.3122776667238,87.6060429033915,22.707903141068));
#9977=CARTESIAN_POINT('Ctrl Pts',(49.0601286808977,87.006906938085,22.5177618297158));
#9978=CARTESIAN_POINT('Ctrl Pts',(49.8079793452484,86.4077706735405,22.3276200418536));
#9979=CARTESIAN_POINT('Ctrl Pts',(50.5558296576394,85.8086341094273,22.1374777760316));
#9980=CARTESIAN_POINT('Ctrl Pts',(51.3036796160462,85.2094972453166,21.9473350307636));
#9981=CARTESIAN_POINT('Ctrl Pts',(52.0515292185415,84.6103600806937,21.7571918045308));
#9982=CARTESIAN_POINT('Ctrl Pts',(52.7993784632807,84.0112226149692,21.5670480957849));
#9983=CARTESIAN_POINT('Ctrl Pts',(53.5472273484895,83.4120848474882,21.3769039029511));
#9984=CARTESIAN_POINT('Ctrl Pts',(54.2950758724532,82.8129467775389,21.1867592244305));
#9985=CARTESIAN_POINT('Ctrl Pts',(55.042924033508,82.2138084043596,20.9966140586023));
#9986=CARTESIAN_POINT('Ctrl Pts',(55.7907718300324,81.614669727145,20.8064684038251));
#9987=CARTESIAN_POINT('Ctrl Pts',(56.5386192604405,81.0155307450514,20.6163222584393));
#9988=CARTESIAN_POINT('Ctrl Pts',(57.2864663231754,80.4163914572015,20.4261756207676));
#9989=CARTESIAN_POINT('Ctrl Pts',(58.0343130167045,79.8172518626884,20.2360284891167));
#9990=CARTESIAN_POINT('Ctrl Pts',(58.7821593395138,79.2181119605793,20.0458808617779));
#9991=CARTESIAN_POINT('Ctrl Pts',(59.5300052901049,78.6189717499182,19.8557327370277));
#9992=CARTESIAN_POINT('Ctrl Pts',(60.2778508669886,78.0198312297301,19.6655841131296));
#9993=CARTESIAN_POINT('Ctrl Pts',(61.0256960686876,77.4206903990192,19.4754349883324));
#9994=CARTESIAN_POINT('Ctrl Pts',(61.7735408937305,76.8215492567723,19.2852853608715));
#9995=CARTESIAN_POINT('Ctrl Pts',(62.5213853406408,76.2224078019683,19.0951352289717));
#9996=CARTESIAN_POINT('Ctrl Pts',(63.2692294079431,75.6232660335721,18.9049845908447));
#9997=CARTESIAN_POINT('Ctrl Pts',(64.0170730941564,75.0241239505395,18.7148334446904));
#9998=CARTESIAN_POINT('Ctrl Pts',(64.7649163977937,74.4249815518171,18.5246817886966));
#9999=CARTESIAN_POINT('Ctrl Pts',(65.5127593173582,73.8258388363442,18.3345296210389));
#10000=CARTESIAN_POINT('Ctrl Pts',(66.2606018513412,73.2266958030544,18.1443769398809));
#10001=CARTESIAN_POINT('Ctrl Pts',(67.0084439982189,72.6275524508769,17.954223743374));
#10002=CARTESIAN_POINT('Ctrl Pts',(67.7562857564494,72.0284087787377,17.7640700296568));
#10003=CARTESIAN_POINT('Ctrl Pts',(68.5041271244696,71.4292647855612,17.5739157968554));
#10004=CARTESIAN_POINT('Ctrl Pts',(69.2519681006914,70.8301204702717,17.3837610430826));
#10005=CARTESIAN_POINT('Ctrl Pts',(69.9998086834979,70.2309758317951,17.1936057664374));
#10006=CARTESIAN_POINT('Ctrl Pts',(70.747648871239,69.6318308690608,17.0034499650047));
#10007=CARTESIAN_POINT('Ctrl Pts',(71.4954886622262,69.0326855810033,16.8132936368544));
#10008=CARTESIAN_POINT('Ctrl Pts',(72.2433280547272,68.4335399665647,16.6231367800404));
#10009=CARTESIAN_POINT('Ctrl Pts',(72.9911670469592,67.8343940246972,16.4329793926001));
#10010=CARTESIAN_POINT('Ctrl Pts',(73.7390056370818,67.2352477543657,16.2428214725527));
#10011=CARTESIAN_POINT('Ctrl Pts',(74.486843823188,66.6361011545514,16.0526630178982));
#10012=CARTESIAN_POINT('Ctrl Pts',(75.2346816032956,66.0369542242549,15.8625040266161));
#10013=CARTESIAN_POINT('Ctrl Pts',(75.9825189753349,65.4378069625007,15.6723444966628));
#10014=CARTESIAN_POINT('Ctrl Pts',(76.7303559371365,64.8386593683421,15.4821844259705));
#10015=CARTESIAN_POINT('Ctrl Pts',(77.4781924864164,64.2395114408666,15.292023812444));
#10016=CARTESIAN_POINT('Ctrl Pts',(78.2260286207591,63.6403631792019,15.1018626539584));
#10017=CARTESIAN_POINT('Ctrl Pts',(78.9738643375975,63.0412145825244,14.911700948356));
#10018=CARTESIAN_POINT('Ctrl Pts',(79.7216996341914,62.4420656500656,14.721538693442));
#10019=CARTESIAN_POINT('Ctrl Pts',(80.4695345075981,61.8429163811254,14.5313758869811));
#10020=CARTESIAN_POINT('Ctrl Pts',(81.21736895465,61.2437667750766,14.3412125266908));
#10021=CARTESIAN_POINT('Ctrl Pts',(81.9652029719146,60.6446168313822,14.1510486102369));
#10022=CARTESIAN_POINT('Ctrl Pts',(82.7130365556472,60.0454665496157,13.9608841352286));
#10023=CARTESIAN_POINT('Ctrl Pts',(83.4608697017532,59.446315929472,13.7707190992086));
#10024=CARTESIAN_POINT('Ctrl Pts',(84.2087024057303,58.8471649707899,13.5805534996454));
#10025=CARTESIAN_POINT('Ctrl Pts',(84.9565346626082,58.2480136735742,13.3903873339226));
#10026=CARTESIAN_POINT('Ctrl Pts',(85.7043664668752,57.6488620380237,13.2002205993275));
#10027=CARTESIAN_POINT('Ctrl Pts',(86.4521978123959,57.0497100645613,13.0100532930374));
#10028=CARTESIAN_POINT('Ctrl Pts',(87.2000286923145,56.4505577538707,12.8198854121042));
#10029=CARTESIAN_POINT('Ctrl Pts',(87.9478590989437,55.8514051069375,12.6297169534357));
#10030=CARTESIAN_POINT('Ctrl Pts',(88.6956890236359,55.2522521250977,12.4395479137756));
#10031=CARTESIAN_POINT('Ctrl Pts',(89.4435184566352,54.653098810093,12.2493782896787));
#10032=CARTESIAN_POINT('Ctrl Pts',(90.1913473869046,54.0539451641354,12.0592080774834));
#10033=CARTESIAN_POINT('Ctrl Pts',(90.9391758019297,53.45479118998,11.8690372732791));
#10034=CARTESIAN_POINT('Ctrl Pts',(91.6870036874838,52.855636891015,11.6788658728699));
#10035=CARTESIAN_POINT('Ctrl Pts',(92.4348310273751,52.2564822713515,11.488693871729));
#10036=CARTESIAN_POINT('Ctrl Pts',(93.1826578031119,51.6573273359596,11.2985212649553));
#10037=CARTESIAN_POINT('Ctrl Pts',(93.9304839936112,51.0581720907522,11.1083480472012));
#10038=CARTESIAN_POINT('Ctrl Pts',(94.6783095746485,50.4590165428485,10.9181742126398));
#10039=CARTESIAN_POINT('Ctrl Pts',(95.4261345186978,49.8598607005041,10.7279997548119));
#10040=CARTESIAN_POINT('Ctrl Pts',(96.1739587936832,49.2607045738697,10.5378246667084));
#10041=CARTESIAN_POINT('Ctrl Pts',(96.9217823639145,48.6615481739876,10.3476489402847));
#10042=CARTESIAN_POINT('Ctrl Pts',(97.6696051858443,48.0623915158421,10.1574725671992));
#10043=CARTESIAN_POINT('Ctrl Pts',(98.4174272150851,47.4632346124596,9.96729553675759));
#10044=CARTESIAN_POINT('Ctrl Pts',(99.1652483878282,46.8640774891923,9.7771178400501));
#10045=CARTESIAN_POINT('Ctrl Pts',(99.9130686591253,46.2649201529803,9.58693946015066));
#10046=CARTESIAN_POINT('Ctrl Pts',(100.660887913348,45.6657626626052,9.39676039343824));
#10047=CARTESIAN_POINT('Ctrl Pts',(101.408706160225,45.0666049730578,9.2065806011416));
#10048=CARTESIAN_POINT('Ctrl Pts',(102.156523090821,44.4674472858927,9.01640011699248));
#10049=CARTESIAN_POINT('Ctrl Pts',(102.90433906569,43.8682892670738,8.82621880525228));
#10050=CARTESIAN_POINT('Ctrl Pts',(103.652152895727,43.2691318006377,8.63603690133607));
#10051=CARTESIAN_POINT('Ctrl Pts',(104.39996680255,42.6699730655019,8.44585380016446));
#10052=CARTESIAN_POINT('Ctrl Pts',(105.147775303872,42.0708173222747,8.25567076736325));
#10053=CARTESIAN_POINT('Ctrl Pts',(105.895590087381,41.4716552444767,8.06548486745531));
#10054=CARTESIAN_POINT('Ctrl Pts',(106.643384292661,40.8725079721667,7.87530256006804));
#10055=CARTESIAN_POINT('Ctrl Pts',(107.391217680746,40.273328135835,7.68510914606997));
#10056=CARTESIAN_POINT('Ctrl Pts',(108.138945267885,39.6742303593993,7.49493999646659));
#10057=CARTESIAN_POINT('Ctrl Pts',(108.887150280554,39.074750359185,7.30464971704256));
#10058=CARTESIAN_POINT('Ctrl Pts',(109.385437249965,38.675505904094,7.17791612704396));
#10059=CARTESIAN_POINT('Ctrl Pts',(109.671304560345,38.4464625542945,7.10521222175761));
#10060=CARTESIAN_POINT('Ctrl Pts',(109.708130381306,38.4172967366282,7.09617803022996));
#10061=CARTESIAN_POINT('Ctrl Pts',(109.94234787466,38.2339247619594,7.04079453906201));
#10062=CARTESIAN_POINT('Ctrl Pts',(110.348850324996,37.9343565586206,6.96290728596681));
#10063=CARTESIAN_POINT('Ctrl Pts',(110.777735786755,37.6546603748821,6.91621700564263));
#10064=CARTESIAN_POINT('Ctrl Pts',(111.347960034193,37.3051012976837,6.8759100121104));
#10065=CARTESIAN_POINT('Ctrl Pts',(112.076599006818,36.9064493663928,6.87126017542241));
#10066=CARTESIAN_POINT('Ctrl Pts',(113.201623219277,36.4226366135877,6.99259779264515));
#10067=CARTESIAN_POINT('Ctrl Pts',(114.360274318802,36.0475311008178,7.23774562132991));
#10068=CARTESIAN_POINT('Ctrl Pts',(115.523750310086,35.7903628584257,7.60051757561368));
#10069=CARTESIAN_POINT('Ctrl Pts',(116.373295648663,35.687232771738,7.94800317566637));
#10070=CARTESIAN_POINT('Ctrl Pts',(116.931382054366,35.6541679209603,8.21011786567984));
#10071=CARTESIAN_POINT('Ctrl Pts',(117.300975904066,35.6417801341318,8.39298286591505));
#10072=CARTESIAN_POINT('Ctrl Pts',(117.665846279615,35.6438419645323,8.58745578336707));
#10073=CARTESIAN_POINT('Ctrl Pts',(118.02459764533,35.6603018066154,8.79275013346132));
#10074=CARTESIAN_POINT('Ctrl Pts',(118.29019833102,35.6797940013131,8.95186842739401));
#10075=CARTESIAN_POINT('Ctrl Pts',(118.486538623823,35.6997336408139,9.07488999884047));
#10076=CARTESIAN_POINT('Ctrl Pts',(118.616130539283,35.7152194857109,9.15835741771337));
#10077=CARTESIAN_POINT('Ctrl Pts',(118.702170851804,35.7261264041163,9.21438437185941));
#10078=CARTESIAN_POINT('Ctrl Pts',(118.809042652833,35.7408499042855,9.28512356427196));
#10079=CARTESIAN_POINT('Ctrl Pts',(118.936161576061,35.7602500905087,9.37110601398374));
#10080=CARTESIAN_POINT('Ctrl Pts',(119.104098091045,35.7884103422795,9.48716660919627));
#10081=CARTESIAN_POINT('Ctrl Pts',(119.310990259706,35.8278753704885,9.6348062623106));
#10082=CARTESIAN_POINT('Ctrl Pts',(119.51361329437,35.8729370186817,9.78565503034636));
#10083=CARTESIAN_POINT('Ctrl Pts',(119.653054482762,35.9073550250058,9.8927910724047));
#10084=CARTESIAN_POINT('Ctrl Pts',(119.714850625737,35.9233799471062,9.94102373514867));
#10085=CARTESIAN_POINT('Ctrl Pts',(119.739496080205,35.929887843961,9.96037384756048));
#10086=CARTESIAN_POINT('Ctrl Pts',(119.749347967508,35.932499745062,9.96811910280615));
#10087=CARTESIAN_POINT('Ctrl Pts',(119.761650772419,35.9357809663734,9.97781026237288));
#10088=CARTESIAN_POINT('Ctrl Pts',(119.773937541766,35.9390839826409,9.98751423029656));
#10089=CARTESIAN_POINT('Ctrl Pts',(119.782529805571,35.9414075232978,9.99431368988557));
#10090=CARTESIAN_POINT('Ctrl Pts',(119.786823819588,35.9425721511287,9.99771509079161));
#10091=CARTESIAN_POINT('Ctrl Pts',(119.788970293936,35.9431551783853,9.9994162063325));
#10092=CARTESIAN_POINT('Ctrl Pts',(119.790043400585,35.9434468713878,10.000266870279));
#10093=CARTESIAN_POINT('Ctrl Pts',(119.790656563095,35.9436136027624,10.0007529906416));
#10094=CARTESIAN_POINT('Ctrl Pts',(119.790963137554,35.9436969877889,10.0009960661035));
#10095=CARTESIAN_POINT('Ctrl Pts',(120.053675500918,36.0151584621276,10.2093006699447));
#10096=CARTESIAN_POINT('Ctrl Pts',(120.562894920758,36.179850980092,10.6386039809267));
#10097=CARTESIAN_POINT('Ctrl Pts',(121.274482766084,36.4880631846409,11.3146936775049));
#10098=CARTESIAN_POINT('Ctrl Pts',(121.822579741027,36.7932872233078,11.9016298426511));
#10099=CARTESIAN_POINT('Ctrl Pts',(122.135911310065,37.0005602799489,12.2691552152586));
#10100=CARTESIAN_POINT('Ctrl Pts',(122.248003493364,37.0791917459595,12.4050072297784));
#10101=CARTESIAN_POINT('Ctrl Pts',(122.272834250317,37.0967305559451,12.4352186688167));
#10102=CARTESIAN_POINT('Ctrl Pts',(122.316080750319,37.1275933455497,12.4881450839893));
#10103=CARTESIAN_POINT('Ctrl Pts',(122.365029171089,37.1632502630398,12.5487570819813));
#10104=CARTESIAN_POINT('Ctrl Pts',(122.407441086227,37.1947827337724,12.6018967237898));
#10105=CARTESIAN_POINT('Ctrl Pts',(122.431562146128,37.2128997816362,12.6322980381109));
#10106=CARTESIAN_POINT('Ctrl Pts',(122.446589403859,37.2242633521402,12.651312763319));
#10107=CARTESIAN_POINT('Ctrl Pts',(122.458582366371,37.233378555818,12.6665330862329));
#10108=CARTESIAN_POINT('Ctrl Pts',(122.467562581283,37.2402270634982,12.6779524878864));
#10109=CARTESIAN_POINT('Ctrl Pts',(122.476528309061,37.2470876794429,12.6893760627212));
#10110=CARTESIAN_POINT('Ctrl Pts',(122.485479518725,37.2539603710611,12.7008037626038));
#10111=CARTESIAN_POINT('Ctrl Pts',(122.494416201964,37.2608451209157,12.7122355661233));
#10112=CARTESIAN_POINT('Ctrl Pts',(122.501851313326,37.2665924390996,12.7217654572251));
#10113=CARTESIAN_POINT('Ctrl Pts',(122.507792123974,37.2711962993,12.7293913909692));
#10114=CARTESIAN_POINT('Ctrl Pts',(122.512244088318,37.2746521936015,12.7351118458075));
#10115=CARTESIAN_POINT('Ctrl Pts',(122.515951020357,37.2775346023133,12.7398797251851));
#10116=CARTESIAN_POINT('Ctrl Pts',(122.518544277434,37.2795535980437,12.7432176771254));
#10117=CARTESIAN_POINT('Ctrl Pts',(122.519840506942,37.2805634231316,12.7448867619071));
#10118=CARTESIAN_POINT('Ctrl Pts',(122.520488521952,37.2810684174696,12.7457213314973));
#10119=CARTESIAN_POINT('Ctrl Pts',(122.520812504488,37.2813209350731,12.7461386230601));
#10120=CARTESIAN_POINT('Ctrl Pts',(122.520974489553,37.2814471989982,12.7463472705702));
#10121=CARTESIAN_POINT('Ctrl Pts',(122.521067050615,37.2815193512532,12.7464664981558));
#10122=CARTESIAN_POINT('Ctrl Pts',(122.521113330642,37.2815554279015,12.7465261121941));
#10123=CARTESIAN_POINT('Ctrl Pts',(122.596841590052,37.3405888308279,12.8440738315745));
#10124=CARTESIAN_POINT('Ctrl Pts',(122.6727349086,37.3994458054959,12.9415364309897));
#10125=CARTESIAN_POINT('Ctrl Pts',(122.892926620487,37.5692943946165,13.2234149745988));
#10126=CARTESIAN_POINT('Ctrl Pts',(123.037117196587,37.6803702646041,13.4078560671748));
#10127=CARTESIAN_POINT('Ctrl Pts',(123.181410805575,37.7913654100405,13.5922729773513));
#10128=CARTESIAN_POINT('',(123.181410805575,37.7913654100405,13.5922729773513));
#10129=CARTESIAN_POINT('Origin',(122.121818304831,35.8312571054628,15.6010634509179));
#10130=CARTESIAN_POINT('Ctrl Pts',(123.181410805575,37.7913654100405,13.5922729773513));
#10131=CARTESIAN_POINT('Ctrl Pts',(123.037117196587,37.6803702646041,13.4078560671748));
#10132=CARTESIAN_POINT('Ctrl Pts',(122.892926620487,37.5692943946165,13.2234149745988));
#10133=CARTESIAN_POINT('Ctrl Pts',(122.6727349086,37.3994458054959,12.9415364309897));
#10134=CARTESIAN_POINT('Ctrl Pts',(122.596841590052,37.3405888308279,12.8440738315745));
#10135=CARTESIAN_POINT('Ctrl Pts',(122.521113330642,37.2815554279015,12.7465261121941));
#10136=CARTESIAN_POINT('Ctrl Pts',(122.521067050615,37.2815193512532,12.7464664981558));
#10137=CARTESIAN_POINT('Ctrl Pts',(122.520974489553,37.2814471989982,12.7463472705702));
#10138=CARTESIAN_POINT('Ctrl Pts',(122.520812504488,37.2813209350731,12.7461386230601));
#10139=CARTESIAN_POINT('Ctrl Pts',(122.520488521952,37.2810684174696,12.7457213314973));
#10140=CARTESIAN_POINT('Ctrl Pts',(122.519840506942,37.2805634231316,12.7448867619071));
#10141=CARTESIAN_POINT('Ctrl Pts',(122.518544277434,37.2795535980437,12.7432176771254));
#10142=CARTESIAN_POINT('Ctrl Pts',(122.515951020357,37.2775346023133,12.7398797251851));
#10143=CARTESIAN_POINT('Ctrl Pts',(122.512244088318,37.2746521936015,12.7351118458075));
#10144=CARTESIAN_POINT('Ctrl Pts',(122.507792123974,37.2711962993,12.7293913909692));
#10145=CARTESIAN_POINT('Ctrl Pts',(122.501851313326,37.2665924390996,12.7217654572251));
#10146=CARTESIAN_POINT('Ctrl Pts',(122.494416201964,37.2608451209157,12.7122355661233));
#10147=CARTESIAN_POINT('Ctrl Pts',(122.485479518725,37.2539603710611,12.7008037626038));
#10148=CARTESIAN_POINT('Ctrl Pts',(122.476528309061,37.2470876794429,12.6893760627212));
#10149=CARTESIAN_POINT('Ctrl Pts',(122.467562581283,37.2402270634982,12.6779524878864));
#10150=CARTESIAN_POINT('Ctrl Pts',(122.458582366371,37.233378555818,12.6665330862329));
#10151=CARTESIAN_POINT('Ctrl Pts',(122.446589403859,37.2242633521402,12.651312763319));
#10152=CARTESIAN_POINT('Ctrl Pts',(122.431562146128,37.2128997816362,12.6322980381109));
#10153=CARTESIAN_POINT('Ctrl Pts',(122.407441086227,37.1947827337724,12.6018967237898));
#10154=CARTESIAN_POINT('Ctrl Pts',(122.365029171089,37.1632502630398,12.5487570819813));
#10155=CARTESIAN_POINT('Ctrl Pts',(122.316080750319,37.1275933455497,12.4881450839893));
#10156=CARTESIAN_POINT('Ctrl Pts',(122.272834250317,37.0967305559451,12.4352186688167));
#10157=CARTESIAN_POINT('Ctrl Pts',(122.248003493364,37.0791917459595,12.4050072297784));
#10158=CARTESIAN_POINT('Ctrl Pts',(122.135911310065,37.0005602799489,12.2691552152586));
#10159=CARTESIAN_POINT('Ctrl Pts',(121.822579741027,36.7932872233078,11.9016298426511));
#10160=CARTESIAN_POINT('Ctrl Pts',(121.274482766084,36.4880631846409,11.3146936775049));
#10161=CARTESIAN_POINT('Ctrl Pts',(120.562894920758,36.179850980092,10.6386039809267));
#10162=CARTESIAN_POINT('Ctrl Pts',(120.053675500918,36.0151584621276,10.2093006699447));
#10163=CARTESIAN_POINT('Ctrl Pts',(119.790963137554,35.9436969877889,10.0009960661035));
#10164=CARTESIAN_POINT('Ctrl Pts',(119.790656563095,35.9436136027624,10.0007529906416));
#10165=CARTESIAN_POINT('Ctrl Pts',(119.790043400585,35.9434468713878,10.000266870279));
#10166=CARTESIAN_POINT('Ctrl Pts',(119.788970293936,35.9431551783853,9.9994162063325));
#10167=CARTESIAN_POINT('Ctrl Pts',(119.786823819588,35.9425721511287,9.99771509079161));
#10168=CARTESIAN_POINT('Ctrl Pts',(119.782529805571,35.9414075232978,9.99431368988557));
#10169=CARTESIAN_POINT('Ctrl Pts',(119.773937541766,35.9390839826409,9.98751423029656));
#10170=CARTESIAN_POINT('Ctrl Pts',(119.761650772419,35.9357809663734,9.97781026237288));
#10171=CARTESIAN_POINT('Ctrl Pts',(119.749347967508,35.932499745062,9.96811910280615));
#10172=CARTESIAN_POINT('Ctrl Pts',(119.739496080205,35.929887843961,9.96037384756048));
#10173=CARTESIAN_POINT('Ctrl Pts',(119.714850625737,35.9233799471062,9.94102373514867));
#10174=CARTESIAN_POINT('Ctrl Pts',(119.653054482762,35.9073550250058,9.8927910724047));
#10175=CARTESIAN_POINT('Ctrl Pts',(119.51361329437,35.8729370186817,9.78565503034636));
#10176=CARTESIAN_POINT('Ctrl Pts',(119.310990259706,35.8278753704885,9.6348062623106));
#10177=CARTESIAN_POINT('Ctrl Pts',(119.104098091045,35.7884103422795,9.48716660919627));
#10178=CARTESIAN_POINT('Ctrl Pts',(118.936161576061,35.7602500905087,9.37110601398374));
#10179=CARTESIAN_POINT('Ctrl Pts',(118.809042652833,35.7408499042855,9.28512356427196));
#10180=CARTESIAN_POINT('Ctrl Pts',(118.702170851804,35.7261264041163,9.21438437185941));
#10181=CARTESIAN_POINT('Ctrl Pts',(118.616130539283,35.7152194857109,9.15835741771337));
#10182=CARTESIAN_POINT('Ctrl Pts',(118.486538623823,35.6997336408139,9.07488999884047));
#10183=CARTESIAN_POINT('Ctrl Pts',(118.29019833102,35.6797940013131,8.95186842739401));
#10184=CARTESIAN_POINT('Ctrl Pts',(118.02459764533,35.6603018066154,8.79275013346132));
#10185=CARTESIAN_POINT('Ctrl Pts',(117.665846279615,35.6438419645323,8.58745578336707));
#10186=CARTESIAN_POINT('Ctrl Pts',(117.300975904066,35.6417801341318,8.39298286591505));
#10187=CARTESIAN_POINT('Ctrl Pts',(116.931382054366,35.6541679209603,8.21011786567984));
#10188=CARTESIAN_POINT('Ctrl Pts',(116.373295648663,35.687232771738,7.94800317566637));
#10189=CARTESIAN_POINT('Ctrl Pts',(115.523750310086,35.7903628584257,7.60051757561368));
#10190=CARTESIAN_POINT('Ctrl Pts',(114.360274318802,36.0475311008178,7.23774562132991));
#10191=CARTESIAN_POINT('Ctrl Pts',(113.201623219277,36.4226366135877,6.99259779264515));
#10192=CARTESIAN_POINT('Ctrl Pts',(112.076599006818,36.9064493663928,6.87126017542241));
#10193=CARTESIAN_POINT('Ctrl Pts',(111.347960034193,37.3051012976837,6.8759100121104));
#10194=CARTESIAN_POINT('Ctrl Pts',(110.777735786755,37.6546603748821,6.91621700564263));
#10195=CARTESIAN_POINT('Ctrl Pts',(110.348850324996,37.9343565586206,6.96290728596681));
#10196=CARTESIAN_POINT('Ctrl Pts',(109.94234787466,38.2339247619594,7.04079453906201));
#10197=CARTESIAN_POINT('Ctrl Pts',(109.708130381306,38.4172967366282,7.09617803022996));
#10198=CARTESIAN_POINT('Ctrl Pts',(109.671304560345,38.4464625542945,7.10521222175761));
#10199=CARTESIAN_POINT('Ctrl Pts',(109.385437249965,38.675505904094,7.17791612704396));
#10200=CARTESIAN_POINT('Ctrl Pts',(108.887150280554,39.074750359185,7.30464971704256));
#10201=CARTESIAN_POINT('Ctrl Pts',(108.138945267885,39.6742303593993,7.49493999646659));
#10202=CARTESIAN_POINT('Ctrl Pts',(107.391217680746,40.273328135835,7.68510914606997));
#10203=CARTESIAN_POINT('Ctrl Pts',(106.643384292661,40.8725079721667,7.87530256006804));
#10204=CARTESIAN_POINT('Ctrl Pts',(105.895590087381,41.4716552444767,8.06548486745531));
#10205=CARTESIAN_POINT('Ctrl Pts',(105.147775303872,42.0708173222747,8.25567076736325));
#10206=CARTESIAN_POINT('Ctrl Pts',(104.39996680255,42.6699730655019,8.44585380016446));
#10207=CARTESIAN_POINT('Ctrl Pts',(103.652152895727,43.2691318006377,8.63603690133607));
#10208=CARTESIAN_POINT('Ctrl Pts',(102.90433906569,43.8682892670738,8.82621880525228));
#10209=CARTESIAN_POINT('Ctrl Pts',(102.156523090821,44.4674472858927,9.01640011699248));
#10210=CARTESIAN_POINT('Ctrl Pts',(101.408706160225,45.0666049730578,9.2065806011416));
#10211=CARTESIAN_POINT('Ctrl Pts',(100.660887913348,45.6657626626052,9.39676039343824));
#10212=CARTESIAN_POINT('Ctrl Pts',(99.9130686591253,46.2649201529803,9.58693946015066));
#10213=CARTESIAN_POINT('Ctrl Pts',(99.1652483878282,46.8640774891923,9.7771178400501));
#10214=CARTESIAN_POINT('Ctrl Pts',(98.4174272150851,47.4632346124596,9.96729553675759));
#10215=CARTESIAN_POINT('Ctrl Pts',(97.6696051858443,48.0623915158421,10.1574725671992));
#10216=CARTESIAN_POINT('Ctrl Pts',(96.9217823639145,48.6615481739876,10.3476489402847));
#10217=CARTESIAN_POINT('Ctrl Pts',(96.1739587936832,49.2607045738697,10.5378246667084));
#10218=CARTESIAN_POINT('Ctrl Pts',(95.4261345186978,49.8598607005041,10.7279997548119));
#10219=CARTESIAN_POINT('Ctrl Pts',(94.6783095746485,50.4590165428485,10.9181742126398));
#10220=CARTESIAN_POINT('Ctrl Pts',(93.9304839936112,51.0581720907522,11.1083480472012));
#10221=CARTESIAN_POINT('Ctrl Pts',(93.1826578031119,51.6573273359596,11.2985212649553));
#10222=CARTESIAN_POINT('Ctrl Pts',(92.4348310273751,52.2564822713515,11.488693871729));
#10223=CARTESIAN_POINT('Ctrl Pts',(91.6870036874838,52.855636891015,11.6788658728699));
#10224=CARTESIAN_POINT('Ctrl Pts',(90.9391758019297,53.45479118998,11.8690372732791));
#10225=CARTESIAN_POINT('Ctrl Pts',(90.1913473869046,54.0539451641354,12.0592080774834));
#10226=CARTESIAN_POINT('Ctrl Pts',(89.4435184566352,54.653098810093,12.2493782896787));
#10227=CARTESIAN_POINT('Ctrl Pts',(88.6956890236359,55.2522521250977,12.4395479137756));
#10228=CARTESIAN_POINT('Ctrl Pts',(87.9478590989437,55.8514051069375,12.6297169534357));
#10229=CARTESIAN_POINT('Ctrl Pts',(87.2000286923145,56.4505577538707,12.8198854121042));
#10230=CARTESIAN_POINT('Ctrl Pts',(86.4521978123959,57.0497100645613,13.0100532930374));
#10231=CARTESIAN_POINT('Ctrl Pts',(85.7043664668752,57.6488620380237,13.2002205993275));
#10232=CARTESIAN_POINT('Ctrl Pts',(84.9565346626082,58.2480136735742,13.3903873339226));
#10233=CARTESIAN_POINT('Ctrl Pts',(84.2087024057303,58.8471649707899,13.5805534996454));
#10234=CARTESIAN_POINT('Ctrl Pts',(83.4608697017532,59.446315929472,13.7707190992086));
#10235=CARTESIAN_POINT('Ctrl Pts',(82.7130365556472,60.0454665496157,13.9608841352286));
#10236=CARTESIAN_POINT('Ctrl Pts',(81.9652029719146,60.6446168313822,14.1510486102369));
#10237=CARTESIAN_POINT('Ctrl Pts',(81.21736895465,61.2437667750766,14.3412125266908));
#10238=CARTESIAN_POINT('Ctrl Pts',(80.4695345075981,61.8429163811254,14.5313758869811));
#10239=CARTESIAN_POINT('Ctrl Pts',(79.7216996341914,62.4420656500656,14.721538693442));
#10240=CARTESIAN_POINT('Ctrl Pts',(78.9738643375975,63.0412145825244,14.911700948356));
#10241=CARTESIAN_POINT('Ctrl Pts',(78.2260286207591,63.6403631792019,15.1018626539584));
#10242=CARTESIAN_POINT('Ctrl Pts',(77.4781924864164,64.2395114408666,15.292023812444));
#10243=CARTESIAN_POINT('Ctrl Pts',(76.7303559371365,64.8386593683421,15.4821844259705));
#10244=CARTESIAN_POINT('Ctrl Pts',(75.9825189753349,65.4378069625007,15.6723444966628));
#10245=CARTESIAN_POINT('Ctrl Pts',(75.2346816032956,66.0369542242549,15.8625040266161));
#10246=CARTESIAN_POINT('Ctrl Pts',(74.486843823188,66.6361011545514,16.0526630178982));
#10247=CARTESIAN_POINT('Ctrl Pts',(73.7390056370818,67.2352477543657,16.2428214725527));
#10248=CARTESIAN_POINT('Ctrl Pts',(72.9911670469592,67.8343940246972,16.4329793926001));
#10249=CARTESIAN_POINT('Ctrl Pts',(72.2433280547272,68.4335399665647,16.6231367800404));
#10250=CARTESIAN_POINT('Ctrl Pts',(71.4954886622262,69.0326855810033,16.8132936368544));
#10251=CARTESIAN_POINT('Ctrl Pts',(70.747648871239,69.6318308690608,17.0034499650047));
#10252=CARTESIAN_POINT('Ctrl Pts',(69.9998086834979,70.2309758317951,17.1936057664374));
#10253=CARTESIAN_POINT('Ctrl Pts',(69.2519681006914,70.8301204702717,17.3837610430826));
#10254=CARTESIAN_POINT('Ctrl Pts',(68.5041271244696,71.4292647855612,17.5739157968554));
#10255=CARTESIAN_POINT('Ctrl Pts',(67.7562857564494,72.0284087787377,17.7640700296568));
#10256=CARTESIAN_POINT('Ctrl Pts',(67.0084439982189,72.6275524508769,17.954223743374));
#10257=CARTESIAN_POINT('Ctrl Pts',(66.2606018513412,73.2266958030544,18.1443769398809));
#10258=CARTESIAN_POINT('Ctrl Pts',(65.5127593173582,73.8258388363442,18.3345296210389));
#10259=CARTESIAN_POINT('Ctrl Pts',(64.7649163977937,74.4249815518171,18.5246817886966));
#10260=CARTESIAN_POINT('Ctrl Pts',(64.0170730941564,75.0241239505395,18.7148334446904));
#10261=CARTESIAN_POINT('Ctrl Pts',(63.2692294079431,75.6232660335721,18.9049845908447));
#10262=CARTESIAN_POINT('Ctrl Pts',(62.5213853406408,76.2224078019683,19.0951352289717));
#10263=CARTESIAN_POINT('Ctrl Pts',(61.7735408937305,76.8215492567723,19.2852853608715));
#10264=CARTESIAN_POINT('Ctrl Pts',(61.0256960686876,77.4206903990192,19.4754349883324));
#10265=CARTESIAN_POINT('Ctrl Pts',(60.2778508669886,78.0198312297301,19.6655841131296));
#10266=CARTESIAN_POINT('Ctrl Pts',(59.5300052901049,78.6189717499182,19.8557327370277));
#10267=CARTESIAN_POINT('Ctrl Pts',(58.7821593395138,79.2181119605793,20.0458808617779));
#10268=CARTESIAN_POINT('Ctrl Pts',(58.0343130167045,79.8172518626884,20.2360284891167));
#10269=CARTESIAN_POINT('Ctrl Pts',(57.2864663231754,80.4163914572015,20.4261756207676));
#10270=CARTESIAN_POINT('Ctrl Pts',(56.5386192604405,81.0155307450514,20.6163222584393));
#10271=CARTESIAN_POINT('Ctrl Pts',(55.7907718300324,81.614669727145,20.8064684038251));
#10272=CARTESIAN_POINT('Ctrl Pts',(55.042924033508,82.2138084043596,20.9966140586023));
#10273=CARTESIAN_POINT('Ctrl Pts',(54.2950758724532,82.8129467775389,21.1867592244305));
#10274=CARTESIAN_POINT('Ctrl Pts',(53.5472273484895,83.4120848474882,21.3769039029511));
#10275=CARTESIAN_POINT('Ctrl Pts',(52.7993784632807,84.0112226149692,21.5670480957849));
#10276=CARTESIAN_POINT('Ctrl Pts',(52.0515292185415,84.6103600806937,21.7571918045308));
#10277=CARTESIAN_POINT('Ctrl Pts',(51.3036796160462,85.2094972453166,21.9473350307636));
#10278=CARTESIAN_POINT('Ctrl Pts',(50.5558296576394,85.8086341094273,22.1374777760316));
#10279=CARTESIAN_POINT('Ctrl Pts',(49.8079793452484,86.4077706735405,22.3276200418536));
#10280=CARTESIAN_POINT('Ctrl Pts',(49.0601286808977,87.006906938085,22.5177618297158));
#10281=CARTESIAN_POINT('Ctrl Pts',(48.3122776667238,87.6060429033915,22.707903141068));
#10282=CARTESIAN_POINT('Ctrl Pts',(47.5644263049965,88.2051785696765,22.8980439773186));
#10283=CARTESIAN_POINT('Ctrl Pts',(46.816574598136,88.8043139370287,23.0881843398308));
#10284=CARTESIAN_POINT('Ctrl Pts',(46.0687225487472,89.403449005382,23.2783242299141));
#10285=CARTESIAN_POINT('Ctrl Pts',(45.3208701596278,90.0025837745096,23.4684636488229));
#10286=CARTESIAN_POINT('Ctrl Pts',(44.5730174338485,90.6017182439599,23.6586025977364));
#10287=CARTESIAN_POINT('Ctrl Pts',(43.8251643746861,91.2008524131112,23.8487410777762));
#10288=CARTESIAN_POINT('Ctrl Pts',(43.0773109859043,91.799986280947,24.0388790899359));
#10289=CARTESIAN_POINT('Ctrl Pts',(42.3294572712753,92.3991198464402,24.2290166352029));
#10290=CARTESIAN_POINT('Ctrl Pts',(41.5816032358266,92.9982531075552,24.4191537142429));
#10291=CARTESIAN_POINT('Ctrl Pts',(40.8337488832505,93.597386063324,24.6092903280589));
#10292=CARTESIAN_POINT('Ctrl Pts',(40.0858942219364,94.1965187090148,24.7994264764591));
#10293=CARTESIAN_POINT('Ctrl Pts',(39.3380392517363,94.795651046736,24.9895621614226));
#10294=CARTESIAN_POINT('Ctrl Pts',(38.5901839939045,95.3947830614518,25.1796973794892));
#10295=CARTESIAN_POINT('Ctrl Pts',(37.8423284244281,95.993914774395,25.369832138711));
#10296=CARTESIAN_POINT('Ctrl Pts',(37.0944726237055,96.5930461231577,25.5599664206007));
#10297=CARTESIAN_POINT('Ctrl Pts',(36.3466164419213,97.1921772297695,25.7501002652063));
#10298=CARTESIAN_POINT('Ctrl Pts',(35.5987602487712,97.7913078000783,25.9402335805107));
#10299=CARTESIAN_POINT('Ctrl Pts',(34.8509032555977,98.390438467929,26.1303665689985));
#10300=CARTESIAN_POINT('Ctrl Pts',(34.1030472725869,98.9895677851904,26.3204987724663));
#10301=CARTESIAN_POINT('Ctrl Pts',(33.3551882978977,99.5886989599009,26.5106312103246));
#10302=CARTESIAN_POINT('Ctrl Pts',(32.6073353491746,100.187824769916,26.7007615920618));
#10303=CARTESIAN_POINT('Ctrl Pts',(31.8594683041078,100.786961337808,26.8908950354545));
#10304=CARTESIAN_POINT('Ctrl Pts',(31.1116322897959,101.386072513388,27.081020069943));
#10305=CARTESIAN_POINT('Ctrl Pts',(30.3637263583255,101.985239170558,27.2711623616963));
#10306=CARTESIAN_POINT('Ctrl Pts',(29.6159767115339,102.584280096094,27.4612644055748));
#10307=CARTESIAN_POINT('Ctrl Pts',(28.8678746256822,103.183602842595,27.6514555368072));
#10308=CARTESIAN_POINT('Ctrl Pts',(28.120620078794,103.78224608249,27.8414306870224));
#10309=CARTESIAN_POINT('Ctrl Pts',(27.3699891968263,104.383593660996,28.0322636953667));
#10310=CARTESIAN_POINT('Ctrl Pts',(26.6137902390154,104.989401423845,28.2245117606819));
#10311=CARTESIAN_POINT('Ctrl Pts',(25.8530064229946,105.598881685417,28.4179249121035));
#10312=CARTESIAN_POINT('Ctrl Pts',(25.0879867700958,106.211754830636,28.6124144119291));
#10313=CARTESIAN_POINT('Ctrl Pts',(24.3199117646753,106.82707514498,28.8076801439831));
#10314=CARTESIAN_POINT('Ctrl Pts',(23.5499961766053,107.443869448152,29.0034132767839));
#10315=CARTESIAN_POINT('Ctrl Pts',(22.7797068890597,108.060962597503,29.1992408951565));
#10316=CARTESIAN_POINT('Ctrl Pts',(22.0105317482341,108.677162646001,29.3947847443164));
#10317=CARTESIAN_POINT('Ctrl Pts',(21.2439529795313,109.291282187831,29.5896680357994));
#10318=CARTESIAN_POINT('Ctrl Pts',(20.4813264903339,109.902234941034,29.7835460243458));
#10319=CARTESIAN_POINT('Ctrl Pts',(19.9131881287821,110.357379712207,29.9279801513902));
#10320=CARTESIAN_POINT('Ctrl Pts',(19.5362880468423,110.659320176259,30.0237967700249));
#10321=CARTESIAN_POINT('Ctrl Pts',(19.2855265792791,110.860209009996,30.0875460273424));
#10322=CARTESIAN_POINT('Ctrl Pts',(18.9730448813325,111.110542815924,30.1669859242597));
#10323=CARTESIAN_POINT('Ctrl Pts',(18.6618904355642,111.359813243542,30.2460883095198));
#10324=CARTESIAN_POINT('Ctrl Pts',(18.4137673625899,111.558588216353,30.3091666291501));
#10325=CARTESIAN_POINT('Ctrl Pts',(18.1661741282361,111.756938688842,30.3721102141823));
#10326=CARTESIAN_POINT('Ctrl Pts',(17.8576668585849,112.004088237047,30.4505394454177));
#10327=CARTESIAN_POINT('Ctrl Pts',(17.5504181790294,112.250229415908,30.5286486231158));
#10328=CARTESIAN_POINT('Ctrl Pts',(17.335956858923,112.422037271017,30.5831691908627));
#10329=CARTESIAN_POINT('Ctrl Pts',(17.2135732361293,112.52008041736,30.6142816524408));
#10330=CARTESIAN_POINT('Ctrl Pts',(17.1218659012066,112.593548374158,30.6375955562591));
#10331=CARTESIAN_POINT('Ctrl Pts',(17.0455078661812,112.654719801083,30.6570073471584));
#10332=CARTESIAN_POINT('Ctrl Pts',(16.9844587463378,112.703627045372,30.6725272864117));
#10333=CARTESIAN_POINT('Ctrl Pts',(16.8929218563137,112.776958440954,30.6957978444264));
#10334=CARTESIAN_POINT('Ctrl Pts',(16.5728532165026,113.033369565202,30.7771658346207));
#10335=CARTESIAN_POINT('Ctrl Pts',(16.2539377974259,113.288857314721,30.858241126057));
#10336=CARTESIAN_POINT('Ctrl Pts',(15.9809567314785,113.507545784921,30.9276383071279));
#10337=CARTESIAN_POINT('Ctrl Pts',(15.9203025238268,113.556136603243,30.9430577962987));
#10338=CARTESIAN_POINT('Ctrl Pts',(15.8141775190442,113.641154633136,30.9700368605342));
#10339=CARTESIAN_POINT('Ctrl Pts',(15.6626119238529,113.762575679356,31.0085678243281));
#10340=CARTESIAN_POINT('Ctrl Pts',(15.4807495873239,113.908267784073,31.0548007877116));
#10341=CARTESIAN_POINT('Ctrl Pts',(15.2382140427698,114.102565873678,31.1164580169993));
#10342=CARTESIAN_POINT('Ctrl Pts',(14.9348010516002,114.345633718398,31.193591582177));
#10343=CARTESIAN_POINT('Ctrl Pts',(14.5697820319895,114.638054675528,31.2863863923538));
#10344=CARTESIAN_POINT('Ctrl Pts',(14.2643166703111,114.882766535707,31.3640415509805));
#10345=CARTESIAN_POINT('Ctrl Pts',(14.0188207620572,115.079435939604,31.4264511004734));
#10346=CARTESIAN_POINT('Ctrl Pts',(13.8956324760288,115.178123401769,31.457767821115));
#10347=CARTESIAN_POINT('Ctrl Pts',(13.5788047773851,115.431937461414,31.5383112101468));
#10348=CARTESIAN_POINT('Ctrl Pts',(13.0906692549343,115.856573413384,31.695175612383));
#10349=CARTESIAN_POINT('Ctrl Pts',(12.539235166764,116.422470952678,31.9564895964437));
#10350=CARTESIAN_POINT('Ctrl Pts',(12.1356818292305,116.893405624482,32.2031459189802));
#10351=CARTESIAN_POINT('Ctrl Pts',(11.7580542621279,117.375388659396,32.4742581222627));
#10352=CARTESIAN_POINT('Ctrl Pts',(11.5047497171299,117.748488854425,32.7047038558418));
#10353=CARTESIAN_POINT('Ctrl Pts',(11.1338092578016,118.354320247941,33.1001903075444));
#10354=CARTESIAN_POINT('Ctrl Pts',(10.9456538598017,118.714427503145,33.3523227122634));
#10355=CARTESIAN_POINT('Ctrl Pts',(10.786972670975,119.077413329735,33.6228109202543));
#10356=CARTESIAN_POINT('Ctrl Pts',(10.7848466697127,119.082282900235,33.6264410602213));
#10357=CARTESIAN_POINT('Ctrl Pts',(10.7806067316841,119.092022214426,33.6337078729021));
#10358=CARTESIAN_POINT('Ctrl Pts',(10.7732180946505,119.109066415297,33.6464416724787));
#10359=CARTESIAN_POINT('Ctrl Pts',(10.7585662066845,119.143156139132,33.671976700076));
#10360=CARTESIAN_POINT('Ctrl Pts',(10.7297644160941,119.211337745616,33.7233136479212));
#10361=CARTESIAN_POINT('Ctrl Pts',(10.6741721282812,119.347689464432,33.8270372407385));
#10362=CARTESIAN_POINT('Ctrl Pts',(10.6005228308632,119.542312373181,33.9780951736));
#10363=CARTESIAN_POINT('Ctrl Pts',(10.5345868349596,119.736405254746,34.1327045200358));
#10364=CARTESIAN_POINT('Ctrl Pts',(10.4864688459293,119.891158233502,34.2583259533392));
#10365=CARTESIAN_POINT('Ctrl Pts',(10.4414212990336,120.045544238782,34.3852088968572));
#10366=CARTESIAN_POINT('Ctrl Pts',(10.3909086324341,120.237551301339,34.5459184379459));
#10367=CARTESIAN_POINT('Ctrl Pts',(10.3221549468125,120.542981620136,34.8076807379922));
#10368=CARTESIAN_POINT('Ctrl Pts',(10.2327984379333,121.075492634308,35.2801529978036));
#10369=CARTESIAN_POINT('Ctrl Pts',(10.1945104319158,121.823099307696,35.9894456711041));
#10370=CARTESIAN_POINT('Ctrl Pts',(10.2903333662727,122.680670547747,36.876778519217));
#10371=CARTESIAN_POINT('Ctrl Pts',(10.5186642187251,123.479166386643,37.7763626260935));
#10372=CARTESIAN_POINT('Ctrl Pts',(10.8193629437528,124.101845985755,38.542563774314));
#10373=CARTESIAN_POINT('Ctrl Pts',(11.1229436922387,124.563828385554,39.153482353964));
#10374=CARTESIAN_POINT('Ctrl Pts',(11.3808825412029,124.891115767293,39.6088950995934));
#10375=CARTESIAN_POINT('Ctrl Pts',(11.6199538223989,125.146204974334,39.983907137815));
#10376=CARTESIAN_POINT('Ctrl Pts',(11.7992615685748,125.314923185956,40.2431174027799));
#10377=CARTESIAN_POINT('Ctrl Pts',(11.9050783921464,125.408460551541,40.3902039624133));
#10378=CARTESIAN_POINT('Ctrl Pts',(11.9591749130471,125.454333380369,40.4634998001536));
#10379=CARTESIAN_POINT('Ctrl Pts',(12.0066923966005,125.493795324636,40.5270698218062));
#10380=CARTESIAN_POINT('Ctrl Pts',(12.0471549111033,125.527238313826,40.5810454151781));
#10381=CARTESIAN_POINT('Ctrl Pts',(12.0878141057543,125.560520281441,40.6349676336865));
#10382=CARTESIAN_POINT('Ctrl Pts',(12.1753667541142,125.631837205033,40.7507383060752));
#10383=CARTESIAN_POINT('Ctrl Pts',(12.3095167340763,125.741409186769,40.9284160025766));
#10384=CARTESIAN_POINT('Ctrl Pts',(12.5770894754358,125.961231550579,41.2840497634832));
#10385=CARTESIAN_POINT('Ctrl Pts',(12.8435075217272,126.182134662463,41.6401290049201));
#10386=CARTESIAN_POINT('Ctrl Pts',(13.1084827334231,126.404086971916,41.9964709537699));
#10387=CARTESIAN_POINT('Ctrl Pts',(13.3724679333713,126.626774967353,42.3530085502903));
#10388=CARTESIAN_POINT('Ctrl Pts',(13.5693403841403,126.79468523762,42.6206954468073));
#10389=CARTESIAN_POINT('Ctrl Pts',(13.9356651715346,127.109563522936,43.121171007986));
#10390=CARTESIAN_POINT('Ctrl Pts',(14.4065913122825,127.51483596065,43.7650249564011));
#10391=CARTESIAN_POINT('Ctrl Pts',(15.1120365711294,128.123501379679,44.7310463877404));
#10392=CARTESIAN_POINT('Ctrl Pts',(15.8164613478225,128.732987039945,45.6973299003747));
#10393=CARTESIAN_POINT('Ctrl Pts',(16.5197366666959,129.343336499602,46.6638499650481));
#10394=CARTESIAN_POINT('Ctrl Pts',(17.2217998677041,129.954652476021,47.6306737580293));
#10395=CARTESIAN_POINT('Ctrl Pts',(17.9225075550071,130.566985795245,48.5977752354785));
#10396=CARTESIAN_POINT('Ctrl Pts',(18.6218052334114,131.180489786392,49.5652752656513));
#10397=CARTESIAN_POINT('Ctrl Pts',(19.087436313244,131.590745155707,50.2111983590695));
#10398=CARTESIAN_POINT('Ctrl Pts',(19.3369838391133,131.811121888667,50.5578651521314));
#10399=CARTESIAN_POINT('Ctrl Pts',(19.3629145913072,131.834052744385,50.593918186154));
#10400=CARTESIAN_POINT('Ctrl Pts',(19.3974486572531,131.864655172614,50.6419949329724));
#10401=CARTESIAN_POINT('Ctrl Pts',(19.4319563819343,131.89527685894,50.6900765767416));
#10402=CARTESIAN_POINT('Ctrl Pts',(19.4664246824108,131.925927736972,50.738165909374));
#10403=CARTESIAN_POINT('Ctrl Pts',(19.5008545418163,131.956609127902,50.7862647386227));
#10404=CARTESIAN_POINT('Ctrl Pts',(19.5180567388843,131.97196010746,50.8103174719272));
#10405=CARTESIAN_POINT('Ctrl Pts',(19.706976297655,132.14067092528,51.0745905406153));
#10406=CARTESIAN_POINT('Ctrl Pts',(20.0867831922037,132.4475350581,51.5743576818538));
#10407=CARTESIAN_POINT('Ctrl Pts',(20.7109910779395,132.863254035441,52.3092577293809));
#10408=CARTESIAN_POINT('Ctrl Pts',(21.2721735450828,133.171987319881,52.9065203230997));
#10409=CARTESIAN_POINT('Ctrl Pts',(21.7422880890602,133.396109449631,53.3731859636381));
#10410=CARTESIAN_POINT('Ctrl Pts',(21.9840428488186,133.500696455967,53.6027586324673));
#10411=CARTESIAN_POINT('Ctrl Pts',(22.3819277589104,133.664617342042,53.9725824477268));
#10412=CARTESIAN_POINT('Ctrl Pts',(22.9605239271199,133.865212199371,54.4735126441634));
#10413=CARTESIAN_POINT('Ctrl Pts',(23.9048675972645,134.071763757405,55.1731788929703));
#10414=CARTESIAN_POINT('Ctrl Pts',(24.9079284955199,134.168487251459,55.7966507512984));
#10415=CARTESIAN_POINT('Ctrl Pts',(25.9645695034707,134.143762163315,56.3298796029623));
#10416=CARTESIAN_POINT('Ctrl Pts',(27.0730146576409,133.977475242298,56.7523028518013));
#10417=CARTESIAN_POINT('Ctrl Pts',(28.1775721440922,133.662858600649,57.0279404280173));
#10418=CARTESIAN_POINT('Ctrl Pts',(29.0903050189489,133.267632233778,57.1237385852284));
#10419=CARTESIAN_POINT('Ctrl Pts',(29.6942971274037,132.929401694104,57.1122973815143));
#10420=CARTESIAN_POINT('Ctrl Pts',(29.9848415913063,132.747546744384,57.0881053800492));
#10421=CARTESIAN_POINT('Ctrl Pts',(30.1478265676138,132.639831997979,57.0689720205335));
#10422=CARTESIAN_POINT('Ctrl Pts',(30.2282941197497,132.584747507245,57.0576673308499));
#10423=CARTESIAN_POINT('Ctrl Pts',(30.4238407301562,132.448519785656,57.0278875368661));
#10424=CARTESIAN_POINT('Ctrl Pts',(30.6545074541802,132.282672831429,56.9877314019364));
#10425=CARTESIAN_POINT('Ctrl Pts',(30.9562982926245,132.055190326143,56.9249498225703));
#10426=CARTESIAN_POINT('Ctrl Pts',(31.1050255382004,131.939503942777,56.8905173779762));
#10427=CARTESIAN_POINT('Ctrl Pts',(31.1997798252183,131.864635634306,56.8674442591747));
#10428=CARTESIAN_POINT('Ctrl Pts',(31.2241989763453,131.845238311807,56.8613975839905));
#10429=CARTESIAN_POINT('Ctrl Pts',(31.2520149967393,131.823005128955,56.8543755476355));
#10430=CARTESIAN_POINT('Ctrl Pts',(31.2589625210668,131.817442170508,56.8526120703481));
#10431=CARTESIAN_POINT('Ctrl Pts',(31.5181549624708,131.609718236464,56.7866405104604));
#10432=CARTESIAN_POINT('Ctrl Pts',(32.0286875426343,131.20055616779,56.6566889406463));
#10433=CARTESIAN_POINT('Ctrl Pts',(32.7949272828838,130.586463727019,56.4616532634062));
#10434=CARTESIAN_POINT('Ctrl Pts',(33.5610032871062,129.972498585822,56.2666554335576));
#10435=CARTESIAN_POINT('Ctrl Pts',(34.3271528388206,129.358473691712,56.0716380935624));
#10436=CARTESIAN_POINT('Ctrl Pts',(35.0932706359822,128.744471819235,55.8766264674586));
#10437=CARTESIAN_POINT('Ctrl Pts',(35.8594031565257,128.130456237487,55.6816092305848));
#10438=CARTESIAN_POINT('Ctrl Pts',(36.6255292027246,127.516443523845,55.4865913772368));
#10439=CARTESIAN_POINT('Ctrl Pts',(37.3916578619735,126.902426420438,55.2915706188377));
#10440=CARTESIAN_POINT('Ctrl Pts',(38.1577847445806,126.288408293775,55.0965479248423));
#10441=CARTESIAN_POINT('Ctrl Pts',(38.9239115240538,125.674387745711,54.9015228137282));
#10442=CARTESIAN_POINT('Ctrl Pts',(39.6900372030168,125.060365489904,54.7064954557638));
#10443=CARTESIAN_POINT('Ctrl Pts',(40.456162009301,124.446341282556,54.5114657332359));
#10444=CARTESIAN_POINT('Ctrl Pts',(41.2222856513328,123.832315295213,54.3164336597348));
#10445=CARTESIAN_POINT('Ctrl Pts',(41.9884080933543,123.218287503417,54.1213991925322));
#10446=CARTESIAN_POINT('Ctrl Pts',(42.7545292058991,122.604257961174,53.9263623160345));
#10447=CARTESIAN_POINT('Ctrl Pts',(43.520648919092,121.990226679574,53.7313230042067));
#10448=CARTESIAN_POINT('Ctrl Pts',(44.2867671517123,121.376193682086,53.536281237106));
#10449=CARTESIAN_POINT('Ctrl Pts',(45.0528838407565,120.762158980783,53.3412369932797));
#10450=CARTESIAN_POINT('Ctrl Pts',(45.8189989264046,120.148122587759,53.1461902529743));
#10451=CARTESIAN_POINT('Ctrl Pts',(46.5851123571581,119.534084510715,52.9511409965411));
#10452=CARTESIAN_POINT('Ctrl Pts',(47.3512240861856,118.920044755525,52.756089205009));
#10453=CARTESIAN_POINT('Ctrl Pts',(48.1173340717832,118.306003325602,52.5610348597086));
#10454=CARTESIAN_POINT('Ctrl Pts',(48.8834422761585,117.691960222616,52.3659779423369));
#10455=CARTESIAN_POINT('Ctrl Pts',(49.6495486651028,117.077915446557,52.170918434839));
#10456=CARTESIAN_POINT('Ctrl Pts',(50.4156532073867,116.463868996033,51.9758563193834));
#10457=CARTESIAN_POINT('Ctrl Pts',(51.1817558743826,115.849820868417,51.7807915783071));
#10458=CARTESIAN_POINT('Ctrl Pts',(51.9478566396754,115.235771060025,51.5857241940818));
#10459=CARTESIAN_POINT('Ctrl Pts',(52.713955478755,114.621719566247,51.39065414928));
#10460=CARTESIAN_POINT('Ctrl Pts',(53.4800523687387,114.007666381667,51.1955814265466));
#10461=CARTESIAN_POINT('Ctrl Pts',(54.2461472881378,113.393611500163,51.0005060085747));
#10462=CARTESIAN_POINT('Ctrl Pts',(55.0122402166532,112.779554915001,50.8054278780842));
#10463=CARTESIAN_POINT('Ctrl Pts',(55.7783311350007,112.165496618904,50.6103470178037));
#10464=CARTESIAN_POINT('Ctrl Pts',(56.5444200247601,111.551436604121,50.4152634104539));
#10465=CARTESIAN_POINT('Ctrl Pts',(57.3105068682432,110.937374862484,50.220177038735));
#10466=CARTESIAN_POINT('Ctrl Pts',(58.0765916483865,110.323311385455,50.0250878853128));
#10467=CARTESIAN_POINT('Ctrl Pts',(58.842674348642,109.709246164169,49.8299959328119));
#10468=CARTESIAN_POINT('Ctrl Pts',(59.6087549529216,109.095179189459,49.6349011637989));
#10469=CARTESIAN_POINT('Ctrl Pts',(60.3748334454566,108.481110451934,49.4398035607927));
#10470=CARTESIAN_POINT('Ctrl Pts',(61.140909811021,107.867039941776,49.2447031061841));
#10471=CARTESIAN_POINT('Ctrl Pts',(61.9069840344169,107.25296764914,49.0495997823477));
#10472=CARTESIAN_POINT('Ctrl Pts',(62.6730561006727,106.638893563969,48.8544935715742));
#10473=CARTESIAN_POINT('Ctrl Pts',(63.439125994975,106.024817676038,48.6593844560726));
#10474=CARTESIAN_POINT('Ctrl Pts',(64.2051937026454,105.410739974959,48.4642724179638));
#10475=CARTESIAN_POINT('Ctrl Pts',(64.9712592091052,104.796660450197,48.2691574392777));
#10476=CARTESIAN_POINT('Ctrl Pts',(65.7373224998525,104.182579091077,48.0740395019501));
#10477=CARTESIAN_POINT('Ctrl Pts',(66.503383560438,103.568495886799,47.8789185878192));
#10478=CARTESIAN_POINT('Ctrl Pts',(67.2694423764472,102.954410826439,47.6837946786241));
#10479=CARTESIAN_POINT('Ctrl Pts',(68.0354989334826,102.340323898961,47.4886677560014));
#10480=CARTESIAN_POINT('Ctrl Pts',(68.8015532171501,101.726235093221,47.2935378014841));
#10481=CARTESIAN_POINT('Ctrl Pts',(69.567605213046,101.112144397971,47.0984047964991));
#10482=CARTESIAN_POINT('Ctrl Pts',(70.3336549067463,100.498051801864,46.9032687223658));
#10483=CARTESIAN_POINT('Ctrl Pts',(71.0997022837975,99.8839572934553,46.7081295602946));
#10484=CARTESIAN_POINT('Ctrl Pts',(71.8657473297083,99.2698608612105,46.5129872913853));
#10485=CARTESIAN_POINT('Ctrl Pts',(72.6317900299426,98.6557624935029,46.3178418966259));
#10486=CARTESIAN_POINT('Ctrl Pts',(73.3978303699135,98.0416621786178,46.1226933568913));
#10487=CARTESIAN_POINT('Ctrl Pts',(74.1638683349778,97.4275599047539,45.9275416529423));
#10488=CARTESIAN_POINT('Ctrl Pts',(74.9299039104316,96.8134556600246,45.7323867654243));
#10489=CARTESIAN_POINT('Ctrl Pts',(75.6959370815062,96.1993494324592,45.5372286748665));
#10490=CARTESIAN_POINT('Ctrl Pts',(76.4619678333646,95.5852412100036,45.3420673616807));
#10491=CARTESIAN_POINT('Ctrl Pts',(77.2279961510988,94.9711309805208,45.1469028061607));
#10492=CARTESIAN_POINT('Ctrl Pts',(77.994022019726,94.3570187317926,44.9517349884811));
#10493=CARTESIAN_POINT('Ctrl Pts',(78.7600454241905,93.7429044515164,44.7565638886959));
#10494=CARTESIAN_POINT('Ctrl Pts',(79.5260663493518,93.1287881273136,44.5613894867403));
#10495=CARTESIAN_POINT('Ctrl Pts',(80.2920847800056,92.514669746711,44.3662117624233));
#10496=CARTESIAN_POINT('Ctrl Pts',(81.0581007008242,91.900549297188,44.1710306954428));
#10497=CARTESIAN_POINT('Ctrl Pts',(81.8241140968802,91.2864267657553,43.9758462652505));
#10498=CARTESIAN_POINT('Ctrl Pts',(82.5901249526152,90.6723021397808,43.7806584513136));
#10499=CARTESIAN_POINT('Ctrl Pts',(83.3561332525026,90.0581754064574,43.5854672329454));
#10500=CARTESIAN_POINT('Ctrl Pts',(84.1221389808863,89.4440465529309,43.3902725893451));
#10501=CARTESIAN_POINT('Ctrl Pts',(84.8881421220474,88.8299155662467,43.1950744995806));
#10502=CARTESIAN_POINT('Ctrl Pts',(85.6541426601746,88.2157824333717,42.9998729425945));
#10503=CARTESIAN_POINT('Ctrl Pts',(86.420140579378,87.6016471411832,42.8046678972007));
#10504=CARTESIAN_POINT('Ctrl Pts',(87.1861358636838,86.9875096764723,42.6094593420844));
#10505=CARTESIAN_POINT('Ctrl Pts',(87.9521284970384,86.3733700259404,42.4142472558014));
#10506=CARTESIAN_POINT('Ctrl Pts',(88.718118463308,85.7592281761981,42.2190316167768));
#10507=CARTESIAN_POINT('Ctrl Pts',(89.4841057462814,85.1450841137639,42.0238124033045));
#10508=CARTESIAN_POINT('Ctrl Pts',(90.250090329672,84.5309378250611,41.8285895935461));
#10509=CARTESIAN_POINT('Ctrl Pts',(91.0160721971205,83.9167892964164,41.6333631655304));
#10510=CARTESIAN_POINT('Ctrl Pts',(91.7820513321979,83.3026385140563,41.4381330971521));
#10511=CARTESIAN_POINT('Ctrl Pts',(92.5480277184104,82.6884854641047,41.2428993661708));
#10512=CARTESIAN_POINT('Ctrl Pts',(93.3140013392033,82.0743301325786,41.0476619502104));
#10513=CARTESIAN_POINT('Ctrl Pts',(94.0799721779667,81.4601725053845,40.8524208267576));
#10514=CARTESIAN_POINT('Ctrl Pts',(94.8459402180428,80.8460125683134,40.6571759731611));
#10515=CARTESIAN_POINT('Ctrl Pts',(95.611905442733,80.2318503070354,40.46192736663));
#10516=CARTESIAN_POINT('Ctrl Pts',(96.3778678353073,79.6176857070934,40.2666749842331));
#10517=CARTESIAN_POINT('Ctrl Pts',(97.1438273790153,79.003518753896,40.0714188028971));
#10518=CARTESIAN_POINT('Ctrl Pts',(97.9097840570985,78.3893494327093,39.8761587994051));
#10519=CARTESIAN_POINT('Ctrl Pts',(98.6757378528047,77.775177728647,39.6808949503955));
#10520=CARTESIAN_POINT('Ctrl Pts',(99.4416887494057,77.1610036266594,39.4856272323596));
#10521=CARTESIAN_POINT('Ctrl Pts',(100.207636730217,76.546827111521,39.29035562164));
#10522=CARTESIAN_POINT('Ctrl Pts',(100.97358177862,75.9326481678156,39.0950800944284));
#10523=CARTESIAN_POINT('Ctrl Pts',(101.739523878092,75.318466779919,38.8998006267633));
#10524=CARTESIAN_POINT('Ctrl Pts',(102.505463012233,74.7042829319796,38.7045171945275));
#10525=CARTESIAN_POINT('Ctrl Pts',(103.271399164807,74.0900966078957,38.5092297734445));
#10526=CARTESIAN_POINT('Ctrl Pts',(104.037332319781,73.4759077912889,38.3139383390763));
#10527=CARTESIAN_POINT('Ctrl Pts',(104.803262461376,72.8617164654737,38.1186428668186));
#10528=CARTESIAN_POINT('Ctrl Pts',(105.569189574124,72.2475226134222,37.923343331897));
#10529=CARTESIAN_POINT('Ctrl Pts',(106.335113642935,71.633326217723,37.7280397093626));
#10530=CARTESIAN_POINT('Ctrl Pts',(107.101034653173,71.0191272605343,37.5327319740859));
#10531=CARTESIAN_POINT('Ctrl Pts',(107.866952590749,70.4049257235279,37.3374201007509));
#10532=CARTESIAN_POINT('Ctrl Pts',(108.632867442219,69.7907215878277,37.1421040638482));
#10533=CARTESIAN_POINT('Ctrl Pts',(109.398779194917,69.1765148339315,36.946783837666));
#10534=CARTESIAN_POINT('Ctrl Pts',(110.164687837075,68.5623054416345,36.7514593962832));
#10535=CARTESIAN_POINT('Ctrl Pts',(110.93059335802,67.9480933899112,36.5561307135529));
#10536=CARTESIAN_POINT('Ctrl Pts',(111.696495748304,67.3338786568413,36.3607977631032));
#10537=CARTESIAN_POINT('Ctrl Pts',(112.462395000041,66.7196612193865,36.165460518294));
#10538=CARTESIAN_POINT('Ctrl Pts',(113.22829110691,66.1054410534361,35.970118952265));
#10539=CARTESIAN_POINT('Ctrl Pts',(113.994184065007,65.4912181331829,35.7747730377746));
#10540=CARTESIAN_POINT('Ctrl Pts',(114.760073872229,64.8769924316836,35.5794227474237));
#10541=CARTESIAN_POINT('Ctrl Pts',(115.525960530859,64.2627639188622,35.3840680530701));
#10542=CARTESIAN_POINT('Ctrl Pts',(116.291844042056,63.6485325660306,35.1887089273305));
#10543=CARTESIAN_POINT('Ctrl Pts',(117.057724420672,63.034298334088,34.9933453398876));
#10544=CARTESIAN_POINT('Ctrl Pts',(117.823601663683,62.4200611990041,34.797977265697));
#10545=CARTESIAN_POINT('Ctrl Pts',(118.589475823082,61.8058210934218,34.6026046664599));
#10546=CARTESIAN_POINT('Ctrl Pts',(119.355346845089,61.1915780359429,34.4072275319589));
#10547=CARTESIAN_POINT('Ctrl Pts',(120.121214932998,60.5773318399518,34.2118457873354));
#10548=CARTESIAN_POINT('Ctrl Pts',(120.88707973813,59.9630827635073,34.0164595004722));
#10549=CARTESIAN_POINT('Ctrl Pts',(121.652942174961,59.348830052059,33.8210684174715));
#10550=CARTESIAN_POINT('Ctrl Pts',(122.418800361876,58.7345751983023,33.6256730023442));
#10551=CARTESIAN_POINT('Ctrl Pts',(123.184658714304,58.1203146407991,33.4302721090022));
#10552=CARTESIAN_POINT('Ctrl Pts',(123.950507593055,57.5060561066425,33.2348681928171));
#10553=CARTESIAN_POINT('Ctrl Pts',(124.716368873713,56.8917820199862,33.039455642772));
#10554=CARTESIAN_POINT('Ctrl Pts',(125.482193934741,56.2775314175234,32.8440469027382));
#10555=CARTESIAN_POINT('Ctrl Pts',(126.248092062088,55.6632165416211,32.6486139877695));
#10556=CARTESIAN_POINT('Ctrl Pts',(127.013818783037,55.0490337056272,32.4532194996989));
#10557=CARTESIAN_POINT('Ctrl Pts',(127.779929693123,54.434536784769,32.2577211897391));
#10558=CARTESIAN_POINT('Ctrl Pts',(128.417477970478,53.9231558727392,32.0950259742729));
#10559=CARTESIAN_POINT('Ctrl Pts',(128.866851866075,53.5627069732533,31.9803471790054));
#10560=CARTESIAN_POINT('Ctrl Pts',(129.091810610152,53.3822636884483,31.9229376162023));
#10561=CARTESIAN_POINT('Ctrl Pts',(129.22046220998,53.2790697481895,31.8901054070871));
#10562=CARTESIAN_POINT('Ctrl Pts',(129.284810236225,53.2274548793098,31.8736835614453));
#10563=CARTESIAN_POINT('Ctrl Pts',(129.542922257229,53.0204182061967,31.8078127091812));
#10564=CARTESIAN_POINT('Ctrl Pts',(129.983191162189,52.6482297786132,31.6768762072267));
#10565=CARTESIAN_POINT('Ctrl Pts',(130.603286855866,52.0655398978501,31.435394313572));
#10566=CARTESIAN_POINT('Ctrl Pts',(131.082736869661,51.5635319802034,31.1984516082437));
#10567=CARTESIAN_POINT('Ctrl Pts',(131.442981920572,51.1532183470422,30.9881030372875));
#10568=CARTESIAN_POINT('Ctrl Pts',(131.615480417438,50.944934478914,30.8758559767174));
#10569=CARTESIAN_POINT('Ctrl Pts',(131.760442205711,50.7645430469576,30.7763003870552));
#10570=CARTESIAN_POINT('Ctrl Pts',(131.940128426377,50.5370894403604,30.6491395235138));
#10571=CARTESIAN_POINT('Ctrl Pts',(132.141163423268,50.2689407423372,30.4935308033023));
#10572=CARTESIAN_POINT('Ctrl Pts',(132.307066955161,50.0375209005801,30.3552297614131));
#10573=CARTESIAN_POINT('Ctrl Pts',(132.361505282288,49.9601746471545,30.3084729733226));
#10574=CARTESIAN_POINT('Ctrl Pts',(132.604841085618,49.611415050077,30.0965196632267));
#10575=CARTESIAN_POINT('Ctrl Pts',(132.963996787451,48.9655287732331,29.6557328422788));
#10576=CARTESIAN_POINT('Ctrl Pts',(133.248248869824,48.0069573363558,28.8703286500985));
#10577=CARTESIAN_POINT('Ctrl Pts',(133.296783951915,47.0704097523102,27.9820790732543));
#10578=CARTESIAN_POINT('Ctrl Pts',(133.137796609667,46.2095839397846,27.0582526991722));
#10579=CARTESIAN_POINT('Ctrl Pts',(132.806187291152,45.4182784197151,26.1112075526243));
#10580=CARTESIAN_POINT('Ctrl Pts',(132.328017225443,44.7058271257938,25.1637980848024));
#10581=CARTESIAN_POINT('Ctrl Pts',(131.833299723331,44.183498663342,24.393175497447));
#10582=CARTESIAN_POINT('Ctrl Pts',(131.439103556755,43.8494939713276,23.8593355143213));
#10583=CARTESIAN_POINT('Ctrl Pts',(131.201606644335,43.6686348213473,23.5575850444928));
#10584=CARTESIAN_POINT('Ctrl Pts',(131.078876720194,43.58142610647,23.407752477354));
#10585=CARTESIAN_POINT('Ctrl Pts',(130.938074675905,43.4847817648267,23.2391803085193));
#10586=CARTESIAN_POINT('Ctrl Pts',(130.832355627042,43.4138799785621,23.114232338718));
#10587=CARTESIAN_POINT('Ctrl Pts',(130.72539470499,43.3442174393308,22.9898385227219));
#10588=CARTESIAN_POINT('Ctrl Pts',(130.394525269317,43.1302662563313,22.6065460522188));
#10589=CARTESIAN_POINT('Ctrl Pts',(129.946901411341,42.8312913110546,22.0787049607184));
#10590=CARTESIAN_POINT('Ctrl Pts',(129.361073091361,42.4217805555975,21.3701070527284));
#10591=CARTESIAN_POINT('Ctrl Pts',(129.072112561852,42.2138445371352,21.0147899919994));
#10592=CARTESIAN_POINT('Ctrl Pts',(128.685766174396,41.9320207173952,20.5360068849537));
#10593=CARTESIAN_POINT('Ctrl Pts',(128.201363347337,41.5770619830143,19.9341386553687));
#10594=CARTESIAN_POINT('Ctrl Pts',(127.477519291581,41.0421987935591,19.0304259304526));
#10595=CARTESIAN_POINT('Ctrl Pts',(126.756170571448,40.5050621892304,18.1258111201856));
#10596=CARTESIAN_POINT('Ctrl Pts',(126.037106725534,39.9658138639087,17.2203409861355));
#10597=CARTESIAN_POINT('Ctrl Pts',(125.320175599038,39.4246463201384,16.3141231073412));
#10598=CARTESIAN_POINT('Ctrl Pts',(124.605261343268,38.8817586390475,15.4072906326663));
#10599=CARTESIAN_POINT('Ctrl Pts',(123.892270874519,38.3373375121602,14.4999766296522));
#10600=CARTESIAN_POINT('Ctrl Pts',(123.418170011807,37.9734879774457,13.8948671225474));
#10601=CARTESIAN_POINT('Ctrl Pts',(123.181410805575,37.7913654100405,13.5922729773513));
#10602=CARTESIAN_POINT('Origin',(76.3664606159834,79.6710347452713,29.763156870321));
#10603=UNCERTAINTY_MEASURE_WITH_UNIT(LENGTH_MEASURE(0.01),#10607,
'DISTANCE_ACCURACY_VALUE',
'Maximum model space distance between geometric entities at asserted c
onnectivities');
#10604=UNCERTAINTY_MEASURE_WITH_UNIT(LENGTH_MEASURE(0.01),#10607,
'DISTANCE_ACCURACY_VALUE',
'Maximum model space distance between geometric entities at asserted c
onnectivities');
#10605=(
GEOMETRIC_REPRESENTATION_CONTEXT(3)
GLOBAL_UNCERTAINTY_ASSIGNED_CONTEXT((#10603))
GLOBAL_UNIT_ASSIGNED_CONTEXT((#10607,#10609,#10610))
REPRESENTATION_CONTEXT('','3D')
);
#10606=(
GEOMETRIC_REPRESENTATION_CONTEXT(3)
GLOBAL_UNCERTAINTY_ASSIGNED_CONTEXT((#10604))
GLOBAL_UNIT_ASSIGNED_CONTEXT((#10607,#10609,#10610))
REPRESENTATION_CONTEXT('','3D')
);
#10607=(
LENGTH_UNIT()
NAMED_UNIT(*)
SI_UNIT(.MILLI.,.METRE.)
);
#10608=(
LENGTH_UNIT()
NAMED_UNIT(*)
SI_UNIT($,.METRE.)
);
#10609=(
NAMED_UNIT(*)
PLANE_ANGLE_UNIT()
SI_UNIT($,.RADIAN.)
);
#10610=(
NAMED_UNIT(*)
SI_UNIT($,.STERADIAN.)
SOLID_ANGLE_UNIT()
);
#10611=SHAPE_DEFINITION_REPRESENTATION(#10612,#10613);
#10612=PRODUCT_DEFINITION_SHAPE('',$,#10615);
#10613=SHAPE_REPRESENTATION('',(#2093),#10605);
#10614=PRODUCT_DEFINITION_CONTEXT('part definition',#10619,'design');
#10615=PRODUCT_DEFINITION('2026-09-28-21-07-34-233','(Unsaved)',#10616,
#10614);
#10616=PRODUCT_DEFINITION_FORMATION('',$,#10621);
#10617=PRODUCT_RELATED_PRODUCT_CATEGORY('(Unsaved)','(Unsaved)',(#10621));
#10618=APPLICATION_PROTOCOL_DEFINITION('international standard',
'automotive_design',2009,#10619);
#10619=APPLICATION_CONTEXT(
'Core Data for Automotive Mechanical Design Process');
#10620=PRODUCT_CONTEXT('part definition',#10619,'mechanical');
#10621=PRODUCT('2026-09-28-21-07-34-233','(Unsaved)',$,(#10620));
#10622=PRESENTATION_STYLE_ASSIGNMENT((#10623));
#10623=SURFACE_STYLE_USAGE(.BOTH.,#10624);
#10624=SURFACE_SIDE_STYLE('',(#10625));
#10625=SURFACE_STYLE_FILL_AREA(#10626);
#10626=FILL_AREA_STYLE('Steel - Satin',(#10627));
#10627=FILL_AREA_STYLE_COLOUR('Steel - Satin',#10628);
#10628=COLOUR_RGB('Steel - Satin',0.627450980392157,0.627450980392157,0.627450980392157);
ENDSEC;
END-ISO-10303-21;
