# Apple ModelIO OBJ File: Gift
mtllib Gift.mtl
g 
v -0.0848732 0.024292 0.176392
v -0.0881996 0.02005 0.175476
v -0.0880852 0.0202942 0.172638
v -0.0895271 0.0211792 0.168396
v -0.0890541 0.01828 0.173309
v -0.0880623 0.0177307 0.174164
v -0.0889244 0.0207214 0.183624
v -0.0893059 0.0202942 0.186523
v -0.0894203 0.0163574 0.183563
v -0.089859 0.0185242 0.169891
v -0.143074 0.0194092 0.159607
v -0.144142 0.0208435 0.161652
v -0.143555 0.0222168 0.158966
v -0.101624 0.0194092 0.151245
v -0.101288 0.0211182 0.151428
v -0.0988312 0.0198059 0.153168
v -0.0947723 0.0202637 0.157684
v -0.0932465 0.022583 0.157196
v -0.0906754 0.0213928 0.162933
v -0.0964699 0.0236511 0.154236
v -0.0944786 0.0176392 0.15863
v -0.09235 0.0189514 0.161224
v -0.126541 0.0228577 0.145264
v -0.121311 0.0204163 0.14502
v -0.12645 0.0204163 0.146332
v -0.113747 0.0216064 0.145538
v -0.110592 0.0221558 0.145416
v -0.113266 0.0195007 0.145508
v -0.136936 0.0201416 0.15213
v -0.135559 0.0209656 0.151611
v -0.135342 0.0158997 0.150757
v -0.103428 0.0195312 0.149689
v -0.115582 0.0227356 0.143799
v -0.116482 0.0201111 0.145172
v -0.0965919 0.0193481 0.155396
v -0.103016 0.0220337 0.14975
v -0.103588 0.0203857 0.148438
v -0.121929 0.0178833 0.145599
v -0.104397 0.0212708 0.147217
v -0.1064 0.0174561 0.148102
v -0.106606 0.0213623 0.146851
v -0.107643 0.0193176 0.147003
v -0.110241 0.0181885 0.146423
v -0.125816 0.0186462 0.14624
v -0.128719 0.0205078 0.147552
v -0.0919495 0.0201416 0.193329
v -0.0877991 0.0219421 0.186462
v -0.0894356 0.0188599 0.164825
v -0.0929871 0.0191345 0.194946
v -0.0879745 0.0243225 0.197174
v -0.146187 0.0208435 0.165894
v -0.144547 0.0195007 0.162384
v -0.130554 0.018219 0.206787
v -0.12706 0.0209656 0.211304
v -0.127926 0.0237732 0.214355
v -0.145615 0.0177307 0.16507
v -0.147366 0.0175781 0.170013
v -0.1478 0.0203552 0.172302
v -0.147697 0.0201111 0.175751
v -0.150894 0.0238647 0.174103
v -0.147247 0.0231018 0.196075
v -0.147156 0.0203247 0.190155
v -0.144863 0.0184021 0.192017
v -0.146832 0.0184937 0.186371
v -0.146729 0.0181885 0.189209
v -0.152332 0.0261841 0.186371
v -0.147121 0.0190735 0.183075
v -0.154186 -0.0115051 0.208618
v -0.158344 -0.0115778 0.210971
v -0.158344 -0.0119929 0.216891
v -0.155289 -0.0115051 0.205658
v -0.158344 -0.0111543 0.20098
v -0.158344 -0.0115152 0.207116
v -0.153175 -0.0119629 0.217316
v -0.158344 -0.0121861 0.220481
v -0.153331 -0.012109 0.221432
v -0.158344 -0.0115174 0.209205
v -0.150773 -0.012124 0.221432
v -0.144619 -0.0115051 0.206909
v -0.148785 -0.0119629 0.214294
v -0.145323 -0.0122679 0.221432
v -0.145321 -0.0122679 0.221432
v -0.145779 -0.0110779 0.194763
v -0.142586 -0.0106201 0.190491
v -0.150238 -0.0107422 0.193695
v -0.148113 -0.0107117 0.189514
v -0.158344 -0.010834 0.195608
v -0.158344 -0.0108353 0.196301
v -0.143406 -0.0111694 0.200562
v -0.158344 -0.0106088 0.191023
v -0.143246 -0.00296021 0.191345
v -0.145714 -0.00137329 0.185059
v -0.145538 -0.00262451 0.185883
v -0.142887 -0.000793457 0.191467
v -0.144787 -0.0102844 0.186127
v -0.148605 -0.010376 0.184784
v -0.145615 -0.00479126 0.184875
v -0.143013 -0.00561523 0.190308
v -0.14938 -0.0118713 0.218964
v -0.148949 -0.0120236 0.221432
v -0.145327 -0.0122675 0.221432
v -0.150539 -0.00991821 0.176697
v -0.158344 -0.00999916 0.177951
v -0.158344 -0.0102199 0.18436
v -0.145699 -0.00576782 0.183289
v -0.145447 -0.0098877 0.182037
v -0.146626 -0.0101624 0.176453
v -0.146294 -0.00964355 0.17514
v -0.145393 -0.00985718 0.170349
v -0.145966 -0.00671387 0.169525
v -0.144276 -0.009552 0.16687
v -0.155315 -0.00970459 0.172089
v -0.158344 -0.00965987 0.171984
v -0.158344 -0.0097012 0.173268
v -0.146584 -0.00598145 0.181152
v -0.145973 -0.00991821 0.179199
v -0.150654 -0.00946045 0.167175
v -0.145157 -0.00921631 0.160919
v -0.152176 -0.00869751 0.15387
v -0.154594 -0.00958252 0.165558
v -0.158344 -0.00990326 0.175829
v -0.146515 -0.00695801 0.174042
v -0.147076 -0.00195312 0.176178
v -0.146156 -0.00366211 0.171417
v -0.158344 -0.00955318 0.169147
v -0.157852 -0.00906372 0.162109
v -0.158344 -0.00896838 0.160441
v -0.158344 -0.00919525 0.161995
v -0.158344 -0.00918474 0.16376
v -0.158344 -0.00951378 0.167345
v -0.146091 -0.00323486 0.167725
v -0.145939 0.00012207 0.167084
v -0.145248 -0.00494385 0.167206
v -0.143627 -0.00320435 0.164032
v -0.146393 -0.000946045 0.181488
v -0.14706 -0.00146484 0.180908
v -0.146595 -0.00283813 0.181793
v -0.144676 6.10352e-05 0.163574
v -0.146877 -0.000823975 0.170044
v -0.142559 -0.00878906 0.153503
v -0.148952 -0.00866699 0.153015
v -0.146667 -0.000518799 0.176086
v -0.148769 -0.00814819 0.141693
v -0.15094 -0.00808716 0.141937
v -0.145199 -0.0083313 0.145996
v -0.15683 -0.00888062 0.152466
v -0.158344 -0.00884011 0.15603
v -0.158344 -0.00885478 0.153482
v -0.143555 -0.00897217 0.16391
v -0.158344 -0.00895157 0.152508
v -0.158325 -0.00772095 0.138824
v -0.158344 -0.00772016 0.13881
v -0.158344 -0.00772171 0.138833
v -0.158344 -0.00772235 0.138848
v -0.158344 -0.00772361 0.138889
v -0.158344 -0.00816118 0.14748
v -0.158344 -0.00885778 0.150664
v -0.158344 -0.00890011 0.151355
v -0.1464 0.0101013 0.187622
v -0.146717 0.0148315 0.187042
v -0.146339 0.00958252 0.186218
v -0.143711 0.00924683 0.19339
v -0.144703 -0.0078125 0.137817
v -0.144211 0.00427246 0.190002
v -0.155319 -0.00811768 0.142181
v -0.158344 -0.00804277 0.144223
v -0.14539 0.00488281 0.187256
v -0.146992 0.0065918 0.176971
v -0.146793 0.00592041 0.172241
v -0.146751 0.00192261 0.173431
v -0.147129 0.000793457 0.178497
v -0.146439 -0.00747681 0.133484
v -0.145561 0.01651 0.189758
v -0.143112 0.0130615 0.194641
v -0.148945 0.0171204 0.17334
v -0.147873 0.0169678 0.174774
v -0.146187 0.00259399 0.169128
v -0.146313 0.00701904 0.171356
v -0.149826 0.0167236 0.171112
v -0.149208 0.017334 0.168427
v -0.147949 0.0100098 0.170593
v -0.147873 0.0107422 0.182007
v -0.145943 0.0062561 0.184937
v -0.150006 -0.00741915 0.127517
v -0.152754 -0.00712895 0.127517
v -0.14838 0.0115662 0.173889
v -0.145725 0.0100708 0.16333
v -0.143204 0.00570679 0.161926
v -0.145485 0.00692749 0.16748
v -0.147377 0.0179443 0.181152
v -0.14814 0.0134888 0.177246
v -0.147556 0.0137329 0.174377
v -0.14719 0.0195007 0.179504
v -0.147976 0.00915527 0.177185
v -0.153964 -0.00712432 0.127517
v -0.146877 0.00320435 0.17804
v -0.144062 0.0177307 0.194275
v -0.148746 0.0171814 0.166229
v -0.147484 0.00817871 0.172516
v -0.144077 0.0022583 0.163147
v -0.158344 -0.00771764 0.138772
v -0.145782 0.0178528 0.161713
v -0.14579 0.0169983 0.160187
v -0.144844 0.00564575 0.187042
v -0.144062 0.00762939 0.18985
v -0.144394 0.0112 0.160431
v -0.112125 -0.0124207 0.219513
v -0.113164 -0.0124667 0.221432
v -0.110994 -0.0125197 0.221432
v -0.146289 -0.00721042 0.127517
v -0.0929222 -0.0128784 0.221405
v -0.0979652 -0.0123291 0.214844
v -0.0980051 -0.0126744 0.221432
v -0.0930574 -0.0128744 0.221432
v -0.114895 -0.0124722 0.221432
v -0.106094 -0.0122986 0.218658
v -0.107705 -0.0124804 0.221432
v -0.104576 -0.0125645 0.221432
v -0.124328 -0.0123597 0.221432
v -0.143452 0.0164795 0.159912
v -0.108471 -0.012146 0.211853
v -0.10914 -0.0125471 0.221432
v -0.0921783 -0.0123901 0.217529
v -0.0801315 -0.0125732 0.218262
v -0.0885368 -0.0126342 0.221432
v -0.0802718 -0.0129379 0.221432
v -0.0929213 -0.0128787 0.221432
v -0.126118 -0.0121765 0.217834
v -0.127715 -0.0124268 0.221432
v -0.124353 -0.0123594 0.221432
v -0.138802 -0.0118103 0.212585
v -0.145318 -0.0122679 0.221432
v -0.140339 -0.012327 0.221432
v -0.118259 -0.0117493 0.20639
v -0.128738 -0.0116272 0.207275
v -0.129543 -0.0123228 0.221432
v -0.133003 -0.0123592 0.221432
v -0.100771 -0.0127121 0.221432
v -0.138242 -0.0123562 0.221432
v -0.139782 -0.0108032 0.194427
v -0.137218 -0.0111389 0.198792
v -0.130592 -0.0115662 0.203949
v -0.0890861 -0.0126644 0.221432
v -0.110916 -0.0115967 0.202698
v -0.115616 -0.0115356 0.203766
v -0.106251 -0.0118713 0.208405
v -0.126102 -0.0113831 0.20285
v -0.10722 -0.0113831 0.201569
v -0.0912209 -0.0121155 0.212433
v -0.0913391 -0.0119324 0.203735
v -0.0977211 -0.012146 0.210938
v -0.122402 -0.0112915 0.203644
v -0.097702 -0.0115662 0.201355
v -0.0949173 -0.00653076 0.192261
v -0.097683 -0.0114136 0.194336
v -0.0941658 -0.0111389 0.190308
v -0.0810204 -0.0120239 0.208496
v -0.07691 -0.0119735 0.208042
v -0.07691 -0.011898 0.207209
v -0.0844345 -0.0119934 0.210083
v -0.0852394 -0.0118408 0.206207
v -0.0867043 -0.012146 0.208893
v -0.0792351 -0.012085 0.212555
v -0.131702 -0.0112 0.200378
v -0.0919838 -0.0112305 0.190552
v -0.0898819 -0.0114441 0.19693
v -0.0851898 -0.0110474 0.189484
v -0.11919 -0.0118408 0.212402
v -0.12435 -0.0123595 0.221432
v -0.0773468 -0.0123291 0.214355
v -0.0801729 -0.0129457 0.221432
v -0.090477 -0.0114441 0.199707
v -0.0774155 -0.0116272 0.203094
v -0.0928955 -0.011322 0.196228
v -0.0954475 -0.0115662 0.195953
v -0.0949097 -0.0115051 0.198334
v -0.0862122 -0.0118103 0.200806
v -0.0873299 -0.0120239 0.204193
v -0.0833397 -0.011322 0.192139
v -0.12315 -0.00726318 0.203888
v -0.12738 -0.00299072 0.203949
v -0.126514 -0.0085144 0.202911
v -0.116764 -0.00909424 0.203583
v -0.101395 -0.0116882 0.202118
v -0.100872 -0.0112 0.19812
v -0.0880013 -0.012085 0.206055
v -0.122677 -0.0043335 0.205139
v -0.119137 -0.00921631 0.203217
v -0.0778198 -0.0114441 0.191223
v -0.07691 -0.0112259 0.190101
v -0.07691 -0.0110198 0.189069
v -0.0894699 -0.0125732 0.213623
v -0.0958443 -0.0110474 0.194366
v -0.11113 -0.00787354 0.202728
v -0.117081 -0.00326538 0.20517
v -0.0826454 -0.0119324 0.213684
v -0.134052 -0.0109558 0.19931
v -0.0861435 -0.0124207 0.213684
v -0.0885456 -0.0126342 0.221432
v -0.139584 -0.00567627 0.19516
v -0.0876961 -0.0119629 0.200409
v -0.07691 -0.0120225 0.210555
v -0.0771408 -0.0113831 0.197357
v -0.07691 -0.0113064 0.195613
v -0.07691 -0.012399 0.215024
v -0.07691 -0.0118105 0.199607
v -0.07691 -0.0117145 0.199062
v -0.0787697 -0.0122375 0.214905
v -0.0865746 -0.0112305 0.196564
v -0.07691 -0.0123326 0.214061
v -0.07691 -0.0121963 0.212233
v -0.10569 -0.00442505 0.202423
v -0.106575 -0.00704956 0.201569
v -0.104317 -0.00787354 0.19989
v -0.0971718 -0.0012207 0.195923
v -0.0984306 -0.00210571 0.197327
v -0.0947113 -0.00335693 0.193024
v -0.123631 -0.00231934 0.204865
v -0.134476 -0.000579834 0.200317
v -0.137909 -0.00131226 0.197815
v -0.136795 -0.00256348 0.199158
v -0.0924377 -0.00308228 0.189911
v -0.0927124 -0.0101013 0.187988
v -0.0922012 -0.00616455 0.187164
v -0.0812454 -0.0108032 0.183411
v -0.07691 -0.0109811 0.188086
v -0.07691 -0.0113815 0.197364
v -0.07691 -0.0113703 0.196972
v -0.113125 0.000335693 0.204803
v -0.112877 -0.000823975 0.204895
v -0.139469 -0.00253296 0.195709
v -0.141628 -0.00149536 0.193573
v -0.139656 -0.00332642 0.195862
v -0.100079 -0.00439453 0.198914
v -0.07691 -0.0108466 0.184126
v -0.103863 -0.0101318 0.199768
v -0.0842667 -0.0107117 0.186096
v -0.0866852 -0.0109863 0.185944
v -0.105858 -0.00195312 0.202576
v -0.135323 -0.00656128 0.198792
v -0.131725 -0.00515747 0.201294
v -0.102489 -0.00189209 0.200012
v -0.112137 -0.00320435 0.204895
v -0.07691 -0.0117889 0.199967
v -0.0920906 -0.0105896 0.186615
v -0.0977058 -0.00393677 0.19693
v -0.0993538 -0.00808716 0.196442
v -0.128117 -0.0062561 0.202087
v -0.138546 -0.00808716 0.196167
v -0.132462 -0.00274658 0.201996
v -0.07691 -0.0116387 0.203339
v -0.0909882 -0.00839233 0.18454
v -0.128487 -0.00143433 0.202942
v -0.0912857 0.0012207 0.186523
v -0.0908012 -0.00354004 0.186066
v -0.0929642 -0.00109863 0.190582
v -0.0898361 -0.0017395 0.184235
v -0.0981636 0.00012207 0.196533
v -0.101303 -0.000793457 0.198517
v -0.092308 -0.00158691 0.188904
v -0.126465 0.00311279 0.204865
v -0.104347 -0.000610352 0.201721
v -0.0872231 -0.0102539 0.174438
v -0.0906754 -0.0100403 0.176056
v -0.0905113 -0.0104065 0.180176
v -0.0900116 -0.0039978 0.176849
v -0.0904503 -0.00506592 0.181946
v -0.0902519 -0.00854492 0.178497
v -0.080616 -0.010437 0.177338
v -0.07691 -0.0107263 0.182131
v -0.141094 -0.00891113 0.15976
v -0.0854073 -0.0105286 0.180176
v -0.078022 -0.00994873 0.17157
v -0.07691 -0.0104197 0.172477
v -0.07691 -0.0100219 0.171192
v -0.0903854 -0.00946045 0.170929
v -0.07691 -0.0106411 0.177746
v -0.07691 -0.0102861 0.175958
v -0.138386 -0.0093689 0.154236
v -0.080246 -0.00964355 0.164703
v -0.0927696 -0.0088501 0.155609
v -0.096962 -0.00872803 0.15567
v -0.0928574 -0.0090332 0.158264
v -0.0871239 -0.0093689 0.161041
v -0.0912323 -0.00958252 0.166626
v -0.087368 -0.00982666 0.16684
v -0.0913239 -0.00942993 0.161621
v -0.14262 -0.00506592 0.161316
v -0.0844841 -0.00946045 0.165192
v -0.139297 -0.00332642 0.156158
v -0.1376 -0.0085144 0.155884
v -0.141239 -0.00308228 0.158783
v -0.0786514 -0.00949097 0.161774
v -0.07691 -0.00968788 0.164733
v -0.07691 -0.00957126 0.162757
v -0.0924377 -0.0055542 0.163605
v -0.0906334 -0.00415039 0.167755
v -0.0907936 -0.00732422 0.167725
v -0.0898323 -0.00521851 0.174255
v -0.0866966 -0.0104675 0.171783
v -0.0919266 -0.00744629 0.163849
v -0.0929871 -0.00875854 0.161652
v -0.0888367 -0.00180054 0.176117
v -0.0894623 -0.00201416 0.178345
v -0.0916824 0.00012207 0.164551
v -0.0902939 -0.000579834 0.17099
v -0.0903282 -0.00140381 0.165649
v -0.0787849 -0.00967407 0.166046
v -0.07691 -0.0095405 0.165993
v -0.07691 -0.00969514 0.165603
v -0.0909157 -0.00750732 0.176239
v -0.0845528 -0.0098877 0.171844
v -0.0907974 -0.00778198 0.170135
v -0.0805664 -0.00909424 0.158722
v -0.07691 -0.00925304 0.15765
v -0.07691 -0.00920794 0.15713
v -0.086483 -0.00915527 0.157074
v -0.0890579 -0.00894165 0.153748
v -0.136658 -0.00869751 0.150757
v -0.137039 -0.00921631 0.155334
v -0.14257 -0.00012207 0.15979
v -0.140709 -0.000762939 0.157806
v -0.0901833 -0.000274658 0.180664
v -0.0904541 -0.00115967 0.182617
v -0.0893021 -0.00244141 0.18161
v -0.0941238 -0.00518799 0.159729
v -0.07691 -0.00921464 0.157015
v -0.07691 -0.00921036 0.156942
v -0.0901794 -0.00115967 0.176483
v -0.132332 -0.00811768 0.151306
v -0.0918846 -0.0017395 0.162903
v -0.0897102 -0.00598145 0.17099
v -0.131302 -0.00857544 0.14978
v -0.0893478 -0.00234985 0.173065
v -0.0929909 0.00012207 0.160278
v -0.07691 -0.0100639 0.17317
v -0.0991745 -0.00863647 0.153839
v -0.0973015 -0.00595093 0.155975
v -0.12067 -0.00491333 0.147156
v -0.120255 -0.00827026 0.147003
v -0.1259 -0.00506592 0.148193
v -0.13858 -0.000183105 0.154877
v -0.127964 -0.00827026 0.143463
v -0.142303 -0.0078125 0.135132
v -0.132572 -0.00836182 0.143677
v -0.128166 -0.00836182 0.149261
v -0.133511 -0.00366211 0.151825
v -0.07691 -0.009916 0.168465
v -0.132942 -0.00753784 0.130157
v -0.126311 -0.00745031 0.127517
v -0.130611 -0.00737344 0.127517
v -0.116314 -0.00827026 0.147064
v -0.113579 -0.0083313 0.142365
v -0.0952873 -0.00125122 0.156311
v -0.0970955 -0.00311279 0.155304
v -0.0989265 0.000244141 0.153809
v -0.0898476 -0.00180054 0.171753
v -0.115887 -0.00366211 0.147003
v -0.0989265 -0.00912476 0.152802
v -0.0991096 -0.00857544 0.148529
v -0.101765 -0.00860596 0.151978
v -0.127415 -0.00283813 0.148315
v -0.122353 -0.000610352 0.146576
v -0.125137 -0.00845337 0.148193
v -0.106441 -0.00839233 0.144806
v -0.111084 -0.00845337 0.147797
v -0.107845 -0.00827026 0.148407
v -0.112675 -0.00497437 0.147705
v -0.119003 -0.00756836 0.13028
v -0.119037 -0.00746383 0.127517
v -0.07691 -0.00938363 0.160883
v -0.137741 -0.00720215 0.128418
v -0.0894814 -0.00177002 0.169922
v -0.142082 -0.00718661 0.127517
v -0.124405 0.00100708 0.147522
v -0.112118 -0.00738525 0.12854
v -0.109394 -0.00335693 0.148102
v -0.0926514 -0.00845337 0.144684
v -0.107986 -0.00442505 0.1492
v -0.132216 -0.007354 0.127517
v -0.136892 -0.00716388 0.127517
v -0.134945 -0.00283813 0.152222
v -0.114216 -0.000946045 0.146637
v -0.106308 -0.0085144 0.149933
v -0.128426 -0.000335693 0.148224
v -0.109245 -0.000305176 0.147491
v -0.134331 -0.000152588 0.151398
v -0.0987358 -0.00817871 0.140503
v -0.10157 -0.0067749 0.152252
v -0.100151 -0.00796509 0.134369
v -0.104507 -0.00784302 0.13446
v -0.0821838 -0.00796509 0.134827
v -0.0849571 -0.00827026 0.139465
v -0.07691 -0.0083883 0.142157
v -0.07691 -0.00828151 0.140438
v -0.0930939 -0.00787354 0.132568
v -0.090832 -0.0075531 0.127517
v -0.0923428 -0.00752081 0.127517
v -0.107815 -0.000823975 0.148651
v -0.0772591 -0.00787354 0.133575
v -0.07691 -0.00788003 0.133653
v -0.07691 -0.00786169 0.133308
v -0.100784 -0.00765991 0.131226
v -0.0870171 -0.00805664 0.133453
v -0.0885986 -0.00759691 0.127517
v -0.07691 -0.00918572 0.156446
v -0.0997047 -0.0017395 0.152466
v -0.0792656 -0.00759888 0.127838
v -0.07691 -0.00760668 0.127893
v -0.102362 -0.00745451 0.127517
v -0.104769 -0.00745637 0.127517
v -0.07691 -0.00794443 0.134785
v -0.113939 -0.00737726 0.127517
v -0.0872601 -0.00753761 0.127517
v -0.0998025 -0.00751818 0.127517
v -0.0954768 -0.00760544 0.127517
v -0.0787961 -0.00758862 0.127517
v -0.0793815 -0.00757475 0.127517
v -0.111111 -0.0073464 0.127517
v -0.07691 -0.00828149 0.140438
v -0.0802128 -0.00757613 0.127517
v -0.102283 -0.00366211 0.151703
v -0.101021 -0.000579834 0.151855
v -0.10437 -0.00244141 0.150513
v -0.104771 -0.000488281 0.149597
v -0.134979 0.0038147 0.20108
v -0.136631 0.00531006 0.200378
v -0.127151 0.0085144 0.206757
v -0.122757 0.0128479 0.208344
v -0.126842 0.0170288 0.207611
v -0.107109 0.0039978 0.204071
v -0.138149 0.00189209 0.197937
v -0.138309 0.00534058 0.198944
v -0.118214 0.0167542 0.209167
v -0.116215 0.0111084 0.208527
v -0.115124 0.0162659 0.209015
v -0.0893745 0.0107727 0.190277
v -0.0915184 0.00866699 0.191437
v -0.0898743 0.00875854 0.187866
v -0.143318 0.00552368 0.190979
v -0.140083 0.00265503 0.195648
v -0.137863 -0.00717464 0.127517
v -0.128464 0.00460815 0.203705
v -0.131016 0.000976562 0.202118
v -0.093277 0.00561523 0.19162
v -0.0935364 0.0022583 0.191315
v -0.092804 0.000915527 0.18924
v -0.0956764 0.0187073 0.198242
v -0.0940437 0.0155334 0.195618
v -0.0904922 0.00646973 0.186646
v -0.0923042 0.0161438 0.193054
v -0.130222 0.0039978 0.203705
v -0.140316 0.014801 0.198761
v -0.137169 0.0158081 0.201721
v -0.141247 0.0170898 0.19751
v -0.110294 0.0140991 0.20813
v -0.110943 0.0085144 0.207306
v -0.0970993 0.00515747 0.196564
v -0.0938148 0.00872803 0.194641
v -0.0906525 0.0162659 0.188599
v -0.0908279 0.0128174 0.191986
v -0.0923538 0.0132751 0.19397
v -0.10075 0.00234985 0.199951
v -0.102329 0.00372314 0.201691
v -0.12896 0.00848389 0.205383
v -0.10117 0.00616455 0.20105
v -0.112202 0.0153503 0.208618
v -0.102467 0.0104065 0.20401
v -0.103989 0.00637817 0.202881
v -0.139912 0.00778198 0.156738
v -0.142647 0.00100708 0.160675
v -0.0974617 0.00244141 0.196716
v -0.0915489 0.0149231 0.193329
v -0.0989532 0.00921631 0.201416
v -0.0977325 0.00863647 0.199371
v -0.119801 0.00170898 0.205688
v -0.0960464 0.0202942 0.201996
v -0.100903 0.0166626 0.203705
v -0.0982933 0.0160522 0.200165
v -0.0941544 0.00793457 0.196045
v -0.140163 0.00146484 0.15741
v -0.0898056 0.00305176 0.182465
v -0.10614 0.0150452 0.206421
v -0.107922 0.0152893 0.206604
v -0.0948906 0.00341797 0.194275
v -0.129227 0.00628662 0.204285
v -0.0899048 0.00167847 0.169037
v -0.0899239 0.00540161 0.169891
v -0.0895119 0.00485229 0.172913
v -0.135021 0.0137024 0.203339
v -0.133854 0.0183105 0.205292
v -0.0918121 0.00564575 0.163574
v -0.091198 0.0010376 0.166718
v -0.133965 0.00570679 0.200531
v -0.123734 0.00454712 0.205658
v -0.0903702 0.00497437 0.167816
v -0.0895767 0.006073 0.182556
v -0.0897141 0.00610352 0.180573
v -0.0885925 0.00842285 0.181915
v -0.0883064 0.00784302 0.178406
v -0.0934715 0.003479 0.15976
v -0.114975 0.00405884 0.206055
v -0.135979 0.0083313 0.201416
v -0.137913 0.00772095 0.20047
v -0.139069 0.0123291 0.200104
v -0.140007 0.012207 0.198486
v -0.089653 0.015564 0.188904
v -0.0891228 0.0150146 0.190125
v -0.0882835 0.0128479 0.187256
v -0.131943 0.00985718 0.204468
v -0.0876884 0.0154114 0.185303
v -0.0879974 0.0158691 0.187592
v -0.127117 0.00363159 0.148682
v -0.124275 0.00445557 0.147369
v -0.138325 0.0177612 0.201172
v -0.140865 0.00616455 0.195587
v -0.11068 0.00396729 0.204742
v -0.0892601 0.00454712 0.177765
v -0.0899849 0.000854492 0.175629
v -0.0904922 0.00506592 0.175354
v -0.129921 0.00576782 0.149017
v -0.0920219 0.00775146 0.161102
v -0.0916519 0.0078125 0.164368
v -0.0926819 0.0101929 0.158905
v -0.0945473 0.00570679 0.158447
v -0.0882721 0.00952148 0.176025
v -0.0895691 0.00756836 0.17691
v -0.128902 0.00933838 0.147217
v -0.094883 0.0125122 0.196198
v -0.142307 0.00921631 0.196075
v -0.13105 0.00588989 0.150635
v -0.131664 0.00222778 0.150635
v -0.0886154 0.00930786 0.169373
v -0.0883598 0.00854492 0.173126
v -0.0909271 0.00579834 0.172546
v -0.137997 0.000640869 0.154816
v -0.135803 0.0015564 0.152802
v -0.129528 0.00152588 0.149628
v -0.117901 0.00140381 0.146576
v -0.0952606 0.00854492 0.156403
v -0.0948257 0.006073 0.156952
v -0.0953064 0.00888062 0.154449
v -0.091114 0.0134277 0.161316
v -0.141132 0.00524902 0.194244
v -0.0877724 0.0104675 0.171448
v -0.0930672 0.0136719 0.157898
v -0.0893593 0.00228882 0.177399
v -0.105019 0.00848389 0.205353
v -0.136761 0.00479126 0.153778
v -0.13501 0.00405884 0.152039
v -0.121273 0.00521851 0.146576
v -0.11739 0.00680542 0.146881
v -0.132805 0.00805664 0.151276
v -0.104683 0.00112915 0.149963
v -0.106754 0.00476074 0.148682
v -0.103893 0.0055542 0.149994
v -0.0956383 0.000640869 0.156738
v -0.0994492 0.0107727 0.201508
v -0.115437 0.00494385 0.146729
v -0.0963821 0.00500488 0.154999
v -0.0996742 0.00375366 0.153137
v -0.1408 0.0150452 0.155792
v -0.142208 0.0116882 0.158112
v -0.104729 0.006073 0.203949
v -0.105957 0.00628662 0.150238
v -0.108006 0.00558472 0.148468
v -0.107697 0.0100098 0.148712
v -0.109383 0.0172729 0.209229
v -0.104393 0.0193176 0.20874
v -0.0880432 0.012085 0.17514
v -0.0995369 0.0050354 0.153595
v -0.130806 0.0169067 0.205963
v -0.0909424 0.00598145 0.168793
v -0.141533 0.00790405 0.195404
v -0.134972 0.0112915 0.150665
v -0.132042 0.0137024 0.148712
v -0.142323 0.00872803 0.158722
v -0.090065 0.0174561 0.163239
v -0.0892067 0.0159607 0.165741
v -0.0909576 0.0135498 0.163666
v -0.128494 0.0116577 0.14679
v -0.0880051 0.0158997 0.183502
v -0.0885048 0.0166016 0.180237
v -0.0887032 0.0116272 0.171509
v -0.0880775 0.0135498 0.172668
v -0.0965881 0.0090332 0.152924
v -0.121506 0.0198059 0.211121
v -0.12302 0.0175781 0.20871
v -0.118668 0.023407 0.214905
v -0.109619 0.0101318 0.145874
v -0.109692 0.0114136 0.146423
v -0.117168 0.0236816 0.215363
v -0.112503 0.0236511 0.215179
v -0.0983467 0.010437 0.152557
v -0.108044 0.0147705 0.147217
v -0.131115 0.0208435 0.148346
v -0.126232 0.0155334 0.146088
v -0.0917702 0.00585938 0.180481
v -0.106823 0.00238037 0.149384
v -0.120064 0.00714111 0.146851
v -0.125866 0.00765991 0.147247
v -0.143459 0.0122375 0.159851
v -0.10284 0.00219727 0.151672
v -0.102707 0.0151672 0.204742
v -0.0862961 0.0149231 0.180664
v -0.102356 0.00500488 0.151245
v -0.135212 0.0072937 0.15274
v -0.0889664 0.0154419 0.172882
v -0.0881996 0.0156555 0.176086
v -0.121929 0.0143433 0.145233
v -0.122303 0.0117493 0.145386
v -0.126579 0.0115051 0.146423
v -0.121464 0.00961304 0.146454
v -0.12394 0.00814819 0.207306
v -0.0957718 0.0135498 0.154297
v -0.0944061 0.017334 0.155762
v -0.124149 0.00741577 0.147827
v -0.0929909 0.0162354 0.158997
v -0.118637 0.00952148 0.145966
v -0.0914268 0.0163574 0.160522
v -0.135681 0.0237732 0.209991
v -0.11594 0.0088501 0.147186
v -0.0884056 0.0146179 0.17865
v -0.0879517 0.0116882 0.179382
v -0.0890999 0.0159607 0.170471
v -0.136612 0.0137939 0.15152
v -0.138515 0.0131531 0.153809
v -0.110775 0.00363159 0.147247
v -0.117599 0.0133972 0.145111
v -0.0899849 0.00961304 0.167084
v -0.102036 0.00100708 0.15152
v -0.135876 0.0126648 0.151459
v -0.134911 0.0137939 0.150421
v -0.089119 0.0116577 0.167908
v -0.0897255 0.0117798 0.166473
v -0.0891457 0.0143433 0.167908
v -0.0880623 0.0171509 0.172516
v -0.103531 0.00881958 0.15097
v -0.0900345 0.0165405 0.170929
v -0.106953 0.012146 0.147491
v -0.105808 0.00939941 0.149902
v -0.100582 0.0132751 0.151062
v -0.100716 0.00845337 0.152588
v -0.124599 0.0153198 0.145996
v -0.103386 0.0123291 0.149384
v -0.130726 0.0131836 0.148529
v -0.112934 0.00656128 0.147552
v -0.102608 0.00674438 0.151978
v -0.113457 0.0135193 0.145111
v -0.113514 0.0160217 0.145569
v -0.0875511 0.0127258 0.18277
v -0.0942497 0.0122375 0.155121
v -0.138676 0.0154114 0.153534
v -0.0890045 0.0182495 0.169403
v -0.112358 0.0115662 0.146057
v -0.101585 0.0203552 0.208099
v -0.110672 0.00616455 0.147156
v -0.0897598 0.0157776 0.16748
v -0.10997 0.0149536 0.14566
v -0.0989799 0.019165 0.204468
v -0.08675 0.0140686 0.182007
v -0.0900841 0.00802612 0.165619
v -0.133949 0.0213318 0.150085
v -0.118652 0.0154114 0.145203
v -0.112629 0.018158 0.14621
v -0.105511 0.0151062 0.147675
v -0.10117 0.0170898 0.149414
v -0.114994 0.0172729 0.145111
v -0.103325 0.0148315 0.149231
v -0.104057 0.0169373 0.147339
v -0.103981 0.0181274 0.149109
v -0.0992966 0.0180359 0.151031
v -0.131157 0.0229492 0.210999
v -0.142326 0.0243835 0.205139
v -0.142956 0.0213318 0.200165
v -0.0895805 0.0253601 0.201477
v -0.109322 0.0227051 0.21405
v -0.105953 0.0231323 0.213318
v -0.102554 0.0238647 0.211853
v -0.138523 0.0221558 0.153534
v -0.149818 0.0249329 0.193909
v -0.127159 0.12677 0.14032
v -0.126247 0.125946 0.139221
v -0.129559 0.124817 0.14151
v -0.101387 0.122467 0.141876
v -0.103401 0.125427 0.14093
v -0.100475 0.124512 0.142273
v -0.135471 0.131134 0.148682
v -0.136436 0.130219 0.151031
v -0.134312 0.130005 0.149628
v -0.0922394 0.126495 0.149872
v -0.0937004 0.122406 0.148346
v -0.0930748 0.127899 0.148621
v -0.0902252 0.129364 0.169647
v -0.0904579 0.127991 0.168396
v -0.0906448 0.12851 0.1716
v -0.0950966 0.127747 0.183197
v -0.0946465 0.1297 0.182465
v -0.0936127 0.127075 0.181274
v -0.120834 0.125916 0.137543
v -0.119217 0.126801 0.137543
v -0.117462 0.127075 0.137939
v -0.131393 0.122375 0.141876
v -0.12978 0.121033 0.142242
v -0.131855 0.120331 0.142731
v -0.0878983 0.127563 0.157959
v -0.0874748 0.125061 0.161346
v -0.088665 0.123535 0.157471
v -0.139309 0.126434 0.151062
v -0.134659 0.127014 0.145477
v -0.137676 0.125519 0.149261
v -0.119503 0.125092 0.140778
v -0.12442 0.12323 0.142273
v -0.123066 0.122467 0.141052
v -0.088047 0.121429 0.167664
v -0.087719 0.121429 0.172577
v -0.088604 0.12323 0.169617
v -0.109352 0.12735 0.1409
v -0.111683 0.123993 0.140961
v -0.10714 0.123871 0.141754
v -0.0892372 0.128143 0.158356
v -0.0888786 0.128113 0.155884
v -0.0905762 0.127197 0.155731
v -0.132446 0.130066 0.143188
v -0.134396 0.127747 0.145172
v -0.136684 0.130188 0.14743
v -0.08675 0.124176 0.162842
v -0.0859184 0.122375 0.167511
v -0.0867043 0.120636 0.160675
v -0.122425 0.129242 0.141113
v -0.127754 0.130035 0.143097
v -0.123009 0.12796 0.141785
v -0.134243 0.134613 0.181915
v -0.133991 0.135315 0.183014
v -0.132004 0.132141 0.185272
v -0.125874 0.12619 0.142761
v -0.124001 0.125854 0.143219
v -0.0901031 0.128479 0.179413
v -0.0887985 0.126556 0.177673
v -0.0882835 0.126099 0.174713
v -0.128407 0.123596 0.143921
v -0.0958824 0.126099 0.145355
v -0.139034 0.132599 0.171265
v -0.138168 0.132721 0.174622
v -0.140331 0.128723 0.172821
v -0.140114 0.130737 0.171112
v -0.140717 0.133148 0.170441
v -0.0890541 0.124268 0.163666
v -0.0905075 0.121826 0.161285
v -0.0894051 0.122345 0.164032
v -0.0969658 0.128113 0.144714
v -0.0942192 0.128143 0.14856
v -0.0979347 0.129944 0.186218
v -0.0972557 0.125183 0.186676
v -0.087986 0.129364 0.167114
v -0.0866776 0.127747 0.167389
v -0.0887718 0.128418 0.163574
v -0.0871925 0.125031 0.169739
v -0.0868149 0.123627 0.169891
v -0.0869751 0.12381 0.167664
v -0.113869 0.129211 0.139954
v -0.115303 0.128723 0.138763
v -0.117657 0.129272 0.140472
v -0.102741 0.127319 0.143372
v -0.104439 0.120819 0.139984
v -0.108551 0.119873 0.138367
v -0.107063 0.122437 0.139648
v -0.131142 0.12149 0.145538
v -0.133263 0.122314 0.147705
v -0.134422 0.11972 0.147766
v -0.105358 0.123657 0.140625
v -0.104053 0.121887 0.140747
v -0.0867882 0.129242 0.167572
v -0.0971832 0.124268 0.146698
v -0.0977974 0.127411 0.145905
v -0.10128 0.127747 0.143127
v -0.140224 0.133911 0.173065
v -0.142311 0.131683 0.170044
v -0.140827 0.130463 0.172882
v -0.130199 0.127502 0.141968
v -0.0940933 0.124878 0.150696
v -0.0929375 0.127136 0.151123
v -0.140491 0.13327 0.174561
v -0.114521 0.126801 0.140808
v -0.114399 0.124146 0.141418
v -0.112541 0.12735 0.140594
v -0.0899239 0.125305 0.178864
v -0.106941 0.125183 0.139374
v -0.10902 0.121948 0.139526
v -0.129059 0.12677 0.140411
v -0.128468 0.129303 0.140564
v -0.125542 0.128754 0.139069
v -0.130775 0.123688 0.146515
v -0.132694 0.126648 0.148071
v -0.133778 0.124664 0.148346
v -0.0897255 0.126831 0.172333
v -0.0889626 0.125244 0.167664
v -0.139347 0.131317 0.177338
v -0.091526 0.128815 0.182281
v -0.090477 0.126953 0.181793
v -0.11018 0.128815 0.140564
v -0.111633 0.123657 0.138641
v -0.111195 0.122192 0.13855
v -0.116173 0.123657 0.140594
v -0.0874405 0.124054 0.174011
v -0.0875244 0.121368 0.175995
v -0.0863342 0.121155 0.171295
v -0.142181 0.134094 0.169891
v -0.141365 0.134064 0.168365
v -0.121647 0.124512 0.142242
v -0.119736 0.126251 0.141296
v -0.0900345 0.125122 0.157471
v -0.126179 0.124146 0.139618
v -0.128456 0.122803 0.140228
v -0.0912056 0.130219 0.177521
v -0.0940018 0.131042 0.182251
v -0.091362 0.130859 0.180054
v -0.0988388 0.127869 0.143341
v -0.0980682 0.126373 0.143494
v -0.141464 0.133667 0.164886
v -0.142776 0.131653 0.164001
v -0.0884857 0.123199 0.166565
v -0.0920143 0.127655 0.177704
v -0.118126 0.128632 0.137695
v -0.11364 0.128082 0.137909
v -0.086441 0.119446 0.167114
v -0.122589 0.123322 0.138977
v -0.102413 0.120728 0.14093
v -0.14135 0.13327 0.160614
v -0.141056 0.132507 0.161652
v -0.139454 0.132111 0.156189
v -0.133816 0.13266 0.186035
v -0.136784 0.134613 0.180725
v -0.135586 0.1297 0.185333
v -0.0908127 0.128693 0.154602
v -0.0885544 0.126007 0.1651
v -0.135929 0.131714 0.181396
v -0.133968 0.129547 0.184814
v -0.136044 0.129822 0.181854
v -0.0894661 0.129974 0.172638
v -0.137611 0.127533 0.15451
v -0.136871 0.125671 0.152832
v -0.0901833 0.126068 0.158661
v -0.0919838 0.130585 0.182678
v -0.141273 0.131348 0.165894
v -0.140667 0.129059 0.16214
v -0.0890656 0.124115 0.161865
v -0.129925 0.127106 0.145386
v -0.131912 0.128448 0.146759
v -0.0935097 0.129761 0.185608
v -0.0870361 0.124512 0.175446
v -0.0869408 0.125214 0.171967
v -0.122421 0.128937 0.138184
v -0.088562 0.129761 0.175598
v -0.136738 0.135101 0.178986
v -0.087986 0.124817 0.178711
v -0.141163 0.129913 0.16156
v -0.137234 0.128632 0.153381
v -0.08881 0.126831 0.168518
v -0.139656 0.134888 0.174377
v -0.112637 0.121887 0.140198
v -0.0975914 0.12262 0.144714
v -0.0998268 0.120789 0.142273
v -0.134655 0.124176 0.150024
v -0.104824 0.128784 0.141846
v -0.0890999 0.127747 0.167389
v -0.0872078 0.126587 0.162659
v -0.139046 0.130859 0.155304
v -0.138668 0.131805 0.15094
v -0.112682 0.120605 0.140472
v -0.118908 0.12204 0.140076
v -0.117615 0.120636 0.140625
v -0.141048 0.132416 0.15567
v -0.141968 0.132935 0.159485
v -0.142559 0.128235 0.159515
v -0.0975914 0.123108 0.146942
v -0.102169 0.122711 0.143799
v -0.0985184 0.121063 0.145416
v -0.0909233 0.122406 0.156769
v -0.133289 0.134674 0.185242
v -0.127029 0.127747 0.143921
v -0.0902023 0.127808 0.152588
v -0.0902901 0.122498 0.15329
v -0.128956 0.129791 0.141663
v -0.091362 0.12088 0.151001
v -0.0867424 0.122559 0.176025
v -0.139294 0.123383 0.150513
v -0.137085 0.123718 0.146729
v -0.137768 0.122406 0.14859
v -0.121193 0.120178 0.141357
v -0.128429 0.121033 0.140289
v -0.0907707 0.127045 0.174805
v -0.09235 0.125031 0.179718
v -0.0951729 0.123444 0.186981
v -0.0952606 0.124542 0.184723
v -0.092968 0.123291 0.1828
v -0.090271 0.124512 0.1828
v -0.0921478 0.124207 0.184845
v -0.0899582 0.123138 0.182922
v -0.142384 0.131927 0.167908
v -0.0948143 0.120331 0.145752
v -0.136887 0.130402 0.153564
v -0.134941 0.123016 0.15152
v -0.135818 0.122131 0.149841
v -0.136814 0.13443 0.177002
v -0.0970421 0.131805 0.185425
v -0.0939102 0.131561 0.185852
v -0.0964622 0.130127 0.185364
v -0.117321 0.122925 0.138397
v -0.118446 0.121552 0.137299
v -0.14185 0.124908 0.154388
v -0.141003 0.125977 0.154449
v -0.108612 0.128235 0.138763
v -0.0881119 0.123138 0.177765
v -0.126701 0.128448 0.143219
v -0.130714 0.124054 0.145508
v -0.128624 0.120728 0.143982
v -0.134289 0.124878 0.145203
v -0.129143 0.123169 0.143616
v -0.0916443 0.12619 0.185211
v -0.0921326 0.125793 0.182861
v -0.123905 0.119995 0.142059
v -0.140396 0.121155 0.152344
v -0.138592 0.121674 0.149292
v -0.139385 0.122528 0.152527
v -0.0892601 0.127167 0.173431
v -0.103027 0.127838 0.140381
v -0.120197 0.121735 0.136749
v -0.13858 0.124084 0.155945
v -0.137749 0.122131 0.15509
v -0.136833 0.122162 0.153229
v -0.143341 0.133667 0.16391
v -0.0898056 0.120117 0.174744
v -0.0898285 0.122925 0.177429
v -0.131252 0.122589 0.145142
v -0.0958748 0.120941 0.148315
v -0.0883217 0.120026 0.17804
v -0.089447 0.121124 0.166107
v -0.114994 0.121643 0.136749
v -0.117046 0.119476 0.138153
v -0.0935898 0.121857 0.151733
v -0.140667 0.123169 0.153107
v -0.134537 0.122437 0.144104
v -0.0967941 0.125549 0.186249
v -0.0916672 0.119965 0.176788
v -0.12756 0.120575 0.144287
v -0.142044 0.124756 0.155762
v -0.142208 0.120178 0.155334
v -0.114719 0.12207 0.138367
v -0.131325 0.13031 0.14624
v -0.0879402 0.121887 0.15686
v -0.0895576 0.120087 0.15451
v -0.0927086 0.125732 0.186005
v -0.0911674 0.122253 0.180267
v -0.131824 0.130432 0.185913
v -0.108013 0.121063 0.140747
v -0.0901527 0.124573 0.175964
v -0.090271 0.119843 0.1604
v -0.135117 0.121552 0.145691
v -0.141041 0.127686 0.155151
v -0.125072 0.121613 0.138519
v -0.126865 0.120148 0.140625
v -0.142761 0.129791 0.167633
v -0.0918694 0.128357 0.151794
v -0.140472 0.12915 0.169098
v -0.141026 0.126862 0.167297
v -0.125565 0.122406 0.138855
v -0.103607 0.121582 0.142578
v -0.114399 0.121033 0.137665
v -0.0879517 0.127899 0.161469
v -0.138588 0.130066 0.15686
v -0.141376 0.12674 0.154388
v -0.0901527 0.11972 0.180084
v -0.0939369 0.120392 0.152039
v -0.141155 0.127319 0.164032
v -0.139736 0.126038 0.158539
v -0.126816 0.0579834 0.139221
v -0.1292 0.059967 0.141357
v -0.125465 0.059906 0.140472
v -0.0883293 0.119781 0.157928
v -0.0908203 0.121277 0.182831
v -0.119591 0.0600891 0.138245
v -0.115021 0.0601807 0.138062
v -0.117077 0.0585938 0.137695
v -0.0938721 0.119904 0.186401
v -0.138901 0.128448 0.181396
v -0.139187 0.122681 0.157257
v -0.14011 0.124878 0.160522
v -0.141254 0.120575 0.159943
v -0.11684 0.136078 0.195862
v -0.117348 0.135773 0.194244
v -0.120209 0.136444 0.195465
v -0.122097 0.134216 0.191772
v -0.123768 0.13147 0.191681
v -0.124889 0.132782 0.191437
v -0.0931168 0.121948 0.182465
v -0.123734 0.13443 0.192413
v -0.123985 0.131714 0.192719
v -0.140629 0.124969 0.164062
v -0.141884 0.123199 0.166321
v -0.126751 0.131592 0.190277
v -0.124737 0.134613 0.193512
v -0.124897 0.131653 0.194214
v -0.123947 0.13147 0.195435
v -0.107296 0.13382 0.193268
v -0.108112 0.134644 0.192688
v -0.106613 0.135071 0.193848
v -0.0993462 0.122131 0.193115
v -0.0981064 0.123596 0.191589
v -0.0998535 0.124756 0.192841
v -0.130878 0.134369 0.188171
v -0.129673 0.131104 0.189911
v -0.12714 0.135498 0.190277
v -0.096283 0.121979 0.185913
v -0.0998116 0.12146 0.189972
v -0.0988922 0.12326 0.189087
v -0.119446 0.136444 0.193848
v -0.0945206 0.12619 0.185699
v -0.0944786 0.125549 0.187805
v -0.141117 0.125 0.173492
v -0.141861 0.123169 0.169342
v -0.140972 0.125 0.168732
v -0.143814 0.125397 0.160858
v -0.144245 0.121887 0.16507
v -0.143978 0.126526 0.166229
v -0.119801 0.128174 0.194031
v -0.120815 0.129974 0.192474
v -0.120296 0.13089 0.193207
v -0.103096 0.123871 0.195831
v -0.0997314 0.132141 0.192169
v -0.106991 0.130463 0.196411
v -0.104061 0.129272 0.194763
v -0.113319 0.135803 0.195862
v -0.117004 0.13385 0.196472
v -0.11248 0.131195 0.196564
v -0.125523 0.1297 0.191833
v -0.128807 0.126892 0.189667
v -0.108959 0.129272 0.196014
v -0.109028 0.127686 0.196167
v -0.107491 0.128876 0.194
v -0.122192 0.128204 0.193085
v -0.120609 0.133789 0.193726
v -0.110897 0.127899 0.195465
v -0.108978 0.130585 0.194092
v -0.115456 0.12442 0.198212
v -0.116062 0.128052 0.198364
v -0.121357 0.126007 0.197205
v -0.106846 0.131744 0.192993
v -0.0925293 0.117828 0.149475
v -0.0950851 0.118225 0.146484
v -0.0955353 0.127319 0.188202
v -0.0969276 0.126099 0.187653
v -0.097023 0.127197 0.189606
v -0.0976524 0.119934 0.187042
v -0.093071 0.116791 0.152161
v -0.094635 0.11261 0.150665
v -0.0922012 0.11438 0.152252
v -0.124905 0.135223 0.192505
v -0.130154 0.122498 0.189941
v -0.133106 0.121582 0.189117
v -0.129845 0.123322 0.190796
v -0.115704 0.135345 0.193298
v -0.11385 0.13324 0.194519
v -0.116257 0.133636 0.194397
v -0.118607 0.127411 0.19455
v -0.113831 0.127533 0.19455
v -0.115452 0.126465 0.19458
v -0.0935211 0.127899 0.18634
v -0.102779 0.127563 0.194214
v -0.10611 0.128784 0.194977
v -0.106125 0.128235 0.196106
v -0.0947304 0.122528 0.188385
v -0.0961113 0.120575 0.189972
v -0.14085 0.123383 0.181488
v -0.142071 0.119781 0.178467
v -0.139996 0.121063 0.181702
v -0.139236 0.125793 0.178925
v -0.138992 0.126801 0.175903
v -0.138458 0.127472 0.179321
v -0.130203 0.128326 0.188629
v -0.132088 0.128021 0.186646
v -0.129139 0.121155 0.193115
v -0.125538 0.129608 0.19455
v -0.129818 0.13208 0.188141
v -0.125629 0.134857 0.18927
v -0.130424 0.133789 0.187225
v -0.128948 0.135101 0.187317
v -0.0944939 0.124237 0.187256
v -0.116489 0.129517 0.194092
v -0.0962906 0.13208 0.18869
v -0.106041 0.127808 0.194885
v -0.105297 0.128937 0.192993
v -0.104477 0.127197 0.192474
v -0.143482 0.122406 0.159424
v -0.133724 0.125366 0.187439
v -0.13406 0.128113 0.186188
v -0.12809 0.120239 0.193665
v -0.127747 0.124176 0.193695
v -0.139233 0.1203 0.156372
v -0.120289 0.126282 0.195007
v -0.122742 0.124786 0.193817
v -0.121639 0.126648 0.192719
v -0.130825 0.124786 0.18988
v -0.100613 0.128723 0.189575
v -0.102619 0.126007 0.192596
v -0.102764 0.128723 0.193054
v -0.134254 0.12207 0.189362
v -0.136002 0.128448 0.18866
v -0.135616 0.125946 0.187378
v -0.12207 0.130615 0.196625
v -0.121914 0.131775 0.195618
v -0.137932 0.12204 0.185272
v -0.136806 0.125732 0.182831
v -0.138386 0.125183 0.180664
v -0.137096 0.127258 0.181061
v -0.0991402 0.132172 0.187988
v -0.139034 0.124725 0.159454
v -0.124695 0.127594 0.191864
v -0.124702 0.126251 0.193054
v -0.132244 0.125641 0.190674
v -0.0919456 0.118652 0.154663
v -0.0937538 0.118317 0.151062
v -0.100811 0.130066 0.189758
v -0.124427 0.136749 0.193085
v -0.0967598 0.125244 0.190033
v -0.139259 0.124237 0.177734
v -0.14085 0.123901 0.176453
v -0.0921898 0.113586 0.154144
v -0.0924644 0.1203 0.179047
v -0.140533 0.124786 0.167419
v -0.117622 0.132904 0.193512
v -0.103119 0.119263 0.14328
v -0.105057 0.117828 0.141846
v -0.107281 0.116302 0.141754
v -0.124695 0.127441 0.196014
v -0.123711 0.123779 0.197296
v -0.126945 0.125763 0.191498
v -0.139938 0.126404 0.173035
v -0.0994644 0.117401 0.142822
v -0.0974503 0.128632 0.190643
v -0.135689 0.123749 0.187164
v -0.0977135 0.124725 0.188507
v -0.116985 0.129059 0.197083
v -0.121117 0.130157 0.196503
v -0.142052 0.127045 0.178375
v -0.139893 0.126923 0.183105
v -0.142921 0.126068 0.161621
v -0.123077 0.128815 0.197052
v -0.098835 0.117706 0.191742
v -0.0950546 0.115692 0.149689
v -0.131744 0.126556 0.190308
v -0.110821 0.11557 0.138702
v -0.105625 0.117493 0.139984
v -0.104984 0.11261 0.140808
v -0.104527 0.114594 0.141296
v -0.111816 0.130432 0.194153
v -0.109901 0.13089 0.193237
v -0.12038 0.120026 0.198029
v -0.116859 0.120544 0.197693
v -0.110184 0.133392 0.193115
v -0.108147 0.133179 0.193787
v -0.139694 0.129089 0.17514
v -0.137543 0.127441 0.184753
v -0.134037 0.128387 0.188446
v -0.127533 0.126923 0.195618
v -0.125164 0.124359 0.19632
v -0.0986786 0.133026 0.191437
v -0.133385 0.127838 0.190338
v -0.101986 0.132874 0.190521
v -0.103931 0.131714 0.191437
v -0.136288 0.126343 0.184296
v -0.112476 0.132751 0.193329
v -0.112591 0.128754 0.197144
v -0.114422 0.126373 0.198273
v -0.142487 0.128052 0.163635
v -0.142834 0.127991 0.168671
v -0.10973 0.135284 0.196014
v -0.10701 0.132812 0.19574
v -0.103458 0.134583 0.194122
v -0.142303 0.127075 0.176056
v -0.102367 0.130005 0.193726
v -0.102409 0.124023 0.192169
v -0.097374 0.119751 0.147736
v -0.0959167 0.1185 0.148163
v -0.117603 0.12558 0.193604
v -0.11832 0.121094 0.195435
v -0.118652 0.124084 0.19455
v -0.122097 0.124115 0.194855
v -0.109356 0.114746 0.141052
v -0.104122 0.114441 0.143097
v -0.106796 0.125 0.198486
v -0.104332 0.122223 0.195984
v -0.141666 0.128876 0.173065
v -0.141003 0.128479 0.176239
v -0.125404 0.130585 0.192474
v -0.10857 0.12326 0.197418
v -0.134575 0.122467 0.187592
v -0.133411 0.120819 0.187073
v -0.135376 0.120422 0.187225
v -0.129459 0.125183 0.19043
v -0.136631 0.128815 0.1828
v -0.143852 0.124878 0.171082
v -0.143967 0.122925 0.171387
v -0.144005 0.121887 0.169464
v -0.142761 0.121185 0.158569
v -0.143631 0.118744 0.158966
v -0.110081 0.126068 0.195374
v -0.0902367 0.116852 0.153534
v -0.137886 0.12439 0.180939
v -0.14135 0.121246 0.162842
v -0.108269 0.125671 0.197083
v -0.142693 0.120117 0.177734
v -0.125546 0.122559 0.192657
v -0.143547 0.127014 0.171753
v -0.139511 0.122955 0.155762
v -0.0984077 0.11615 0.144165
v -0.100742 0.113708 0.142975
v -0.0962982 0.114716 0.146362
v -0.111263 0.125854 0.194672
v -0.123108 0.123535 0.193054
v -0.13073 0.120514 0.19278
v -0.13768 0.119812 0.186432
v -0.0994225 0.11557 0.145416
v -0.0997047 0.119507 0.145203
v -0.100639 0.117035 0.145172
v -0.112591 0.12674 0.195557
v -0.131165 0.119995 0.190613
v -0.101555 0.112823 0.14502
v -0.0997658 0.112885 0.147308
v -0.0998535 0.114105 0.145691
v -0.113754 0.131104 0.194031
v -0.143578 0.11972 0.175842
v -0.112358 0.134979 0.193207
v -0.131138 0.129028 0.190338
v -0.126755 0.121826 0.194305
v -0.124161 0.121796 0.197174
v -0.106747 0.126404 0.194733
v -0.104027 0.122925 0.193329
v -0.104755 0.119904 0.194031
v -0.0973663 0.113068 0.145233
v -0.0986519 0.111176 0.14267
v -0.104774 0.119598 0.141022
v -0.137215 0.125885 0.185181
v -0.137657 0.123016 0.184082
v -0.136723 0.123718 0.183105
v -0.138943 0.120453 0.181488
v -0.140438 0.121094 0.178467
v -0.112251 0.129028 0.195526
v -0.130672 0.135406 0.187439
v -0.109001 0.11853 0.141357
v -0.12978 0.127655 0.194885
v -0.114708 0.136017 0.194427
v -0.128345 0.128235 0.192963
v -0.0955963 0.111938 0.145935
v -0.0921288 0.114655 0.150604
v -0.139584 0.119537 0.183594
v -0.106689 0.125946 0.196625
v -0.103653 0.117554 0.144043
v -0.131546 0.128571 0.192993
v -0.101471 0.120148 0.194153
v -0.125954 0.128204 0.194061
v -0.102478 0.121033 0.19104
v -0.127617 0.123505 0.195862
v -0.101257 0.111053 0.142059
v -0.0991173 0.126923 0.191895
v -0.141247 0.121857 0.169342
v -0.142269 0.119934 0.170197
v -0.123184 0.134552 0.194702
v -0.0953407 0.113892 0.1492
v -0.1427 0.118469 0.166504
v -0.10915 0.124481 0.195648
v -0.113037 0.124664 0.194855
v -0.111832 0.123962 0.196198
v -0.111176 0.12561 0.197144
v -0.112568 0.121582 0.198029
v -0.10017 0.134125 0.192078
v -0.101196 0.132874 0.191406
v -0.108479 0.119659 0.19751
v -0.102589 0.117096 0.141083
v -0.141392 0.121887 0.174469
v -0.108643 0.120941 0.195465
v -0.0943947 0.111176 0.146332
v -0.0970955 0.112091 0.147675
v -0.1213 0.120453 0.194427
v -0.115391 0.124695 0.194275
v -0.102062 0.134399 0.191559
v -0.106415 0.119812 0.196442
v -0.0900764 0.114014 0.153961
v -0.112556 0.124725 0.198395
v -0.13287 0.129272 0.192047
v -0.140205 0.121429 0.177063
v -0.102779 0.115143 0.1427
v -0.0907402 0.110229 0.150848
v -0.0919113 0.112122 0.151001
v -0.0909386 0.112274 0.153381
v -0.112545 0.121582 0.194489
v -0.110695 0.121429 0.19574
v -0.114738 0.121429 0.195282
v -0.144764 0.119751 0.170715
v -0.121315 0.1138 0.138977
v -0.120743 0.119598 0.138367
v -0.104553 0.110474 0.143982
v -0.103146 0.109161 0.145813
v -0.109467 0.111908 0.141693
v -0.0961342 0.110657 0.151337
v -0.0921669 0.111969 0.154541
v -0.127644 0.120605 0.195496
v -0.11401 0.123077 0.198853
v -0.123177 0.120087 0.197571
v -0.120213 0.0537415 0.139038
v -0.125584 0.053833 0.139404
v -0.124462 0.0549622 0.138489
v -0.111248 0.119202 0.141205
v -0.112194 0.117371 0.140747
v -0.109386 0.0611877 0.139282
v -0.106564 0.0609436 0.141022
v -0.106976 0.0598755 0.139771
v -0.114922 0.120483 0.141663
v -0.115864 0.117889 0.141357
v -0.113731 0.118469 0.142334
v -0.124359 0.120789 0.197815
v -0.120708 0.0561523 0.139465
v -0.124847 0.0557861 0.140381
v -0.125801 0.0583496 0.138489
v -0.109921 0.0603943 0.138245
v -0.111759 0.060791 0.13974
v -0.125889 0.118134 0.138977
v -0.123215 0.120026 0.138733
v -0.124146 0.116547 0.138947
v -0.134499 0.055542 0.143463
v -0.136292 0.0550232 0.144623
v -0.136055 0.0564575 0.144409
v -0.144104 0.059082 0.14856
v -0.142838 0.0560913 0.148285
v -0.145382 0.0580139 0.150543
v -0.11401 0.0602417 0.139404
v -0.125877 0.113647 0.141937
v -0.122566 0.113739 0.141022
v -0.123917 0.115692 0.141571
v -0.117641 0.118927 0.142029
v -0.118965 0.116455 0.141968
v -0.117359 0.114868 0.1409
v -0.135384 0.118683 0.15036
v -0.128536 0.11911 0.140045
v -0.131901 0.118378 0.142365
v -0.0985794 0.111084 0.148651
v -0.119747 0.118683 0.140839
v -0.120785 0.116913 0.141724
v -0.136787 0.117767 0.147247
v -0.134148 0.119446 0.144043
v -0.137478 0.115814 0.147491
v -0.112381 0.113281 0.1409
v -0.11438 0.113525 0.141052
v -0.114029 0.109253 0.139801
v -0.119251 0.110565 0.140869
v -0.116837 0.110687 0.140259
v -0.109703 0.117126 0.139069
v -0.0891457 0.1185 0.169556
v -0.0889816 0.118958 0.164825
v -0.0895157 0.115692 0.165588
v -0.0894089 0.118134 0.16098
v -0.133888 0.11441 0.144501
v -0.112255 0.117584 0.13855
v -0.124466 0.117157 0.143372
v -0.126968 0.118683 0.143707
v -0.127815 0.117828 0.143036
v -0.0870056 0.120087 0.169708
v -0.0873718 0.117004 0.170013
v -0.127071 0.115784 0.14325
v -0.129303 0.113251 0.139465
v -0.126888 0.113068 0.139069
v -0.129051 0.11203 0.140106
v -0.0871773 0.114471 0.168854
v -0.131111 0.114594 0.140656
v -0.119946 0.11264 0.1409
v -0.127731 0.111786 0.143829
v -0.126488 0.109894 0.142334
v -0.126007 0.112854 0.142761
v -0.127678 0.119995 0.145844
v -0.0875206 0.113647 0.163635
v -0.0871925 0.11264 0.17099
v -0.131157 0.114197 0.142883
v -0.130199 0.118835 0.14563
v -0.128914 0.117798 0.144836
v -0.124695 0.1138 0.138367
v -0.122498 0.111969 0.137329
v -0.125805 0.111084 0.137665
v -0.0965691 0.101746 0.144928
v -0.102577 0.101532 0.141113
v -0.0998192 0.102325 0.143005
v -0.0912743 0.113708 0.172333
v -0.090477 0.110565 0.173859
v -0.090889 0.11441 0.174622
v -0.0876274 0.119019 0.174103
v -0.0890007 0.117615 0.177643
v -0.088665 0.115723 0.176483
v -0.137848 0.111084 0.14621
v -0.141361 0.111877 0.150848
v -0.137875 0.112671 0.148376
v -0.121632 0.11969 0.142639
v -0.134167 0.110992 0.146423
v -0.134598 0.113434 0.14801
v -0.135059 0.111877 0.148315
v -0.136799 0.113403 0.150635
v -0.135891 0.111328 0.150269
v -0.119701 0.113586 0.13858
v -0.10722 0.0555725 0.139923
v -0.109806 0.0563965 0.139496
v -0.107288 0.0562439 0.14093
v -0.0870476 0.118378 0.162781
v -0.0875778 0.119171 0.161224
v -0.0884666 0.119324 0.175873
v -0.118195 0.0622559 0.138702
v -0.117725 0.0605469 0.139191
v -0.0914116 0.111237 0.176392
v -0.0907898 0.111176 0.156799
v -0.0892982 0.111145 0.160583
v -0.13913 0.117279 0.152344
v -0.139187 0.117584 0.150208
v -0.138966 0.116943 0.148895
v -0.140678 0.114319 0.185028
v -0.139202 0.113983 0.186188
v -0.140533 0.113037 0.183838
v -0.140766 0.114532 0.152039
v -0.133457 0.111359 0.149414
v -0.133297 0.112793 0.1427
v -0.142319 0.117065 0.156769
v -0.143127 0.117249 0.159271
v -0.0884132 0.114777 0.178253
v -0.08992 0.115204 0.182526
v -0.0870934 0.113983 0.177979
v -0.137043 0.0619202 0.144409
v -0.136608 0.0604858 0.144592
v -0.138729 0.0608521 0.14682
v -0.110771 0.115814 0.141632
v -0.089859 0.109833 0.159729
v -0.140461 0.119019 0.181244
v -0.141899 0.116302 0.18158
v -0.0911636 0.117401 0.177734
v -0.0938568 0.111694 0.181458
v -0.105087 0.11084 0.140076
v -0.13089 0.110565 0.140594
v -0.133873 0.110443 0.14267
v -0.0890694 0.110931 0.162384
v -0.0889282 0.112061 0.16684
v -0.0891304 0.10791 0.164825
v -0.114697 0.114929 0.141113
v -0.112907 0.116516 0.141479
v -0.144032 0.118011 0.178467
v -0.143482 0.117065 0.179749
v -0.133842 0.109375 0.148499
v -0.0875816 0.114899 0.173096
v -0.143616 0.115112 0.178375
v -0.139606 0.118835 0.154297
v -0.107784 0.107025 0.142761
v -0.133862 0.115936 0.149475
v -0.134384 0.118469 0.148712
v -0.119678 0.11438 0.140625
v -0.0896378 0.114929 0.171173
v -0.120533 0.0550232 0.137787
v -0.111095 0.0549622 0.138489
v -0.119083 0.0528564 0.138184
v -0.131313 0.115906 0.146118
v -0.101051 0.107117 0.149353
v -0.143757 0.114258 0.159058
v -0.144733 0.114716 0.159973
v -0.143021 0.115173 0.157318
v -0.141624 0.113892 0.152466
v -0.142624 0.11261 0.153992
v -0.0939064 0.115601 0.181793
v -0.101292 0.109283 0.141449
v -0.100811 0.10437 0.142181
v -0.10442 0.108368 0.139832
v -0.141396 0.117737 0.153473
v -0.141121 0.11203 0.155792
v -0.13945 0.114471 0.154999
v -0.140842 0.114319 0.159271
v -0.130974 0.115173 0.142365
v -0.122257 0.111328 0.138702
v -0.137478 0.114929 0.152039
v -0.123222 0.113281 0.141937
v -0.144295 0.117615 0.175171
v -0.0971909 0.105286 0.144684
v -0.141865 0.119385 0.175842
v -0.144062 0.116455 0.170319
v -0.107052 0.109802 0.138733
v -0.0943298 0.102722 0.146606
v -0.0922165 0.104462 0.149048
v -0.093502 0.101562 0.149811
v -0.0881805 0.114075 0.181122
v -0.0889473 0.112305 0.181519
v -0.11871 0.108551 0.137604
v -0.140575 0.118164 0.160126
v -0.139366 0.117737 0.157959
v -0.140671 0.120605 0.161102
v -0.136135 0.114441 0.147583
v -0.094223 0.118073 0.183563
v -0.140175 0.109436 0.185059
v -0.143559 0.112335 0.182098
v -0.142445 0.10965 0.185242
v -0.141502 0.113434 0.185974
v -0.0866508 0.112518 0.178497
v -0.137917 0.115082 0.149048
v -0.0950317 0.120117 0.184479
v -0.122707 0.109772 0.142517
v -0.0906334 0.101776 0.152039
v -0.0919113 0.102875 0.151428
v -0.0901871 0.10556 0.152191
v -0.138042 0.0588074 0.144196
v -0.143032 0.111542 0.152679
v -0.142639 0.110016 0.151978
v -0.114452 0.0565796 0.139099
v -0.0884857 0.116821 0.157196
v -0.0905647 0.117249 0.157166
v -0.08992 0.115387 0.159943
v -0.0888939 0.112274 0.169464
v -0.0900154 0.0990295 0.153656
v -0.138462 0.114685 0.148346
v -0.119297 0.0517883 0.139008
v -0.120136 0.050293 0.138855
v -0.124649 0.0507812 0.141235
v -0.0943756 0.117706 0.185608
v -0.0907936 0.11853 0.183136
v -0.142689 0.112579 0.162842
v -0.138523 0.118439 0.183746
v -0.11216 0.0508728 0.139221
v -0.112682 0.0518494 0.139465
v -0.108414 0.051178 0.139832
v -0.0954094 0.11792 0.186005
v -0.129929 0.057312 0.14093
v -0.130875 0.0551453 0.142578
v -0.132767 0.0592651 0.141144
v -0.0936699 0.100372 0.148407
v -0.144157 0.118958 0.172974
v -0.0921478 0.101501 0.149963
v -0.12043 0.058136 0.137878
v -0.0928497 0.109985 0.178833
v -0.144115 0.114441 0.168121
v -0.144672 0.112549 0.165527
v -0.143074 0.115234 0.164642
v -0.0906677 0.113556 0.18399
v -0.0907059 0.110504 0.184814
v -0.0871887 0.111847 0.160919
v -0.086647 0.112793 0.163666
v -0.0863609 0.110443 0.162231
v -0.0882111 0.113434 0.160065
v -0.0876808 0.111481 0.157898
v -0.090271 0.116333 0.17627
v -0.128937 0.108856 0.144775
v -0.129612 0.112152 0.144012
v -0.112057 0.112671 0.138855
v -0.0861549 0.112823 0.173218
v -0.0933952 0.114655 0.187469
v -0.0932465 0.111359 0.187439
v -0.108139 0.0544128 0.139465
v -0.108158 0.052002 0.140289
v -0.141415 0.117615 0.183105
v -0.0991249 0.108582 0.141937
v -0.0967026 0.106567 0.144104
v -0.0890045 0.11026 0.182526
v -0.130539 0.0594177 0.141479
v -0.143864 0.111145 0.155609
v -0.142078 0.111389 0.16153
v -0.13623 0.111267 0.145111
v -0.141853 0.113922 0.182251
v -0.127411 0.11441 0.140045
v -0.144192 0.118408 0.166626
v -0.144455 0.118774 0.162964
v -0.128429 0.0555115 0.141663
v -0.132401 0.0543823 0.140869
v -0.130436 0.0549927 0.139893
v -0.131542 0.0536194 0.140289
v -0.13673 0.117188 0.188049
v -0.0915756 0.118439 0.15683
v -0.136868 0.113586 0.145905
v -0.092968 0.111298 0.148285
v -0.0884438 0.101776 0.157257
v -0.0951767 0.0537109 0.14801
v -0.0951996 0.0516357 0.147491
v -0.0966644 0.0536499 0.146088
v -0.139503 0.11911 0.185577
v -0.120636 0.0603638 0.139557
v -0.142624 0.0603027 0.147919
v -0.14127 0.059967 0.14624
v -0.0904007 0.116547 0.180725
v -0.0900307 0.116272 0.182068
v -0.0966949 0.108978 0.144318
v -0.0957222 0.108307 0.145935
v -0.0941544 0.108002 0.146301
v -0.143181 0.114563 0.181152
v -0.140633 0.11554 0.186279
v -0.0916519 0.0990295 0.150391
v -0.128704 0.11438 0.143982
v -0.121445 0.113617 0.137451
v -0.14357 0.110168 0.179382
v -0.145588 0.11618 0.165222
v -0.10495 0.103882 0.146057
v -0.0875092 0.111511 0.177979
v -0.0861626 0.111298 0.17395
v -0.086319 0.111053 0.168549
v -0.103024 0.102997 0.149567
v -0.101837 0.101929 0.154572
v -0.112381 0.108795 0.137695
v -0.0962067 0.107269 0.155609
v -0.13942 0.0574951 0.144867
v -0.144657 0.108429 0.181122
v -0.126286 0.114777 0.143158
v -0.0903587 0.118927 0.16153
v -0.129181 0.116699 0.141113
v -0.132557 0.111389 0.145966
v -0.0882912 0.115997 0.178467
v -0.140942 0.110352 0.153839
v -0.139935 0.110748 0.153534
v -0.142815 0.114166 0.17923
v -0.0924034 0.11673 0.185211
v -0.133694 0.0563354 0.142731
v -0.14222 0.109985 0.157715
v -0.0957489 0.116913 0.183929
v -0.0855522 0.105377 0.174744
v -0.097702 0.117401 0.186646
v -0.142365 0.110138 0.156311
v -0.139526 0.11145 0.186615
v -0.13456 0.0596313 0.14151
v -0.127552 0.0542603 0.140167
v -0.128746 0.0537415 0.139679
v -0.137329 0.0555725 0.146698
v -0.13427 0.0637512 0.153625
v -0.137291 0.0643616 0.154602
v -0.136497 0.0598755 0.154816
v -0.138832 0.0629272 0.157288
v -0.0864944 0.111298 0.164917
v -0.115837 0.0505676 0.138702
v -0.0906296 0.114258 0.182983
v -0.0959778 0.103149 0.145966
v -0.0957642 0.100464 0.145905
v -0.13744 0.111298 0.150879
v -0.0934715 0.0507202 0.149384
v -0.0949478 0.0487671 0.148102
v -0.138115 0.111206 0.152679
v -0.0880623 0.109283 0.155426
v -0.0940971 0.115936 0.186829
v -0.122402 0.109894 0.138123
v -0.0863876 0.110413 0.170898
v -0.133034 0.0606995 0.143768
v -0.144768 0.115967 0.17981
v -0.0962372 0.111298 0.185455
v -0.144302 0.115082 0.174225
v -0.144608 0.116211 0.173462
v -0.0883751 0.108917 0.172455
v -0.118076 0.0561829 0.13974
v -0.139149 0.0550232 0.145691
v -0.144451 0.112671 0.171295
v -0.131058 0.109619 0.144531
v -0.144058 0.111877 0.175964
v -0.143333 0.110565 0.178497
v -0.144138 0.115631 0.171082
v -0.127281 0.108917 0.138977
v -0.122513 0.10733 0.138184
v -0.123756 0.107025 0.137787
v -0.130424 0.10675 0.140625
v -0.13456 0.10199 0.143524
v -0.134399 0.106506 0.143738
v -0.136517 0.10907 0.151794
v -0.144444 0.108551 0.151978
v -0.143291 0.108856 0.153961
v -0.136848 0.105621 0.150543
v -0.136883 0.105499 0.149628
v -0.138138 0.106506 0.153473
v -0.090229 0.10849 0.15744
v -0.0920792 0.108124 0.157623
v -0.0899239 0.106781 0.160614
v -0.0935516 0.104553 0.161987
v -0.120365 0.106995 0.141388
v -0.117836 0.10849 0.141388
v -0.116024 0.107819 0.140991
v -0.1171 0.10907 0.139435
v -0.091095 0.105469 0.162445
v -0.105431 0.100067 0.146667
v -0.0901031 0.109375 0.160736
v -0.0896683 0.106201 0.163788
v -0.127262 0.105835 0.143433
v -0.13007 0.105316 0.144592
v -0.0910759 0.10379 0.185211
v -0.0928116 0.106537 0.186707
v -0.0921364 0.101257 0.185211
v -0.0884514 0.105194 0.166077
v -0.131264 0.109131 0.145782
v -0.143082 0.106781 0.152222
v -0.0895615 0.103455 0.164642
v -0.0934715 0.108612 0.187683
v -0.107426 0.100128 0.144287
v -0.0857468 0.104553 0.165558
v -0.0867348 0.102112 0.165771
v -0.086586 0.105286 0.163086
v -0.120838 0.098999 0.13916
v -0.123241 0.103882 0.138763
v -0.137543 0.106689 0.146454
v -0.125454 0.102325 0.138519
v -0.086071 0.10614 0.165863
v -0.12439 0.101929 0.139557
v -0.144188 0.106689 0.15329
v -0.107872 0.0984192 0.139526
v -0.102573 0.0984192 0.141388
v -0.132904 0.105621 0.146606
v -0.131882 0.10257 0.146179
v -0.0900078 0.101776 0.185974
v -0.0899124 0.1026 0.183044
v -0.139236 0.0522156 0.145782
v -0.142467 0.0537109 0.148071
v -0.14566 0.105682 0.159607
v -0.141937 0.103668 0.158325
v -0.141262 0.107666 0.158447
v -0.126572 0.108826 0.143097
v -0.143074 0.104004 0.159851
v -0.140347 0.103058 0.157318
v -0.143841 0.101562 0.160339
v -0.0875969 0.109467 0.168884
v -0.0854874 0.10907 0.172638
v -0.0836029 0.0557861 0.159302
v -0.0825081 0.0583191 0.162781
v -0.0809631 0.0575562 0.167816
v -0.142464 0.0999451 0.156952
v -0.139496 0.1008 0.154022
v -0.143215 0.10498 0.154144
v -0.0930786 0.107361 0.182007
v -0.0850906 0.104889 0.178619
v -0.0848923 0.104797 0.174774
v -0.0860901 0.105835 0.177643
v -0.0864792 0.102783 0.172516
v -0.0873985 0.10379 0.177521
v -0.0883751 0.101776 0.17807
v -0.145023 0.101257 0.164795
v -0.145893 0.0991211 0.163086
v -0.0887108 0.108582 0.171906
v -0.0946007 0.105835 0.179871
v -0.144539 0.104156 0.164856
v -0.144836 0.102325 0.17038
v -0.111885 0.119537 0.197876
v -0.115788 0.117981 0.199402
v -0.11264 0.117493 0.198883
v -0.0874367 0.10907 0.15802
v -0.0873032 0.100952 0.171936
v -0.102581 0.106873 0.197784
v -0.0997581 0.11264 0.195801
v -0.101578 0.112854 0.196594
v -0.104225 0.118439 0.191284
v -0.106125 0.118317 0.193085
v -0.11832 0.0997925 0.140442
v -0.114952 0.103302 0.140625
v -0.118473 0.10321 0.140686
v -0.115971 0.116394 0.198578
v -0.11813 0.118622 0.197449
v -0.115231 0.118011 0.197296
v -0.0836449 0.0583191 0.159058
v -0.085598 0.0556946 0.155792
v -0.0949249 0.114899 0.189056
v -0.0961571 0.116608 0.188782
v -0.0961914 0.114044 0.191406
v -0.106228 0.115967 0.192169
v -0.109066 0.11792 0.194397
v -0.102802 0.112793 0.197662
v -0.0868301 0.108246 0.159943
v -0.0832405 0.0592041 0.165955
v -0.0822716 0.0591431 0.164703
v -0.0826378 0.0604553 0.165222
v -0.136932 0.101624 0.145599
v -0.095665 0.112762 0.192169
v -0.0952988 0.111572 0.190826
v -0.128227 0.0518799 0.141418
v -0.138515 0.114288 0.189178
v -0.136433 0.114136 0.191254
v -0.137932 0.116882 0.189056
v -0.135326 0.0540161 0.141937
v -0.135063 0.0550232 0.141663
v -0.125446 0.118469 0.194611
v -0.127625 0.118958 0.193573
v -0.079277 0.059082 0.17514
v -0.0806503 0.0605774 0.177979
v -0.0804482 0.0592957 0.180084
v -0.135895 0.100159 0.143524
v -0.097908 0.114899 0.194489
v -0.139088 0.105225 0.148468
v -0.081234 0.0558472 0.170349
v -0.082016 0.0550232 0.165863
v -0.142982 0.10788 0.184052
v -0.141312 0.106171 0.187744
v -0.132889 0.118347 0.190369
v -0.143764 0.108673 0.175079
v -0.10149 0.114746 0.190521
v -0.124809 0.105469 0.14325
v -0.086956 0.0549622 0.156219
v -0.0853958 0.0576782 0.156128
v -0.104355 0.116028 0.192596
v -0.115276 0.120148 0.197693
v -0.117928 0.118378 0.199738
v -0.142193 0.107513 0.178131
v -0.0954323 0.118378 0.186798
v -0.111408 0.102173 0.140839
v -0.129974 0.118866 0.194916
v -0.130589 0.118073 0.196869
v -0.0839691 0.0592957 0.160889
v -0.113075 0.108307 0.140381
v -0.135334 0.101746 0.148987
v -0.132587 0.100098 0.146088
v -0.121204 0.118469 0.19986
v -0.0825577 0.0628052 0.161987
v -0.0844841 0.0600586 0.163025
v -0.140556 0.107605 0.17984
v -0.140785 0.105316 0.18103
v -0.0961266 0.118286 0.187836
v -0.14077 0.107941 0.182709
v -0.0970917 0.113037 0.193207
v -0.0975189 0.109711 0.192352
v -0.0943413 0.116516 0.188721
v -0.127934 0.11734 0.19696
v -0.129108 0.119659 0.192932
v -0.12904 0.116638 0.194458
v -0.142052 0.104248 0.180206
v -0.121113 0.118866 0.196014
v -0.122932 0.103394 0.141846
v -0.0994911 0.120026 0.186798
v -0.139313 0.104248 0.147766
v -0.139595 0.102753 0.1492
v -0.143635 0.104706 0.175201
v -0.143848 0.101044 0.17691
v -0.133743 0.116547 0.194702
v -0.134789 0.116608 0.192505
v -0.135155 0.114624 0.194427
v -0.0994606 0.115662 0.194427
v -0.0800438 0.0578918 0.1745
v -0.0807991 0.0566406 0.175018
v -0.0807648 0.0620728 0.177979
v -0.117413 0.11731 0.201111
v -0.0882835 0.0570068 0.152374
v -0.0862236 0.0581055 0.156891
v -0.124302 0.114227 0.200043
v -0.11689 0.11615 0.201324
v -0.115269 0.0984802 0.13858
v -0.132278 0.117767 0.19397
v -0.145161 0.106598 0.181732
v -0.143398 0.105835 0.183411
v -0.122936 0.113068 0.199768
v -0.120995 0.11087 0.200989
v -0.105415 0.11203 0.198303
v -0.108307 0.113129 0.200531
v -0.107311 0.112 0.20047
v -0.112736 0.10553 0.140015
v -0.0809593 0.0607605 0.175446
v -0.133354 0.118317 0.195557
v -0.117519 0.116516 0.199371
v -0.0917816 0.10791 0.174255
v -0.108818 0.115631 0.199097
v -0.141956 0.109833 0.183655
v -0.137444 0.119293 0.188293
v -0.138744 0.0540161 0.144501
v -0.13533 0.0521851 0.142029
v -0.138927 0.0499268 0.145477
v -0.141697 0.104614 0.185364
v -0.0937004 0.102142 0.187561
v -0.0928307 0.101074 0.18866
v -0.0940247 0.110077 0.189758
v -0.125286 0.119995 0.196869
v -0.131199 0.0506287 0.14267
v -0.12291 0.112427 0.196777
v -0.122082 0.112579 0.198822
v -0.12159 0.111969 0.197327
v -0.0901909 0.106476 0.168945
v -0.092968 0.105225 0.171661
v -0.0845718 0.0604858 0.157562
v -0.0940247 0.106201 0.175903
v -0.0886803 0.0989075 0.156525
v -0.103619 0.111176 0.198303
v -0.106583 0.110474 0.199249
v -0.111462 0.115234 0.197784
v -0.115463 0.115631 0.196869
v -0.0877991 0.108917 0.18042
v -0.101704 0.116852 0.195465
v -0.108509 0.116058 0.194977
v -0.109375 0.115509 0.198151
v -0.1106 0.118744 0.195862
v -0.141472 0.106201 0.151154
v -0.138878 0.109467 0.186951
v -0.10355 0.118652 0.195221
v -0.125729 0.102325 0.142578
v -0.143253 0.0552368 0.14975
v -0.145359 0.0552368 0.152283
v -0.106853 0.115509 0.197784
v -0.106228 0.117523 0.197571
v -0.120716 0.113098 0.200592
v -0.129921 0.116302 0.19696
v -0.129688 0.103088 0.140106
v -0.0870132 0.10083 0.16922
v -0.14196 0.104767 0.183075
v -0.127399 0.118988 0.197449
v -0.112576 0.11618 0.199615
v -0.115574 0.115204 0.199738
v -0.113289 0.113739 0.199738
v -0.125885 0.11969 0.198303
v -0.105488 0.114319 0.198334
v -0.133564 0.115479 0.195129
v -0.0893021 0.107422 0.184753
v -0.0912094 0.106079 0.186005
v -0.133251 0.11676 0.190399
v -0.131027 0.115997 0.19342
v -0.083683 0.0542297 0.160187
v -0.0851707 0.0533447 0.160614
v -0.0911942 0.103119 0.180328
v -0.0895042 0.102936 0.179993
v -0.119568 0.11673 0.19693
v -0.119537 0.11441 0.199066
v -0.121826 0.114105 0.197601
v -0.111931 0.1203 0.195435
v -0.0825348 0.06073 0.169098
v -0.142841 0.109131 0.159943
v -0.0832787 0.0620117 0.171509
v -0.0837593 0.0605164 0.172333
v -0.0831566 0.0601807 0.169891
v -0.110611 0.114075 0.199524
v -0.115074 0.11322 0.199707
v -0.117275 0.113068 0.201416
v -0.114761 0.111511 0.201813
v -0.0859642 0.106842 0.17984
v -0.140392 0.10611 0.149414
v -0.145561 0.105591 0.1828
v -0.142178 0.105255 0.188171
v -0.142124 0.103729 0.15271
v -0.146324 0.108246 0.16095
v -0.1105 0.11145 0.195892
v -0.110016 0.11438 0.196075
v -0.106339 0.114563 0.19278
v -0.0814514 0.0596008 0.167816
v -0.126713 0.116791 0.198181
v -0.11277 0.114258 0.197327
v -0.114925 0.112823 0.197388
v -0.124508 0.118256 0.199371
v -0.106682 0.120544 0.194061
v -0.105263 0.111694 0.192993
v -0.109924 0.119659 0.196777
v -0.108471 0.113708 0.199005
v -0.0872803 0.109222 0.182648
v -0.124237 0.112793 0.192413
v -0.12476 0.111084 0.193634
v -0.126442 0.112579 0.196014
v -0.0997963 0.101074 0.164856
v -0.0867805 0.108582 0.181091
v -0.100788 0.108032 0.190918
v -0.0984459 0.112152 0.188293
v -0.117619 0.112823 0.197998
v -0.139572 0.106995 0.156219
v -0.122494 0.110413 0.196594
v -0.110905 0.110565 0.201477
v -0.111492 0.113403 0.201324
v -0.112568 0.110718 0.19989
v -0.143196 0.102722 0.178619
v -0.0987892 0.110352 0.194977
v -0.0909767 0.103912 0.16748
v -0.10939 0.108856 0.2005
v -0.126675 0.110229 0.199768
v -0.124428 0.111725 0.196472
v -0.121586 0.104584 0.140961
v -0.0885162 0.102081 0.181976
v -0.122047 0.112152 0.193573
v -0.12896 0.103577 0.144379
v -0.14518 0.100555 0.184601
v -0.142624 0.100739 0.187714
v -0.0944214 0.105774 0.1828
v -0.0810242 0.0596619 0.170868
v -0.0892525 0.108276 0.167816
v -0.146904 0.0995789 0.183258
v -0.0800056 0.055603 0.177063
v -0.080761 0.0569458 0.178467
v -0.0804787 0.0563965 0.180664
v -0.0858421 0.110046 0.167206
v -0.117348 0.110077 0.198639
v -0.11898 0.111511 0.199768
v -0.103001 0.119659 0.195557
v -0.143761 0.10614 0.161407
v -0.144321 0.0999451 0.178528
v -0.0842972 0.105103 0.172211
v -0.086689 0.106567 0.171844
v -0.0872192 0.106964 0.182648
v -0.0904312 0.102112 0.165344
v -0.0819893 0.0534058 0.165192
v -0.088871 0.106293 0.184967
v -0.0872307 0.0995789 0.163055
v -0.0965424 0.107361 0.185944
v -0.133469 0.0508423 0.143921
v -0.13501 0.11499 0.192505
v -0.0863953 0.105499 0.180878
v -0.0892448 0.103851 0.182709
v -0.127415 0.114929 0.195892
v -0.102364 0.120667 0.188477
v -0.144215 0.0523071 0.149811
v -0.141178 0.0514526 0.147583
v -0.081707 0.0620728 0.185852
v -0.0818596 0.059906 0.18634
v -0.0808945 0.0609436 0.18277
v -0.0866203 0.0997314 0.177887
v -0.0878677 0.1008 0.17926
v -0.0880966 0.105377 0.184143
v -0.0886574 0.100739 0.183777
v -0.0867386 0.10556 0.170624
v -0.130264 0.0983276 0.144226
v -0.0825272 0.0582581 0.186279
v -0.143539 0.10144 0.152588
v -0.144543 0.0558777 0.153564
v -0.0961761 0.047699 0.146118
v -0.0989113 0.0505981 0.14444
v -0.0840569 0.052063 0.161407
v -0.085125 0.0490723 0.160461
v -0.136055 0.0499878 0.143494
v -0.125546 0.116547 0.195038
v -0.145195 0.102417 0.156616
v -0.143406 0.0497131 0.149536
v -0.0890083 0.0522766 0.154022
v -0.0891724 0.0530396 0.154633
v -0.132442 0.100311 0.142334
v -0.112003 0.100403 0.140442
v -0.112022 0.0993958 0.141266
v -0.0956154 0.102936 0.168823
v -0.098114 0.102386 0.174744
v -0.144283 0.109985 0.172089
v -0.0968742 0.102356 0.185638
v -0.0882988 0.104492 0.179321
v -0.0992012 0.0992126 0.182678
v -0.120914 0.111603 0.198822
v -0.108143 0.047699 0.140381
v -0.103584 0.0480652 0.141907
v -0.11927 0.118988 0.196198
v -0.135502 0.115723 0.189453
v -0.127522 0.099823 0.143341
v -0.114624 0.0940552 0.173462
v -0.109592 0.0968933 0.178558
v -0.139011 0.100769 0.146362
v -0.0808754 0.0563965 0.184845
v -0.0814018 0.0553284 0.186859
v -0.0811996 0.0552673 0.184509
v -0.0807648 0.053009 0.181641
v -0.0811882 0.0516663 0.184662
v -0.0818672 0.0506592 0.183533
v -0.101379 0.0517578 0.1427
v -0.0993805 0.0487366 0.144745
v -0.08395 0.0501709 0.163483
v -0.139011 0.110748 0.189514
v -0.139748 0.113647 0.189789
v -0.13802 0.112152 0.188293
v -0.0982018 0.0472717 0.145203
v -0.144821 0.105988 0.163239
v -0.112686 0.108673 0.197174
v -0.0813408 0.0514526 0.180084
v -0.110943 0.107819 0.20047
v -0.111568 0.108124 0.201263
v -0.11134 0.105469 0.200623
v -0.0819588 0.0499268 0.166046
v -0.129456 0.108215 0.198334
v -0.127872 0.108948 0.198547
v -0.131687 0.109863 0.197296
v -0.141434 0.102936 0.193878
v -0.141254 0.103821 0.190979
v -0.143021 0.10379 0.192169
v -0.101768 0.10318 0.198486
v -0.0954285 0.102264 0.191864
v -0.0987244 0.102997 0.193542
v -0.126633 0.108551 0.195007
v -0.128201 0.107574 0.194733
v -0.129025 0.108826 0.196594
v -0.107059 0.104279 0.200867
v -0.102947 0.104034 0.197021
v -0.108036 0.104218 0.198669
v -0.0812416 0.0534668 0.185852
v -0.11483 0.10083 0.198486
v -0.118397 0.0993347 0.199219
v -0.117188 0.103485 0.198517
v -0.101768 0.101898 0.199646
v -0.10482 0.100952 0.2005
v -0.104053 0.101532 0.201141
v -0.11256 0.106628 0.20163
v -0.0817413 0.0509644 0.176819
v -0.137306 0.0619202 0.158386
v -0.135124 0.0622864 0.156281
v -0.113152 0.103546 0.198029
v -0.113541 0.0972595 0.199219
v -0.115479 0.0994263 0.198151
v -0.134907 0.105133 0.198029
v -0.136738 0.104431 0.19754
v -0.135872 0.103729 0.196777
v -0.122089 0.105377 0.197876
v -0.124279 0.0988464 0.198792
v -0.149849 0.0566406 0.186462
v -0.144615 0.0605774 0.187103
v -0.146008 0.0627441 0.182404
v -0.127216 0.107269 0.200378
v -0.120426 0.0997925 0.199249
v -0.127598 0.101135 0.197754
v -0.0989418 0.108521 0.195343
v -0.133446 0.106079 0.193176
v -0.137249 0.103729 0.19223
v -0.137096 0.106995 0.189972
v -0.0803604 0.0549316 0.173706
v -0.0809479 0.0523682 0.176147
v -0.0867271 0.0613403 0.155426
v -0.0845947 0.0619812 0.157684
v -0.136642 0.111633 0.193787
v -0.132183 0.108704 0.197327
v -0.134048 0.108734 0.194641
v -0.131851 0.106567 0.196503
v -0.0985146 0.103455 0.189148
v -0.109547 0.105652 0.199249
v -0.130939 0.107361 0.194519
v -0.135311 0.101349 0.195312
v -0.11853 0.106049 0.202606
v -0.113224 0.105042 0.202332
v -0.115978 0.106537 0.202393
v -0.0888329 0.0575256 0.152679
v -0.0881615 0.0615845 0.152771
v -0.135483 0.106812 0.196991
v -0.135239 0.106049 0.195251
v -0.137203 0.105225 0.196381
v -0.103813 0.10376 0.196289
v -0.0999985 0.045105 0.14389
v -0.103622 0.0448608 0.141937
v -0.101635 0.0456543 0.143372
v -0.0949631 0.109741 0.191559
v -0.0988846 0.106384 0.194916
v -0.0964661 0.106018 0.191376
v -0.0810318 0.0536499 0.169342
v -0.0818138 0.0503845 0.168243
v -0.139442 0.10434 0.188995
v -0.133659 0.103271 0.199066
v -0.135914 0.102478 0.202454
v -0.131313 0.102814 0.2005
v -0.1343 0.104279 0.197174
v -0.135895 0.11261 0.189728
v -0.118942 0.104584 0.203278
v -0.118565 0.104065 0.205109
v -0.115837 0.104279 0.203766
v -0.121155 0.105133 0.203217
v -0.132008 0.113251 0.194336
v -0.128262 0.114288 0.194855
v -0.123371 0.103638 0.205841
v -0.122868 0.102509 0.206635
v -0.119789 0.102417 0.205841
v -0.146595 0.11557 0.164429
v -0.147411 0.112488 0.165619
v -0.0835381 0.0632629 0.158966
v -0.12458 0.108337 0.195862
v -0.120571 0.109406 0.198914
v -0.11937 0.106171 0.198547
v -0.121765 0.108124 0.199158
v -0.150787 0.102264 0.171356
v -0.148518 0.102722 0.171478
v -0.150402 0.1008 0.171082
v -0.0974388 0.0982971 0.188568
v -0.10091 0.103149 0.192139
v -0.146896 0.109619 0.165009
v -0.145302 0.111145 0.174408
v -0.145237 0.111572 0.16803
v -0.134792 0.109283 0.191467
v -0.146206 0.105591 0.17923
v -0.151081 0.100006 0.180298
v -0.148804 0.101288 0.183655
v -0.147453 0.102173 0.181824
v -0.0918083 0.0493774 0.151123
v -0.09095 0.0514526 0.150146
v -0.136303 0.112823 0.191437
v -0.0973701 0.101807 0.195526
v -0.111542 0.104523 0.197632
v -0.0909119 0.0511169 0.152313
v -0.0879021 0.0505981 0.155945
v -0.137714 0.109222 0.18866
v -0.146538 0.105865 0.175049
v -0.146099 0.108093 0.178833
v -0.147068 0.103973 0.162659
v -0.147392 0.102112 0.1604
v -0.130127 0.10614 0.199463
v -0.127758 0.104828 0.201477
v -0.120953 0.105408 0.199707
v -0.119217 0.108124 0.201996
v -0.12281 0.1073 0.200592
v -0.0931358 0.105164 0.18808
v -0.137524 0.102844 0.198547
v -0.139553 0.102844 0.196136
v -0.140682 0.101379 0.198334
v -0.11235 0.101013 0.202698
v -0.114845 0.102783 0.203064
v -0.114368 0.101318 0.202301
v -0.0966949 0.0462646 0.146332
v -0.147049 0.108673 0.167847
v -0.146709 0.114868 0.16861
v -0.144676 0.107483 0.16568
v -0.139912 0.111511 0.190582
v -0.138882 0.114197 0.190796
v -0.128025 0.10379 0.2034
v -0.132019 0.102905 0.204742
v -0.127911 0.102997 0.206848
v -0.116829 0.107727 0.20224
v -0.14637 0.112396 0.160309
v -0.137817 0.108215 0.191315
v -0.130196 0.111145 0.198273
v -0.127956 0.111176 0.19873
v -0.0961075 0.104218 0.190704
v -0.147514 0.101227 0.165924
v -0.148788 0.103973 0.16861
v -0.147301 0.103638 0.165833
v -0.146866 0.103485 0.179199
v -0.146973 0.104645 0.18103
v -0.145699 0.107422 0.154907
v -0.0908508 0.100159 0.186981
v -0.112461 0.109833 0.201782
v -0.0988197 0.100403 0.196777
v -0.146755 0.115082 0.170532
v -0.138062 0.106842 0.192017
v -0.145954 0.115692 0.175415
v -0.145752 0.101776 0.188843
v -0.148186 0.101685 0.186798
v -0.147118 0.101898 0.190247
v -0.145912 0.114532 0.17688
v -0.117043 0.102173 0.205109
v -0.114403 0.101501 0.204102
v -0.12265 0.103668 0.203918
v -0.0964508 0.0976562 0.144775
v -0.0952454 0.0973511 0.144379
v -0.0990067 0.0982361 0.143158
v -0.146263 0.109406 0.166656
v -0.137367 0.111755 0.192291
v -0.0877762 0.0975037 0.151276
v -0.0887184 0.098053 0.154236
v -0.0868149 0.0973206 0.155304
v -0.09758 0.0950012 0.14209
v -0.0951271 0.0954895 0.145111
v -0.146023 0.106476 0.162964
v -0.146702 0.10791 0.165619
v -0.144806 0.108521 0.155487
v -0.145443 0.109222 0.157867
v -0.105972 0.107452 0.199036
v -0.0924034 0.0480652 0.150055
v -0.0932083 0.0457153 0.149292
v -0.0947914 0.0452576 0.147583
v -0.144741 0.115051 0.176575
v -0.0802536 0.053009 0.172363
v -0.136818 0.110291 0.191895
v -0.146523 0.103363 0.180664
v -0.14555 0.104034 0.182373
v -0.095108 0.0986938 0.146576
v -0.0926094 0.0968933 0.145782
v -0.126514 0.103302 0.203766
v -0.126183 0.10321 0.205139
v -0.149399 0.102264 0.175903
v -0.149765 0.100739 0.175751
v -0.130703 0.103729 0.20105
v -0.0814934 0.0503235 0.171417
v -0.148941 0.100128 0.188904
v -0.123596 0.105194 0.20105
v -0.103939 0.106598 0.193268
v -0.106365 0.104828 0.195068
v -0.145966 0.113953 0.162354
v -0.0996666 0.0976257 0.141327
v -0.0951996 0.041687 0.147614
v -0.0990753 0.0395508 0.144531
v -0.0986176 0.0435486 0.144836
v -0.150761 0.100311 0.184296
v -0.125599 0.103882 0.201782
v -0.10582 0.102264 0.201019
v -0.14698 0.105469 0.165436
v -0.145779 0.102448 0.18692
v -0.143955 0.103577 0.186584
v -0.144836 0.108734 0.168396
v -0.0895424 0.0975342 0.150818
v -0.147217 0.109955 0.158936
v -0.148666 0.10965 0.163055
v -0.116032 0.104004 0.205048
v -0.118893 0.1026 0.20697
v -0.146862 0.104858 0.171387
v -0.106987 0.103241 0.201721
v -0.109497 0.0979614 0.198303
v -0.112503 0.101807 0.205048
v -0.105549 0.0943604 0.138916
v -0.109974 0.0976562 0.138245
v -0.148991 0.103912 0.173248
v -0.144043 0.102081 0.191803
v -0.145508 0.101929 0.193817
v -0.0917358 0.0979004 0.148254
v -0.102016 0.101105 0.198608
v -0.131065 0.11142 0.194
v -0.129982 0.111481 0.195679
v -0.100964 0.106384 0.195404
v -0.147312 0.108093 0.172028
v -0.145813 0.106934 0.172729
v -0.147224 0.10733 0.175262
v -0.108791 0.0456543 0.140076
v -0.147079 0.106781 0.168945
v -0.104675 0.0475464 0.141174
v -0.125656 0.105621 0.202148
v -0.122849 0.100189 0.206818
v -0.123085 0.102173 0.207733
v -0.123199 0.0994568 0.207428
v -0.147343 0.104706 0.176514
v -0.0973282 0.0965576 0.141479
v -0.149662 0.104553 0.176453
v -0.146824 0.108429 0.164093
v -0.131302 0.108978 0.194855
v -0.133865 0.111389 0.192444
v -0.129093 0.0979614 0.198212
v -0.134262 0.0998535 0.197998
v -0.139713 0.110199 0.188141
v -0.136189 0.111511 0.188965
v -0.142929 0.101044 0.193268
v -0.109196 0.100342 0.206482
v -0.111519 0.100708 0.207245
v -0.146912 0.105835 0.162872
v -0.135208 0.110596 0.191833
v -0.143082 0.10144 0.194916
v -0.100636 0.104614 0.194916
v -0.104355 0.100037 0.201935
v -0.102665 0.100555 0.202606
v -0.125919 0.0993347 0.206543
v -0.147682 0.108765 0.162292
v -0.127605 0.101379 0.206909
v -0.14587 0.0984192 0.167358
v -0.145069 0.115234 0.164154
v -0.102196 0.0939331 0.139557
v -0.101582 0.0935974 0.138611
v -0.106216 0.0917664 0.134216
v -0.130707 0.102356 0.206207
v -0.0993233 0.104553 0.193054
v -0.106319 0.100616 0.201691
v -0.144764 0.119537 0.167633
v -0.145699 0.106018 0.17038
v -0.109581 0.101868 0.202454
v -0.0864754 0.0958557 0.15274
v -0.104282 0.0982971 0.150269
v -0.146034 0.117065 0.166595
v -0.145626 0.115723 0.169556
v -0.0962486 0.0911865 0.138855
v -0.0973816 0.0901489 0.137787
v -0.0994492 0.0918884 0.137299
v -0.0896721 0.0454712 0.153351
v -0.08601 0.0947571 0.156586
v -0.133045 0.103394 0.202759
v -0.133396 0.113007 0.193176
v -0.10445 0.10025 0.196503
v -0.143856 0.100525 0.19577
v -0.107082 0.0945435 0.138123
v -0.0909424 0.0951843 0.149567
v -0.092907 0.098114 0.14917
v -0.129612 0.106171 0.197662
v -0.117428 0.101227 0.207611
v -0.136848 0.10141 0.194855
v -0.140274 0.101074 0.191803
v -0.142017 0.098877 0.190948
v -0.139862 0.100555 0.199432
v -0.13776 0.100708 0.20105
v -0.0879517 0.0488892 0.154846
v -0.0884018 0.0479431 0.155487
v -0.146919 0.107941 0.159637
v -0.108826 0.102875 0.196228
v -0.110615 0.0933228 0.1427
v -0.108269 0.0908203 0.144562
v -0.106094 0.09552 0.146637
v -0.126801 0.109161 0.197693
v -0.137966 0.102753 0.201294
v -0.0968781 0.09729 0.186188
v -0.120365 0.104736 0.200867
v -0.0993271 0.0957031 0.140869
v -0.134613 0.10025 0.203156
v -0.096077 0.0997925 0.194061
v -0.0872498 0.0942688 0.15094
v -0.120495 0.100128 0.207062
v -0.131111 0.100555 0.204987
v -0.114624 0.101166 0.207458
v -0.0872879 0.0908203 0.146729
v -0.0906067 0.0923157 0.144043
v -0.0887642 0.0931396 0.147491
v -0.0973244 0.0932312 0.140106
v -0.100555 0.100464 0.200104
v -0.110901 0.100586 0.201599
v -0.0961075 0.100037 0.19516
v -0.0901871 0.0907593 0.144257
v -0.147701 0.100128 0.160675
v -0.0928268 0.0924683 0.143188
v -0.0890884 0.0949707 0.149323
v -0.147285 0.101746 0.162628
v -0.118675 0.0979004 0.137756
v -0.119377 0.0979614 0.141876
v -0.114403 0.0978699 0.140839
v -0.109291 0.100281 0.202637
v -0.0925941 0.0912781 0.142303
v -0.0861626 0.0931091 0.148895
v -0.0845985 0.0910034 0.151367
v -0.117641 0.101562 0.208923
v -0.134892 0.0979614 0.142303
v -0.139534 0.098938 0.146881
v -0.125103 0.0977783 0.142395
v -0.127964 0.0932007 0.142395
v -0.125648 0.0929565 0.141724
v -0.0864258 0.0987854 0.162628
v -0.0873566 0.0990906 0.164612
v -0.143799 0.0970459 0.146912
v -0.141132 0.0975037 0.146881
v -0.140717 0.0962219 0.144226
v -0.122787 0.0935059 0.133911
v -0.126297 0.093689 0.13446
v -0.122334 0.0935364 0.135468
v -0.135521 0.0932007 0.147064
v -0.134632 0.0970764 0.146942
v -0.135857 0.0948181 0.148376
v -0.11644 0.0905762 0.141388
v -0.113258 0.094574 0.141357
v -0.142876 0.0933838 0.156006
v -0.141544 0.0901794 0.154907
v -0.139244 0.0904541 0.15332
v -0.121647 0.0986328 0.138397
v -0.120941 0.0969849 0.137604
v -0.113056 0.0899353 0.141388
v -0.14452 0.0948181 0.148712
v -0.142952 0.0945129 0.147491
v -0.0952415 0.0936279 0.142426
v -0.0985336 0.0938416 0.141022
v -0.140472 0.0941162 0.144043
v -0.111847 0.0937195 0.136353
v -0.0854034 0.092865 0.151672
v -0.092804 0.0925293 0.141968
v -0.13979 0.0963745 0.152802
v -0.139648 0.0944519 0.153503
v -0.139069 0.0950012 0.150848
v -0.143093 0.0959167 0.155304
v -0.131859 0.0957336 0.140259
v -0.132694 0.09552 0.139282
v -0.133804 0.0965881 0.141296
v -0.136032 0.0953674 0.142151
v -0.137398 0.0933838 0.141815
v -0.137909 0.095459 0.141602
v -0.135292 0.0964661 0.141479
v -0.0833282 0.0921326 0.153534
v -0.0836449 0.0932922 0.155426
v -0.0840073 0.0916138 0.155182
v -0.136417 0.092865 0.151398
v -0.138042 0.0940857 0.151825
v -0.139881 0.0953674 0.142395
v -0.121014 0.0987244 0.140686
v -0.124058 0.0942688 0.142609
v -0.139359 0.0910034 0.15033
v -0.144234 0.0934753 0.153198
v -0.0841675 0.0953369 0.183594
v -0.0826683 0.0963135 0.18222
v -0.0852394 0.0962524 0.183868
v -0.125923 0.0984497 0.138336
v -0.125332 0.0959167 0.138306
v -0.12706 0.0966492 0.139191
v -0.0874748 0.0980835 0.183228
v -0.0875473 0.0968018 0.181885
v -0.0897598 0.0984497 0.182251
v -0.0884819 0.099884 0.18161
v -0.0867462 0.0981445 0.15921
v -0.118111 0.0926208 0.132935
v -0.114445 0.0929871 0.133881
v -0.110943 0.0920105 0.133118
v -0.0839233 0.0956726 0.169373
v -0.0847244 0.0972595 0.171356
v -0.0837746 0.0958557 0.17337
v -0.125431 0.0936584 0.14447
v -0.119968 0.096405 0.137878
v -0.120186 0.0942078 0.136261
v -0.126709 0.091217 0.138794
v -0.131588 0.0904236 0.142548
v -0.132809 0.0932922 0.13623
v -0.102028 0.0944519 0.18924
v -0.0988274 0.0933533 0.186462
v -0.106312 0.0957947 0.184937
v -0.105991 0.0957336 0.161743
v -0.11512 0.0888367 0.166748
v -0.12072 0.0909119 0.175293
v -0.144566 0.0991516 0.158173
v -0.0867882 0.0987549 0.175964
v -0.0863571 0.0996094 0.172028
v -0.0860443 0.0966797 0.1763
v -0.0840111 0.0951843 0.1763
v -0.0924454 0.0947571 0.145966
v -0.119984 0.0941467 0.1828
v -0.116844 0.0953674 0.18515
v -0.110256 0.0957947 0.188751
v -0.144466 0.0977478 0.175934
v -0.143143 0.0982971 0.177948
v -0.115353 0.0903625 0.132812
v -0.094223 0.0851135 0.144684
v -0.0940132 0.0861511 0.147095
v -0.0908127 0.0839844 0.145508
v -0.116329 0.0991516 0.140045
v -0.082325 0.0933838 0.160706
v -0.0810928 0.0923767 0.16391
v -0.082386 0.0919189 0.156647
v -0.0857315 0.0981445 0.178467
v -0.0864105 0.0968628 0.179413
v -0.127884 0.0939331 0.135376
v -0.0833817 0.0963745 0.176849
v -0.0872383 0.0974731 0.175415
v -0.0856857 0.0971985 0.171906
v -0.0811234 0.0934143 0.167023
v -0.0815163 0.0940247 0.172974
v -0.0810814 0.0925598 0.171539
v -0.111824 0.0900269 0.132996
v -0.105839 0.0905457 0.134247
v -0.0881233 0.0986938 0.179657
v -0.104759 0.0919189 0.14978
v -0.104446 0.0852966 0.148315
v -0.103928 0.0873718 0.151794
v -0.112846 0.095459 0.137512
v -0.0827675 0.0947876 0.178101
v -0.135944 0.0923462 0.143951
v -0.135696 0.0928955 0.140198
v -0.132828 0.0916748 0.139709
v -0.123909 0.0982666 0.137482
v -0.102665 0.0844116 0.140442
v -0.101624 0.0822449 0.137878
v -0.108147 0.0837097 0.136566
v -0.128479 0.0931091 0.145599
v -0.09161 0.0854492 0.148041
v -0.0924759 0.0843811 0.147186
v -0.0891495 0.0981445 0.185211
v -0.0858917 0.0970154 0.18277
v -0.142483 0.0954895 0.155975
v -0.134495 0.0948486 0.13855
v -0.0863609 0.0978394 0.161346
v -0.0884895 0.0897522 0.148376
v -0.144226 0.0936584 0.155457
v -0.145618 0.0932922 0.155823
v -0.0889168 0.0969238 0.187042
v -0.13084 0.0940247 0.14389
v -0.129482 0.0927124 0.144318
v -0.0868073 0.0994568 0.169617
v -0.145256 0.0933838 0.156281
v -0.128273 0.0952759 0.138214
v -0.0816383 0.0919189 0.175507
v -0.144875 0.0927429 0.157959
v -0.0890541 0.0835571 0.146393
v -0.0887375 0.0831299 0.148224
v -0.0897713 0.0814209 0.147614
v -0.0919456 0.0836792 0.143524
v -0.085392 0.0941467 0.159729
v -0.0861168 0.0961914 0.162781
v -0.1063 0.0895691 0.146423
v -0.124146 0.0863953 0.139069
v -0.122757 0.0862427 0.138489
v -0.123035 0.0847473 0.136353
v -0.0826492 0.09375 0.164795
v -0.136967 0.0889282 0.14502
v -0.134869 0.0901489 0.146088
v -0.134048 0.0867615 0.140839
v -0.135376 0.094574 0.137512
v -0.108929 0.084137 0.137543
v -0.142162 0.0913086 0.153595
v -0.145058 0.0916138 0.156799
v -0.0851555 0.0970764 0.177399
v -0.0841255 0.0961609 0.179962
v -0.137184 0.0863037 0.140839
v -0.082386 0.0952148 0.168304
v -0.0897408 0.0847473 0.150208
v -0.085968 0.0839844 0.152527
v -0.0842896 0.0961914 0.165253
v -0.0851822 0.0971375 0.16507
v -0.0898552 0.0854492 0.14978
v -0.0900497 0.0865479 0.153076
v -0.0889702 0.0860291 0.154663
v -0.0934715 0.0823059 0.142944
v -0.0868378 0.0964355 0.156342
v -0.143414 0.0904236 0.157684
v -0.142441 0.0870361 0.144073
v -0.139099 0.0852661 0.141754
v -0.130562 0.0926514 0.147034
v -0.129787 0.0899963 0.147217
v -0.127811 0.0856018 0.146545
v -0.126339 0.0861816 0.145996
v -0.125542 0.0993042 0.139313
v -0.116158 0.0843201 0.134399
v -0.113663 0.0847778 0.135803
v -0.110069 0.0834045 0.134827
v -0.131767 0.0924072 0.146027
v -0.0863762 0.0966492 0.186188
v -0.0863991 0.0956726 0.186676
v -0.131641 0.0994263 0.140503
v -0.129978 0.09729 0.140472
v -0.124138 0.0921631 0.181885
v -0.0876617 0.0848083 0.153564
v -0.131718 0.0926819 0.144989
v -0.133987 0.0924072 0.146393
v -0.136139 0.0923767 0.145782
v -0.122013 0.0950928 0.18573
v -0.125401 0.0888977 0.137939
v -0.125965 0.0898132 0.140228
v -0.126934 0.0905151 0.136932
v -0.12281 0.0933533 0.18454
v -0.124626 0.091095 0.180542
v -0.137749 0.0856323 0.150909
v -0.136036 0.0889893 0.150208
v -0.0844803 0.0942993 0.1586
v -0.0860291 0.0820923 0.151215
v -0.102848 0.0828857 0.149811
v -0.132092 0.0972595 0.141968
v -0.0981255 0.085083 0.141632
v -0.0987434 0.0860901 0.14386
v -0.112404 0.0818787 0.134216
v -0.128071 0.0905151 0.145996
v -0.124992 0.0913696 0.145599
v -0.102383 0.083252 0.151642
v -0.105999 0.0856018 0.155609
v -0.139847 0.0891113 0.14679
v -0.084549 0.0849609 0.156311
v -0.0841026 0.081665 0.155487
v -0.0825768 0.0963745 0.179504
v -0.105618 0.0819702 0.13623
v -0.106365 0.0812988 0.13504
v -0.096035 0.0839844 0.142426
v -0.0823593 0.0935364 0.179108
v -0.125137 0.0895081 0.185638
v -0.144936 0.096405 0.184998
v -0.142574 0.0959167 0.185791
v -0.145023 0.0937195 0.182983
v -0.142025 0.0918274 0.184937
v -0.144558 0.0925903 0.181854
v -0.143536 0.0890198 0.181244
v -0.143631 0.0898132 0.180023
v -0.0822716 0.0926514 0.18042
v -0.141727 0.0875244 0.184784
v -0.139668 0.0893555 0.187073
v -0.136433 0.0906982 0.147949
v -0.0966301 0.0939636 0.18634
v -0.120434 0.0959778 0.1427
v -0.11895 0.0913086 0.132935
v -0.137939 0.09729 0.150665
v -0.133816 0.0912781 0.147583
v -0.134987 0.0907593 0.147034
v -0.138515 0.0907898 0.147827
v -0.0809402 0.0917664 0.174286
v -0.133453 0.0975037 0.144867
v -0.135914 0.0934753 0.141998
v -0.143211 0.0983887 0.15033
v -0.140617 0.0849609 0.144104
v -0.146763 0.0882568 0.148956
v -0.143742 0.0865173 0.147888
v -0.133564 0.0904846 0.14856
v -0.135551 0.0853882 0.149353
v -0.132133 0.085022 0.147186
v -0.126854 0.0929871 0.134186
v -0.144592 0.0895691 0.150818
v -0.137558 0.0968628 0.143524
v -0.104256 0.0950623 0.155548
v -0.137329 0.0857849 0.149597
v -0.136635 0.0847168 0.149384
v -0.118324 0.0925903 0.141724
v -0.108341 0.0852966 0.137421
v -0.122303 0.0921326 0.133484
v -0.0989189 0.0892944 0.140594
v -0.0933456 0.0896301 0.143463
v -0.0939598 0.0906677 0.142883
v -0.0846672 0.0948486 0.162109
v -0.0823059 0.0941162 0.17215
v -0.0906067 0.0900574 0.144867
v -0.111076 0.0845642 0.135376
v -0.138172 0.0924988 0.144073
v -0.0910454 0.0888977 0.148407
v -0.0929298 0.0895081 0.147858
v -0.115749 0.0889282 0.144714
v -0.117619 0.089325 0.145203
v -0.11631 0.09021 0.146057
v -0.117199 0.0875244 0.146973
v -0.116016 0.0880737 0.147034
v -0.0942879 0.0888672 0.146667
v -0.138538 0.0858765 0.152039
v -0.145222 0.0999451 0.153931
v -0.140598 0.0869141 0.152863
v -0.119972 0.0906067 0.135071
v -0.139721 0.0921021 0.14624
v -0.119389 0.0926514 0.143341
v -0.118526 0.0905457 0.14502
v -0.11834 0.090271 0.14151
v -0.119129 0.0925293 0.144714
v -0.0914116 0.0810547 0.145111
v -0.0935516 0.0792542 0.144531
v -0.138763 0.0845032 0.146484
v -0.138893 0.0838623 0.149506
v -0.13995 0.0845032 0.147949
v -0.12064 0.0859375 0.137421
v -0.11755 0.0861511 0.137634
v -0.115341 0.0847473 0.137604
v -0.12109 0.0944519 0.143982
v -0.122784 0.0895996 0.135437
v -0.117973 0.0879822 0.142365
v -0.0974388 0.0892029 0.141266
v -0.0978966 0.088562 0.144073
v -0.116329 0.0889282 0.142365
v -0.100094 0.0903015 0.137268
v -0.082756 0.0895691 0.173492
v -0.0831871 0.0901794 0.171204
v -0.08535 0.0886536 0.155945
v -0.0862961 0.0891724 0.15329
v -0.121807 0.0882568 0.145599
v -0.0997162 0.0837708 0.139954
v -0.10236 0.0853271 0.140137
v -0.0994225 0.0841675 0.141235
v -0.100071 0.0861206 0.142181
v -0.0978317 0.0817261 0.139618
v -0.0839043 0.0905457 0.180084
v -0.110279 0.0883179 0.13504
v -0.142857 0.0867615 0.153229
v -0.113937 0.0874939 0.143066
v -0.109795 0.0881042 0.143799
v -0.0842285 0.0947571 0.166779
v -0.11124 0.0861816 0.143829
v -0.11375 0.0869141 0.144409
v -0.10899 0.0863953 0.139496
v -0.10252 0.0864258 0.14212
v -0.100071 0.0799866 0.140137
v -0.10107 0.0807495 0.137909
v -0.103321 0.0799866 0.139984
v -0.104954 0.0806885 0.139191
v -0.14481 0.0977783 0.1492
v -0.118679 0.0892944 0.134491
v -0.109715 0.0820923 0.144043
v -0.110752 0.0857544 0.136932
v -0.104115 0.087738 0.140594
v -0.1273 0.0917358 0.137085
v -0.103096 0.0991211 0.157776
v -0.10297 0.0995178 0.160278
v -0.10376 0.0814209 0.148499
v -0.100883 0.0811462 0.150543
v -0.108711 0.0818176 0.134155
v -0.107189 0.0838623 0.135223
v -0.104893 0.0828552 0.146881
v -0.108047 0.081543 0.144379
v -0.102348 0.0801697 0.151337
v -0.105183 0.0787964 0.153229
v -0.0807419 0.0913391 0.167969
v -0.101868 0.0799561 0.149963
v -0.124962 0.0879517 0.141479
v -0.0848541 0.0787964 0.154633
v -0.0857239 0.0934448 0.187622
v -0.0846367 0.0916138 0.183716
v -0.106617 0.0805664 0.145935
v -0.144413 0.0880737 0.146423
v -0.0851784 0.09021 0.184143
v -0.124855 0.0852356 0.137329
v -0.119102 0.0861206 0.146332
v -0.124847 0.0857849 0.145233
v -0.113663 0.0854797 0.13678
v -0.128918 0.0851746 0.137024
v -0.13327 0.085144 0.13858
v -0.0964699 0.0879822 0.145569
v -0.135704 0.0918884 0.14978
v -0.104885 0.0812988 0.136566
v -0.140392 0.0827942 0.153564
v -0.145836 0.0810852 0.151703
v -0.143795 0.0834656 0.156738
v -0.0812073 0.0913696 0.161835
v -0.113449 0.0814514 0.136566
v -0.116196 0.0835571 0.135864
v -0.140434 0.0817261 0.150146
v -0.137367 0.0828857 0.149017
v -0.136715 0.0813293 0.148132
v -0.0907898 0.0861206 0.15033
v -0.126904 0.0834656 0.136444
v -0.121758 0.0834961 0.135956
v -0.126747 0.0804138 0.1474
v -0.0826607 0.0819397 0.17099
v -0.0812645 0.0840454 0.1716
v -0.0808258 0.0817261 0.172211
v -0.0814819 0.0833435 0.167603
v -0.0818253 0.0855408 0.165253
v -0.0811005 0.0856628 0.16806
v -0.130032 0.0839233 0.13974
v -0.128227 0.0820923 0.140015
v -0.126667 0.0793457 0.1427
v -0.0917587 0.0982361 0.191101
v -0.0905457 0.0988159 0.187958
v -0.0923882 0.0988159 0.188538
v -0.129814 0.0819092 0.141998
v -0.11821 0.0831909 0.135498
v -0.118645 0.0815735 0.136414
v -0.123051 0.0855103 0.145721
v -0.0817986 0.0872498 0.177155
v -0.0825806 0.0868225 0.174744
v -0.0824814 0.0874329 0.172913
v -0.0818024 0.0827026 0.180389
v -0.0833778 0.0887451 0.181458
v -0.0840683 0.0878601 0.184875
v -0.09095 0.0974426 0.191193
v -0.109261 0.0809631 0.135803
v -0.129993 0.0836792 0.137207
v -0.131943 0.0830688 0.140717
v -0.134636 0.084137 0.138977
v -0.0956154 0.0949402 0.187073
v -0.0878792 0.0958862 0.190796
v -0.0898361 0.0957336 0.193756
v -0.0826683 0.090271 0.15976
v -0.0857353 0.089386 0.181213
v -0.0839119 0.0893555 0.183258
v -0.113731 0.0882568 0.134644
v -0.0891953 0.0970764 0.188751
v -0.0818787 0.0803833 0.177185
v -0.0810318 0.0825195 0.176788
v -0.120605 0.0838928 0.148834
v -0.118477 0.0836182 0.149017
v -0.100296 0.0959167 0.201752
v -0.102928 0.0970459 0.20459
v -0.104168 0.0966187 0.203461
v -0.0946198 0.0966492 0.198303
v -0.0934563 0.0956116 0.197784
v -0.0929337 0.09729 0.197998
v -0.082016 0.0863037 0.16861
v -0.130226 0.0889587 0.143738
v -0.104248 0.0979919 0.204773
v -0.104259 0.0993042 0.204651
v -0.107063 0.0992126 0.206238
v -0.086338 0.092865 0.188873
v -0.0896492 0.0945435 0.194153
v -0.0871468 0.0909119 0.188324
v -0.0911369 0.0923767 0.193726
v -0.0883675 0.0968933 0.190033
v -0.0946045 0.0987549 0.193726
v -0.106659 0.0967102 0.204834
v -0.124096 0.0816345 0.137146
v -0.0836258 0.0889282 0.17804
v -0.0831833 0.081665 0.182892
v -0.0844383 0.0866089 0.162872
v -0.0837364 0.0872192 0.167847
v -0.0831413 0.0857544 0.16333
v -0.0857925 0.0865173 0.160248
v -0.107403 0.0994873 0.202332
v -0.0809517 0.0844727 0.173615
v -0.0817566 0.0852051 0.177094
v -0.0815315 0.0835876 0.175659
v -0.0947647 0.0976562 0.196655
v -0.126842 0.0866699 0.140045
v -0.134735 0.0858459 0.140778
v -0.0964966 0.0948181 0.188477
v -0.0851135 0.0867615 0.158264
v -0.0839005 0.088501 0.161438
v -0.0827446 0.0828247 0.158112
v -0.0816231 0.0831604 0.160645
v -0.0829964 0.0794067 0.160248
v -0.126064 0.0817261 0.138214
v -0.142017 0.0835876 0.149414
v -0.14394 0.0856628 0.151245
v -0.144859 0.0856323 0.149689
v -0.0960464 0.100555 0.197174
v -0.0859108 0.0855713 0.158142
v -0.141445 0.0831909 0.151093
v -0.107586 0.0958252 0.205536
v -0.136814 0.0837402 0.151184
v -0.140575 0.0837402 0.152344
v -0.106873 0.100037 0.204224
v -0.132721 0.0813599 0.14389
v -0.13485 0.0809021 0.146729
v -0.133183 0.0806885 0.145844
v -0.129299 0.0794067 0.143066
v -0.130405 0.0798645 0.14444
v -0.111897 0.0811157 0.136017
v -0.120472 0.0967102 0.195007
v -0.121689 0.0978088 0.199036
v -0.107002 0.0800476 0.136078
v -0.112053 0.0837708 0.144714
v -0.0964203 0.0985413 0.199585
v -0.0987091 0.100037 0.199554
v -0.100704 0.0991516 0.203125
v -0.0858955 0.0902405 0.188934
v -0.110096 0.0969238 0.205444
v -0.121819 0.0810242 0.136353
v -0.123833 0.0961914 0.196838
v -0.126656 0.0975647 0.199432
v -0.0838051 0.0819092 0.186005
v -0.0845757 0.0802307 0.185608
v -0.117157 0.0958252 0.191345
v -0.115547 0.0985107 0.195892
v -0.127228 0.0950623 0.197083
v -0.139717 0.0961609 0.194427
v -0.138439 0.0959473 0.195923
v -0.138641 0.0980225 0.195862
v -0.0995636 0.0969238 0.202209
v -0.098011 0.0963135 0.201996
v -0.100563 0.0968933 0.193542
v -0.101524 0.099884 0.194
v -0.118816 0.0852966 0.146423
v -0.122154 0.0834656 0.147369
v -0.0824623 0.0866394 0.179871
v -0.147179 0.0803528 0.149384
v -0.0995865 0.0947266 0.201782
v -0.121555 0.0996399 0.208557
v -0.123573 0.0971375 0.20636
v -0.11858 0.0965881 0.206818
v -0.121075 0.0976257 0.206909
v -0.120113 0.0971375 0.208099
v -0.134888 0.0957947 0.192993
v -0.136833 0.0949097 0.19162
v -0.13512 0.0979614 0.195312
v -0.137348 0.0959167 0.199768
v -0.137775 0.0954285 0.201294
v -0.083374 0.0856323 0.160034
v -0.142323 0.0848694 0.146179
v -0.131813 0.0803223 0.148621
v -0.0912895 0.0878601 0.196289
v -0.0946236 0.0903931 0.199615
v -0.0944672 0.0881958 0.199097
v -0.128632 0.0903015 0.204407
v -0.127525 0.094696 0.207336
v -0.130344 0.0933838 0.206085
v -0.137508 0.0973511 0.197449
v -0.110683 0.0925598 0.206268
v -0.109276 0.0924988 0.207916
v -0.109287 0.0939331 0.207062
v -0.0998421 0.0965881 0.192444
v -0.0814438 0.0882874 0.179626
v -0.0828667 0.088501 0.178284
v -0.0843353 0.0906982 0.185974
v -0.0830002 0.089386 0.184174
v -0.0867157 0.085083 0.191376
v -0.0884819 0.086731 0.192352
v -0.0892334 0.0854492 0.19458
v -0.142765 0.0953979 0.194733
v -0.141994 0.0950623 0.198181
v -0.107193 0.0913391 0.206665
v -0.103664 0.0900879 0.205322
v -0.10326 0.0936279 0.204865
v -0.0930672 0.0917664 0.198242
v -0.0967789 0.0933533 0.199341
v -0.0994949 0.0919189 0.202759
v -0.12299 0.078064 0.139465
v -0.121014 0.0830383 0.150665
v -0.120094 0.0797729 0.150848
v -0.113651 0.0797119 0.147064
v -0.111343 0.100006 0.204193
v -0.108364 0.0987549 0.20517
v -0.125175 0.0910645 0.204193
v -0.125969 0.092926 0.20636
v -0.111263 0.0789795 0.144897
v -0.132278 0.0934448 0.204834
v -0.133392 0.0924988 0.205139
v -0.131134 0.0900574 0.203552
v -0.132782 0.0897522 0.203339
v -0.134712 0.0917664 0.203491
v -0.134174 0.0901184 0.201355
v -0.0992508 0.0896606 0.202759
v -0.0910034 0.09729 0.194824
v -0.084671 0.088501 0.186646
v -0.102333 0.0952148 0.203278
v -0.138443 0.098053 0.193329
v -0.0872307 0.0906067 0.186493
v -0.116142 0.0959473 0.20932
v -0.118797 0.0949097 0.208832
v -0.111328 0.0931702 0.208771
v -0.0971603 0.0914001 0.187805
v -0.0990715 0.0943909 0.189178
v -0.0920601 0.0925293 0.195923
v -0.110794 0.0896301 0.209167
v -0.112423 0.0907288 0.208862
v -0.115551 0.0989685 0.193817
v -0.114761 0.0988159 0.193756
v -0.117149 0.0971069 0.191284
v -0.113148 0.0968323 0.191132
v -0.0991516 0.100433 0.198578
v -0.131657 0.0842896 0.148376
v -0.135494 0.0806885 0.150665
v -0.137558 0.0831909 0.146912
v -0.0883064 0.0895996 0.192749
v -0.113018 0.0952759 0.20871
v -0.1134 0.0936279 0.206787
v -0.112888 0.0958557 0.206299
v -0.123928 0.0801697 0.149475
v -0.130363 0.0967102 0.2034
v -0.131405 0.0961609 0.205231
v -0.128517 0.0967712 0.205963
v -0.0828552 0.08078 0.166016
v -0.121208 0.0959167 0.192535
v -0.120811 0.0964661 0.191956
v -0.122658 0.0923767 0.190155
v -0.128117 0.0982666 0.199371
v -0.103146 0.0957642 0.19339
v -0.0811043 0.083252 0.163422
v -0.0948372 0.098938 0.196533
v -0.0819969 0.0821533 0.164429
v -0.135738 0.0903625 0.20105
v -0.136509 0.0923462 0.203827
v -0.139885 0.0941772 0.201447
v -0.109711 0.0988159 0.205658
v -0.112228 0.0997314 0.20755
v -0.119846 0.0897217 0.17157
v -0.121265 0.085083 0.1698
v -0.130123 0.0957642 0.20752
v -0.127235 0.0956116 0.207001
v -0.0839233 0.0853882 0.184021
v -0.0834732 0.0849609 0.185089
v -0.11351 0.0982361 0.207092
v -0.123215 0.0939026 0.193726
v -0.0827713 0.0887146 0.172546
v -0.083046 0.0890503 0.167969
v -0.144299 0.0874939 0.156036
v -0.0960274 0.0878906 0.200897
v -0.0985718 0.088501 0.202118
v -0.0990562 0.0867615 0.203308
v -0.0907402 0.0940857 0.195312
v -0.104244 0.0971069 0.19635
v -0.144379 0.0857849 0.158661
v -0.142258 0.0970459 0.19458
v -0.14603 0.0865479 0.152191
v -0.111736 0.0960999 0.197937
v -0.123005 0.0888367 0.17627
v -0.117069 0.0922546 0.207794
v -0.114021 0.0901489 0.207825
v -0.113148 0.0918884 0.207245
v -0.135227 0.0933533 0.204163
v -0.125332 0.0845947 0.177338
v -0.131126 0.0973511 0.2005
v -0.132599 0.0996399 0.202667
v -0.133183 0.0976562 0.199585
v -0.125229 0.0879211 0.180878
v -0.115326 0.0966797 0.206635
v -0.12714 0.0859985 0.183655
v -0.106293 0.0963135 0.19574
v -0.141933 0.0968933 0.191833
v -0.143188 0.0960999 0.191071
v -0.118538 0.0987854 0.207245
v -0.108337 0.0922852 0.207733
v -0.139984 0.085907 0.187195
v -0.142738 0.0849915 0.185028
v -0.114342 0.0787964 0.157196
v -0.123226 0.0806885 0.166199
v -0.094738 0.0822449 0.199402
v -0.0996742 0.0847778 0.20282
v -0.0977249 0.083313 0.201416
v -0.143269 0.0953979 0.192566
v -0.0887184 0.0886536 0.193329
v -0.14278 0.0821838 0.157227
v -0.145138 0.0851746 0.158661
v -0.100948 0.0933228 0.202209
v -0.126125 0.0908203 0.193237
v -0.102955 0.0884705 0.205231
v -0.10321 0.0861206 0.205872
v -0.100117 0.0851135 0.204041
v -0.0813255 0.0801697 0.171539
v -0.101704 0.0888367 0.203613
v -0.123608 0.0953979 0.208038
v -0.142647 0.0991821 0.19516
v -0.14249 0.0982971 0.192383
v -0.102898 0.0905457 0.203705
v -0.104725 0.0957336 0.194031
v -0.123646 0.0901184 0.189392
v -0.134575 0.0959778 0.203003
v -0.133301 0.0965576 0.200165
v -0.0933533 0.0969543 0.194916
v -0.133324 0.0975037 0.19632
v -0.124264 0.0897522 0.191559
v -0.123318 0.089386 0.190887
v -0.130878 0.0956726 0.203796
v -0.132465 0.0977173 0.193176
v -0.102631 0.0925598 0.204803
v -0.0827446 0.0903015 0.164124
v -0.0812759 0.0791016 0.173157
v -0.104649 0.0848389 0.2052
v -0.105618 0.0877686 0.206604
v -0.133324 0.0950012 0.204498
v -0.106953 0.0870361 0.205902
v -0.144699 0.0813293 0.162201
v -0.14291 0.0794983 0.158997
v -0.137203 0.0778503 0.152985
v -0.128098 0.0896301 0.193329
v -0.14006 0.0769958 0.156036
v -0.127686 0.0786438 0.166656
v -0.125778 0.081604 0.171783
v -0.105156 0.0939026 0.204865
v -0.132252 0.0952759 0.194397
v -0.133217 0.0939636 0.192932
v -0.126453 0.0831604 0.179077
v -0.131905 0.091217 0.192627
v -0.139236 0.0928955 0.188538
v -0.140587 0.096283 0.189392
v -0.127987 0.0821838 0.181091
v -0.128574 0.0863342 0.186707
v -0.130508 0.0822449 0.187042
v -0.145435 0.0823669 0.182343
v -0.128811 0.0794067 0.176422
v -0.0863686 0.0825806 0.19046
v -0.144588 0.0960083 0.189484
v -0.137897 0.0969849 0.199036
v -0.135349 0.0978699 0.199585
v -0.095211 0.0818481 0.201233
v -0.124916 0.0965271 0.207214
v -0.12542 0.0974731 0.205658
v -0.0900688 0.0968628 0.193207
v -0.119617 0.092041 0.20752
v -0.116608 0.0938721 0.209137
v -0.0837669 0.0880127 0.172394
v -0.0964661 0.0849304 0.201904
v -0.0946198 0.0859375 0.199463
v -0.0850601 0.0858459 0.186707
v -0.122757 0.0930786 0.208191
v -0.0965157 0.0916138 0.186676
v -0.109985 0.0971069 0.197235
v -0.0921745 0.0848083 0.198425
v -0.0907211 0.0869141 0.196472
v -0.0937347 0.0856628 0.199615
v -0.13036 0.0980835 0.20282
v -0.107067 0.0856323 0.20694
v -0.0819359 0.0844727 0.169617
v -0.122292 0.0903931 0.206451
v -0.110687 0.0864258 0.207214
v -0.111668 0.0974121 0.194183
v -0.119976 0.0906677 0.206024
v -0.130249 0.0941162 0.195831
v -0.116505 0.0900879 0.207275
v -0.110085 0.0947571 0.20639
v -0.100613 0.0907288 0.20224
v -0.0913162 0.0976257 0.196045
v -0.117207 0.100128 0.20874
v -0.101196 0.0841675 0.204132
v -0.141148 0.094635 0.19986
v -0.115257 0.0964661 0.208344
v -0.103722 0.0830078 0.205475
v -0.107964 0.0834351 0.207123
v -0.104141 0.0818787 0.207214
v -0.144096 0.0975952 0.185974
v -0.140656 0.0971375 0.190979
v -0.14217 0.0944214 0.199066
v -0.139923 0.0866394 0.202362
v -0.137547 0.0881653 0.202057
v -0.139637 0.0882874 0.200592
v -0.0890656 0.0839539 0.19516
v -0.0880394 0.0810852 0.1922
v -0.0883064 0.0796814 0.194916
v -0.09161 0.0816956 0.196289
v -0.0925293 0.080719 0.198944
v -0.0991364 0.0820007 0.202972
v -0.127983 0.098877 0.204254
v -0.0848694 0.0821228 0.187561
v -0.0909576 0.0838928 0.196228
v -0.145897 0.0987549 0.190491
v -0.0849991 0.0845337 0.188171
v -0.108315 0.0843201 0.206177
v -0.142727 0.0964661 0.186829
v -0.104641 0.0889893 0.205078
v -0.108719 0.0856018 0.208282
v -0.0866051 0.0805054 0.188782
v -0.117123 0.0857239 0.20517
v -0.119682 0.0882263 0.209534
v -0.12085 0.0885315 0.209198
v -0.121204 0.0851135 0.205627
v -0.140408 0.0896301 0.199219
v -0.137486 0.0895386 0.202026
v -0.146442 0.0860596 0.195831
v -0.142384 0.0861511 0.200531
v -0.142746 0.0870972 0.199646
v -0.128544 0.0969849 0.201355
v -0.117393 0.0884399 0.209747
v -0.117546 0.0868835 0.20813
v -0.122566 0.0856018 0.205322
v -0.139809 0.0905457 0.196106
v -0.136562 0.0904541 0.19873
v -0.124458 0.0857849 0.206543
v -0.123459 0.0890808 0.209625
v -0.141541 0.0895386 0.194855
v -0.143066 0.0919495 0.196045
v -0.144192 0.0909424 0.193787
v -0.115467 0.090332 0.210846
v -0.11879 0.0903625 0.209747
v -0.12648 0.0874634 0.207611
v -0.119583 0.0845032 0.205231
v -0.140507 0.0928955 0.198761
v -0.143475 0.0895996 0.192719
v -0.119625 0.0896912 0.208069
v -0.125408 0.0839233 0.206787
v -0.127247 0.085022 0.206024
v -0.128021 0.0838318 0.20459
v -0.12743 0.0830994 0.207672
v -0.100178 0.0799255 0.205383
v -0.0948868 0.0802612 0.201385
v -0.109436 0.088562 0.20752
v -0.116051 0.0898132 0.208618
v -0.112572 0.0844421 0.206848
v -0.0936241 0.0758667 0.14505
v -0.0951233 0.0753479 0.143188
v -0.0945015 0.0769653 0.14566
v -0.142609 0.0934448 0.19928
v -0.124115 0.0899658 0.208344
v -0.141991 0.0827332 0.196533
v -0.142326 0.0817871 0.199585
v -0.140011 0.0825195 0.198242
v -0.143406 0.081665 0.195404
v -0.111412 0.087677 0.208405
v -0.109158 0.0903015 0.208588
v -0.100117 0.0813599 0.204834
v -0.130852 0.0884705 0.205933
v -0.130291 0.0878296 0.207611
v -0.130463 0.0896912 0.207306
v -0.105042 0.0733643 0.139221
v -0.102493 0.0713196 0.141266
v -0.103966 0.0721741 0.139374
v -0.130619 0.0830994 0.208374
v -0.133049 0.0829468 0.206116
v -0.133842 0.0812683 0.207275
v -0.129208 0.088623 0.208893
v -0.106972 0.0778503 0.139313
v -0.108467 0.0763245 0.136353
v -0.109154 0.077301 0.138367
v -0.114407 0.0852356 0.206696
v -0.11356 0.0878906 0.209076
v -0.101215 0.0744324 0.139526
v -0.102875 0.0735474 0.140778
v -0.137341 0.0859985 0.203918
v -0.13596 0.0875854 0.204926
v -0.111839 0.0842285 0.20813
v -0.0998688 0.0723267 0.141418
v -0.109623 0.075592 0.134979
v -0.140427 0.0887451 0.19809
v -0.142231 0.0883179 0.196686
v -0.115112 0.0743408 0.13736
v -0.117527 0.0754089 0.136353
v -0.115322 0.0757751 0.136169
v -0.139706 0.0854187 0.20163
v -0.106689 0.0737305 0.137329
v -0.108074 0.0747375 0.134949
v -0.109425 0.0737305 0.1362
v -0.1394 0.0823669 0.200684
v -0.139015 0.0809326 0.202484
v -0.135296 0.0814819 0.203857
v -0.143581 0.0889282 0.197479
v -0.144047 0.0883789 0.199585
v -0.133183 0.0872192 0.205963
v -0.12656 0.0767212 0.148834
v -0.106949 0.0757751 0.135681
v -0.0983734 0.0692139 0.142914
v -0.0987206 0.0724182 0.14267
v -0.0920372 0.0771179 0.143127
v -0.0929298 0.0777283 0.144958
v -0.0907631 0.078186 0.146454
v -0.144081 0.0797424 0.146545
v -0.139973 0.0796814 0.14505
v -0.141293 0.0780945 0.143951
v -0.143719 0.0875854 0.197479
v -0.113365 0.0768738 0.149536
v -0.120312 0.0773621 0.154846
v -0.14521 0.0941467 0.195374
v -0.118782 0.0836182 0.208527
v -0.11557 0.0821228 0.210327
v -0.115471 0.0836487 0.209015
v -0.134724 0.0777588 0.149719
v -0.128063 0.0775452 0.148041
v -0.1446 0.0815735 0.197906
v -0.134476 0.0879822 0.204285
v -0.0986748 0.0780029 0.14151
v -0.101448 0.0773621 0.140442
v -0.101967 0.0783691 0.142151
v -0.101604 0.0765991 0.150208
v -0.103878 0.0752258 0.149048
v -0.101841 0.0750732 0.151123
v -0.134426 0.0833435 0.200745
v -0.0867119 0.0776978 0.147949
v -0.0877686 0.0784302 0.149841
v -0.0862083 0.076416 0.149048
v -0.0872154 0.0755615 0.150604
v -0.132271 0.0794678 0.144501
v -0.110817 0.0825806 0.209076
v -0.109253 0.075592 0.149994
v -0.126282 0.0749512 0.153534
v -0.108059 0.0717773 0.137451
v -0.0874443 0.0737915 0.149719
v -0.141369 0.0883179 0.201569
v -0.127823 0.0899963 0.206543
v -0.107384 0.076355 0.139099
v -0.104744 0.0760193 0.139526
v -0.102047 0.0753479 0.139343
v -0.135719 0.0878296 0.189697
v -0.103115 0.0738525 0.150299
v -0.103081 0.0770874 0.138947
v -0.105534 0.0779724 0.140106
v -0.123489 0.0729065 0.137634
v -0.120949 0.0705566 0.139648
v -0.125561 0.0713501 0.141235
v -0.126896 0.0744019 0.13855
v -0.106991 0.0752563 0.148529
v -0.106884 0.0767822 0.147583
v -0.109612 0.0747681 0.146179
v -0.115219 0.0842896 0.206146
v -0.101295 0.0809021 0.205688
v -0.117462 0.0844421 0.206299
v -0.11274 0.0758362 0.136536
v -0.111324 0.0737305 0.136353
v -0.113358 0.0733643 0.136353
v -0.121189 0.0739746 0.137207
v -0.117561 0.0733948 0.136963
v -0.117382 0.0725098 0.136383
v -0.135788 0.0783691 0.141235
v -0.135063 0.0767517 0.139679
v -0.13744 0.0765686 0.142151
v -0.13271 0.089386 0.20459
v -0.0828247 0.0776367 0.159698
v -0.0823669 0.0795288 0.16272
v -0.101669 0.0764465 0.140228
v -0.113007 0.0810547 0.209961
v -0.107555 0.0795593 0.137604
v -0.107544 0.0784912 0.139404
v -0.127483 0.0893555 0.208221
v -0.125832 0.0784302 0.140717
v -0.138203 0.0783386 0.141907
v -0.11396 0.0799561 0.20813
v -0.11734 0.0809937 0.210144
v -0.0889854 0.0742493 0.146149
v -0.107731 0.0751343 0.137329
v -0.130405 0.0835571 0.203522
v -0.131065 0.0831299 0.20517
v -0.131351 0.0718079 0.142181
v -0.141342 0.0726013 0.145905
v -0.131954 0.0725403 0.143982
v -0.13319 0.078949 0.142883
v -0.127354 0.0750122 0.148132
v -0.1292 0.0874939 0.190674
v -0.136623 0.0737915 0.14801
v -0.128277 0.0862122 0.188782
v -0.125416 0.0837708 0.209503
v -0.123604 0.0830688 0.210297
v -0.122929 0.0839844 0.207306
v -0.144184 0.0884399 0.193604
v -0.135765 0.0826111 0.203491
v -0.0834427 0.0741882 0.156342
v -0.0840988 0.072052 0.157654
v -0.0849991 0.0706177 0.155365
v -0.129471 0.0751648 0.138458
v -0.132797 0.0748596 0.14151
v -0.132492 0.0766296 0.13974
v -0.105541 0.0775452 0.139496
v -0.136196 0.0829468 0.200073
v -0.0820007 0.0790405 0.179718
v -0.0808372 0.0778198 0.175232
v -0.0815849 0.0781555 0.175629
v -0.0836639 0.078064 0.155884
v -0.129433 0.0736084 0.140717
v -0.135422 0.0744019 0.14505
v -0.127686 0.0713501 0.140686
v -0.12793 0.072052 0.1427
v -0.135983 0.089386 0.203461
v -0.0910683 0.07547 0.142792
v -0.092247 0.0740967 0.14505
v -0.118073 0.0762939 0.136871
v -0.121208 0.0786133 0.139038
v -0.084938 0.0757751 0.154266
v -0.120731 0.0761108 0.136292
v -0.123951 0.0767517 0.136993
v -0.125706 0.0762024 0.136902
v -0.0814514 0.0743713 0.167999
v -0.0811119 0.0734558 0.166718
v -0.0817871 0.0747681 0.164825
v -0.126816 0.0770264 0.138031
v -0.13377 0.0821228 0.204803
v -0.108147 0.070282 0.139709
v -0.103355 0.0702515 0.140167
v -0.107037 0.0693359 0.138458
v -0.145325 0.0874939 0.19455
v -0.0834808 0.0696411 0.158783
v -0.0884018 0.0726624 0.150726
v -0.0903473 0.0716858 0.14798
v -0.0831604 0.0722656 0.159637
v -0.144432 0.0777283 0.148438
v -0.143044 0.0731201 0.147003
v -0.140877 0.0716553 0.144592
v -0.141735 0.0774231 0.145721
v -0.0842743 0.0735779 0.154419
v -0.08535 0.0740356 0.15451
v -0.0987282 0.0655823 0.143188
v -0.0931587 0.0671387 0.146759
v -0.0950089 0.0622864 0.147308
v -0.0858955 0.0787048 0.153564
v -0.0931168 0.0624084 0.148346
v -0.120125 0.0826111 0.210419
v -0.0873108 0.0693054 0.152405
v -0.0871468 0.0654907 0.154053
v -0.0881157 0.065979 0.153809
v -0.132786 0.0815735 0.206177
v -0.0834503 0.0750122 0.160889
v -0.0848198 0.0684509 0.156982
v -0.0821114 0.0738525 0.182892
v -0.0838165 0.0737305 0.187103
v -0.0822411 0.0723267 0.184509
v -0.0890427 0.070282 0.150452
v -0.147045 0.0721741 0.149078
v -0.132656 0.0843201 0.189331
v -0.140732 0.0815125 0.188782
v -0.101967 0.0690613 0.140686
v -0.138344 0.0827332 0.189087
v -0.141514 0.0802612 0.189484
v -0.139259 0.0762939 0.147369
v -0.083313 0.0793152 0.185089
v -0.0830956 0.0762329 0.183838
v -0.0818062 0.0774231 0.181793
v -0.106968 0.0678406 0.138062
v -0.105103 0.0675354 0.139618
v -0.107845 0.0669556 0.139618
v -0.0839882 0.0735779 0.182312
v -0.130096 0.0703125 0.139282
v -0.122997 0.0839539 0.204559
v -0.137501 0.0710449 0.154419
v -0.133018 0.071106 0.151001
v -0.142773 0.0768738 0.146637
v -0.0893974 0.0643921 0.15152
v -0.0812302 0.0723572 0.169708
v -0.0817451 0.070343 0.16861
v -0.0820618 0.0715332 0.164978
v -0.114914 0.0719604 0.136902
v -0.083065 0.0760193 0.157104
v -0.0818977 0.07724 0.162659
v -0.146069 0.0848694 0.196533
v -0.142712 0.0843811 0.198669
v -0.0808525 0.075531 0.175934
v -0.0817451 0.073761 0.179932
v -0.0807495 0.072113 0.174042
v -0.0843887 0.0748291 0.157928
v -0.108006 0.0716248 0.139313
v -0.103638 0.0682983 0.141327
v -0.140385 0.0846558 0.201477
v -0.110813 0.0767212 0.146454
v -0.0855179 0.0740051 0.184906
v -0.105438 0.0660706 0.141205
v -0.130547 0.081665 0.209015
v -0.131382 0.0776978 0.139618
v -0.0808182 0.0760498 0.169739
v -0.121826 0.0829163 0.211182
v -0.119972 0.0812378 0.209778
v -0.093647 0.0724182 0.14621
v -0.145008 0.0803223 0.200226
v -0.0987434 0.0675049 0.144775
v -0.135487 0.08078 0.189606
v -0.139812 0.0783691 0.190033
v -0.143497 0.0662537 0.147888
v -0.139252 0.065918 0.144653
v -0.142288 0.0646362 0.145233
v -0.0888824 0.0799866 0.148132
v -0.0897064 0.0802002 0.145874
v -0.109482 0.0696716 0.137329
v -0.107628 0.0696106 0.137482
v -0.10968 0.0691833 0.138855
v -0.132103 0.0685425 0.150726
v -0.13068 0.0662231 0.151184
v -0.130188 0.0703735 0.151031
v -0.129837 0.0686035 0.152649
v -0.111736 0.0705872 0.137421
v -0.132038 0.0658264 0.154388
v -0.111897 0.067688 0.137878
v -0.0931015 0.0708008 0.146454
v -0.124901 0.0683899 0.138184
v -0.127823 0.0691223 0.138306
v -0.126087 0.070282 0.138763
v -0.113651 0.0690308 0.1362
v -0.117172 0.0704041 0.13739
v -0.100716 0.0655212 0.141693
v -0.101006 0.0670166 0.143127
v -0.142933 0.0793152 0.200806
v -0.144924 0.0698242 0.149231
v -0.143406 0.066803 0.150421
v -0.143188 0.0673828 0.151306
v -0.0998535 0.0613098 0.143066
v -0.13736 0.0690918 0.142029
v -0.13493 0.0717468 0.141632
v -0.0869446 0.063385 0.154541
v -0.116749 0.0691528 0.13623
v -0.113884 0.0658875 0.138947
v -0.117832 0.0680542 0.137512
v -0.121162 0.0722656 0.136688
v -0.111607 0.0758057 0.137146
v -0.109993 0.0758667 0.137482
v -0.130245 0.0751953 0.14917
v -0.128044 0.0838013 0.208618
v -0.136131 0.08078 0.205811
v -0.110111 0.0661926 0.138733
v -0.0815735 0.0782471 0.165649
v -0.140713 0.0667114 0.14682
v -0.128727 0.0740662 0.149933
v -0.0971413 0.0728149 0.144287
v -0.13435 0.0754089 0.150848
v -0.0976067 0.0739441 0.142059
v -0.138279 0.073822 0.149353
v -0.140995 0.0765076 0.148743
v -0.142159 0.0751648 0.154694
v -0.130367 0.0640259 0.139679
v -0.130131 0.0652161 0.140869
v -0.123596 0.0646362 0.138763
v -0.0810928 0.0721741 0.179565
v -0.130905 0.0660095 0.142761
v -0.125751 0.0652466 0.140594
v -0.0957642 0.0700378 0.144653
v -0.143642 0.0661316 0.149536
v -0.114372 0.0786133 0.139771
v -0.0834999 0.0792847 0.182831
v -0.133652 0.068512 0.14032
v -0.133278 0.0799255 0.207092
v -0.0849457 0.077301 0.189209
v -0.125729 0.0819702 0.209961
v -0.138187 0.0635681 0.143127
v -0.140976 0.0646362 0.145416
v -0.103359 0.0654602 0.142822
v -0.0834198 0.0724487 0.186554
v -0.144997 0.0672913 0.153168
v -0.102474 0.0652771 0.140137
v -0.134464 0.0654907 0.14151
v -0.111538 0.0639648 0.137756
v -0.109318 0.0639343 0.137482
v -0.0826721 0.073822 0.181702
v -0.0986633 0.0756531 0.141449
v -0.107136 0.0631104 0.138641
v -0.10833 0.0657654 0.139984
v -0.115978 0.0784607 0.207581
v -0.127251 0.0670776 0.140015
v -0.0972557 0.0675354 0.144135
v -0.112675 0.0640564 0.13858
v -0.115959 0.0638123 0.138306
v -0.080864 0.0699463 0.171021
v -0.130772 0.0675964 0.141022
v -0.119987 0.0705261 0.13736
v -0.11985 0.0788879 0.140015
v -0.108379 0.0804749 0.207794
v -0.144375 0.0820312 0.193848
v -0.108418 0.0652466 0.138245
v -0.0813637 0.0772095 0.168854
v -0.1357 0.0653381 0.141632
v -0.131359 0.065094 0.13974
v -0.117241 0.0652466 0.140503
v -0.0897446 0.0682678 0.149536
v -0.105343 0.0794373 0.147491
v -0.110466 0.0785522 0.145477
v -0.141869 0.0628662 0.146423
v -0.0904541 0.0620117 0.149414
v -0.106163 0.0639038 0.139618
v -0.136402 0.0665588 0.153015
v -0.13995 0.0670776 0.143982
v -0.141701 0.0690613 0.145905
v -0.145756 0.0650024 0.148346
v -0.0822906 0.0708008 0.181946
v -0.144775 0.0806274 0.195374
v -0.144684 0.0735474 0.15155
v -0.118362 0.065155 0.138519
v -0.11908 0.0667725 0.138519
v -0.0828171 0.0639648 0.162201
v -0.0837555 0.0646973 0.162018
v -0.0828056 0.065033 0.163513
v -0.121704 0.0698547 0.136902
v -0.0853157 0.0791016 0.18338
v -0.0808067 0.0679321 0.172485
v -0.0813751 0.0668335 0.174713
v -0.0823326 0.0662842 0.173218
v -0.120865 0.0679016 0.137695
v -0.0823708 0.0685425 0.179199
v -0.0819054 0.0679932 0.183716
v -0.0818062 0.0686035 0.178528
v -0.082016 0.0704346 0.179169
v -0.0967102 0.0604858 0.145203
v -0.0810242 0.0655212 0.17218
v -0.0814018 0.0665894 0.168671
v -0.0828018 0.0644836 0.184967
v -0.080574 0.066925 0.180023
v -0.0820923 0.0675964 0.186005
v -0.0834274 0.0647888 0.187317
v -0.085022 0.0671692 0.158997
v -0.0870895 0.06427 0.155273
v -0.128876 0.0796814 0.208221
v -0.122448 0.0649414 0.140137
v -0.103161 0.0613098 0.142365
v -0.133934 0.0670776 0.141113
v -0.0858345 0.0633545 0.157715
v -0.0918427 0.0603943 0.149261
v -0.0819016 0.067749 0.163696
v -0.0828857 0.0682983 0.18631
v -0.0934372 0.0756226 0.20108
v -0.097683 0.0770569 0.202698
v -0.0963745 0.0761108 0.203705
v -0.0811157 0.0697937 0.176422
v -0.0842896 0.0645752 0.160309
v -0.0814743 0.0650635 0.167542
v -0.0837784 0.0755615 0.154846
v -0.117077 0.0646057 0.137299
v -0.125057 0.0780029 0.16272
v -0.1264 0.0771484 0.163269
v -0.125092 0.0769958 0.159851
v -0.0810013 0.0690613 0.168732
v -0.130299 0.0768738 0.171661
v -0.129452 0.0764465 0.166656
v -0.0933876 0.0714417 0.200775
v -0.0962219 0.0736389 0.203613
v -0.0954056 0.0708008 0.202454
v -0.135643 0.0704651 0.169403
v -0.0861244 0.0727234 0.192749
v -0.0911636 0.0764771 0.196777
v -0.0945206 0.0767517 0.200043
v -0.124275 0.0700684 0.137939
v -0.105331 0.0765686 0.208252
v -0.102577 0.07547 0.207336
v -0.100426 0.0760803 0.205414
v -0.0810471 0.0641785 0.170227
v -0.0848846 0.0794067 0.188538
v -0.081356 0.0622253 0.182281
v -0.126114 0.0744324 0.21106
v -0.13039 0.0738831 0.210052
v -0.124844 0.0722656 0.207825
v -0.132431 0.074707 0.174652
v -0.131943 0.0746765 0.181458
v -0.131889 0.0748596 0.186523
v -0.128254 0.0724182 0.157776
v -0.131626 0.067749 0.158661
v -0.13187 0.0697632 0.162476
v -0.141026 0.0739746 0.157654
v -0.100952 0.0604553 0.142059
v -0.143456 0.0745544 0.160797
v -0.120415 0.0641174 0.137177
v -0.120167 0.0629272 0.137695
v -0.132107 0.0631714 0.141022
v -0.114815 0.0759888 0.211945
v -0.116817 0.07547 0.210938
v -0.113453 0.0739136 0.209595
v -0.143394 0.0757141 0.155731
v -0.144184 0.0755005 0.15625
v -0.125801 0.0628052 0.138824
v -0.0806694 0.0647583 0.17691
v -0.131351 0.0753479 0.209656
v -0.131287 0.0747681 0.207855
v -0.143253 0.0675659 0.159973
v -0.124298 0.077179 0.20874
v -0.123623 0.0751953 0.211426
v -0.119068 0.0768127 0.210358
v -0.134464 0.0737915 0.207458
v -0.0807533 0.0648499 0.179321
v -0.087429 0.0748901 0.19339
v -0.0883827 0.0742188 0.196014
v -0.141579 0.0746765 0.202942
v -0.138233 0.0757141 0.2005
v -0.141766 0.0751343 0.197205
v -0.0818138 0.0622559 0.1763
v -0.138378 0.0679932 0.143219
v -0.134521 0.075531 0.20752
v -0.131657 0.0757141 0.207947
v -0.137329 0.0697632 0.176392
v -0.130333 0.0719604 0.184631
v -0.132271 0.0707703 0.184204
v -0.13187 0.0715027 0.186249
v -0.135368 0.068512 0.186432
v -0.0816689 0.0696106 0.164398
v -0.08181 0.0673828 0.166138
v -0.10025 0.0733337 0.205963
v -0.0917664 0.0732422 0.200226
v -0.0975685 0.0767822 0.201385
v -0.134212 0.0649414 0.161407
v -0.136139 0.0657043 0.163574
v -0.0874023 0.0719604 0.195221
v -0.118713 0.0598145 0.140594
v -0.136745 0.0671387 0.16626
v -0.130566 0.072113 0.207306
v -0.138889 0.0657959 0.166718
v -0.142208 0.0656128 0.168488
v -0.142765 0.066864 0.172882
v -0.103664 0.0740051 0.208221
v -0.121052 0.0751343 0.211456
v -0.118427 0.075592 0.210724
v -0.138405 0.0662842 0.183594
v -0.138073 0.0654297 0.186493
v -0.14217 0.0662537 0.177979
v -0.135181 0.0627441 0.159943
v -0.135715 0.0614014 0.16156
v -0.136295 0.0656128 0.143646
v -0.123959 0.0775146 0.206207
v -0.128258 0.0791626 0.20813
v -0.143085 0.0656433 0.160187
v -0.0802917 0.0640564 0.174744
v -0.0811691 0.0640259 0.173187
v -0.141003 0.0648499 0.163483
v -0.142582 0.0649109 0.166382
v -0.0996246 0.0775146 0.204254
v -0.136421 0.0621033 0.161499
v -0.0860138 0.0746155 0.188171
v -0.141773 0.061615 0.148529
v -0.140968 0.0592346 0.189301
v -0.111515 0.0776672 0.210236
v -0.114307 0.0778198 0.208069
v -0.116428 0.0769348 0.211151
v -0.13636 0.072052 0.192627
v -0.134277 0.0763855 0.189697
v -0.134693 0.0727539 0.190338
v -0.143913 0.0748901 0.195251
v -0.14452 0.0740662 0.196838
v -0.10738 0.0778198 0.207062
v -0.110653 0.0762024 0.209991
v -0.0871048 0.0698547 0.193024
v -0.133461 0.0762634 0.202667
v -0.135071 0.07901 0.2052
v -0.0976601 0.0749512 0.203766
v -0.1059 0.0751953 0.20874
v -0.120876 0.0736694 0.209961
v -0.100086 0.0714722 0.205444
v -0.135307 0.0758057 0.204803
v -0.135128 0.0758972 0.20166
v -0.126961 0.0771179 0.206818
v -0.129833 0.0766296 0.204773
v -0.10392 0.0612488 0.209686
v -0.100842 0.0647278 0.208954
v -0.109428 0.0647278 0.21225
v -0.134941 0.0694275 0.207367
v -0.127739 0.0702515 0.208923
v -0.130745 0.0700073 0.20694
v -0.128994 0.0706482 0.206024
v -0.125652 0.0710144 0.208038
v -0.108589 0.0697632 0.211182
v -0.106441 0.0708313 0.209717
v -0.113113 0.0709229 0.211487
v -0.143723 0.0616455 0.150116
v -0.104252 0.0707397 0.208405
v -0.104321 0.0719299 0.207306
v -0.120522 0.0675354 0.210236
v -0.119835 0.0694885 0.211945
v -0.122646 0.0697937 0.212006
v -0.134335 0.0712891 0.205017
v -0.136692 0.072113 0.205353
v -0.145401 0.0635071 0.149719
v -0.088131 0.0640564 0.195953
v -0.0913849 0.0632935 0.202362
v -0.0878525 0.0625916 0.197388
v -0.110416 0.0711975 0.20932
v -0.109901 0.0778503 0.20752
v -0.144783 0.0737305 0.198822
v -0.0815544 0.0640869 0.181183
v -0.0876274 0.0751038 0.191162
v -0.102901 0.071228 0.206055
v -0.0938835 0.0788574 0.200592
v -0.0961418 0.0707397 0.204224
v -0.0823174 0.0628662 0.187256
v -0.104511 0.0691528 0.209259
v -0.138191 0.0749512 0.205841
v -0.13966 0.0738525 0.205139
v -0.108215 0.0742188 0.208954
v -0.134968 0.0708923 0.2034
v -0.139202 0.0691833 0.201447
v -0.133759 0.0697021 0.205048
v -0.113384 0.0691528 0.211792
v -0.0868034 0.0660095 0.195374
v -0.0880737 0.0684814 0.196503
v -0.0907784 0.0665588 0.200256
v -0.108841 0.072052 0.20755
v -0.0880814 0.0741272 0.188751
v -0.0935822 0.0646973 0.201416
v -0.0904999 0.0713501 0.198242
v -0.0848656 0.0624695 0.187622
v -0.127033 0.0697327 0.210693
v -0.124207 0.0704041 0.211243
v -0.0898781 0.0777588 0.196594
v -0.0896111 0.075592 0.194977
v -0.0999069 0.070282 0.207642
v -0.111111 0.0780334 0.206543
v -0.0909233 0.0616455 0.201355
v -0.0889816 0.0617676 0.199738
v -0.093132 0.0611877 0.201782
v -0.0932503 0.0643005 0.204224
v -0.0834541 0.0717163 0.188599
v -0.0837021 0.0682678 0.187317
v -0.099369 0.0696411 0.20639
v -0.100513 0.0680847 0.207489
v -0.127495 0.0761414 0.210815
v -0.101776 0.0623474 0.209503
v -0.0995178 0.0599365 0.207581
v -0.0962219 0.0646362 0.206329
v -0.082756 0.0620117 0.18869
v -0.113224 0.0712585 0.208801
v -0.115238 0.0707397 0.210541
v -0.0859947 0.0689087 0.192566
v -0.102165 0.0661316 0.207794
v -0.0959892 0.060791 0.205261
v -0.0825996 0.0622559 0.184326
v -0.113804 0.0722351 0.208649
v -0.126709 0.0688171 0.211578
v -0.141922 0.0612488 0.203094
v -0.139912 0.0617065 0.205902
v -0.140293 0.062439 0.203461
v -0.140446 0.0800781 0.203461
v -0.137245 0.0753784 0.19162
v -0.140747 0.0715637 0.191772
v -0.145096 0.0776672 0.185089
v -0.142185 0.0787659 0.188477
v -0.138142 0.0734253 0.192749
v -0.123718 0.0677185 0.212097
v -0.133022 0.0638123 0.206024
v -0.137466 0.0632629 0.207672
v -0.13139 0.0636292 0.209625
v -0.107296 0.0714111 0.208435
v -0.0924835 0.0696411 0.202271
v -0.136726 0.0792847 0.205414
v -0.142788 0.0724487 0.202667
v -0.136253 0.0700684 0.189911
v -0.0863075 0.0691528 0.190491
v -0.128101 0.0647583 0.208405
v -0.141743 0.0604553 0.204498
v -0.142521 0.07724 0.200714
v -0.140045 0.0782166 0.203094
v -0.0905609 0.0691223 0.200714
v -0.0999069 0.0653076 0.206268
v -0.141499 0.0675354 0.20285
v -0.141636 0.0663147 0.203857
v -0.14167 0.0680542 0.204132
v -0.143425 0.0774841 0.199371
v -0.139641 0.0661621 0.205627
v -0.137917 0.0711365 0.191437
v -0.120216 0.0716858 0.208435
v -0.104092 0.065918 0.207855
v -0.137508 0.0687866 0.207397
v -0.138283 0.0693665 0.205292
v -0.106415 0.0609436 0.210815
v -0.0839462 0.0664978 0.188934
v -0.145607 0.0967102 0.158997
v -0.144844 0.0954895 0.160492
v -0.146931 0.095459 0.159393
v -0.150719 0.0989685 0.157776
v -0.149094 0.100037 0.165131
v -0.145451 0.0949402 0.161804
v -0.145798 0.0974121 0.161469
v -0.147224 0.0940247 0.162079
v -0.14669 0.0960999 0.16217
v -0.148457 0.0953064 0.161346
v -0.0939941 0.0655212 0.202881
v -0.0936356 0.0662537 0.201904
v -0.145153 0.0932922 0.160889
v -0.149467 0.0960693 0.157837
v -0.15218 0.09729 0.157684
v -0.11195 0.0657959 0.210327
v -0.110771 0.0643616 0.212158
v -0.106705 0.0656738 0.209015
v -0.148983 0.0954895 0.162537
v -0.140984 0.0711365 0.202942
v -0.150799 0.100769 0.167694
v -0.108074 0.0682678 0.209778
v -0.152565 0.0907898 0.15918
v -0.152195 0.0917358 0.163147
v -0.147427 0.0929565 0.16272
v -0.145618 0.076416 0.197296
v -0.146397 0.0941162 0.154846
v -0.14624 0.0950317 0.157166
v -0.148464 0.0930481 0.164124
v -0.147423 0.0952454 0.153168
v -0.14806 0.09729 0.153625
v -0.116467 0.0702209 0.212158
v -0.0883255 0.0696716 0.194672
v -0.141441 0.0629578 0.199982
v -0.150986 0.0941467 0.171417
v -0.149372 0.0939941 0.16806
v -0.15451 0.0924683 0.166504
v -0.10585 0.0799866 0.207825
v -0.139091 0.0662537 0.188904
v -0.141884 0.0690308 0.188293
v -0.143879 0.0705261 0.186157
v -0.139725 0.0700378 0.190735
v -0.146229 0.0932922 0.161011
v -0.143597 0.0671082 0.201355
v -0.145031 0.06427 0.200562
v -0.15107 0.0986023 0.170319
v -0.151386 0.098053 0.172302
v -0.152222 0.0990906 0.175354
v -0.140602 0.0688477 0.199768
v -0.139008 0.0707397 0.202271
v -0.138363 0.0629883 0.206055
v -0.137753 0.063324 0.203949
v -0.143127 0.0686646 0.198608
v -0.142845 0.0712891 0.201843
v -0.145546 0.0706482 0.19989
v -0.0940666 0.0691833 0.202637
v -0.145584 0.098175 0.174255
v -0.152725 0.0948181 0.179047
v -0.1488 0.0949097 0.177399
v -0.151131 0.0949097 0.175323
v -0.147846 0.0943909 0.164642
v -0.149376 0.0950623 0.163605
v -0.135872 0.0664673 0.206635
v -0.131382 0.0686951 0.210754
v -0.114624 0.0625916 0.211884
v -0.113575 0.0649109 0.212402
v -0.118374 0.0641479 0.212921
v -0.151173 0.0967712 0.164978
v -0.116848 0.0700073 0.210449
v -0.147209 0.0954895 0.167114
v -0.146591 0.0939331 0.168396
v -0.0878105 0.0694885 0.196594
v -0.149364 0.0988159 0.157074
v -0.146286 0.0977173 0.150421
v -0.0870018 0.0632935 0.191254
v -0.1283 0.0700684 0.210724
v -0.10965 0.061676 0.210419
v -0.112534 0.0658569 0.209808
v -0.112823 0.0602417 0.210205
v -0.0962753 0.0682068 0.204742
v -0.0987396 0.065979 0.205444
v -0.117432 0.063446 0.211731
v -0.115055 0.0659485 0.209961
v -0.143921 0.0683289 0.200409
v -0.118237 0.0625 0.212219
v -0.145424 0.0726013 0.198212
v -0.0862427 0.0633545 0.188599
v -0.134472 0.0605164 0.208618
v -0.134369 0.0626221 0.209869
v -0.137917 0.0600891 0.206879
v -0.116737 0.0772095 0.209473
v -0.148838 0.0969238 0.180359
v -0.120079 0.0778809 0.206329
v -0.149879 0.0947876 0.170837
v -0.146446 0.0930786 0.163788
v -0.146164 0.0905151 0.162445
v -0.146507 0.0895691 0.166962
v -0.149063 0.0945129 0.172607
v -0.0861855 0.0674438 0.194031
v -0.0849762 0.0657043 0.191711
v -0.143284 0.0623474 0.201782
v -0.110405 0.0601196 0.210114
v -0.118412 0.067627 0.210754
v -0.14452 0.0681458 0.198242
v -0.104431 0.0654602 0.209595
v -0.142475 0.0639038 0.18808
v -0.145584 0.0646973 0.185547
v -0.12167 0.0708313 0.208618
v -0.118073 0.0658875 0.210724
v -0.146954 0.0675659 0.193878
v -0.113663 0.0598755 0.211639
v -0.117092 0.0604553 0.211639
v -0.121765 0.065918 0.209991
v -0.122669 0.0653076 0.209442
v -0.122303 0.0648193 0.211761
v -0.152065 0.0973511 0.168976
v -0.153435 0.0989685 0.163086
v -0.122826 0.0786133 0.206451
v -0.124367 0.0637207 0.21283
v -0.128765 0.0638733 0.211212
v -0.130913 0.0628357 0.21109
v -0.143864 0.0673218 0.198761
v -0.153118 0.0976868 0.161743
v -0.151562 0.0997925 0.165192
v -0.154018 0.0998535 0.169464
v -0.154213 0.0905457 0.162476
v -0.0864296 0.0635681 0.192474
v -0.128769 0.0612183 0.211365
v -0.0843201 0.0618591 0.191498
v -0.0854759 0.0608521 0.194824
v -0.0843201 0.0615845 0.19339
v -0.14753 0.0909119 0.169586
v -0.144928 0.0926819 0.159485
v -0.15136 0.0929565 0.17923
v -0.154934 0.0929565 0.177521
v -0.146568 0.0661316 0.197845
v -0.147114 0.0983582 0.181244
v -0.152946 0.0914612 0.178345
v -0.152859 0.0899658 0.159271
v -0.149124 0.0890503 0.15155
v -0.149902 0.0957031 0.175049
v -0.150444 0.0884399 0.172455
v -0.152752 0.0905762 0.17627
v -0.155689 0.0920105 0.172424
v -0.145321 0.0932922 0.177765
v -0.145161 0.0916138 0.179291
v -0.145851 0.0883789 0.177856
v -0.145851 0.0943909 0.174194
v -0.147686 0.0884399 0.174927
v -0.147999 0.0888977 0.172913
v -0.147335 0.0979614 0.163818
v -0.14666 0.0876465 0.163116
v -0.148975 0.0872192 0.162964
v -0.146912 0.0859985 0.160522
v -0.146652 0.0935974 0.170807
v -0.150356 0.0871887 0.177216
v -0.149658 0.0870667 0.179657
v -0.147835 0.0882263 0.171204
v -0.152439 0.0891418 0.169037
v -0.15057 0.0880127 0.174622
v -0.150551 0.0872498 0.170837
v -0.120766 0.070343 0.21051
v -0.151447 0.0942383 0.17984
v -0.146851 0.0892029 0.150391
v -0.150089 0.0868835 0.180267
v -0.148842 0.0872192 0.181152
v -0.124557 0.0654907 0.209625
v -0.153648 0.0935364 0.172852
v -0.144939 0.0782776 0.185944
v -0.14687 0.0936279 0.177917
v -0.123131 0.0696716 0.209625
v -0.154957 0.0943604 0.176971
v -0.146317 0.088562 0.190948
v -0.146786 0.0901184 0.189301
v -0.147175 0.0880432 0.183228
v -0.146355 0.0883179 0.189453
v -0.14888 0.0946045 0.190155
v -0.149494 0.0928955 0.189301
v -0.146976 0.0932922 0.194
v -0.14716 0.0987854 0.185516
v -0.122379 0.0625916 0.212158
v -0.154308 0.0986633 0.166351
v -0.149357 0.0872803 0.186249
v -0.149883 0.0993958 0.170654
v -0.0871506 0.0599365 0.196472
v -0.148273 0.08255 0.157135
v -0.149563 0.0911255 0.184235
v -0.152626 0.0921631 0.180145
v -0.149323 0.0870056 0.183044
v -0.152416 0.078125 0.172852
v -0.151707 0.0802307 0.174591
v -0.153229 0.0818481 0.172577
v -0.155357 0.0936279 0.172089
v -0.154888 0.0911865 0.166504
v -0.147827 0.091156 0.186462
v -0.150314 0.078949 0.175812
v -0.151283 0.0803223 0.176178
v -0.125793 0.0616455 0.212128
v -0.146896 0.0960083 0.178925
v -0.147602 0.0966797 0.181213
v -0.149467 0.0990601 0.182648
v -0.151367 0.0784912 0.1763
v -0.155666 0.0838013 0.176147
v -0.153496 0.0823364 0.177216
v -0.152363 0.0803223 0.178955
v -0.148949 0.0878296 0.15213
v -0.152084 0.0859375 0.175964
v -0.152443 0.0839844 0.177155
v -0.150841 0.0845337 0.176636
v -0.150826 0.0937195 0.184052
v -0.155499 0.0853577 0.177277
v -0.155422 0.0835876 0.171173
v -0.152924 0.0810547 0.158722
v -0.1516 0.0818481 0.15686
v -0.149887 0.0803223 0.152527
v -0.155476 0.0830688 0.167114
v -0.153961 0.0836182 0.16568
v -0.154186 0.0822754 0.164581
v -0.145714 0.0751038 0.165375
v -0.149269 0.0785828 0.156128
v -0.153004 0.0769653 0.183289
v -0.154297 0.0758362 0.17865
v -0.153847 0.0751038 0.181274
v -0.149872 0.0775757 0.161224
v -0.151989 0.0779114 0.1633
v -0.151237 0.0794678 0.160492
v -0.149971 0.0856018 0.181824
v -0.147736 0.0955505 0.181946
v -0.147518 0.0703125 0.152405
v -0.147274 0.0950012 0.18869
v -0.150085 0.0949097 0.186615
v -0.149445 0.0935669 0.187988
v -0.151367 0.0768433 0.167694
v -0.152874 0.078949 0.166504
v -0.146084 0.066864 0.151001
v -0.154736 0.0751343 0.164215
v -0.156013 0.0752563 0.168396
v -0.155903 0.0759888 0.169312
v -0.151623 0.0771179 0.169128
v -0.144287 0.0626831 0.198181
v -0.14151 0.0583191 0.189728
v -0.146095 0.0956421 0.182861
v -0.149578 0.0859375 0.168427
v -0.148514 0.0850525 0.165131
v -0.150387 0.0861511 0.170929
v -0.15041 0.0762634 0.163239
v -0.120464 0.0602722 0.210632
v -0.148758 0.0856934 0.172089
v -0.148602 0.0859985 0.18335
v -0.152424 0.0845032 0.18396
v -0.149612 0.0860291 0.18576
v -0.145973 0.0963135 0.185608
v -0.147079 0.09552 0.185364
v -0.147587 0.09552 0.190552
v -0.149849 0.085968 0.173828
v -0.156147 0.0848083 0.173859
v -0.154118 0.0852356 0.171967
v -0.155159 0.084198 0.170685
v -0.147274 0.0845032 0.175598
v -0.146507 0.0833435 0.179382
v -0.147575 0.0806885 0.175629
v -0.146984 0.0948486 0.193481
v -0.146854 0.0812378 0.180603
v -0.149906 0.0786438 0.186798
v -0.150959 0.0779419 0.184662
v -0.151344 0.0777588 0.189331
v -0.153164 0.0862122 0.175232
v -0.147434 0.086853 0.188599
v -0.155125 0.0777588 0.175903
v -0.155563 0.0770874 0.174286
v -0.147652 0.0877686 0.189178
v -0.145641 0.0860901 0.162109
v -0.149178 0.0737 0.152649
v -0.146172 0.0757446 0.158417
v -0.153481 0.0751648 0.161407
v -0.154507 0.0739441 0.161896
v -0.151646 0.0897522 0.166046
v -0.148266 0.0665588 0.152649
v -0.146282 0.0835266 0.168793
v -0.151257 0.0855408 0.187439
v -0.148979 0.0798035 0.181915
v -0.150391 0.0814514 0.184296
v -0.151367 0.0818481 0.181915
v -0.151623 0.0729065 0.155792
v -0.152191 0.0844727 0.187256
v -0.149117 0.0811462 0.187561
v -0.144733 0.0707703 0.163055
v -0.147179 0.071106 0.168549
v -0.144531 0.0655212 0.165741
v -0.152527 0.0814209 0.180542
v -0.147621 0.0860596 0.173065
v -0.147221 0.0792542 0.149109
v -0.147854 0.0865479 0.174316
v -0.148766 0.0709534 0.157288
v -0.151985 0.0825806 0.159821
v -0.151798 0.0851135 0.182098
v -0.147934 0.0759888 0.175812
v -0.146095 0.0836487 0.16626
v -0.145771 0.0849609 0.16275
v -0.146698 0.0852661 0.16391
v -0.146736 0.0779114 0.151276
v -0.14817 0.0942993 0.18515
v -0.122334 0.0600891 0.211609
v -0.14687 0.0684814 0.175903
v -0.146187 0.0702209 0.181824
v -0.152828 0.0750732 0.185699
v -0.153751 0.0830994 0.178619
v -0.153378 0.0799866 0.180511
v -0.152538 0.0788879 0.178894
v -0.154427 0.0747986 0.173126
v -0.150917 0.0853577 0.178986
v -0.151646 0.0888367 0.16333
v -0.148754 0.0871887 0.156372
v -0.152458 0.0792847 0.182007
v -0.154068 0.0819397 0.161072
v -0.150826 0.0665894 0.155609
v -0.150978 0.0840759 0.189301
v -0.147007 0.0838318 0.19455
v -0.149101 0.0856018 0.193054
v -0.153828 0.0733337 0.169006
v -0.151772 0.0703735 0.170807
v -0.153713 0.0741882 0.172302
v -0.149277 0.0794373 0.156494
v -0.146191 0.0683594 0.157623
v -0.144592 0.0610657 0.200775
v -0.147892 0.0733948 0.171753
v -0.146729 0.0665283 0.172668
v -0.143639 0.0665283 0.162689
v -0.150024 0.0800476 0.186035
v -0.149185 0.0812378 0.153503
v -0.153309 0.0782166 0.179565
v -0.154449 0.0603027 0.171997
v -0.154144 0.0594177 0.175568
v -0.155338 0.0618591 0.173859
v -0.145374 0.0644836 0.168213
v -0.146519 0.0976562 0.186615
v -0.154282 0.0784912 0.182587
v -0.152615 0.0646667 0.164185
v -0.152195 0.0637207 0.165558
v -0.154362 0.0645142 0.172607
v -0.146568 0.0786743 0.198242
v -0.150253 0.0762329 0.192383
v -0.146175 0.0770569 0.196655
v -0.154099 0.0623779 0.162781
v -0.152424 0.0602112 0.159088
v -0.154427 0.0612793 0.162842
v -0.151974 0.0805664 0.162811
v -0.146893 0.0725708 0.189697
v -0.148193 0.0727844 0.187897
v -0.149082 0.071991 0.189209
v -0.151791 0.0890808 0.167023
v -0.151386 0.0698242 0.175873
v -0.154751 0.0747986 0.176636
v -0.152271 0.0710144 0.175354
v -0.148075 0.0645752 0.153992
v -0.150063 0.065033 0.157135
v -0.155212 0.0620117 0.176666
v -0.154415 0.0638428 0.178375
v -0.154778 0.0632019 0.181152
v -0.153023 0.0645447 0.180603
v -0.150608 0.071991 0.183929
v -0.150166 0.0709534 0.180939
v -0.153446 0.0731812 0.166779
v -0.155731 0.0697021 0.175323
v -0.154964 0.0680237 0.175201
v -0.152485 0.0888367 0.1651
v -0.147076 0.0645142 0.182739
v -0.150379 0.0583191 0.184814
v -0.148113 0.0791016 0.190582
v -0.149193 0.0603333 0.184967
v -0.154259 0.0658264 0.170197
v -0.152096 0.0636292 0.16391
v -0.147289 0.0801697 0.191223
v -0.147125 0.0622559 0.152618
v -0.156013 0.0628052 0.168518
v -0.153587 0.0598755 0.16861
v -0.146557 0.0806885 0.169098
v -0.147694 0.0759888 0.159729
v -0.153461 0.0644836 0.183136
v -0.14576 0.0805359 0.197144
v -0.148014 0.0796814 0.196075
v -0.147732 0.0602722 0.186462
v -0.149006 0.0641174 0.195801
v -0.147472 0.0614624 0.196808
v -0.147709 0.0632019 0.197845
v -0.146881 0.0804138 0.194458
v -0.153839 0.0755005 0.175995
v -0.148045 0.0719299 0.19516
v -0.148899 0.0697327 0.195465
v -0.146816 0.0715332 0.197937
v -0.146229 0.0654907 0.168854
v -0.145462 0.0662537 0.176117
v -0.146568 0.0671692 0.178955
v -0.15094 0.0709534 0.183899
v -0.14621 0.0795288 0.19455
v -0.148739 0.0681458 0.192017
v -0.146652 0.0690308 0.195343
v -0.150089 0.0692444 0.192169
v -0.148281 0.0621338 0.153076
v -0.146427 0.0644226 0.199402
v -0.154831 0.0664062 0.172211
v -0.149715 0.071228 0.193115
v -0.152256 0.0690308 0.189178
v -0.151134 0.0649719 0.191833
v -0.153194 0.06427 0.187012
v -0.15255 0.0808716 0.165466
v -0.150677 0.0625305 0.193512
v -0.15303 0.0698853 0.185181
v -0.145489 0.0744934 0.193054
v -0.152084 0.0618591 0.190399
v -0.150341 0.0661316 0.191101
v -0.145615 0.0843811 0.160187
v -0.152355 0.068634 0.162842
v -0.151653 0.0610962 0.18689
v -0.148571 0.0624084 0.155212
v -0.149704 0.0628662 0.159241
v -0.151806 0.0925293 0.183411
v -0.14687 0.0866394 0.156677
v -0.147896 0.0788879 0.195679
v -0.149727 0.0691833 0.16272
v -0.154408 0.0673218 0.176056
v -0.145603 0.0662537 0.197113
v -0.146725 0.0673523 0.196686
v -0.0917473 0.0566711 0.149597
v -0.148151 0.076416 0.161591
v -0.145782 0.0618286 0.149963
v -0.150639 0.0929565 0.186798
v -0.154072 0.0653076 0.179108
v -0.155891 0.0692139 0.171387
v -0.0975266 0.058075 0.14563
v -0.149929 0.0617371 0.156158
v -0.15427 0.0678406 0.161987
v -0.103653 0.0603333 0.140656
v -0.146889 0.0807495 0.190063
v -0.151188 0.0791321 0.183868
v -0.156155 0.0639648 0.174286
v -0.155373 0.0644836 0.177765
v -0.146038 0.0603333 0.149109
v -0.149929 0.060791 0.193115
v -0.147232 0.0606689 0.196899
v -0.145531 0.073822 0.194916
v -0.145824 0.0730896 0.19342
v -0.088623 0.0548096 0.152924
v -0.154575 0.0674438 0.162872
v -0.103756 0.0546875 0.141235
v -0.1446 0.0952759 0.187347
v -0.147671 0.0729675 0.196167
v -0.0995178 0.0544434 0.144043
v -0.156353 0.0681458 0.168365
v -0.151405 0.0630493 0.161499
v -0.148724 0.0720825 0.191467
v -0.0913734 0.0535583 0.150452
v -0.0918045 0.0578918 0.149445
v -0.0964432 0.057251 0.145813
v -0.15345 0.0663147 0.185394
v -0.148731 0.0743713 0.190338
v -0.151756 0.0263062 0.188538
v -0.149513 0.0267334 0.194824
v -0.153259 0.0677185 0.184631
v -0.107834 0.058075 0.139313
v -0.146866 0.0279236 0.19696
v -0.149307 0.0293884 0.194183
v -0.149014 0.0275574 0.193298
v -0.153866 0.062439 0.185272
v -0.148705 0.0662842 0.194763
v -0.150032 0.0316162 0.196686
v -0.151836 0.0705566 0.188995
v -0.112267 0.0593872 0.137878
v -0.153591 0.0600891 0.180908
v -0.148693 0.0278625 0.191345
v -0.14365 0.0340881 0.204773
v -0.143513 0.0354614 0.202515
v -0.145737 0.0343323 0.200958
v -0.150875 0.0317993 0.19162
v -0.152435 0.0339661 0.187012
v -0.151993 0.0318298 0.187134
v -0.151672 0.0658569 0.160492
v -0.15197 0.0715942 0.162476
v -0.145924 0.035675 0.200775
v -0.149029 0.0368042 0.196747
v -0.099617 0.0571594 0.143524
v -0.10442 0.0585327 0.14032
v -0.150063 0.0602112 0.154938
v -0.151928 0.0620728 0.15802
v -0.149826 0.0801697 0.188782
v -0.149647 0.0380859 0.195496
v -0.152176 0.0379333 0.189789
v -0.1507 0.0354919 0.192749
v -0.151443 0.02948 0.188782
v -0.151924 0.0291443 0.184082
v -0.150723 0.0273743 0.188477
v -0.147026 0.0380859 0.200592
v -0.105087 0.0567932 0.141266
v -0.144894 0.0398254 0.202728
v -0.145065 0.037384 0.202789
v -0.153027 0.031311 0.185974
v -0.152817 0.0367126 0.186035
v -0.145412 0.0275574 0.199524
v -0.147461 0.0307922 0.199768
v -0.145069 0.0280762 0.150848
v -0.144966 0.028717 0.151947
v -0.143456 0.0276489 0.150604
v -0.146252 0.0316467 0.202698
v -0.154007 0.0349121 0.172424
v -0.154587 0.0368347 0.173401
v -0.153309 0.0327148 0.16803
v -0.150906 0.0300598 0.165985
v -0.151581 0.0285339 0.1633
v -0.152 0.0298157 0.167755
v -0.1455 0.0301819 0.15509
v -0.146721 0.0287781 0.15509
v -0.149258 0.032135 0.195435
v -0.154377 0.0367432 0.177612
v -0.154316 0.0349426 0.178467
v -0.148056 0.0393372 0.196289
v -0.153419 0.0316772 0.175537
v -0.15435 0.0338745 0.17395
v -0.153011 0.0313721 0.171631
v -0.153202 0.0282288 0.179993
v -0.153957 0.0273743 0.174896
v -0.153893 0.0270081 0.180359
v -0.143375 0.0305176 0.20459
v -0.142773 0.0274658 0.202515
v -0.148628 0.0387268 0.155579
v -0.146923 0.0385132 0.153412
v -0.149189 0.0370483 0.156921
v -0.146896 0.0401306 0.199341
v -0.147648 0.0433044 0.199554
v -0.144737 0.0409241 0.201324
v -0.141136 0.045929 0.205688
v -0.147137 0.0447693 0.198975
v -0.146301 0.0440674 0.199951
v -0.149101 0.0329285 0.196289
v -0.147221 0.0509033 0.196136
v -0.147137 0.0534058 0.198639
v -0.149082 0.0505676 0.194336
v -0.144363 0.0403137 0.150421
v -0.143398 0.039032 0.150726
v -0.145367 0.0375366 0.153046
v -0.148956 0.0526733 0.196777
v -0.15279 0.0288086 0.171417
v -0.152119 0.0423889 0.189789
v -0.152203 0.0438232 0.187317
v -0.153019 0.0411987 0.186584
v -0.14146 0.0558167 0.204376
v -0.145893 0.0556946 0.19989
v -0.144444 0.0531921 0.201294
v -0.148876 0.0298767 0.159607
v -0.150192 0.0288086 0.160431
v -0.150337 0.049408 0.191956
v -0.150051 0.0488281 0.194336
v -0.153915 0.0307617 0.178192
v -0.153431 0.0372925 0.167328
v -0.151508 0.0495911 0.19043
v -0.153645 0.0325012 0.179504
v -0.154518 0.0406494 0.178833
v -0.154705 0.0421753 0.17746
v -0.15242 0.0318604 0.169952
v -0.148994 0.0658569 0.192352
v -0.147354 0.0553589 0.196991
v -0.146969 0.0564575 0.196838
v -0.146168 0.0506897 0.199554
v -0.145851 0.0524902 0.201019
v -0.152714 0.0332336 0.164917
v -0.152187 0.0270081 0.166748
v -0.150093 0.0240173 0.169525
v -0.153187 0.0278015 0.169708
v -0.149002 0.0551758 0.196411
v -0.144375 0.0456543 0.19873
v -0.146671 0.0452576 0.197968
v -0.153877 0.042511 0.186462
v -0.151466 0.0537109 0.191711
v -0.152012 0.0549927 0.191223
v -0.152325 0.0530701 0.190948
v -0.15073 0.0450134 0.189697
v -0.152142 0.0473328 0.190491
v -0.150883 0.0413818 0.159912
v -0.151176 0.0432739 0.193146
v -0.150112 0.0399475 0.193726
v -0.149536 0.0413513 0.195648
v -0.149014 0.0410156 0.155823
v -0.146442 0.0577087 0.199982
v -0.143368 0.0574646 0.202179
v -0.153172 0.0458069 0.185303
v -0.153252 0.048584 0.189148
v -0.147003 0.0349426 0.15329
v -0.148968 0.0354309 0.157074
v -0.152344 0.0324707 0.18219
v -0.153656 0.0321655 0.182098
v -0.153622 0.0309143 0.182922
v -0.146835 0.0328369 0.200745
v -0.153526 0.048584 0.186707
v -0.153381 0.038208 0.183777
v -0.151985 0.049469 0.187653
v -0.146893 0.0467224 0.199402
v -0.148979 0.045929 0.197113
v -0.150646 0.0552673 0.193024
v -0.151768 0.0323486 0.185669
v -0.153034 0.0565491 0.188507
v -0.152927 0.0588074 0.188843
v -0.152397 0.0317078 0.180145
v -0.14613 0.0263367 0.200958
v -0.147083 0.0594177 0.198547
v -0.144157 0.0602112 0.202545
v -0.148926 0.0497742 0.196228
v -0.152893 0.026062 0.180939
v -0.148972 0.056488 0.194153
v -0.151405 0.0342407 0.185486
v -0.153603 0.0420227 0.167969
v -0.154121 0.0421448 0.172546
v -0.152939 0.0488892 0.184998
v -0.152519 0.0435181 0.166779
v -0.150681 0.0431213 0.163422
v -0.152431 0.0422058 0.166382
v -0.154758 0.0472107 0.179108
v -0.154182 0.0452881 0.181274
v -0.154831 0.0476074 0.18161
v -0.149277 0.0446167 0.194366
v -0.149227 0.0440979 0.195923
v -0.142803 0.031311 0.20517
v -0.150631 0.0322266 0.162415
v -0.153095 0.037384 0.165314
v -0.151566 0.033783 0.162354
v -0.152531 0.0464172 0.165497
v -0.153259 0.0455017 0.165466
v -0.152939 0.045929 0.169556
v -0.150452 0.0473633 0.194611
v -0.150238 0.0441895 0.19342
v -0.149715 0.0272827 0.160309
v -0.146782 0.025238 0.158905
v -0.148094 0.0489197 0.198151
v -0.14566 0.0272217 0.153656
v -0.15287 0.0431519 0.169922
v -0.147629 0.0257568 0.199097
v -0.153736 0.0500793 0.164032
v -0.152256 0.0483398 0.164001
v -0.153946 0.0515137 0.164917
v -0.153881 0.0495911 0.169067
v -0.148621 0.0276794 0.156708
v -0.149616 0.0578918 0.195068
v -0.151218 0.0576172 0.194122
v -0.149158 0.0599976 0.195648
v -0.146374 0.0499878 0.199982
v -0.153103 0.0546265 0.18454
v -0.154301 0.0567017 0.183258
v -0.150642 0.0574341 0.187927
v -0.149586 0.0565186 0.187622
v -0.152344 0.0446472 0.1633
v -0.151363 0.0472412 0.163727
v -0.154903 0.0532227 0.179352
v -0.154728 0.0542603 0.177185
v -0.15477 0.0513611 0.174774
v -0.151554 0.0463867 0.161499
v -0.153835 0.0351562 0.181824
v -0.14558 0.0343323 0.153351
v -0.144592 0.0337219 0.151978
v -0.14378 0.0332031 0.154266
v -0.154724 0.0383301 0.180603
v -0.155182 0.0502014 0.177673
v -0.153587 0.0523987 0.167023
v -0.152039 0.0516968 0.162903
v -0.150604 0.0348816 0.160217
v -0.150723 0.0328369 0.160278
v -0.152233 0.0602112 0.161865
v -0.149864 0.0586243 0.157471
v -0.154667 0.052948 0.183105
v -0.146378 0.0322266 0.15564
v -0.153736 0.0583191 0.171417
v -0.150948 0.0423889 0.16214
v -0.152386 0.0575256 0.164093
v -0.152531 0.0591431 0.163971
v -0.155289 0.0571289 0.179108
v -0.153439 0.0586548 0.182922
v -0.153767 0.0588074 0.180725
v -0.145287 0.0414429 0.15213
v -0.14957 0.0331726 0.157898
v -0.147263 0.0527344 0.152893
v -0.14875 0.0550537 0.155823
v -0.149075 0.0552368 0.15387
v -0.15411 0.0568848 0.171936
v -0.154251 0.0576477 0.177002
v -0.154556 0.0583496 0.17514
v -0.154667 0.0578003 0.170959
v -0.144661 0.0505066 0.200958
v -0.154636 0.0427246 0.181152
v -0.152935 0.0396729 0.18396
v -0.150749 0.0554504 0.158203
v -0.151974 0.055603 0.158661
v -0.155136 0.0568237 0.166748
v -0.148495 0.0293579 0.156952
v -0.14904 0.0567932 0.158386
v -0.154755 0.0461426 0.174805
v -0.154198 0.0437317 0.175354
v -0.153442 0.0432739 0.178375
v -0.153484 0.0513611 0.185883
v -0.154888 0.0483398 0.17514
v -0.154102 0.0486755 0.182434
v -0.150463 0.0510864 0.194092
v -0.151848 0.0273132 0.183044
v -0.153896 0.0531921 0.174683
v -0.144958 0.0435181 0.202606
v -0.149628 0.0316772 0.160767
v -0.147896 0.0582275 0.197723
v -0.147003 0.0292969 0.156738
v -0.147137 0.0583496 0.151764
v -0.150768 0.0597229 0.186859
v -0.151367 0.0599976 0.188812
v -0.154751 0.0553284 0.17453
v -0.154388 0.0535278 0.172394
v -0.149902 0.0438232 0.157898
v -0.153065 0.0580139 0.168701
v -0.149986 0.0423889 0.160767
v -0.152569 0.0411072 0.163605
v -0.144276 0.0461426 0.149963
v -0.14883 0.0476074 0.154266
v -0.145687 0.0487976 0.15094
v -0.149956 0.0569153 0.158722
v -0.14566 0.0542297 0.14978
v -0.151951 0.0540161 0.160919
v -0.152649 0.0541077 0.164154
v -0.144943 0.0481262 0.201752
v -0.155262 0.0520935 0.172028
v -0.151459 0.0340881 0.184235
v -0.152653 0.0520935 0.188934
v -0.149189 0.0487671 0.155548
v -0.154079 0.0470886 0.170959
v -0.148342 0.0451965 0.156372
v -0.149063 0.0444031 0.155853
v -0.154305 0.0444641 0.172363
v -0.154156 0.0551758 0.170593
v -0.154057 0.057373 0.168121
v -0.153549 0.0549622 0.16745
v -0.136311 0.0263977 0.210052
v -0.130985 0.0253906 0.212738
v -0.132431 0.0274353 0.209229
v -0.144203 0.0303955 0.156128
v -0.148376 0.0516052 0.15744
v -0.150398 0.0505066 0.159058
v -0.154392 0.0551758 0.163666
v -0.12727 0.0257874 0.214111
v -0.125095 0.0237732 0.214722
v -0.121277 0.0255127 0.21524
v -0.105114 0.0262451 0.211731
v -0.0990944 0.0269165 0.207825
v -0.105717 0.0273438 0.210144
v -0.152279 0.0592346 0.18576
v -0.149387 0.0482178 0.157074
v -0.117603 0.0303955 0.215698
v -0.116489 0.026886 0.21347
v -0.112953 0.0323792 0.215912
v -0.112072 0.0301819 0.213928
v -0.149918 0.0533142 0.1586
v -0.144993 0.0433044 0.151245
v -0.147522 0.0453796 0.152985
v -0.153233 0.0437927 0.184784
v -0.154163 0.0508423 0.181976
v -0.141155 0.0250244 0.206848
v -0.125523 0.0270996 0.212799
v -0.119892 0.0267029 0.213623
v -0.123127 0.0236511 0.215576
v -0.112091 0.0273132 0.212189
v -0.10997 0.030365 0.211975
v -0.134933 0.0273132 0.207733
v -0.141903 0.0266724 0.205566
v -0.143398 0.0432739 0.150116
v -0.149158 0.0463867 0.155518
v -0.0917282 0.0262451 0.202301
v -0.09132 0.0253906 0.203186
v -0.143791 0.0510864 0.151917
v -0.146385 0.0504456 0.153564
v -0.101448 0.0270691 0.207672
v -0.101479 0.0295105 0.208862
v -0.105797 0.0295105 0.211365
v -0.0865936 0.0267944 0.195343
v -0.0876503 0.0272827 0.19632
v -0.128864 0.0354614 0.210968
v -0.126789 0.0344543 0.214661
v -0.125515 0.035553 0.212006
v -0.147491 0.0500488 0.152618
v -0.130707 0.0353699 0.210022
v -0.129616 0.0342102 0.213837
v -0.111332 0.0344543 0.214874
v -0.108639 0.0354309 0.212189
v -0.112759 0.0349731 0.214294
v -0.0961685 0.0292053 0.20752
v -0.0987396 0.0294189 0.207062
v -0.0984497 0.0282898 0.207886
v -0.117001 0.0257263 0.215332
v -0.142151 0.0462036 0.202972
v -0.117455 0.0328674 0.216461
v -0.118164 0.0316162 0.215515
v -0.13937 0.0275574 0.205139
v -0.127747 0.0401917 0.215149
v -0.128033 0.0411987 0.214111
v -0.130848 0.0401306 0.213562
v -0.105125 0.0256958 0.212921
v -0.1003 0.0253296 0.210236
v -0.0937614 0.0296631 0.206329
v -0.0959702 0.0298462 0.205383
v -0.124138 0.0354004 0.213593
v -0.085804 0.0256348 0.19397
v -0.0947495 0.0272217 0.204529
v -0.11235 0.0369873 0.214325
v -0.123203 0.0396729 0.214996
v -0.130375 0.02771 0.208679
v -0.117626 0.0346069 0.215698
v -0.116634 0.0352173 0.214478
v -0.100422 0.0341187 0.209198
v -0.100388 0.0348511 0.207977
v -0.101528 0.035614 0.209045
v -0.142822 0.045105 0.150055
v -0.0832367 0.0263672 0.188568
v -0.0856972 0.0280762 0.189697
v -0.0837288 0.026886 0.189087
v -0.0848694 0.028717 0.185242
v -0.108345 0.0393066 0.214172
v -0.111256 0.0388489 0.215057
v -0.106083 0.0383606 0.214447
v -0.0859642 0.0320129 0.197968
v -0.0863457 0.0318298 0.197021
v -0.0874252 0.0338745 0.198242
v -0.143658 0.0517578 0.19986
v -0.138233 0.0352783 0.208191
v -0.138424 0.0338745 0.209656
v -0.135021 0.0352783 0.210693
v -0.144112 0.0499878 0.151367
v -0.084156 0.0330811 0.190033
v -0.0835228 0.0343018 0.185181
v -0.0843201 0.0342712 0.18866
v -0.119911 0.0339661 0.216034
v -0.126003 0.0321655 0.214294
v -0.100929 0.0372925 0.206909
v -0.123314 0.0370178 0.214294
v -0.0828857 0.0327454 0.185516
v -0.111504 0.0253906 0.214844
v -0.144115 0.0494995 0.148834
v -0.0894699 0.0300293 0.202148
v -0.0915756 0.0289307 0.203491
v -0.0902596 0.0271912 0.200195
v -0.13422 0.0343628 0.211945
v -0.093998 0.0310364 0.205902
v -0.0874443 0.0349121 0.194336
v -0.0845642 0.0385132 0.194794
v -0.12534 0.0288696 0.213776
v -0.0870628 0.0283508 0.193268
v -0.0852661 0.0307617 0.194427
v -0.0884438 0.0276184 0.194427
v -0.140625 0.0400085 0.208038
v -0.135643 0.0413208 0.209351
v -0.139469 0.0414734 0.20639
v -0.0850143 0.0322571 0.193604
v -0.0825157 0.0274048 0.175507
v -0.0834007 0.0258484 0.179565
v -0.136139 0.0367432 0.209381
v -0.117538 0.0329895 0.215424
v -0.083065 0.0366211 0.191223
v -0.0819435 0.0363159 0.188934
v -0.0878296 0.0299683 0.197266
v -0.0886459 0.0298462 0.200409
v -0.0908508 0.0272827 0.197449
v -0.13393 0.0353699 0.210449
v -0.133465 0.0402222 0.212555
v -0.133125 0.0411377 0.211334
v -0.133068 0.0320129 0.210785
v -0.134026 0.0311279 0.210419
v -0.10416 0.0400696 0.213593
v -0.111206 0.0413513 0.215057
v -0.102669 0.0415344 0.211548
v -0.103462 0.0397339 0.211639
v -0.116833 0.0293274 0.139404
v -0.117516 0.0276794 0.139465
v -0.120644 0.0281677 0.13916
v -0.107929 0.0271606 0.210114
v -0.0854378 0.0371704 0.197205
v -0.0868797 0.0381165 0.199707
v -0.134064 0.0293579 0.209076
v -0.083683 0.0280457 0.173981
v -0.0831795 0.026886 0.169617
v -0.127926 0.0276794 0.209747
v -0.0885582 0.0270081 0.155273
v -0.0865402 0.0263062 0.158081
v -0.0924644 0.0243225 0.154816
v -0.105896 0.0343628 0.213776
v -0.104862 0.0352478 0.212036
v -0.100746 0.0310364 0.207092
v -0.0835304 0.0248108 0.171539
v -0.0843658 0.0245056 0.170044
v -0.0833511 0.0313721 0.191132
v -0.105194 0.0419922 0.21225
v -0.0857353 0.0406189 0.196289
v -0.0885201 0.0407104 0.200134
v -0.135929 0.0313721 0.210754
v -0.0977898 0.0235596 0.20871
v -0.0950737 0.0310364 0.14856
v -0.0963554 0.0289001 0.147095
v -0.0973282 0.0304565 0.147064
v -0.0952187 0.0314331 0.203156
v -0.0953331 0.0345459 0.206848
v -0.097271 0.0339966 0.205902
v -0.100887 0.0291138 0.144012
v -0.097702 0.0280151 0.145203
v -0.101009 0.0270691 0.144257
v -0.138302 0.0296631 0.207611
v -0.13855 0.0308838 0.20929
v -0.128716 0.0321045 0.214172
v -0.127605 0.031311 0.213837
v -0.154663 0.0505676 0.168121
v -0.106113 0.0254822 0.143616
v -0.113312 0.025177 0.141327
v -0.105724 0.0291748 0.141602
v -0.10693 0.0308228 0.143097
v -0.102081 0.0299377 0.144043
v -0.0828247 0.0325012 0.19046
v -0.10141 0.0289001 0.143066
v -0.122368 0.0231934 0.14447
v -0.128258 0.0252686 0.143738
v -0.11869 0.0223083 0.144653
v -0.119816 0.0394897 0.215393
v -0.122047 0.0382385 0.215637
v -0.0974617 0.0313416 0.204987
v -0.0887718 0.0232849 0.162964
v -0.125977 0.0379028 0.213226
v -0.0837021 0.0296326 0.170044
v -0.0835838 0.0279541 0.165192
v -0.0893745 0.0258179 0.154144
v -0.11245 0.0285645 0.139648
v -0.0947113 0.0319519 0.205383
v -0.129448 0.0305176 0.142761
v -0.125633 0.0284729 0.140106
v -0.131336 0.0289307 0.141876
v -0.108891 0.0273438 0.139954
v -0.125404 0.0305786 0.141602
v -0.110249 0.0325317 0.215637
v -0.117367 0.0406494 0.215271
v -0.142475 0.0299377 0.151215
v -0.105927 0.0325928 0.213409
v -0.101753 0.0348816 0.211884
v -0.0838127 0.025238 0.185272
v -0.141548 0.0308228 0.152649
v -0.131767 0.0381775 0.212128
v -0.109081 0.0325623 0.214447
v -0.105064 0.0272827 0.142303
v -0.11388 0.034668 0.215424
v -0.0849304 0.0279846 0.159515
v -0.0863419 0.0292053 0.158051
v -0.137878 0.0270386 0.146729
v -0.134911 0.0227661 0.150208
v -0.083992 0.0316772 0.188477
v -0.106113 0.0365601 0.211945
v -0.099247 0.0230408 0.151855
v -0.0830002 0.0270386 0.165741
v -0.0843277 0.0254822 0.164429
v -0.10297 0.0401001 0.208282
v -0.10487 0.0360413 0.209869
v -0.0951042 0.0295105 0.204224
v -0.123402 0.0308228 0.215515
v -0.0915794 0.0315247 0.15033
v -0.0923996 0.0285034 0.151276
v -0.134514 0.0252686 0.146057
v -0.10965 0.0239258 0.213715
v -0.0831451 0.0269775 0.184631
v -0.0817146 0.0328064 0.178284
v -0.0822906 0.0306091 0.180084
v -0.0805206 0.0320435 0.179413
v -0.0832405 0.0302429 0.183807
v -0.0876732 0.025177 0.159576
v -0.0850487 0.0262756 0.161957
v -0.136593 0.0324707 0.209198
v -0.083149 0.0280457 0.17981
v -0.0830116 0.0285034 0.177246
v -0.117527 0.0371094 0.215668
v -0.139347 0.0285034 0.147491
v -0.100182 0.0408936 0.207062
v -0.142223 0.0286255 0.149017
v -0.102932 0.0419922 0.208069
v -0.138187 0.0322266 0.20932
v -0.103432 0.0246277 0.145599
v -0.0821686 0.0334778 0.181427
v -0.0945244 0.0398254 0.202301
v -0.0959167 0.0270386 0.148163
v -0.13702 0.0299683 0.146545
v -0.139977 0.0321045 0.147675
v -0.101601 0.0338135 0.210602
v -0.102467 0.0348511 0.209747
v -0.0813293 0.037262 0.184448
v -0.123638 0.0298767 0.14035
v -0.118771 0.0309143 0.141205
v -0.089962 0.0339661 0.202362
v -0.0976982 0.0238037 0.1539
v -0.0970535 0.0356445 0.205719
v -0.0980606 0.0427856 0.205261
v -0.0927544 0.0408936 0.201385
v -0.0817528 0.0353088 0.16922
v -0.0811653 0.0359497 0.172363
v -0.0824509 0.0339355 0.165649
v -0.0846825 0.0319214 0.160858
v -0.087738 0.0317078 0.155212
v -0.092762 0.0369263 0.200897
v -0.0921822 0.0394592 0.202393
v -0.0942307 0.0375671 0.201904
v -0.0923195 0.0341797 0.204895
v -0.0956497 0.0351868 0.205444
v -0.0903854 0.0372925 0.202667
v -0.0808144 0.038269 0.170502
v -0.12392 0.0339966 0.139679
v -0.126019 0.0325012 0.140015
v -0.0825691 0.0340881 0.177917
v -0.133194 0.0350647 0.142761
v -0.136791 0.0319214 0.144989
v -0.137428 0.0331421 0.144867
v -0.10461 0.0324707 0.213562
v -0.133476 0.0302124 0.144653
v -0.131054 0.0304871 0.144501
v -0.0967293 0.0249023 0.150879
v -0.130375 0.032074 0.142029
v -0.0925713 0.0260315 0.150421
v -0.0909767 0.0408325 0.203369
v -0.0897102 0.0383606 0.202301
v -0.0826073 0.0382385 0.167877
v -0.0815506 0.0395203 0.168213
v -0.0824776 0.0352783 0.16687
v -0.0804443 0.0314331 0.175171
v -0.138027 0.0288391 0.145294
v -0.134335 0.0284424 0.14325
v -0.0988617 0.0307922 0.145874
v -0.083477 0.0392761 0.192261
v -0.102318 0.0322266 0.211761
v -0.0852356 0.0335999 0.161469
v -0.0841484 0.0300293 0.162445
v -0.0977707 0.0300598 0.14505
v -0.140846 0.0371094 0.147583
v -0.134842 0.037384 0.143738
v -0.135448 0.035675 0.144775
v -0.0810089 0.0335999 0.171631
v -0.0824547 0.0310364 0.165955
v -0.103573 0.0376282 0.20816
v -0.122623 0.0410461 0.215118
v -0.0906448 0.0333862 0.151978
v -0.092762 0.0354919 0.149689
v -0.0901642 0.0346375 0.152832
v -0.127186 0.0345154 0.140381
v -0.125721 0.0357361 0.140533
v -0.127083 0.0365906 0.139862
v -0.131905 0.0389709 0.142578
v -0.130169 0.0375061 0.141663
v -0.0839806 0.0431213 0.194061
v -0.140003 0.0371704 0.206207
v -0.138443 0.0384521 0.209137
v -0.0910645 0.0329895 0.150604
v -0.0807457 0.0335999 0.176605
v -0.128819 0.026886 0.141724
v -0.082386 0.0391235 0.189484
v -0.0940285 0.0357361 0.202881
v -0.117096 0.041687 0.139099
v -0.115891 0.0387878 0.139191
v -0.117699 0.0348206 0.13913
v -0.128914 0.0382996 0.14212
v -0.0825806 0.0255432 0.180817
v -0.094532 0.0391235 0.147797
v -0.0898056 0.0374146 0.152832
v -0.115234 0.039978 0.140076
v -0.1106 0.0417786 0.139801
v -0.111839 0.0385437 0.139679
v -0.125507 0.0376282 0.139648
v -0.101315 0.0306396 0.208679
v -0.100338 0.0323792 0.211029
v -0.0893478 0.0349426 0.199432
v -0.0930023 0.0282898 0.150116
v -0.0811958 0.040863 0.172089
v -0.0802078 0.0371399 0.174469
v -0.0976105 0.0348816 0.144135
v -0.0965118 0.0332947 0.147003
v -0.0975418 0.0322876 0.146149
v -0.118507 0.0300293 0.140381
v -0.0971718 0.0352173 0.145599
v -0.0910339 0.0352173 0.202423
v -0.099453 0.0331726 0.145111
v -0.109344 0.0405579 0.140106
v -0.107849 0.036377 0.141235
v -0.0830421 0.0399475 0.190399
v -0.0949707 0.0335999 0.147003
v -0.139324 0.0347595 0.147217
v -0.141647 0.0348206 0.149261
v -0.144253 0.0325317 0.150085
v -0.109119 0.0295105 0.14035
v -0.138012 0.039917 0.14566
v -0.134396 0.0394287 0.143707
v -0.140003 0.038147 0.147278
v -0.0880508 0.0326843 0.156433
v -0.0875969 0.0343628 0.1586
v -0.0925064 0.0352173 0.201324
v -0.0849342 0.0387268 0.161926
v -0.082531 0.0403137 0.165497
v -0.0807533 0.035553 0.177734
v -0.090126 0.0421753 0.202423
v -0.0841942 0.0370178 0.16391
v -0.0840378 0.0339355 0.16571
v -0.0802155 0.037262 0.179749
v -0.141468 0.0337219 0.148621
v -0.0984726 0.0379639 0.144531
v -0.0969696 0.0380554 0.146118
v -0.0812607 0.0389404 0.185883
v -0.0931702 0.0324097 0.149231
v -0.119076 0.0329895 0.139862
v -0.0803299 0.0379333 0.176392
v -0.0817719 0.0412292 0.187225
v -0.080555 0.0387268 0.182373
v -0.14082 0.0413513 0.147797
v -0.0892258 0.0386658 0.154572
v -0.0916061 0.039856 0.151154
v -0.0813408 0.0380554 0.176086
v -0.0871086 0.0344238 0.195068
v -0.127502 0.0402222 0.140259
v -0.122837 0.0410767 0.139709
v -0.0807304 0.0405273 0.17453
v -0.0961685 0.0281677 0.148346
v -0.132561 0.0233765 0.147125
v -0.0883408 0.0423889 0.200928
v -0.143135 0.0406189 0.204254
v -0.113754 0.0380859 0.215607
v -0.0831909 0.0315247 0.164642
v -0.0819435 0.0362854 0.182037
v -0.114372 0.0325928 0.139587
v -0.114178 0.0306091 0.140839
v -0.0859032 0.0339355 0.15979
v -0.12088 0.0384521 0.13916
v -0.12093 0.0413818 0.214142
v -0.123009 0.0446472 0.213745
v -0.121975 0.0420227 0.212524
v -0.120464 0.0422668 0.213745
v -0.121544 0.0431824 0.215149
v -0.129074 0.0415039 0.210632
v -0.0864487 0.035614 0.157837
v -0.105701 0.0347595 0.141235
v -0.108738 0.0308228 0.142059
v -0.12458 0.0419922 0.140839
v -0.127922 0.0404663 0.141357
v -0.115292 0.0463257 0.214996
v -0.114956 0.0453186 0.214539
v -0.143524 0.0428162 0.204773
v -0.103767 0.0347595 0.142059
v -0.104301 0.0374451 0.14151
v -0.0912399 0.0416565 0.199341
v -0.113434 0.0475769 0.214386
v -0.113346 0.047821 0.21283
v -0.117912 0.048584 0.212769
v -0.118233 0.0443115 0.215118
v -0.103508 0.0421753 0.211121
v -0.125206 0.0420227 0.211884
v -0.115501 0.0498352 0.213196
v -0.086937 0.0223694 0.180267
v -0.14085 0.0448608 0.207275
v -0.115406 0.0371094 0.139526
v -0.0854263 0.0376282 0.15921
v -0.0864754 0.0394592 0.158203
v -0.124714 0.0440674 0.213684
v -0.0887108 0.0447083 0.201294
v -0.0904999 0.0443726 0.202362
v -0.107334 0.0422668 0.211517
v -0.11142 0.0421143 0.213623
v -0.142849 0.0513306 0.204193
v -0.143131 0.0484924 0.203674
v -0.142044 0.0499878 0.205322
v -0.121387 0.0473328 0.214508
v -0.123413 0.04776 0.212494
v -0.128757 0.0469055 0.213989
v -0.112518 0.0440674 0.214661
v -0.100567 0.0323181 0.144165
v -0.109947 0.0480957 0.211945
v -0.0904617 0.0460205 0.203125
v -0.10714 0.0473633 0.213593
v -0.0888977 0.0467529 0.2005
v -0.0816383 0.039032 0.18042
v -0.0807838 0.040863 0.182312
v -0.103722 0.0435791 0.212097
v -0.105793 0.0396423 0.141479
v -0.105774 0.0369873 0.141296
v -0.135441 0.0438232 0.209473
v -0.136425 0.045929 0.210571
v -0.137512 0.0431213 0.208954
v -0.137436 0.0465393 0.205414
v -0.136593 0.0463257 0.207977
v -0.130383 0.046936 0.211609
v -0.0820198 0.0373535 0.182404
v -0.139156 0.0322571 0.145325
v -0.110001 0.04599 0.214447
v -0.109901 0.0422974 0.211945
v -0.112698 0.0484924 0.211548
v -0.131432 0.0458069 0.21286
v -0.120884 0.0480347 0.212433
v -0.131508 0.0412903 0.21051
v -0.0821037 0.0427856 0.190125
v -0.0820045 0.0447693 0.188873
v -0.0818596 0.0393982 0.175751
v -0.0798569 0.041748 0.178528
v -0.0909996 0.0432739 0.198395
v -0.126537 0.0479431 0.210205
v -0.0873566 0.0473328 0.197906
v -0.0865631 0.0492859 0.197632
v -0.107857 0.0448914 0.214111
v -0.130474 0.041687 0.141602
v -0.0972252 0.0489807 0.205597
v -0.0987587 0.0508423 0.208221
v -0.0988998 0.0486145 0.208221
v -0.101612 0.0350647 0.142761
v -0.10062 0.0476074 0.208496
v -0.102299 0.0437622 0.209747
v -0.102345 0.0452881 0.207947
v -0.132061 0.0500793 0.210022
v -0.135353 0.04953 0.208527
v -0.137871 0.0484619 0.207458
v -0.093708 0.0496826 0.205231
v -0.0965843 0.0479736 0.204956
v -0.100914 0.0352173 0.144623
v -0.11158 0.0350037 0.139709
v -0.0940208 0.0434265 0.200775
v -0.102543 0.0369263 0.1427
v -0.130966 0.0444336 0.21286
v -0.0919838 0.0488281 0.203125
v -0.123806 0.050354 0.213806
v -0.124058 0.0487366 0.211792
v -0.0906906 0.0470886 0.201843
v -0.0911026 0.0522766 0.203491
v -0.0857811 0.0428772 0.197144
v -0.117836 0.050293 0.2146
v -0.116421 0.0418701 0.213989
v -0.139961 0.0447693 0.206726
v -0.100773 0.0469666 0.211182
v -0.102242 0.0480042 0.210052
v -0.106537 0.0480347 0.211731
v -0.0811653 0.0446777 0.18576
v -0.13353 0.0526123 0.209442
v -0.129738 0.0529785 0.210663
v -0.128365 0.0535889 0.208954
v -0.141998 0.0403442 0.148315
v -0.0806999 0.0432129 0.172882
v -0.085434 0.0458374 0.194336
v -0.0840034 0.047821 0.191833
v -0.132591 0.0430908 0.210358
v -0.102383 0.0439148 0.207001
v -0.134445 0.0500183 0.2099
v -0.0883102 0.0509338 0.199371
v -0.11237 0.0522461 0.213806
v -0.111717 0.050415 0.213684
v -0.109863 0.0513916 0.213135
v -0.0844727 0.045166 0.194275
v -0.0836067 0.0454102 0.190887
v -0.0987015 0.0435486 0.20459
v -0.118416 0.0547791 0.21228
v -0.119392 0.0562439 0.213745
v -0.121143 0.054718 0.211792
v -0.0918655 0.0461731 0.201752
v -0.140381 0.0515442 0.206085
v -0.138691 0.0523071 0.203491
v -0.0833931 0.0553589 0.191376
v -0.0832481 0.0539551 0.189117
v -0.110405 0.0567322 0.212341
v -0.107826 0.058197 0.212402
v -0.107864 0.0595093 0.211945
v -0.118374 0.0535889 0.214691
v -0.113426 0.0541687 0.213837
v -0.100292 0.0592651 0.209167
v -0.106022 0.0513306 0.212555
v -0.137341 0.0543518 0.205505
v -0.139721 0.0544739 0.205902
v -0.113785 0.0583191 0.212402
v -0.109966 0.059967 0.211304
v -0.0839996 0.0523682 0.191376
v -0.126564 0.0549622 0.212616
v -0.127968 0.0565186 0.211792
v -0.126286 0.0538025 0.210724
v -0.0836525 0.0420837 0.162445
v -0.139256 0.0568237 0.207031
v -0.135094 0.0526123 0.20578
v -0.132378 0.0519409 0.211761
v -0.0932312 0.053894 0.204193
v -0.0875053 0.0538025 0.198395
v -0.0912666 0.0553284 0.202667
v -0.129833 0.0578918 0.21225
v -0.135456 0.0578308 0.209656
v -0.136036 0.0566406 0.208374
v -0.134315 0.0584412 0.207764
v -0.135609 0.0582886 0.207794
v -0.0810471 0.0502319 0.186462
v -0.0830956 0.0495911 0.191528
v -0.0849686 0.0506592 0.19519
v -0.109661 0.0548401 0.21283
v -0.113705 0.0549622 0.212158
v -0.097084 0.0533142 0.208282
v -0.0825233 0.0455627 0.187531
v -0.10191 0.0418701 0.142792
v -0.13039 0.0554199 0.210144
v -0.108704 0.0538635 0.213318
v -0.122025 0.053894 0.213043
v -0.129398 0.0527039 0.21286
v -0.138515 0.0519104 0.20871
v -0.0876236 0.0522156 0.19751
v -0.091774 0.0599976 0.201904
v -0.0916176 0.0587463 0.203552
v -0.0886879 0.059082 0.199127
v -0.125828 0.0461426 0.214142
v -0.0875053 0.0522766 0.199493
v -0.0844269 0.0562134 0.192993
v -0.139629 0.0461426 0.207367
v -0.10601 0.0453186 0.213287
v -0.124104 0.0563354 0.213165
v -0.128948 0.0584717 0.212189
v -0.106373 0.0547485 0.211304
v -0.104763 0.0538025 0.21228
v -0.0831451 0.0507202 0.191132
v -0.138039 0.0579834 0.205933
v -0.101562 0.0453796 0.211334
v -0.139771 0.0504456 0.207245
v -0.0960045 0.059021 0.206757
v -0.131752 0.0589905 0.20932
v -0.133366 0.0530701 0.208405
v -0.120567 0.0588074 0.213531
v -0.11488 0.0592957 0.213409
v -0.0830421 0.0570984 0.188477
v -0.121651 0.0539856 0.214081
v -0.0806427 0.0432739 0.175232
v -0.079464 0.043457 0.175964
v -0.0812073 0.0436401 0.168884
v -0.0826492 0.0441589 0.170563
v -0.0812607 0.044281 0.171783
v -0.116581 0.0516052 0.213501
v -0.085968 0.0516968 0.19455
v -0.0991096 0.0543823 0.208221
v -0.102444 0.0545654 0.209503
v -0.0862465 0.0428162 0.158478
v -0.0839119 0.0455933 0.160004
v -0.0837021 0.0445251 0.161682
v -0.0817108 0.0473022 0.187897
v -0.0815582 0.0480347 0.167175
v -0.0805511 0.0486145 0.169922
v -0.128677 0.0592041 0.209625
v -0.122875 0.0530701 0.213898
v -0.121418 0.0510559 0.213287
v -0.0881195 0.0439758 0.155121
v -0.122414 0.0563049 0.212402
v -0.106289 0.0418091 0.1409
v -0.0862389 0.0578613 0.194153
v -0.13549 0.04422 0.143799
v -0.134048 0.0419312 0.143829
v -0.137196 0.0434875 0.144653
v -0.0803337 0.0478516 0.1763
v -0.0803299 0.0458984 0.17749
v -0.0814514 0.0444336 0.17627
v -0.0821953 0.0454407 0.168365
v -0.087738 0.0556641 0.198822
v -0.0885162 0.058136 0.19754
v -0.0885582 0.0575562 0.199432
v -0.0826797 0.0487366 0.162323
v -0.0830956 0.0499573 0.163208
v -0.0802765 0.048645 0.173523
v -0.0814095 0.0453491 0.173981
v -0.0868797 0.050354 0.155609
v -0.138203 0.0579834 0.207642
v -0.0862083 0.0550537 0.19751
v -0.136467 0.0517883 0.209808
v -0.0822258 0.0441895 0.165741
v -0.0814934 0.0423584 0.167145
v -0.0824547 0.0591125 0.188446
v -0.104122 0.0505981 0.212067
v -0.104664 0.0478516 0.210236
v -0.0810013 0.0491943 0.184784
v -0.0797501 0.049469 0.179443
v -0.0805588 0.0494385 0.180908
v -0.122784 0.0428467 0.139496
v -0.13644 0.0458984 0.144623
v -0.132397 0.0462036 0.143585
v -0.130043 0.0451965 0.141357
v -0.126328 0.0596619 0.210968
v -0.142334 0.045166 0.148651
v -0.138786 0.0473022 0.145569
v -0.10083 0.0509033 0.210083
v -0.130264 0.0466919 0.141968
v -0.132988 0.0472412 0.142365
v -0.13279 0.049469 0.141754
v -0.109432 0.0435181 0.140137
v -0.118671 0.057373 0.212799
v -0.117714 0.0560608 0.214203
v -0.0802612 0.0452881 0.180634
v -0.116749 0.0563049 0.213043
v -0.0869675 0.045105 0.15567
v -0.127258 0.04953 0.139771
v -0.0860748 0.04776 0.156555
v -0.087059 0.0463257 0.157257
v -0.131142 0.0423279 0.142242
v -0.127495 0.0476685 0.140045
v -0.0804329 0.0498657 0.176147
v -0.0799675 0.0472107 0.180786
v -0.0793343 0.047821 0.177643
v -0.12318 0.0492249 0.138885
v -0.125526 0.0464172 0.139954
v -0.0825729 0.043335 0.163696
v -0.0922852 0.0566406 0.204224
v -0.126236 0.043335 0.140198
v -0.0976562 0.0544434 0.206787
v -0.0794792 0.048645 0.174713
v -0.104122 0.0589294 0.211517
v -0.0846672 0.0477295 0.15921
v -0.111214 0.0490723 0.139374
v -0.116886 0.0449524 0.138855
v -0.114773 0.0447998 0.139465
v -0.139694 0.0490723 0.145569
v -0.0850067 0.0516052 0.191864
v -0.141983 0.0427856 0.147644
v -0.126389 0.046051 0.140656
v -0.098896 0.0528564 0.209503
v -0.139462 0.0578003 0.203583
v -0.0950699 0.0570679 0.204865
v -0.12035 0.0447693 0.138824
v -0.122139 0.0465088 0.139404
v -0.113163 0.0466919 0.139801
v -0.0861664 0.0462646 0.156921
v -0.0914497 0.0566101 0.20224
v -0.116383 0.0485535 0.13916
v -0.121056 0.0486145 0.139679
vn 0.767274 -0.639029 0.0541483
vn 0.960649 -0.25666 0.1062
vn 0.778132 -0.577375 -0.247281
vn 0.785781 -0.555291 -0.272397
vn 0.846562 0.0074596 -0.532238
vn 0.98667 -0.05935 -0.151525
vn 0.872658 -0.481794 0.0796384
vn 0.901017 -0.368534 0.228801
vn 0.818391 0.535825 0.207673
vn 0.971048 0.231687 0.0581955
vn -0.833293 -0.0631307 -0.549215
vn -0.848625 -0.309584 -0.428945
vn -0.701346 -0.529509 -0.477215
vn 0.518853 0.390243 -0.760593
vn 0.581001 -0.170684 -0.795805
vn 0.624337 0.167989 -0.762878
vn 0.755619 -0.28587 -0.589338
vn 0.522387 -0.724222 -0.450127
vn 0.876052 -0.297341 -0.379633
vn 0.54572 -0.494634 -0.676407
vn 0.803842 0.305458 -0.510425
vn 0.767035 0.136481 -0.626922
vn -0.254045 -0.457866 -0.85195
vn -0.101872 -0.240368 -0.965321
vn -0.320452 -0.218179 -0.921796
vn 0.326429 -0.237667 -0.914854
vn 0.185052 -0.45076 -0.873253
vn 0.320049 -0.0965793 -0.942465
vn -0.622555 0.0702199 -0.779419
vn -0.577384 -0.0425571 -0.815363
vn -0.543374 0.0211771 -0.839224
vn 0.744395 0.0642566 -0.66464
vn 0.0400322 -0.585825 -0.809448
vn -0.0173045 -0.212059 -0.977104
vn 0.79391 0.266372 -0.546583
vn 0.739321 -0.384493 -0.552783
vn 0.803885 -0.23264 -0.547401
vn -0.13601 -0.0297999 -0.990259
vn 0.565768 -0.33678 -0.752653
vn 0.283619 -0.0454445 -0.95786
vn 0.247225 -0.418729 -0.873811
vn 0.36486 -0.168889 -0.915617
vn 0.28011 -0.00945457 -0.959921
vn -0.247162 0.0423067 -0.96805
vn -0.399108 -0.19385 -0.896178
vn 0.746596 -0.633398 0.203473
vn 0.666288 -0.735957 0.120115
vn 0.901261 0.328618 -0.282381
vn 0.82975 -0.387196 0.401987
vn 0.762924 -0.573209 0.298962
vn -0.855901 -0.393587 -0.335443
vn -0.861116 0.216403 -0.460053
vn -0.35777 -0.599216 0.716199
vn -0.173732 -0.711008 0.681385
vn -0.355488 -0.405381 0.842196
vn -0.859324 0.467571 -0.207219
vn -0.734598 0.674168 -0.0765726
vn -0.894587 -0.426074 -0.134812
vn -0.956593 -0.291315 0.00812688
vn -0.763544 -0.640892 -0.0791144
vn -0.70413 -0.594178 0.388785
vn -0.817698 -0.516027 0.25512
vn -0.876256 -0.275921 0.395023
vn -0.935929 -0.334898 0.108996
vn -0.924735 -0.232256 0.301534
vn -0.981221 -0.102067 0.163667
vn -0.952597 -0.301226 0.0426772
vn 0.0005593 0.99923 0.0392314
vn -0.00709401 1.59264 0.0822679
vn -0.000593287 2.2258 0.117282
vn 0.00125829 0.999165 0.0408476
vn 0.00662519 2.09288 0.0897671
vn 0.00735808 1.65744 0.0680862
vn -0.00344952 0.998922 0.0462899
vn -0.00736113 2.32525 0.135394
vn -0.0166424 1.86149 0.144047
vn 0.00769817 1.79989 0.0717131
vn -0.0067755 1.9562 0.114162
vn 0.0142455 0.99818 0.0586017
vn 0.0351631 0.998942 0.02964
vn 0.104704 2.99547 0.0984562
vn 0.0628931 2.99448 0.156391
vn 0.00822561 0.998047 0.0619265
vn -0.549905 0.746181 0.375257
vn 0.017809 0.998913 0.0430787
vn -0.0106163 0.99908 0.0415595
vn -0.0122769 2.60136 0.1138
vn 0.0379024 2.52201 0.112913
vn 0.0131647 0.999421 0.0313836
vn -0.0092083 2.12101 0.0949946
vn -0.870348 -0.038192 0.490953
vn -0.956268 0.00583078 0.292433
vn -0.955149 -0.0620626 0.289548
vn -0.852276 0.0275968 0.522364
vn -0.835775 0.482705 0.26168
vn -0.0640999 0.995268 0.0730255
vn -0.952926 -0.0716952 0.294605
vn -0.855574 -0.164174 0.490959
vn 0.0254973 0.999412 0.0229235
vn 0.0333418 1.71015 0.0649785
vn 0.0853183 2.99442 0.0849649
vn 0.00156441 0.998327 0.0577947
vn 0.0154541 1.88087 0.107216
vn 0.00882436 1.98533 0.112846
vn -0.967984 -0.105753 0.227649
vn -0.874357 0.420445 0.242335
vn -0.205742 0.968829 0.137984
vn -0.73603 0.671291 0.0873416
vn -0.763693 0.629292 -0.144099
vn -0.95609 -0.157856 -0.246926
vn -0.782325 0.593995 -0.187451
vn 0.00497171 0.999502 0.0311464
vn -0.0146249 1.97576 0.0554445
vn -0.0293832 2.41852 0.112113
vn -0.971422 -0.133278 0.196408
vn -0.754635 0.652363 0.0703405
vn 0.000425155 0.998566 0.0535271
vn -0.0758982 0.996061 0.0458543
vn -0.0132164 0.997263 0.0727432
vn 0.0128667 0.99833 0.0563143
vn -0.00132857 1.97796 0.0937144
vn -0.994023 -0.0922322 -0.0584101
vn -0.998925 -0.035992 -0.0291977
vn -0.983021 -0.121318 -0.137667
vn 0.011409 2.41676 0.0582132
vn -0.0609934 0.996328 0.0600936
vn -0.114228 1.77268 0.124608
vn -0.0768047 1.27308 0.0812856
vn -0.0771054 1.56177 0.0791087
vn 0.0256138 2.49877 0.103884
vn -0.932285 -0.147614 -0.330235
vn -0.946085 0.0765889 -0.314733
vn -0.898075 -0.13279 -0.419318
vn -0.87445 -0.175766 -0.452155
vn -0.955958 0.134606 0.260818
vn -0.939794 0.2592 0.222715
vn -0.969524 -0.0433512 0.241131
vn -0.891563 0.067937 -0.447773
vn -0.99047 -0.0195469 -0.136336
vn 0.0319993 0.996807 0.0731618
vn 0.0104038 0.998191 0.0592177
vn -0.989235 0.145658 -0.0140329
vn 0.014918 0.99748 0.0693643
vn 0.0124715 0.997913 0.0633647
vn 0.00943748 0.99863 0.051465
vn -0.0141319 0.999848 0.0102299
vn -0.0734978 2.32152 0.0867715
vn -0.00283583 1.56365 0.0258856
vn -0.852793 0.425057 -0.303432
vn 0.0114697 1.463 0.0105047
vn 0.0031395 0.998239 0.0592372
vn 0.00321109 1.00253 0.0594921
vn 0.00310863 1.0066 0.0597521
vn 0.00331086 1.00528 0.0597214
vn 0.00299413 1.0175 0.0609543
vn -0.0371966 2.51792 0.218682
vn -0.0375117 2.30111 0.216819
vn -0.0262408 1.63483 0.0603448
vn -0.923656 -0.301859 0.236094
vn -0.971853 -0.0125174 0.235254
vn -0.929053 -0.254593 0.268408
vn -0.873267 -0.246738 0.420148
vn 0.020099 0.997403 0.0691599
vn -0.866183 0.160489 0.473256
vn 0.0272765 0.997675 0.0624466
vn 0.0328671 2.2192 0.173334
vn -0.86188 0.296363 0.4115
vn -0.983226 -0.180431 0.0266771
vn -0.968623 -0.0792309 -0.235568
vn -0.99894 0.00159849 -0.0460048
vn -0.996441 -0.0663515 0.0519927
vn 0.0187541 0.998246 0.0561578
vn -0.919469 -0.203466 0.336421
vn -0.860559 -0.0458107 0.507287
vn -0.671891 0.586997 0.451661
vn -0.974472 0.195954 0.109572
vn -0.964139 0.0966429 -0.247178
vn -0.916777 -0.201755 -0.344695
vn -0.995474 0.0804149 0.0506532
vn -0.69276 0.713433 -0.105346
vn -0.920765 -0.342027 -0.18764
vn -0.981176 -0.0899721 0.170877
vn -0.969296 -0.0572996 0.239128
vn 0.0576197 2.884 0.162643
vn 0.0678575 2.74844 0.152593
vn -0.965277 -0.0967604 0.242648
vn -0.874059 -0.311914 -0.372466
vn -0.851129 -0.193597 -0.487955
vn -0.937782 -0.198046 -0.285208
vn -0.990533 0.105563 0.087754
vn -0.999917 0.0128595 0.000901963
vn -0.949768 0.0532905 0.308384
vn -0.932937 -0.357126 0.0457086
vn -0.973522 -0.226726 0.0291714
vn 0.0407396 2.85655 0.164497
vn -0.99977 0.0199782 -0.00781535
vn -0.846263 -0.280743 0.452793
vn -0.921291 0.201304 -0.332715
vn -0.949017 -0.292966 -0.11635
vn -0.909564 0.0506834 -0.412462
vn 0.00318724 1.01098 0.06007
vn -0.354099 0.895561 -0.269414
vn -0.636092 0.268651 -0.723335
vn -0.88089 0.166129 0.443208
vn -0.890133 -0.344101 0.298759
vn -0.662266 -0.150268 -0.734046
vn 0.0148317 0.998988 0.0424501
vn 0.0201488 1.50139 0.0663657
vn 0.026003 1.80945 0.0779316
vn 0.0258566 2.74083 0.15836
vn 0.00233944 0.99842 0.0561507
vn 0.0135269 0.997313 0.0720017
vn 0.0307994 2.735 0.174132
vn 0.0025694 1.05149 0.0588468
vn 0.0185606 1.42059 0.0599963
vn 0.00831747 0.998578 0.0526544
vn 0.0187581 1.99052 0.101157
vn 0.0172035 1.82735 0.095486
vn 0.0106699 2.99303 0.126208
vn -0.619518 0.235037 -0.748969
vn 0.00123908 0.998666 0.0516212
vn 0.0120208 2.54298 0.126332
vn 0.00700579 0.999313 0.0363978
vn 0.0435894 0.994002 0.100298
vn 0.0911535 2.98442 0.249709
vn 0.116042 2.82371 0.263225
vn 0.00238115 1.00675 0.056677
vn 0.00953112 0.998506 0.0538008
vn 0.0178949 2.02232 0.102213
vn 7.0448e-05 2.99388 0.148974
vn 0.00578368 0.998883 0.0468914
vn 0.0459651 2.99556 0.132959
vn 0.0119798 2.35253 0.0931274
vn -0.0102034 0.996376 0.0844447
vn 0.00215564 0.998831 0.0482937
vn 0.0230932 1.95603 0.0839293
vn 0.0154691 1.91862 0.0884162
vn 0.0302344 2.24987 0.148917
vn 0.00640951 2.53887 0.101978
vn -0.561647 0.631322 0.534776
vn -0.0297326 0.995095 0.0943481
vn -0.00783818 0.996886 0.0784633
vn 0.00792476 2.74945 0.148595
vn 0.172075 0.579292 0.796751
vn 0.045686 0.914303 0.402446
vn 0.00294261 0.99833 0.0576908
vn -0.161196 0.833996 0.527699
vn 0.305726 0.560177 0.769892
vn 0.0383981 0.995188 0.0901427
vn 0.0212027 0.998579 0.0489002
vn 0.00665027 0.998579 0.0528792
vn -0.0915645 0.393123 0.914915
vn -0.00725078 0.999445 0.0325088
vn 0.761888 -0.141886 0.631977
vn 0.366355 0.800772 0.473866
vn 0.575079 0.629837 0.5221
vn 0.0037258 0.99888 0.0471783
vn -0.00720872 4.09605 0.205858
vn 0.0150439 3.91256 0.176394
vn -0.0424349 0.998645 0.0301349
vn -0.0356561 0.998476 0.042126
vn -0.0331799 0.996859 0.0719063
vn 0.0461726 0.998272 0.0363458
vn -0.330659 0.518851 0.788326
vn 0.121145 0.987539 0.100456
vn 0.0134295 0.998804 0.0470168
vn 0.00889481 0.996525 0.0828201
vn -0.0100804 0.999507 0.0297211
vn -0.0394011 2.99121 0.21033
vn -0.0391504 2.99714 0.100885
vn 0.0725287 0.993308 0.0898809
vn 0.176205 2.9077 0.250384
vn 0.0589166 0.996206 0.0640497
vn -0.00303999 0.999941 0.01039
vn -0.0182163 0.995017 0.0980249
vn -0.0410102 0.992338 0.11655
vn -0.0296253 0.999421 0.0167472
vn -0.0246588 0.998766 0.0431206
vn -0.042841 0.998528 0.0332567
vn 0.0428824 0.997663 0.0531977
vn -0.131925 -0.218381 0.966905
vn -0.395791 -0.123286 0.910027
vn -0.372089 -0.115083 0.921035
vn 0.0475221 0.0277496 0.998485
vn 0.0290651 0.997511 0.0642418
vn 0.52275 0.505381 0.686529
vn -0.0238863 0.999398 0.0251496
vn -0.0904713 -0.117149 0.988985
vn -0.0230381 -0.125209 0.991863
vn -0.0379748 0.996925 0.0685421
vn -0.147435 4.00949 0.271637
vn -0.0536971 4.00873 0.300196
vn 0.00972404 4.79392 0.378321
vn 0.0259874 0.996515 0.079264
vn -0.0789614 0.989111 0.124198
vn 0.221062 -0.207083 0.953021
vn 0.0670464 -0.0917861 0.993519
vn -0.0379304 0.985917 0.162876
vn -0.465959 0.373811 0.801965
vn -0.0523892 0.99295 0.106325
vn -0.100724 2.98371 0.261865
vn -0.728155 -0.105872 0.677186
vn 0.0116274 0.996431 0.0836124
vn 0.142233 3.81205 0.152429
vn 0.0573395 3.81328 0.174094
vn -0.0234784 0.997413 0.0679456
vn -0.0811354 3.40986 0.230766
vn -0.110131 3.409 0.231967
vn 0.432984 7.02594 0.60617
vn 0.225627 3.19709 0.285158
vn -0.128178 4.97606 0.228797
vn -0.103818 4.97369 0.280423
vn -0.0775709 4.54011 0.303948
vn 0.0298571 0.982622 0.183203
vn -0.0162289 0.99564 0.0918546
vn 0.225026 3.20539 0.292289
vn 0.172318 3.21538 0.185225
vn 0.15442 3.80217 0.168233
vn 0.439258 -0.21118 0.873187
vn 0.430575 -0.168339 0.886717
vn 0.53867 -0.155012 0.828134
vn 0.77211 0.204168 0.601798
vn 0.637586 0.152574 0.755119
vn 0.817615 0.0559304 0.573043
vn -0.206077 -0.0335093 0.977962
vn -0.516977 -0.0100619 0.85594
vn -0.730764 0.0846121 0.677366
vn -0.63028 -0.107944 0.768827
vn 0.861469 -0.00807568 0.507746
vn 0.878866 0.251459 0.405416
vn 0.935729 -0.139197 0.324091
vn 0.0505434 0.996259 0.0700951
vn 0.0930212 4.79339 0.35287
vn 0.170699 4.64902 0.319195
vn -0.0705537 3.04395 0.207305
vn -0.0714112 3.08475 0.209073
vn 0.173981 -0.0964893 0.98001
vn 0.141673 0.0140969 0.989813
vn -0.758991 0.0937166 0.644322
vn -0.77241 0.0368235 0.634056
vn -0.774309 -0.0271488 0.632226
vn 0.584515 -0.053389 0.809625
vn 0.212453 4.40629 0.254606
vn 0.520764 0.00957637 0.853647
vn 0.00357497 0.997341 0.072795
vn -0.0091006 0.997206 0.0741434
vn 0.405177 0.0247707 0.913903
vn -0.592659 -0.182632 0.784475
vn -0.433155 -0.255866 0.864239
vn 0.653317 -0.053963 0.755159
vn 0.211198 0.0193282 0.977252
vn 0.000806294 4.76477 0.094335
vn -0.0644258 4.76194 0.157809
vn 0.737354 0.625436 0.255224
vn 0.728612 -0.130434 0.672392
vn 0.641071 -0.179058 0.746302
vn -0.423313 -0.205742 0.882313
vn -0.647808 -0.0342139 0.761035
vn -0.421346 -0.0499351 0.905524
vn 0.00151219 3.91461 0.102816
vn -0.00896235 3.18821 0.0348705
vn 0.957769 -0.0556784 0.282097
vn -0.466109 0.0633106 0.882459
vn 0.890601 0.0723001 0.449001
vn 0.919193 -0.204203 0.336728
vn 0.847159 0.0171486 0.531063
vn 0.981499 0.105183 0.159988
vn 0.727984 0.0078611 0.685549
vn 0.647427 -0.0322738 0.761444
vn 0.877301 0.132353 0.461331
vn -0.405614 -0.222162 0.886635
vn 0.550886 -0.193712 0.811788
vn 0.0343493 0.998725 0.0370066
vn 0.845331 0.534215 -0.00555785
vn 0.663746 0.739133 0.114555
vn 0.964382 -0.230071 0.130516
vn 0.96896 -0.208969 0.132089
vn 0.989429 -0.134812 -0.0534499
vn 0.014547 0.997102 0.0746773
vn 0.140461 4.40798 0.26377
vn 0.0772423 4.34292 0.269376
vn -0.449674 0.830611 -0.328449
vn -0.0107286 0.998662 0.050587
vn 0.128651 0.991307 0.0275624
vn 0.51957 4.10879 0.0853676
vn 0.458354 3.7645 0.150218
vn 0.721561 0.692237 0.0125297
vn 0.0630183 4.31586 0.392946
vn 0.0409587 4.40222 0.272087
vn 0.0053323 0.993652 -0.112371
vn 0.0151508 0.998425 0.0540105
vn 0.0111267 0.999395 0.0329579
vn 0.463974 0.792555 -0.395708
vn 0.0227864 0.99624 0.083591
vn 0.00141727 0.998122 0.0612484
vn 0.673792 0.724555 -0.144995
vn 0.0447451 0.996742 0.0670992
vn 0.154234 0.988012 0.00665815
vn -0.859096 -0.0741123 -0.50642
vn -0.0630109 0.99595 0.0641327
vn -0.745355 -0.1378 -0.652271
vn -0.634532 0.0850958 -0.768198
vn -0.819468 -0.125342 -0.559251
vn 0.0183092 0.996995 0.0752693
vn 0.074967 3.96224 0.202193
vn 0.0812836 3.95937 0.24471
vn 0.0760134 3.64729 0.260078
vn 0.916725 -0.0461612 -0.396843
vn 0.940851 -0.191843 -0.279276
vn 0.98183 0.0406065 -0.185366
vn 0.931317 -0.364209 0.00122125
vn -0.013089 0.999577 0.0259617
vn 0.93202 0.0435356 -0.359782
vn 0.839065 0.37123 -0.397691
vn 0.975018 0.203672 0.08864
vn 0.991028 0.124084 0.0496657
vn 0.940598 0.17848 -0.288826
vn 0.988742 0.0920651 -0.117956
vn 0.928781 0.25589 -0.268115
vn -0.0177971 0.999579 -0.0229069
vn -0.0097544 3.87086 -0.0786999
vn -0.0437181 3.68888 -0.0666398
vn 0.981708 -0.13816 -0.131
vn -0.087317 0.995543 0.0356407
vn 0.988632 -0.14745 -0.0294116
vn 0.0194989 0.998493 0.0512972
vn 0.0774278 4.7202 0.323989
vn 0.0798074 4.72321 0.276046
vn 0.0838002 4.85636 0.237139
vn 0.0146011 0.999217 0.0367695
vn 0.0207231 0.998667 0.0472685
vn -0.0460676 0.998372 0.0336381
vn -0.202688 0.908639 -0.365094
vn -0.843535 0.0236247 -0.536554
vn -0.800173 -0.0270022 -0.599161
vn 0.971754 0.225909 0.068261
vn 0.970289 0.241661 -0.0117794
vn 0.987267 0.0967062 0.126298
vn 0.855283 -0.0800052 -0.511947
vn 0.0654614 4.94151 0.183106
vn 0.0777055 4.94041 0.204104
vn 0.0899432 4.95065 0.225299
vn 0.951704 0.306163 -0.0228756
vn -0.482135 0.502877 -0.717399
vn 0.90986 0.00336813 -0.414902
vn 0.975037 -0.19028 -0.114438
vn -0.0638168 0.990205 -0.124182
vn 0.955568 0.247578 -0.159987
vn 0.871059 0.0218827 -0.49069
vn 0.269164 4.3906 0.177856
vn 0.432216 3.80905 0.0914525
vn 0.545306 0.488457 -0.681213
vn 0.670285 -0.0738557 -0.738419
vn -0.103023 -0.0721735 -0.992057
vn -0.113178 0.435948 -0.892827
vn -0.248427 -0.0943619 -0.964043
vn -0.717623 0.103446 -0.688706
vn -0.0100295 0.998946 0.0447952
vn 0.0222588 0.996982 0.0743694
vn 7.66226e-05 0.998594 0.0530113
vn -0.282651 0.618723 -0.733001
vn -0.485265 -0.18085 -0.855459
vn -0.0349617 4.04945 -0.00601598
vn 0.165462 3.78106 0.0492809
vn 0.0146692 0.997441 0.0699661
vn 0.0218885 1.95159 0.130047
vn 0.0224413 1.66936 0.113163
vn 0.106661 0.555789 -0.824452
vn -0.0163604 0.999799 0.0115538
vn 0.733552 -0.0276642 -0.67907
vn 0.663392 -0.0950298 -0.742213
vn 0.636811 0.118852 -0.761804
vn 0.926407 0.364118 -0.095857
vn 0.049579 -0.0813621 -0.995451
vn 0.135459 0.982794 -0.125564
vn 0.0122052 0.998054 0.0611537
vn 0.364595 0.784294 -0.501949
vn -0.353042 -0.0877832 -0.93148
vn -0.139868 -0.0280013 -0.989774
vn -0.134757 0.889127 -0.437372
vn 0.0195835 0.999423 0.0277429
vn 0.15938 0.734799 -0.659294
vn 0.316515 0.772572 -0.550409
vn 0.15635 -0.0697458 -0.985236
vn -0.00212321 0.998722 0.0504851
vn -0.00295075 1.97602 0.102452
vn 0.0610109 3.69291 0.269219
vn 0.014108 0.997564 0.0683158
vn 0.977278 0.187859 -0.0981635
vn 0.0158851 2.01356 0.134114
vn -0.273586 0.0810296 -0.958428
vn -0.00822844 0.998651 0.0512675
vn 0.369958 -0.13942 -0.918528
vn 0.0221775 3.68658 0.0871946
vn 0.0155555 0.998886 0.0445452
vn 0.468442 -0.0230501 -0.883194
vn 0.0165049 1.54434 0.0936022
vn 0.0148083 1.22528 0.0779688
vn -0.554524 -0.192487 -0.8096
vn 0.0740047 4.85782 0.208084
vn 0.114101 -0.0921166 -0.989189
vn 0.389568 0.739042 -0.549593
vn -0.381155 0.0614799 -0.922465
vn 0.352299 -0.00194841 -0.935886
vn -0.50021 0.0550592 -0.864152
vn 0.00878252 0.998943 0.0451134
vn 0.516121 0.0270177 -0.856089
vn 0.016197 0.997996 0.0611672
vn 0.015016 0.998338 0.0556306
vn -0.0148835 0.998085 0.0600366
vn 0.00312371 0.998823 0.0483982
vn 0.0221632 4.54131 0.227567
vn -0.0138513 4.53983 0.250844
vn -0.0456672 4.37421 0.261763
vn 0.0108395 0.998342 0.0565293
vn 0.0194747 2.23092 0.136894
vn 0.0170845 1.82113 0.121445
vn 0.458615 -0.0354022 -0.88793
vn 0.00155333 0.998593 0.0530141
vn 0.00461109 3.05644 0.162496
vn 0.00447792 3.09249 0.165032
vn 0.0161994 0.997775 0.0646662
vn -0.00655759 0.998315 0.0576634
vn -0.00879518 2.30539 0.143629
vn 0.0198114 4.92993 0.228869
vn 0.601331 -0.0552544 -0.797087
vn 0.00419996 0.998462 0.0552848
vn 0.00977126 3.09231 0.169577
vn 0.012317 3.50616 0.198065
vn 0.0246362 1.74355 0.119369
vn 0.026302 2.0515 0.128088
vn 0.0547443 4.95095 0.227558
vn 0.00659154 3.25342 0.173377
vn -0.0102706 1.52177 0.0792894
vn -0.0231075 2.39559 0.153623
vn 0.0248606 1.76895 0.129214
vn 0.0187083 1.91989 0.129879
vn 0.0045017 1.222 0.0694589
vn 0.0129204 3.95324 0.226413
vn 0.00473293 1.0815 0.0607084
vn -0.00849237 1.28092 0.0700673
vn -0.0127929 4.37509 0.24771
vn 0.00488393 1.1844 0.0672916
vn 0.489954 -0.129741 -0.86204
vn 0.481127 0.0637176 -0.874332
vn 0.435855 -0.143632 -0.888482
vn 0.447773 -0.0492121 -0.892792
vn -0.34529 -0.0758015 0.93543
vn -0.597214 -0.116445 0.793584
vn -0.361897 -0.255024 0.896657
vn -0.158747 -0.127245 0.979085
vn -0.347946 -0.302765 0.887281
vn 0.337928 -0.289083 0.895676
vn -0.70704 -0.145691 0.692003
vn -0.741045 0.0350053 0.670543
vn -0.0818549 -0.469569 0.879093
vn 0.0393431 -0.190708 0.980858
vn 0.0126638 -0.430322 0.902587
vn 0.85078 -0.255607 0.459172
vn 0.764211 -0.342988 0.546206
vn 0.884547 -0.391802 0.253117
vn -0.878955 -0.0688551 0.471908
vn -0.835158 -0.0872133 0.543052
vn 0.0194177 1.22222 0.0663119
vn -0.431482 -0.192104 0.88143
vn -0.304846 -0.263269 0.915291
vn 0.84356 -0.237886 0.481474
vn 0.893656 -0.0671838 0.443696
vn 0.885739 -0.0149389 0.463943
vn 0.721525 -0.483665 0.49545
vn 0.766105 -0.0669673 0.639217
vn 0.908466 -0.188191 0.373194
vn 0.776638 0.19206 0.599955
vn -0.291393 0.10652 0.950654
vn -0.73494 -0.0387797 0.677023
vn -0.695251 -0.0807964 0.714211
vn -0.741426 -0.248709 0.623243
vn 0.279047 -0.113155 0.953587
vn 0.237101 -0.303502 0.92286
vn 0.749985 -0.295821 0.591619
vn 0.838682 -0.305927 0.450579
vn 0.874157 0.356401 0.329892
vn 0.740754 -0.135924 0.657881
vn 0.690165 -0.0293546 0.723056
vn 0.691941 -0.225688 0.685772
vn 0.589213 -0.13825 0.796062
vn -0.495676 -0.224714 0.838933
vn 0.589332 -0.273088 0.760336
vn 0.0966175 -0.375855 0.921628
vn 0.589197 -0.218105 0.777996
vn 0.690619 -0.168012 0.703433
vn -0.724441 -0.122903 -0.678292
vn -0.842096 0.195188 -0.502768
vn 0.673959 -0.206935 0.709194
vn 0.65117 0.459161 0.604276
vn 0.705864 -0.176212 0.686079
vn 0.767698 -0.0807518 0.635704
vn -0.0703027 -0.126042 0.989531
vn 0.63349 -0.630743 0.448167
vn 0.688508 -0.373213 0.621827
vn 0.759192 -0.278315 0.58836
vn 0.85034 -0.288594 0.44004
vn -0.765539 0.142389 -0.627435
vn 0.989078 -0.105198 0.103237
vn 0.347847 -0.13507 0.927771
vn 0.355213 -0.373775 0.856806
vn 0.786356 -0.138236 0.602109
vn -0.527166 -0.426887 0.734754
vn 0.963113 -0.113473 -0.244003
vn 0.820703 0.5598 -0.114326
vn 0.950686 0.298423 0.0844995
vn -0.54534 -0.177403 0.819227
vn -0.462063 -0.452337 0.762816
vn 0.962994 0.0147571 -0.269117
vn 0.936828 -0.165996 -0.307894
vn -0.31052 0.0374824 0.949828
vn -0.115613 -0.295479 0.948328
vn 0.89514 0.362041 -0.260099
vn 0.98187 -0.152248 0.112923
vn 0.923983 -0.157568 -0.348464
vn 0.945135 -0.311575 0.0981905
vn 0.781881 -0.593058 -0.19221
vn 0.915075 0.027425 -0.402351
vn 0.0766745 -0.298922 0.951192
vn -0.419558 -0.216674 0.88149
vn -0.679228 -0.259496 0.686521
vn -0.693559 -0.0237911 0.720007
vn -0.752922 -0.0530598 0.655967
vn 0.496915 0.837412 0.227634
vn 0.866803 0.293866 0.40286
vn 0.968233 -0.0892239 0.233587
vn -0.441552 -0.225705 0.868383
vn 0.803861 0.571249 0.165776
vn 0.799945 0.414553 0.433859
vn -0.342858 -0.116666 -0.932115
vn -0.202784 -0.0127308 -0.979141
vn -0.602259 -0.509508 0.614562
vn -0.837681 -0.105264 0.535919
vn 0.224242 -0.30994 0.923933
vn 0.903756 0.373859 -0.208455
vn 0.992497 -0.0335739 -0.117572
vn 0.964177 0.264386 0.0214894
vn -0.560651 -0.282043 -0.778539
vn 0.919246 -0.14834 -0.364668
vn 0.939709 -0.116085 -0.321669
vn 0.862311 -0.15991 -0.480466
vn 0.906865 -0.074048 -0.414864
vn 0.970869 -0.23656 -0.0381199
vn 0.788001 -0.612386 -0.0635414
vn -0.323838 -0.167632 -0.931144
vn 0.773875 -0.00889434 0.633276
vn -0.776758 -0.244922 0.580224
vn -0.558312 -0.101067 -0.823452
vn -0.539889 0.0938928 -0.836483
vn 0.932274 -0.179386 -0.314144
vn 0.900564 -0.434706 0.00378407
vn 0.995713 0.0897639 -0.0223116
vn -0.709617 0.139024 -0.690736
vn -0.554011 0.11008 -0.825199
vn -0.380087 0.112236 -0.918116
vn 0.0136228 0.0585551 -0.998191
vn 0.945273 -0.0905578 -0.313463
vn 0.894875 -0.0576332 -0.44258
vn 0.906496 -0.198475 -0.372656
vn 0.955645 -0.119644 -0.269125
vn -0.843067 -0.261737 0.469822
vn 0.939251 0.101598 -0.327848
vn 0.85054 0.00255887 -0.525904
vn 0.988965 -0.123988 -0.0810854
vn 0.434163 -0.265225 0.860906
vn -0.637998 0.0605382 -0.767655
vn -0.532057 -5.71416e-05 -0.846709
vn -0.127827 0.0772985 -0.98878
vn 0.103624 0.00881942 -0.994577
vn -0.604416 -0.226939 -0.763662
vn 0.41886 0.0659862 -0.90565
vn 0.331741 0.131088 -0.934218
vn 0.548639 0.295673 -0.782031
vn 0.745898 0.0203373 -0.66575
vn 0.708255 0.0191081 0.705698
vn 0.103088 0.124697 -0.986825
vn 0.641615 -0.183087 -0.744855
vn 0.565495 0.0351624 -0.824002
vn -0.774836 0.0736938 -0.627852
vn -0.760767 -0.102815 -0.64083
vn 0.636826 -0.287007 0.715597
vn 0.465219 0.312792 -0.82809
vn 0.601481 0.0623918 -0.796447
vn 0.456254 -0.217659 -0.862819
vn 0.30998 -0.555736 0.771408
vn 0.32719 -0.59206 0.736486
vn 0.996523 0.0537346 0.063667
vn 0.388727 -0.0941488 -0.91653
vn -0.383592 -0.288863 0.877163
vn 0.973613 0.0469393 -0.223325
vn -0.767687 -0.435323 0.470267
vn -0.617522 -0.223219 -0.754215
vn -0.426786 0.0439818 -0.903282
vn -0.726929 -0.185477 -0.661191
vn 0.904892 0.0366281 -0.424062
vn 0.984826 -0.0875408 -0.149846
vn 0.917714 -0.204388 -0.340627
vn -0.26602 0.177872 -0.947415
vn 0.629645 0.753567 0.188904
vn 0.90021 0.435205 0.0147616
vn 0.896946 0.203745 -0.392399
vn 0.931713 0.284366 -0.225937
vn 0.501699 -0.115134 -0.857346
vn -0.13719 -0.71477 0.685771
vn -0.163745 -0.467554 0.868666
vn -0.0573329 -0.51673 0.854226
vn 0.249895 -0.0741528 -0.965429
vn 0.603209 0.0135104 -0.797469
vn -0.0324251 -0.274258 0.961109
vn 0.177258 -0.288374 0.940968
vn 0.282961 -0.105605 -0.9533
vn 0.356957 -0.0417087 -0.933189
vn -0.392629 -0.255275 -0.883559
vn -0.273807 -0.0316892 -0.961262
vn 0.84395 -0.207636 -0.494606
vn 0.334972 -0.0985038 -0.937065
vn -0.166939 -0.0413611 -0.985099
vn 0.0407249 -0.19196 -0.980557
vn -0.704274 0.00177433 -0.709926
vn 0.529373 0.0370025 -0.847582
vn 0.54011 -0.337944 0.770762
vn 0.937631 0.273421 -0.214684
vn 0.547153 0.210474 -0.810138
vn -0.557365 -0.176628 -0.811262
vn 0.991281 0.0983883 -0.0876436
vn 0.999996 0.000802918 -0.00266266
vn -0.0356578 -0.0337651 -0.998793
vn 0.0601123 -0.304358 -0.950659
vn -0.18376 -0.108257 -0.976992
vn -0.0208866 -0.27621 -0.960871
vn -0.109557 -0.308914 0.944759
vn 0.626606 0.0971048 -0.773263
vn 0.790474 0.412924 -0.452377
vn -0.00131901 -0.215139 -0.976582
vn 0.771216 0.424191 -0.474644
vn 0.0433873 -0.275746 -0.960251
vn 0.774479 0.21292 -0.595691
vn -0.44014 -0.515368 0.735305
vn 0.147454 -0.266217 -0.952568
vn 0.926834 0.18822 -0.324888
vn 0.98268 -0.168626 -0.0768507
vn 0.950972 0.298028 0.0826468
vn -0.613575 -0.119917 -0.780478
vn -0.705905 -0.170596 -0.687455
vn 0.28489 0.0290747 -0.958119
vn -0.0353159 -0.0594659 -0.997605
vn 0.825494 0.0632481 -0.560857
vn 0.506671 0.136532 -0.85126
vn -0.627276 -0.128884 -0.768059
vn -0.613879 -0.0341398 -0.788661
vn 0.966327 0.0281782 -0.255771
vn 0.89861 -0.14679 -0.413464
vn 0.986607 0.0819712 -0.141021
vn 0.857478 0.197629 -0.475052
vn 0.516762 -0.166562 -0.83977
vn 0.919451 0.390813 0.0433028
vn 0.1994 -0.33401 -0.921237
vn 0.398533 -0.341891 -0.851047
vn 0.526089 -0.223816 -0.820449
vn 0.415633 -0.0729319 -0.906604
vn -0.159084 0.0233197 -0.98699
vn 0.447633 -0.264097 -0.854329
vn -0.23099 0.286491 -0.929821
vn -0.0297648 -0.0465549 -0.998472
vn 0.534402 0.176162 -0.826669
vn 0.108378 -0.185227 -0.976701
vn 0.191158 0.0513366 -0.980216
vn 0.943079 -0.29367 0.156072
vn 0.789855 0.074489 -0.608753
vn -0.746302 0.0200016 -0.665306
vn 0.942618 0.248692 0.222762
vn 0.0476551 -0.182548 -0.982041
vn 0.485468 -0.599374 0.636452
vn 0.101945 -0.185223 -0.977394
vn 0.997244 0.0741533 -0.00229946
vn 0.28481 0.0428213 -0.957627
vn 0.575031 -0.642776 0.50614
vn 0.974667 -0.103719 0.19816
vn 0.828578 -0.137626 -0.542695
vn -0.613235 -0.207843 -0.762066
vn 0.0406374 -0.0584788 -0.997461
vn 0.265376 -0.0304981 -0.963662
vn 0.276681 -0.0879938 -0.956925
vn 0.407323 0.153419 -0.900306
vn 0.0641833 -0.0351224 -0.99732
vn 0.517675 -0.108054 -0.848727
vn 0.414985 0.206955 -0.885978
vn 0.570418 0.155281 -0.806543
vn 0.589232 0.274057 -0.760064
vn -0.395412 -0.594341 0.700291
vn -0.690106 -0.443326 0.572028
vn -0.642379 -0.591668 0.487112
vn 0.799796 -0.0741654 0.595673
vn 0.207263 -0.352345 0.912631
vn 0.338549 -0.241624 0.909397
vn 0.457374 -0.296119 0.838524
vn -0.612685 -0.406578 -0.677725
vn -0.871004 -0.371397 0.321585
vn -0.411342 -0.0248858 -0.911141
vn -0.466902 0.0167157 -0.884151
vn -0.565312 0.0630259 -0.822466
vn 0.463281 0.119573 -0.878107
vn 0.354701 -0.140201 -0.924408
vn 0.485594 -0.0830453 -0.870231
vn 0.330366 0.929597 0.163425
vn 0.589562 0.734223 0.33665
vn 0.66573 0.49472 0.55862
vn 0.804784 0.310956 -0.505599
vn 0.774024 0.085253 -0.62739
vn 0.752721 0.549334 -0.362827
vn -0.684844 0.650796 -0.3278
vn -0.882428 -0.302489 -0.360307
vn -0.967866 0.1057 0.228174
vn -0.69612 -0.155853 -0.700805
vn -0.76454 0.0114697 -0.644474
vn -0.814898 -0.0607462 -0.576413
vn -0.0628595 -0.26328 -0.962669
vn 0.0833105 -0.0668985 -0.994276
vn 0.119229 -0.250104 -0.96085
vn -0.507329 -0.150986 -0.848422
vn -0.539005 -0.122466 -0.833352
vn -0.601298 0.0577671 -0.796934
vn 0.887666 0.425385 -0.176341
vn 0.93856 0.306406 -0.158808
vn 0.891191 0.0993424 -0.442617
vn -0.823807 0.120413 -0.553934
vn -0.712526 -0.0583087 -0.699219
vn -0.756248 0.197147 -0.623877
vn 0.302491 -0.378258 0.874883
vn 0.247625 -0.501673 0.828859
vn 0.296597 -0.11711 0.947795
vn -0.942145 -0.139622 0.304744
vn -0.97548 0.162562 -0.148362
vn -0.945828 -0.312949 -0.0864408
vn -0.21464 0.159914 0.963513
vn -0.010797 -0.0136496 0.999849
vn -0.292513 -0.139783 0.94599
vn -0.639321 0.762734 0.0974996
vn 0.517203 0.850649 -0.0943241
vn -0.793045 0.41623 0.444784
vn -0.454534 0.58021 -0.675837
vn -0.655847 -0.0568189 -0.752752
vn -0.747527 0.113256 -0.654504
vn 0.923588 0.362022 -0.126193
vn 0.967457 0.251511 0.0277251
vn 0.92172 -0.255729 -0.291609
vn 0.173143 0.849953 0.497596
vn 0.368686 0.796798 0.478732
vn 0.286251 0.330612 0.899309
vn 0.822162 0.100558 -0.560302
vn 0.46558 0.87589 -0.126696
vn 0.78785 0.0343812 -0.614906
vn 0.33097 0.0549752 0.942038
vn 0.126782 0.0905293 0.987791
vn 0.903135 0.225127 0.365602
vn 0.77739 0.490816 0.393402
vn 0.898138 0.374266 0.230809
vn 0.377924 -0.323504 0.867478
vn 0.691628 -0.0282777 -0.7217
vn 0.824889 0.171666 -0.538598
vn 0.91064 -0.000886627 -0.413199
vn 0.963462 -0.174355 -0.203328
vn 0.872548 -0.163128 -0.460489
vn 0.902507 0.259984 -0.34335
vn -0.968017 0.231126 0.0975892
vn -0.964213 0.179606 0.195027
vn -0.957673 0.163421 0.236972
vn 0.308023 0.870074 -0.384828
vn -0.138602 0.957748 0.252009
vn -0.707132 0.0157818 -0.706906
vn -0.576748 -0.551548 -0.602625
vn -0.105079 0.865383 -0.48997
vn 0.951748 0.264971 -0.154811
vn -0.0585639 0.986672 -0.151819
vn 0.984946 0.107287 0.135542
vn 0.969799 0.216106 0.113083
vn 0.9788 0.199225 -0.0475406
vn 0.0474883 0.800872 0.59695
vn 0.0643246 0.932048 -0.35658
vn 0.0609729 0.900336 0.430903
vn -0.20679 0.266323 0.94144
vn 0.536684 0.00596203 -0.843762
vn 0.2207 0.0747834 -0.97247
vn 0.283293 0.206434 -0.936552
vn 0.608571 0.348968 0.712645
vn 0.650373 -0.24279 0.719769
vn 0.712564 0.127535 0.689918
vn 0.375956 -0.0481066 -0.925388
vn 0.340529 0.232896 -0.910933
vn 0.849197 0.506499 -0.149411
vn -0.667118 0.207265 0.715539
vn -0.606101 0.514052 0.606953
vn -0.249609 0.612938 0.749668
vn -0.200883 0.975543 -0.0892331
vn -0.933743 0.147968 0.32593
vn -0.912562 0.273541 0.303983
vn -0.679904 -0.0323285 -0.732588
vn -0.790099 0.195433 0.58099
vn -0.305657 0.933852 0.185724
vn -0.937329 0.264131 0.227265
vn 0.0336672 0.134347 0.990362
vn -0.0985531 -0.154693 0.983035
vn -0.0526777 0.193441 0.979697
vn 0.760333 0.503036 0.410912
vn 0.306027 -0.157302 -0.938937
vn 0.225548 0.183859 -0.956726
vn -0.469918 -0.0848488 -0.878622
vn -0.399628 0.3595 -0.843242
vn -0.402963 0.393159 -0.826467
vn 0.862026 -0.203836 0.464072
vn 0.75065 -0.0219323 0.660336
vn 0.71949 -0.165939 0.674387
vn -0.99263 -0.121183 -0.000207343
vn -0.997399 -0.007153 -0.0717215
vn -0.857837 0.312027 0.408357
vn 0.847546 0.179304 0.499516
vn 0.691207 0.644445 0.326992
vn -0.014191 0.949644 0.313008
vn 0.145418 -0.0305315 -0.988899
vn 0.222025 0.326531 -0.918739
vn -0.0810988 -0.219704 0.97219
vn 0.990481 -0.115053 -0.0755635
vn 0.935425 -0.345382 0.0754377
vn 0.98061 -0.13206 0.144793
vn -0.846967 0.529308 0.0497971
vn -0.188524 0.957816 -0.216905
vn 0.443606 -0.398094 0.802954
vn 0.327807 0.0599269 0.942842
vn -0.973499 0.117176 0.196391
vn -0.33849 0.0305898 -0.940472
vn -0.451262 0.152615 -0.879244
vn -0.546146 0.749944 -0.37324
vn -0.43612 0.75978 -0.482216
vn 0.574632 0.803533 0.155347
vn 0.41009 0.718246 -0.562094
vn 0.568224 0.0133624 -0.822766
vn 0.715898 0.675733 0.175712
vn -0.968268 0.240506 0.0679296
vn -0.97979 0.0106657 0.199747
vn -0.896842 -0.0596324 -0.438312
vn 0.0861464 0.447011 -0.890371
vn 0.108763 0.494935 -0.862096
vn 0.958878 -0.258259 0.117706
vn -0.0244715 0.276893 -0.960589
vn 0.367241 0.0156435 -0.929994
vn 0.0754609 0.987463 -0.138648
vn 0.979972 0.199107 -0.00340496
vn 0.785709 0.568699 0.243396
vn -0.696531 0.304234 0.649835
vn -0.701267 0.568489 0.430169
vn -0.705011 0.443385 0.553507
vn -0.660964 0.633801 0.401775
vn -0.99878 0.0477808 -0.012441
vn 0.848394 -0.261337 -0.460359
vn 0.63853 -0.44417 -0.628485
vn 0.808342 -0.429834 -0.402277
vn -0.624921 0.780614 -0.0107376
vn 0.873016 -0.0296737 0.486788
vn 0.823321 0.00956221 0.567495
vn -0.98 0.167419 0.107566
vn 0.76216 0.574937 0.297588
vn 0.998306 0.0483091 -0.0324204
vn 0.978817 0.0752657 0.190402
vn -0.949951 0.262131 0.169941
vn 0.659707 0.107414 0.743807
vn 0.717194 0.0777104 0.692527
vn 0.829751 0.177656 0.529104
vn 0.963757 0.227953 0.138598
vn 0.993895 0.0399042 0.102866
vn -0.127472 0.639671 -0.758006
vn 0.747832 0.623665 0.227573
vn 0.194869 0.967788 -0.159413
vn 0.857695 0.333894 0.390992
vn 0.918736 0.364551 0.151743
vn 0.859002 0.0119675 0.511832
vn -0.912007 -0.34817 -0.216843
vn -0.286375 0.955063 -0.0764531
vn -0.0779718 -0.205168 0.975616
vn 0.621121 0.0706419 -0.780524
vn 0.5265 0.145147 -0.837694
vn 0.880169 -0.176231 0.440732
vn -0.0478615 0.891186 0.451107
vn -0.918256 0.0842105 -0.386929
vn 0.948582 0.281612 -0.144528
vn 0.687586 0.642481 0.338296
vn -0.531088 0.734635 -0.422204
vn 0.0452965 0.513601 0.856833
vn 0.0911691 0.108378 0.98992
vn -0.0626427 0.553584 0.830434
vn -0.604038 0.726352 -0.32795
vn -0.808571 0.572708 -0.134975
vn -0.988972 0.0146207 -0.147378
vn -0.716551 0.0154325 0.697364
vn -0.425791 0.00227645 0.904819
vn -0.63021 0.116846 0.767582
vn -0.927704 0.125795 0.351483
vn 0.00837138 0.993142 0.116619
vn 0.55868 0.0843805 0.82508
vn 0.706567 0.440037 -0.554193
vn 0.875121 0.0260556 -0.483203
vn -0.0384202 0.947069 -0.318721
vn 0.839994 0.0354302 -0.541438
vn 0.997847 -0.0167707 0.0634118
vn -0.828381 -0.205669 -0.521043
vn -0.786663 0.0435819 -0.615842
vn -0.857328 -0.0137297 -0.514588
vn 0.361077 0.358736 0.860774
vn -0.449249 -0.0456977 -0.892237
vn -0.883233 0.0740084 -0.463058
vn -0.806707 -0.367999 -0.462386
vn -0.728981 -0.148015 -0.66834
vn -0.707242 -0.589574 -0.390143
vn -0.82524 -0.27047 -0.495807
vn 0.845497 -0.031475 0.533052
vn 0.701289 -0.168261 0.692735
vn 0.834425 -0.0247615 0.550565
vn -0.963739 0.264005 -0.0388251
vn 0.706701 0.0673568 -0.704298
vn 0.656711 0.677377 0.331498
vn 0.955546 -0.0540034 0.289855
vn 0.933936 -0.225599 0.27725
vn 0.806443 0.337127 -0.485794
vn -0.513655 0.593615 -0.6195
vn 0.540613 0.819352 0.190789
vn -0.708124 0.00735664 -0.70605
vn 0.014724 0.412245 -0.910954
vn 0.00569532 0.164006 -0.986443
vn -0.923542 0.147748 -0.353894
vn -0.937256 0.19481 -0.289136
vn 0.187457 0.551615 -0.812762
vn 0.900973 0.161881 0.402546
vn 0.516687 0.277062 0.810106
vn 0.782714 -0.278657 0.556515
vn 0.360319 0.522851 0.772527
vn -0.638565 0.273987 -0.719142
vn 0.25306 -0.283446 0.924997
vn 0.77431 0.249816 0.581409
vn 0.691227 0.543972 0.47571
vn 0.247712 0.531472 0.810047
vn -0.78046 0.292615 -0.552501
vn -0.7932 0.131559 -0.59458
vn -0.763918 -0.165403 -0.623755
vn -0.891019 0.366778 -0.267506
vn 0.408579 0.256103 -0.876056
vn -0.195229 -0.05807 -0.979037
vn 0.921284 -0.0837701 0.37976
vn 0.793334 0.0384518 0.607571
vn 0.807186 -0.17684 0.563187
vn -0.866534 0.447171 0.221713
vn -0.888888 0.289569 -0.355005
vn -0.912091 -0.0587952 -0.40575
vn 0.846175 -0.224804 0.483167
vn -0.745479 0.0565547 0.664125
vn 0.893849 -0.327498 0.306234
vn -0.889045 -0.159806 0.429024
vn 0.369212 0.281814 -0.885586
vn -0.0138614 -0.259824 -0.965556
vn -0.832078 0.117588 0.542051
vn -0.810453 -0.190644 -0.553915
vn -0.665868 -0.0129793 -0.745957
vn -0.616354 -0.509168 -0.600712
vn -0.87245 0.18181 -0.453625
vn 0.558635 0.766388 0.317138
vn -0.913423 0.274964 -0.300089
vn -0.940919 -0.0508563 -0.334792
vn 0.30042 0.505278 -0.808976
vn 0.607698 0.391782 0.690804
vn 0.887544 0.131938 -0.441428
vn 0.881593 0.016158 -0.471734
vn 0.483708 0.0685866 0.872538
vn -0.841697 0.242415 -0.482474
vn 0.619909 -0.303829 -0.723465
vn -0.224365 0.0702791 0.971968
vn -0.890126 -0.330855 -0.313385
vn -0.976318 -0.160952 0.14456
vn -0.736478 -0.120794 -0.665589
vn -0.909911 0.187149 -0.370186
vn -0.358092 -0.312891 -0.879698
vn -0.234085 -0.0844464 -0.968542
vn -0.996871 0.0380636 0.0692826
vn 0.0421497 0.855481 -0.516116
vn 0.985504 -0.0212534 -0.168314
vn 0.99732 0.0664594 -0.0305828
vn -0.329708 0.272779 -0.903816
vn -0.446362 0.00816072 0.894815
vn 0.288726 0.0206919 -0.957188
vn 0.776222 0.624198 -0.0886326
vn 0.773752 0.485726 0.406668
vn -0.926127 0.0500261 -0.373879
vn 0.885493 -0.171306 0.431921
vn -0.849351 -0.0242234 0.527272
vn 0.987776 0.0843107 0.131113
vn 0.927007 0.137312 0.349002
vn -0.416563 0.0221873 -0.908836
vn -0.381905 0.0746361 -0.921183
vn -0.333164 0.14221 -0.932083
vn 0.93884 -0.1547 -0.307648
vn 0.809844 -0.137453 0.570315
vn -0.106547 0.784174 -0.611326
vn 0.0985678 0.590826 -0.800755
vn 0.0623796 -0.069507 -0.995629
vn 0.75969 -0.230509 0.60806
vn -0.678457 0.63007 0.377767
vn 0.903315 -0.231611 0.361079
vn 0.925741 -0.115812 0.359986
vn 0.963933 0.179795 0.19623
vn -0.0534183 0.812045 0.581145
vn 0.0163362 0.698023 -0.715889
vn -0.0930995 0.789901 0.606127
vn 0.338849 0.416625 -0.843567
vn 0.302703 -0.113732 -0.946275
vn 0.183149 0.953249 -0.24036
vn -0.66918 0.540906 -0.509528
vn -0.578521 0.56076 -0.592336
vn -0.933773 0.356104 -0.0354649
vn 0.995202 -0.0880341 0.0426921
vn 0.976873 -0.21237 0.0248413
vn 0.535895 -0.2275 -0.813056
vn -0.985412 0.020363 0.168961
vn -0.923533 0.363923 0.121023
vn -0.504055 0.317272 0.803285
vn -0.197462 0.0990044 -0.975298
vn 0.168854 0.148156 -0.974442
vn 0.150688 0.923894 -0.351727
vn 0.669827 0.0308001 0.741878
vn 0.705032 0.116678 0.699512
vn 0.662306 0.175789 0.728319
vn -0.685663 0.513031 0.516397
vn -0.52341 0.390287 0.757441
vn -0.104068 0.780903 0.615922
vn -0.701517 0.35021 -0.620667
vn -0.498914 0.539126 -0.678549
vn -0.613492 0.189176 -0.766707
vn 0.258956 0.599504 -0.757322
vn 0.596964 0.257811 0.759716
vn 0.634191 0.245731 0.733088
vn 0.909633 -0.399695 -0.113186
vn 0.956513 -0.182383 0.227639
vn 0.980285 -0.190618 0.0520171
vn -0.881588 0.415763 -0.22348
vn -0.993638 0.102176 -0.0473577
vn -0.923318 0.380975 -0.048388
vn 0.482741 -0.0633859 -0.873466
vn 0.464256 -0.140136 -0.874545
vn 0.40429 -0.0142698 -0.91452
vn 0.566713 0.104805 0.817222
vn 0.605277 0.0500158 0.794442
vn 0.220636 -0.255227 0.941371
vn 0.460509 -0.426601 0.778423
vn 0.197461 0.945325 0.259555
vn -0.0696435 0.222154 0.972521
vn 0.0920154 0.11246 0.989387
vn 0.432217 -0.12968 -0.892397
vn 0.465885 -0.26945 -0.842822
vn 0.429186 0.144161 0.891637
vn 0.0709742 0.0220852 -0.997234
vn -0.247636 -0.919304 -0.305868
vn 0.263831 -0.175102 -0.948542
vn 0.311252 0.382656 -0.869883
vn -0.0392375 -0.192264 -0.980559
vn -0.0307823 -0.429695 -0.902449
vn -0.110858 0.0269112 0.993472
vn -0.002296 0.345443 0.938437
vn -0.17223 0.00932139 0.985013
vn -0.299303 -0.074576 -0.951239
vn 0.806779 -0.0941876 -0.583297
vn 0.73783 -0.201314 -0.644266
vn 0.714534 -0.0939693 0.693261
vn 0.67311 0.00627154 0.739516
vn 0.810449 -0.211682 0.546227
vn -0.431496 0.220842 -0.874665
vn -0.863126 -0.0648374 0.500808
vn -0.762221 0.305784 0.570539
vn -0.893791 0.0860089 0.440159
vn -0.242686 0.11974 -0.962687
vn 0.668244 -0.0387 -0.742935
vn 0.595001 0.22434 -0.771781
vn 0.477704 -0.163551 -0.863163
vn 0.024854 0.128541 -0.991393
vn -0.298926 -0.163309 -0.940199
vn 0.0228064 0.0879697 -0.995862
vn 0.14893 -0.0989722 -0.983882
vn 0.300951 -0.0734565 -0.950806
vn 0.1633 0.152242 -0.974759
vn 0.517631 -0.0346303 0.854903
vn 0.499522 0.442156 0.744967
vn -0.204429 -0.220116 0.953812
vn 0.159002 0.603235 0.781553
vn 0.800758 0.158658 0.577594
vn 0.795857 -0.15027 0.586542
vn -0.893973 -0.10953 0.434528
vn -0.799702 0.24834 0.546629
vn -0.835302 0.238939 0.495155
vn 0.966288 -0.124098 -0.22558
vn 0.928066 -0.279976 -0.245573
vn 0.895529 -0.221278 -0.386088
vn 0.472157 -0.39565 -0.787736
vn 0.522858 -0.506121 -0.685902
vn 0.0138998 -0.202573 0.979169
vn -0.794882 0.25928 0.548578
vn 0.618706 -0.236837 -0.749073
vn 0.754931 0.136968 -0.641342
vn 0.301343 0.189708 -0.934454
vn 0.316119 0.367552 -0.874628
vn 0.764903 -0.0962219 0.636918
vn 0.0727062 -0.173941 -0.982068
vn 0.584815 0.723742 0.366318
vn -0.790193 0.062209 -0.609693
vn -0.554752 -0.259068 -0.790654
vn -0.640841 -0.25734 -0.723256
vn -0.960614 -0.0158449 -0.277433
vn 0.523941 -0.215743 -0.823978
vn 0.512109 -0.432243 -0.742233
vn -0.702553 0.311911 -0.639633
vn -0.720879 -0.212795 0.659584
vn 0.901185 -0.221345 0.372654
vn 0.144993 -0.372233 -0.916744
vn 0.555508 -0.0763752 -0.827996
vn 0.352707 -0.258967 -0.899185
vn 0.543562 -0.0158533 -0.839219
vn -0.67271 -0.239685 -0.700008
vn -0.566182 -0.180902 -0.804184
vn 0.478292 -0.153591 0.864666
vn -0.700507 0.119153 0.703628
vn -0.736481 0.302032 0.605287
vn -0.859863 -0.073699 0.505177
vn -0.153516 0.424316 0.892406
vn -0.142424 0.352443 0.924932
vn -0.783991 0.102532 0.612246
vn 0.962183 -0.105924 -0.250964
vn 0.80905 -0.16694 -0.563532
vn 0.883869 -0.109055 -0.454844
vn -0.448517 0.705366 -0.548899
vn 0.914888 0.0723968 0.397163
vn 0.502455 -0.270384 -0.821238
vn 0.315366 -0.273717 -0.908638
vn -0.631144 -0.178529 0.754841
vn -0.93159 -0.132768 0.338396
vn -0.825913 -0.102856 0.554337
vn -0.645683 -0.0227499 -0.763267
vn 0.429318 3.11874 -2.69377
vn -0.274781 3.49953 0.0330781
vn -0.978856 3.8803 2.75984
vn 0.778354 0.153779 0.608701
vn 0.89317 -0.237521 -0.381879
vn 0.911198 -0.215244 -0.351266
vn -0.926851 0.0723077 0.3684
vn -0.868948 0.191328 -0.456424
vn 0.961716 -0.247099 0.118505
vn 0.146932 0.213389 -0.965855
vn -0.485041 0.294003 0.823588
vn -0.436346 0.185785 0.88039
vn -0.367507 0.164848 0.915294
vn -0.472787 0.234491 0.849404
vn -0.30096 0.105277 0.947808
vn 0.496323 -0.264685 -0.826804
vn 0.956502 -0.188188 -0.222912
vn 0.567077 -0.175374 -0.804778
vn 0.686989 -0.0349967 0.725824
vn 0.648508 -0.166024 -0.742882
vn -0.690357 -0.285825 -0.664614
vn 0.0212767 0.511395 0.859083
vn 0.0309382 0.44759 0.893704
vn -0.852994 0.453809 0.257795
vn -0.723692 0.316314 0.613364
vn -0.8967 0.380446 -0.22625
vn -0.312996 0.195287 0.92946
vn 0.651535 0.189171 0.734654
vn -0.784773 0.0599147 0.61688
vn 0.514204 -0.282657 -0.809753
vn 0.159055 -0.0425925 -0.986351
vn 0.477306 -0.119831 -0.870528
vn 0.444489 0.14771 -0.883522
vn 0.598995 -0.208059 -0.77325
vn -0.00695322 -0.446321 -0.894846
vn 0.145484 -0.434226 -0.888978
vn -0.0780032 0.428967 0.899946
vn -0.0252771 0.105742 0.994072
vn 0.0477257 -0.131705 -0.990139
vn -0.120665 -0.12526 -0.984759
vn 0.941834 -0.119415 -0.314149
vn -0.730279 0.435974 0.525947
vn -0.351559 0.876628 0.328525
vn -0.394629 0.448434 0.801982
vn -0.339838 0.129975 0.93146
vn 0.631283 0.755322 0.175987
vn -0.715963 0.42543 0.55354
vn -0.143968 0.348588 -0.926153
vn -0.482373 -0.0511077 -0.874473
vn 0.883769 -0.257968 -0.39039
vn -0.302594 -0.127817 -0.94451
vn 0.172423 0.272015 0.94672
vn 0.199619 0.17345 0.9644
vn -0.96959 0.235228 -0.0675454
vn -0.89203 0.450539 0.0360117
vn 0.177287 0.601712 0.778789
vn 0.201041 0.205336 0.95782
vn 0.368674 0.656302 0.658291
vn -0.919792 0.26844 0.286222
vn 0.481016 -0.211126 0.850911
vn -0.637089 0.056858 -0.76869
vn -0.633016 0.100944 0.767529
vn -0.706419 -0.0997323 0.700733
vn -0.115133 0.0125457 -0.993271
vn 0.0880959 -0.402789 -0.911043
vn -0.269685 -0.167704 -0.948233
vn 0.376135 -0.0476976 -0.925337
vn -0.151001 -0.0610599 0.986646
vn -0.433043 0.0733197 0.898386
vn 0.140279 0.26722 0.953371
vn 0.372688 -0.159916 0.914073
vn -0.852987 0.454629 0.25637
vn -0.784673 0.575301 0.230905
vn -0.660691 0.526693 0.534867
vn 0.0629993 -0.0326154 0.99748
vn 0.568246 0.0817922 -0.818784
vn 0.596765 0.0202915 -0.802159
vn 0.551335 -0.294706 -0.780499
vn 0.302508 -0.317813 -0.898601
vn 0.809086 -0.340562 -0.478954
vn -0.989362 0.0721537 0.126317
vn -0.970256 0.184222 0.15705
vn -0.985954 0.166997 -0.00266531
vn -0.910861 -0.0694681 -0.406824
vn -0.903828 -0.071038 -0.421959
vn 0.194952 -0.146462 -0.969816
vn 0.877394 -0.0415245 -0.477971
vn 0.720405 -0.269588 -0.639013
vn 0.974041 0.120224 0.191806
vn -0.00646141 0.311874 0.950101
vn -0.759573 0.419058 0.497433
vn 0.165092 -0.143984 -0.975712
vn -0.88805 0.441377 0.128659
vn 0.891787 -0.00599335 0.452415
vn 0.608048 -0.162812 -0.777026
vn 0.389923 -0.0147717 -0.920729
vn 0.730377 -0.0285355 -0.682448
vn 0.319279 0.177366 -0.930915
vn 0.354991 0.163821 -0.920404
vn -0.376623 0.565332 0.733863
vn -0.706737 0.492561 0.507845
vn -0.483663 0.0955469 0.870024
vn -0.528081 0.0435301 0.848077
vn -0.3035 0.115216 0.94584
vn 0.258394 0.372269 -0.89143
vn 0.72905 -0.233455 -0.643416
vn -0.586705 0.428395 0.687208
vn -0.427912 0.571999 0.699792
vn -0.34993 0.386529 0.853314
vn -0.0340432 0.0405768 -0.998596
vn -0.938848 0.278516 0.202469
vn -0.188604 0.266798 -0.945118
vn -0.334411 0.875284 0.349354
vn -0.988479 0.108514 0.105519
vn -0.275779 0.163183 0.947268
vn -0.429218 0.026586 -0.902809
vn -0.590333 0.12258 -0.797798
vn -0.470406 0.474901 -0.743766
vn 0.647962 0.145295 -0.747686
vn 0.503212 0.250318 -0.827115
vn 0.491859 -0.230588 -0.839585
vn -0.702947 0.0952915 0.70483
vn 0.914293 -0.209121 -0.346897
vn 0.913419 -0.399672 -0.0769964
vn 0.76601 -0.329575 -0.551914
vn 0.887829 -0.359676 -0.287042
vn 0.257078 -0.380238 -0.888443
vn -0.592353 0.685973 -0.422563
vn -0.170632 0.134473 0.976116
vn -0.475135 0.159141 0.865402
vn 0.203783 0.898939 -0.387791
vn -0.119347 0.852723 0.508546
vn 0.634805 0.430396 -0.641703
vn 0.822321 -0.0304448 -0.568208
vn -0.748059 0.530051 0.399317
vn 0.365137 0.491641 0.790547
vn -0.449038 0.142186 0.882127
vn -0.467164 0.513333 0.719894
vn 0.60447 -0.173229 0.777566
vn -0.551734 0.605676 0.573365
vn -0.675984 0.588085 -0.444075
vn -0.84453 -0.0278644 0.534783
vn 0.373472 0.233889 -0.897671
vn 0.580389 0.0739209 0.810977
vn 0.97649 -0.00120075 0.21556
vn 0.958118 -0.269918 0.0956786
vn -0.420165 0.268111 0.866936
vn -1.63301 2.83681 3.28152
vn -2.28716 1.79328 3.80316
vn -0.771379 0.0567546 0.63384
vn 0.953368 -0.282408 0.106463
vn -0.201765 -0.0811219 -0.976069
vn 0.339278 -0.170399 -0.925124
vn 0.322517 -0.0480754 -0.945342
vn 0.24255 0.269879 0.931845
vn 0.121366 -0.277573 0.953008
vn 0.706109 0.681541 -0.192123
vn 0.22005 0.80252 -0.554562
vn 0.179123 0.240262 0.954038
vn 0.304701 -0.225964 -0.925256
vn 0.956868 -0.153739 -0.246511
vn -0.293592 0.278977 -0.914317
vn 0.654389 0.183079 -0.73366
vn -0.416683 0.564989 0.712154
vn 0.465306 -0.271464 -0.842495
vn 0.112425 -0.0939472 -0.989209
vn -0.00868972 0.840204 -0.542201
vn 0.361359 0.084547 0.928586
vn 0.890575 -0.160045 -0.425748
vn 0.215589 0.196315 0.956547
vn -0.505025 0.841556 0.191657
vn 0.960753 -0.204679 -0.187241
vn 0.384616 -0.124392 -0.914657
vn 0.823484 0.215838 -0.52468
vn 0.809789 0.359363 -0.463788
vn 0.876474 0.21024 -0.433119
vn 0.306987 -0.121948 -0.943868
vn 0.148947 0.0101791 -0.988793
vn -1.57724 1.1998 -3.51529
vn -0.573939 2.15928 -3.1045
vn -0.135418 -0.462572 -0.876179
vn -0.996999 0.0303162 0.0712351
vn 0.0651677 0.333466 -0.940507
vn -0.0683816 -0.368454 -0.927127
vn -0.539793 0.305059 0.784578
vn -0.662695 0.307889 0.682671
vn -4.54814 0.802296 1.01127
vn -3.06268 1.00105 -1.25202
vn -3.41765 1.29779 2.40721
vn -0.326295 0.126507 0.936764
vn -0.575415 0.65117 0.494849
vn -0.713342 0.437736 0.547293
vn -0.692574 0.541186 0.476926
vn -0.0112322 -0.0533968 0.99851
vn 0.160282 0.472798 0.866471
vn -0.380663 -0.494257 -0.781541
vn -0.336308 -0.180047 -0.924381
vn -0.389192 0.278683 -0.877989
vn 0.23869 0.237847 0.941518
vn 0.216376 0.0488077 0.975089
vn 0.209334 -0.0491876 -0.976606
vn 0.543712 -0.0368758 -0.838461
vn 0.338922 0.332258 -0.880191
vn 0.0293464 0.518415 0.854625
vn -0.0736106 -0.193603 0.978314
vn 0.184111 -0.104211 0.977365
vn -0.171005 0.682812 0.710299
vn -0.094655 0.177014 -0.979646
vn -0.415151 0.127653 -0.900752
vn -0.325367 0.146206 -0.934216
vn 0.112159 0.565874 -0.816827
vn -0.126333 0.0243615 -0.991689
vn -0.310804 0.0987641 -0.945329
vn -0.237458 -0.0850677 -0.967666
vn -0.0623989 0.191006 -0.979604
vn -0.653054 0.117534 -0.748135
vn -0.575677 0.601951 -0.553399
vn -0.656919 -0.283833 -0.698496
vn -0.628023 -0.118646 -0.769097
vn -0.777191 -0.183581 -0.601891
vn -0.623295 -0.573016 -0.532124
vn 0.0344058 0.696057 -0.717162
vn 0.404461 0.429915 0.807208
vn 0.259652 0.121034 0.958087
vn 0.282549 -0.421662 0.861608
vn -0.0720284 0.147326 0.986462
vn -0.071055 -0.125279 0.989574
vn 0.0404727 -0.147104 0.988293
vn 0.847895 0.0444885 0.528294
vn -0.363588 0.0961286 -0.926587
vn -0.610949 -0.0489351 -0.790156
vn -0.320959 0.626988 0.709839
vn -0.0570391 0.290709 0.95511
vn 0.296114 -0.168845 0.940111
vn -0.746479 0.202112 -0.633972
vn -0.677267 0.0896068 -0.730261
vn -0.740151 -0.275257 -0.613522
vn -0.117289 -0.113535 0.986587
vn 0.0317602 -0.15799 0.98693
vn -0.115735 0.0551955 0.991745
vn 0.175195 0.0592993 0.982746
vn 0.309316 -0.258974 0.915017
vn 0.204283 -0.12006 -0.971522
vn -0.981032 0.169938 -0.0932595
vn -0.984341 0.0474047 0.169783
vn -0.997286 0.0179329 0.071408
vn -0.937249 -0.292279 0.1901
vn -0.6315 0.110548 -0.767455
vn 0.0973168 -0.140446 -0.985294
vn 0.144198 -0.198042 0.969529
vn 0.5786 -0.286644 0.763582
vn 0.360061 -0.281218 0.889535
vn 0.917831 -0.386719 0.0896381
vn 0.990997 -0.0938909 0.0954472
vn 0.563543 0.00240976 0.826083
vn -0.395416 -0.148713 -0.906383
vn -0.332496 0.172779 -0.927143
vn -0.634564 -0.0917656 -0.767403
vn 0.999088 -0.0337855 -0.0260973
vn -0.63671 0.366009 -0.678703
vn -0.0106524 0.0665907 0.997724
vn 0.452396 0.30384 0.838462
vn 0.421532 0.144413 0.895241
vn 0.205961 0.290557 0.934428
vn 0.555189 0.0144261 0.831599
vn 0.950118 0.277964 -0.141461
vn 0.966453 0.234117 -0.105627
vn -0.723234 0.171123 -0.669067
vn 0.393345 -0.114125 0.91228
vn 0.562892 -0.354115 0.74683
vn -0.28449 0.374366 -0.882562
vn 0.360316 -0.170771 -0.917066
vn -0.330975 0.0438021 -0.942622
vn 0.655513 0.0173399 -0.754985
vn 0.471436 -0.0425627 -0.880873
vn 0.550504 0.0175906 -0.834647
vn -0.936891 0.13711 -0.321615
vn -0.857334 0.0333449 -0.51368
vn -0.939651 0.275364 -0.203053
vn 0.945209 -0.133983 0.297705
vn 0.937665 0.230227 0.260346
vn 0.987372 0.130098 0.0903905
vn -0.687152 0.289352 -0.666406
vn -0.73204 0.300517 -0.611398
vn -0.666817 0.293802 -0.684861
vn 0.377737 0.440384 0.814479
vn 0.685351 0.194315 0.701809
vn 0.61253 -0.377727 0.694355
vn 0.885272 0.362849 0.29092
vn 0.715307 -0.154567 0.681502
vn 0.43019 0.496272 0.754089
vn 0.127369 0.0748888 -0.989024
vn 0.265315 0.467622 -0.843171
vn 0.272839 0.0813033 -0.958618
vn 0.313544 0.168806 -0.934449
vn 0.973874 -0.128851 -0.186994
vn 0.884279 -0.301799 -0.356326
vn 0.935451 -0.249608 0.250253
vn 0.066538 -0.41315 -0.908229
vn -0.304384 0.72159 -0.621819
vn -0.917031 0.171291 -0.360156
vn -0.753926 0.20718 0.623435
vn -0.965873 0.112497 0.233308
vn -0.860405 -0.38563 -0.333156
vn -0.87577 -0.154511 -0.457332
vn -0.913533 -0.110252 -0.391539
vn 0.794451 -0.00852168 -0.607268
vn 0.812471 -0.141747 -0.565508
vn 0.810381 0.088627 -0.579161
vn -0.69262 0.458838 -0.556547
vn 0.816432 0.289118 0.499851
vn -0.518628 0.366292 -0.772564
vn -0.911066 0.0368071 -0.410615
vn -0.959299 0.0582911 -0.27631
vn 0.883464 0.447847 0.137565
vn 0.77219 0.296152 0.562154
vn 0.883742 0.467057 0.0292946
vn -0.427049 -0.513315 -0.744403
vn -0.523008 0.400412 -0.752418
vn -0.557438 0.055543 -0.828359
vn -0.0327528 -0.00333479 0.999458
vn -0.991946 0.0901282 0.0889913
vn 0.692623 -0.516112 -0.503887
vn 0.852911 -0.268988 -0.447423
vn -0.890322 0.0487678 -0.452713
vn -0.88957 -0.00945868 -0.456701
vn 0.430307 0.266844 -0.86234
vn -0.524569 0.120596 -0.842783
vn -0.643623 0.0138113 -0.765218
vn -0.990182 0.054835 0.128576
vn -0.987095 -0.0534961 0.150938
vn -0.992382 0.0846148 0.0895474
vn -0.0456231 -0.0987499 0.994066
vn 0.0600706 -0.0772013 0.995204
vn -0.902716 0.308781 0.299598
vn -0.790558 0.430613 0.43542
vn 0.80799 0.283126 0.516712
vn 0.950201 0.278933 0.138974
vn 0.936289 -0.17475 -0.304673
vn 0.907318 -0.16634 0.386142
vn -0.542303 0.104029 0.833718
vn 0.695812 -0.088958 0.712694
vn 0.667085 0.301443 0.681271
vn -0.0108369 -0.221369 0.97513
vn -0.898225 0.265263 -0.350468
vn -0.194255 0.344912 -0.918314
vn 0.17645 0.0193467 -0.984119
vn -0.273172 -0.459135 -0.845323
vn 0.693026 0.156838 0.703646
vn -0.680886 0.45485 0.574026
vn -0.784007 0.232677 -0.575495
vn -0.844956 0.342514 -0.410773
vn -0.901261 0.203618 -0.38245
vn -0.81878 0.3523 -0.453303
vn -0.885685 0.330791 -0.325789
vn -0.794513 0.135624 -0.591908
vn 0.365642 0.122173 -0.922703
vn 0.502863 -0.160262 -0.849379
vn 0.45105 0.0475549 -0.891231
vn -0.818212 -0.358811 -0.449203
vn 0.82948 -0.474411 0.294782
vn 0.877779 -0.183612 0.442483
vn 0.913674 -0.278094 0.296419
vn -0.645086 0.0984363 -0.757743
vn 0.483523 -0.0632933 -0.87304
vn 0.735159 -0.101813 0.670205
vn 0.33266 0.53702 0.775208
vn -0.915632 0.329329 0.230566
vn 0.512843 -0.231167 -0.826773
vn 0.859431 -0.473538 -0.192717
vn 0.953839 -0.29208 0.06986
vn 0.317112 0.147026 -0.936922
vn 0.67378 -0.186775 -0.714938
vn 0.795611 -0.225397 -0.562316
vn 0.66793 0.038801 -0.743212
vn 0.817045 0.232347 0.527686
vn 0.808928 -0.011807 0.58779
vn -0.0768282 0.0493133 -0.995824
vn 0.952446 -0.00120448 0.304705
vn 0.959804 -0.0306758 0.278992
vn 0.903263 0.417154 -0.100492
vn -0.770784 0.202269 -0.604135
vn -0.847661 0.166024 -0.503892
vn 0.862896 -0.0724636 -0.500159
vn -0.9126 0.167941 0.372769
vn -0.896765 0.071098 0.436759
vn -0.826939 0.199633 0.52566
vn 0.962757 -0.218131 0.159743
vn -0.837822 0.152516 -0.524208
vn -0.817358 -0.177304 -0.54817
vn 0.294093 0.165635 0.941315
vn 0.775865 0.0789338 -0.625942
vn 0.827891 0.00737891 -0.56084
vn 0.837765 -0.121352 -0.532376
vn -0.487457 0.0859937 -0.868902
vn -0.900952 0.253686 -0.352035
vn -0.703379 0.140274 -0.696836
vn 0.0349284 -0.0452118 -0.998367
vn 0.942289 -0.0532893 -0.330533
vn -0.923079 -0.178781 0.340533
vn -0.978156 0.00532677 0.207804
vn -0.912958 -0.238954 -0.33077
vn 0.833975 0.314571 -0.453354
vn -0.531043 0.463885 -0.709087
vn -0.220835 -0.111982 -0.968861
vn -0.120396 0.10788 -0.986847
vn -0.287388 0.241216 -0.926943
vn 0.623998 0.160496 0.764766
vn 0.87173 0.0919606 0.481279
vn 0.752084 -0.389819 0.531424
vn 0.689436 -0.447313 -0.569727
vn 0.115637 0.0136673 -0.993198
vn 0.128042 0.00914434 -0.991727
vn 0.252487 0.123517 -0.959684
vn -0.677376 0.310661 -0.666822
vn -0.279986 -0.256757 -0.925032
vn -0.051984 0.330012 -0.942544
vn -0.20194 0.0873658 -0.975494
vn 0.740855 0.122138 -0.660467
vn -0.992179 0.117001 0.0434875
vn 0.671436 0.19806 -0.714105
vn -0.0415595 -0.37713 -0.925228
vn -0.93013 0.291291 -0.223624
vn 0.948293 -0.300203 0.103046
vn 0.840286 -0.479033 0.253863
vn 0.909197 -0.251416 0.33189
vn 0.79507 0.285482 0.53513
vn 0.687837 0.177784 0.703756
vn 0.857884 0.450348 -0.24743
vn 0.914589 0.393423 -0.0935181
vn 0.980359 0.111472 -0.162696
vn 0.954305 0.118229 -0.274454
vn 0.875728 0.370204 -0.309919
vn -0.88078 0.113564 -0.459707
vn 0.367868 0.156939 0.916539
vn 0.36933 0.00916534 0.929253
vn 0.150719 0.162036 -0.975207
vn 0.942751 0.318044 -0.100339
vn 0.770102 0.329743 0.546088
vn 0.858815 0.071043 0.507336
vn 0.322572 -0.0113041 -0.946478
vn 0.282582 -0.0648382 -0.957049
vn -0.810466 0.413015 0.415407
vn 0.480562 0.108994 -0.870161
vn 0.570466 -0.201302 -0.79627
vn 0.781436 0.444154 0.438275
vn -0.206268 0.525621 -0.825334
vn -0.799054 0.35168 -0.487683
vn 0.869257 -0.37203 0.325555
vn -0.77591 0.0639317 -0.627596
vn 0.908394 0.0437121 -0.415824
vn -0.35774 0.393767 -0.846741
vn -0.984312 0.162772 -0.0680773
vn -0.974815 -0.197517 -0.103551
vn -0.315068 0.0935228 -0.94445
vn -0.43804 -0.216809 -0.872419
vn -0.0589883 0.643305 -0.763334
vn -0.440341 -0.490433 -0.752047
vn 0.723277 -0.331803 -0.605621
vn -0.925564 -0.250135 0.284189
vn -0.810181 0.406517 -0.422316
vn 0.727803 0.423591 -0.539326
vn 0.912929 0.0149804 -0.407844
vn 0.672254 -0.0924495 -0.734525
vn 0.728867 0.0100413 -0.684581
vn 0.649539 -0.0589485 -0.75804
vn -0.688782 0.592442 0.417841
vn -0.0557173 0.273213 -0.960339
vn -0.397243 0.588557 -0.704129
vn -0.479745 0.489153 -0.728406
vn 0.896699 0.290131 0.334297
vn 0.836752 0.37869 0.395524
vn 0.662113 0.158577 -0.732434
vn 0.617437 0.387492 -0.684559
vn 0.699281 0.187969 -0.689692
vn -0.805255 0.280559 0.522352
vn -0.813422 0.281697 0.508912
vn 0.689567 0.394447 -0.607379
vn 0.533089 -0.0756884 0.842667
vn 0.224387 0.531369 -0.816883
vn 0.971366 0.166769 -0.169225
vn -0.80776 0.50863 -0.298024
vn -0.73965 0.238991 0.629128
vn 0.979011 0.00114732 0.203806
vn 0.985312 0.0935872 0.142835
vn 0.949105 0.310886 0.0504882
vn -0.855295 0.320783 0.406903
vn -0.816096 0.533402 0.222417
vn 0.0945039 0.0773984 -0.992511
vn -0.549402 0.664342 0.506761
vn -0.329949 -0.243139 -0.91215
vn -0.828306 0.226126 0.512616
vn 0.656874 0.0386354 0.75301
vn -0.9568 -0.286187 0.0512809
vn -0.510088 -0.135697 -0.849351
vn 0.525734 -0.125425 0.841352
vn 0.981432 0.159032 0.107238
vn 0.667646 -0.142682 0.730678
vn 0.515331 -0.196548 0.834148
vn 0.9381 -0.0389566 -0.344168
vn 0.67268 0.190537 0.714981
vn -0.38363 0.491172 -0.782035
vn 0.599203 -0.56355 0.568654
vn 0.62575 0.779849 0.0165158
vn -0.321601 0.862805 -0.390051
vn 0.988383 -0.119367 0.0940775
vn -0.692479 0.428801 -0.580175
vn 0.860603 0.378034 0.341252
vn -0.563795 -0.0146513 -0.825785
vn 0.938707 0.225457 0.260764
vn 0.944972 -0.0979388 -0.312148
vn -0.452864 0.276436 -0.847642
vn -0.11394 0.262852 -0.958085
vn 0.108054 0.261071 -0.959253
vn -0.301016 -0.11182 -0.947041
vn -0.30067 0.710661 0.636049
vn 0.620023 0.253024 0.742664
vn 0.148729 0.935066 0.321763
vn 0.755695 0.602552 0.256624
vn 0.986899 0.150983 -0.0568712
vn 0.0559254 0.0672167 -0.99617
vn 0.760377 0.141025 0.633986
vn 0.598433 -0.0456499 -0.799871
vn 0.671248 -0.0273563 -0.740728
vn 0.745301 0.134748 0.65297
vn 0.596042 -0.0765991 -0.799291
vn 0.740846 -0.0268296 -0.671139
vn 0.741017 0.0483112 0.669746
vn 0.927296 0.0249109 -0.373499
vn 0.799457 0.385536 0.460685
vn 0.123621 -0.109032 -0.986321
vn 0.98581 0.126862 -0.109935
vn -0.312135 0.227073 -0.922502
vn -0.769448 0.484741 0.415905
vn -0.807373 -0.0685496 -0.586046
vn 0.994628 -0.0194965 -0.101657
vn 0.989789 -0.141317 -0.0186343
vn -0.815538 0.234436 -0.529092
vn -0.0298916 0.171728 -0.984691
vn -0.482344 0.208991 -0.850686
vn 0.996815 -0.0796317 0.00433033
vn 0.488643 0.465129 0.738162
vn 0.923125 0.0419054 -0.382208
vn 0.94131 0.238923 -0.238435
vn 0.99586 0.0467758 0.0779409
vn -0.258359 -0.0439713 -0.965048
vn -0.0174328 0.0220227 -0.999605
vn -0.0753132 0.0154452 -0.99704
vn -0.462045 -0.0425633 -0.885834
vn -0.591225 0.086054 -0.801902
vn -0.647328 -0.0357204 -0.761374
vn 0.720335 0.124694 0.682326
vn -0.891473 0.161192 -0.42343
vn -0.925641 0.321852 -0.198998
vn 0.981213 0.077986 0.176465
vn 0.837351 -0.0847896 0.54005
vn 0.779155 0.156921 0.606872
vn -0.696471 0.354467 0.623924
vn -0.261109 0.661927 0.70262
vn -0.770296 0.57773 0.269949
vn -0.306787 0.751124 0.584546
vn 0.224196 -0.0997729 0.969423
vn 0.342639 0.162651 0.92528
vn 0.163409 0.292718 0.942132
vn 0.421395 0.31626 0.849944
vn -0.550741 0.644177 0.530772
vn -0.835303 0.185169 0.51767
vn -0.977314 0.192536 0.0882455
vn -0.897619 0.206621 0.389343
vn 0.336382 0.155314 0.92883
vn 0.414233 0.101702 0.904471
vn 0.458395 -0.122717 0.880235
vn 0.73416 -0.0772567 0.674566
vn 0.398813 0.487332 0.776824
vn -0.953355 0.276967 -0.120012
vn 0.567974 0.264368 0.779432
vn -0.554576 -0.336165 -0.761209
vn -0.680542 0.441045 0.5851
vn 0.817515 -0.00829255 0.575847
vn -0.664769 0.131055 0.735464
vn 0.988249 -0.100592 0.115091
vn 0.981102 -0.155829 0.114701
vn 0.974403 -0.089763 -0.20611
vn 0.0772818 0.343887 -0.935825
vn 0.148918 -0.291734 -0.944836
vn -0.682246 -0.0523776 -0.729244
vn 0.141673 -0.00885902 -0.989874
vn 0.996822 -0.0103231 0.0789855
vn 0.36474 -0.00936725 -0.931062
vn -0.836879 -0.0917579 -0.539643
vn 0.241749 0.29779 -0.923514
vn 0.353364 0.455683 -0.816999
vn 0.59228 -0.0774049 0.802005
vn 0.571844 -0.0198699 0.820122
vn 0.482804 0.509256 0.712432
vn 0.942292 0.114806 0.314493
vn -0.76996 -0.0511015 -0.636043
vn -0.634095 -0.0408856 -0.772173
vn -0.970291 -0.0167829 0.241358
vn 0.716775 0.329196 0.614706
vn 0.773684 0.158351 0.613464
vn 0.408312 0.180527 0.894813
vn 0.786012 0.143536 0.601317
vn 0.790181 -0.0406676 0.611523
vn 0.839878 -0.339206 0.423727
vn -0.940788 0.297144 0.163168
vn 0.958394 0.273164 -0.0828349
vn 0.9298 -0.0808694 -0.359071
vn 0.91009 0.254602 -0.326976
vn 0.982027 0.0388092 -0.184709
vn 0.641848 -0.491692 0.588447
vn 0.781631 -0.248943 0.571909
vn -0.808639 -0.346315 -0.475572
vn -0.929266 0.178811 -0.323252
vn 0.967886 -0.142245 0.207276
vn 0.94696 -0.0334009 0.31961
vn 0.830185 0.55693 -0.0249445
vn 0.821625 -0.564039 -0.0824148
vn 0.61243 -0.631086 0.476088
vn 0.948798 0.156085 0.274628
vn 0.95356 -0.290517 0.079518
vn 0.852246 -0.490362 0.182268
vn -0.560082 0.71349 -0.420998
vn -0.815728 0.573968 0.0717475
vn 0.988025 0.0390648 0.149266
vn 0.987842 -0.137513 -0.0725134
vn 0.102557 0.736017 0.669149
vn 0.313183 0.303817 0.899784
vn 0.0925098 0.332214 0.938656
vn 0.962646 0.00975345 -0.270587
vn 0.984979 0.172399 0.00978984
vn 0.42588 -0.178979 0.886901
vn 0.546906 0.119348 0.828643
vn 0.529257 0.197163 0.825235
vn -0.678491 0.0853923 -0.729628
vn -0.402456 0.438628 -0.803514
vn 0.166917 0.198192 0.965846
vn 0.0437541 -0.0571587 0.997406
vn 0.114819 -0.0401654 0.992574
vn -0.285098 0.123484 -0.950511
vn 0.317548 -0.517056 -0.794869
vn -0.136809 -0.545066 -0.827155
vn 0.928459 0.153477 -0.338243
vn 0.685363 -0.332868 -0.64767
vn 0.672452 0.359999 0.646691
vn 0.694651 0.369634 0.617115
vn 0.798223 0.386556 0.461969
vn -0.467525 -0.108021 -0.877355
vn -0.677175 -0.00173433 -0.73582
vn 0.549369 0.0715755 0.832509
vn 0.93901 -0.0152134 -0.343554
vn 0.813602 0.581287 0.0125565
vn 0.787757 0.580766 -0.205306
vn 0.961764 -0.249301 -0.113396
vn -0.621772 0.32159 -0.714129
vn 0.820779 0.076395 0.566115
vn 0.817939 0.194716 0.541351
vn -0.182682 -0.632343 -0.752841
vn -0.775154 0.527647 0.347456
vn -0.579631 0.535268 0.614423
vn -0.743891 0.280486 0.606592
vn -0.383408 0.0298881 -0.923096
vn -0.597572 0.575631 -0.558172
vn 0.216386 -0.41348 -0.884427
vn 0.189682 -0.303754 -0.933678
vn 0.972139 0.189389 -0.138118
vn 0.938828 0.344373 -0.00308062
vn 0.992995 0.0424265 0.110276
vn -0.540829 0.363651 -0.75846
vn 0.669418 0.370577 0.643858
vn -0.784733 -0.0144713 -0.619665
vn 0.988066 -0.075234 -0.134407
vn 0.980262 -0.0604686 -0.188231
vn -0.862657 0.0850927 0.498581
vn -0.830436 0.284899 0.478758
vn 0.562168 -0.444448 -0.697448
vn 0.923775 0.236654 -0.301057
vn -0.607156 -0.154666 -0.779384
vn 0.329374 -0.0124975 0.944117
vn 0.549842 -0.313997 -0.774003
vn 0.552916 0.1867 -0.812051
vn -0.181389 -0.279939 -0.942726
vn 0.134486 0.419486 0.897744
vn 0.113254 0.717489 0.687302
vn 0.846973 -0.0345073 -0.530514
vn 0.787558 0.201169 0.58248
vn -0.494383 0.130695 0.859363
vn -0.361991 0.910638 0.199253
vn -0.270365 0.507929 0.81787
vn 0.952373 0.252697 -0.170674
vn -0.246787 0.0535096 0.967591
vn 0.808426 -0.0305611 0.587804
vn 0.60701 -0.320217 0.727324
vn -0.132543 0.489502 0.86187
vn 0.965284 -0.170423 -0.197948
vn 0.943552 0.0832187 -0.320601
vn 0.903159 0.383102 -0.193742
vn 0.889189 -0.435213 -0.141184
vn 0.881295 -0.226063 0.414987
vn 0.998667 0.0291571 -0.0425838
vn 0.74641 0.00150258 0.665485
vn 0.712834 -0.00364838 0.701323
vn 0.668981 0.388668 0.633563
vn -0.45278 0.313133 0.834828
vn 0.695809 0.0200038 -0.717948
vn 0.424623 -0.287979 -0.858349
vn 0.824173 -0.543628 -0.158768
vn 0.24672 -0.446076 -0.860317
vn 0.348116 -0.00471838 0.937439
vn -0.103163 0.5376 -0.836865
vn -0.808012 0.208568 -0.551014
vn -0.834535 0.188471 -0.517716
vn 0.956634 -0.111361 -0.269165
vn 0.97737 -0.0990139 -0.186934
vn -0.819103 0.477556 0.317821
vn -0.775582 0.421141 0.470226
vn -0.702507 0.257189 0.663579
vn 0.410171 0.473729 0.779321
vn 0.944085 -0.239955 -0.226107
vn 0.995871 0.05156 -0.0747166
vn 0.986916 0.129531 -0.0960177
vn 0.508026 0.435375 0.743208
vn 0.615537 0.457135 -0.641983
vn 0.561116 0.344813 -0.752498
vn -0.120183 0.119021 0.985591
vn 0.276207 0.294256 0.914944
vn 0.0346083 0.365141 -0.930309
vn -0.622748 0.746791 0.233427
vn -0.782759 0.36426 0.504583
vn -0.63412 0.576238 0.515598
vn 0.0092671 0.19556 0.980648
vn -0.125832 0.229854 0.965056
vn 0.40887 0.261151 0.874429
vn 0.383548 0.641244 0.664603
vn 0.540281 -0.0163606 0.841326
vn -0.09049 -0.00237304 0.995895
vn 0.761031 0.548383 -0.346566
vn -0.739405 0.537868 0.404942
vn 0.738168 0.194732 0.645901
vn -0.743466 0.47254 -0.47325
vn 0.284352 0.244129 0.927117
vn 0.836312 0.314217 -0.449277
vn -0.664591 0.537665 0.518879
vn -0.703887 0.252126 -0.66406
vn -0.18476 -0.2887 -0.939423
vn -0.586276 -0.0428593 -0.808977
vn 0.815 -0.458815 -0.353926
vn 0.844196 0.321875 0.428637
vn 0.720899 0.552302 0.41865
vn 0.899551 -0.00791733 0.436744
vn -0.570851 0.699716 0.429566
vn -0.299313 0.201316 -0.932675
vn 0.481074 0.0847773 -0.872571
vn 0.683775 0.337008 -0.647208
vn 0.731386 0.427715 -0.531163
vn 0.175933 -0.772154 -0.610595
vn -0.829662 0.50385 -0.24041
vn -0.580934 0.731823 -0.356302
vn 0.715504 0.169523 -0.677729
vn -0.747271 0.618181 -0.243798
vn 0.880062 0.366935 -0.301414
vn 0.499031 0.0556169 0.864798
vn 0.46444 -0.0258558 0.885227
vn 0.0223674 0.723267 -0.690206
vn -0.133841 0.280312 -0.950532
vn 0.752344 0.648898 -0.113626
vn 0.514725 0.418677 0.748176
vn -0.890983 0.0397469 -0.452293
vn -0.586924 0.0134154 -0.809531
vn -0.28463 -0.254515 -0.924234
vn -0.729948 -0.164302 -0.663461
vn 0.892594 0.127655 -0.432413
vn 0.55892 0.0813234 0.825224
vn 0.347396 -0.133036 0.928234
vn -0.734926 0.273927 -0.620361
vn -0.410738 0.854701 -0.317458
vn 0.282182 0.317196 0.905406
vn 0.330357 0.31771 0.888777
vn -0.262736 -0.0212909 0.964633
vn -0.361269 0.168592 0.917094
vn -0.450068 -0.0990361 -0.887485
vn 0.997009 0.0740897 -0.022016
vn 0.80347 -0.589658 0.0820954
vn -0.651406 0.474116 0.592354
vn 0.0643714 0.235396 0.969765
vn 0.314744 0.296902 0.901546
vn -0.136988 0.177103 0.974612
vn -0.53539 0.599107 0.595339
vn 0.268366 0.276252 0.922857
vn -0.606821 0.0736019 0.791423
vn 0.622591 0.309689 0.718661
vn 0.403078 0.0213535 0.914916
vn 0.595233 -0.402138 -0.695689
vn 0.562858 -0.309787 -0.766305
vn 0.76726 -0.388 -0.510654
vn 0.642693 -0.392131 -0.658163
vn 0.957655 -0.0803238 0.276486
vn 0.651462 0.679587 0.337282
vn 0.434131 -0.374518 -0.819309
vn 0.408997 -0.351888 -0.84196
vn 0.442717 -0.40806 -0.798429
vn 0.0398071 -0.412803 -0.90995
vn 0.963899 0.176201 0.199627
vn 0.611902 -0.373314 0.69729
vn 0.867607 -0.470327 0.161403
vn 0.893227 0.341985 -0.291877
vn 0.752405 0.489752 0.440489
vn 0.155237 0.574949 0.803327
vn 0.357984 0.360222 0.861445
vn 0.166706 0.222057 0.960677
vn 0.360969 0.550249 0.752946
vn 0.91393 0.404952 0.0273059
vn -0.771026 -0.190885 -0.607521
vn -0.738987 0.513364 0.436298
vn -0.665429 0.626033 0.406554
vn -0.80594 0.0325885 -0.5911
vn 0.219414 -0.805646 0.550266
vn -0.446908 0.0289702 -0.894111
vn -0.593542 0.413532 -0.690434
vn -0.344858 -0.185891 -0.920064
vn 0.649118 0.714024 -0.262326
vn -0.527835 0.216998 0.821159
vn -0.138753 0.238327 -0.961222
vn -0.215088 -0.102666 -0.971183
vn -0.20438 0.42292 0.882818
vn -0.15242 0.633798 -0.758333
vn -0.426209 -0.130628 -0.895144
vn -0.0321149 0.35698 0.93356
vn 0.362172 0.522436 0.77194
vn 0.737381 0.585541 0.336766
vn -0.117209 0.819477 -0.560999
vn -0.0310585 -0.54694 -0.836596
vn -0.0863143 0.0474004 -0.99514
vn -0.46328 0.879901 0.105575
vn 0.864639 0.502302 -0.00963337
vn -0.614851 -0.134404 -0.777106
vn -0.738964 -0.076733 -0.669361
vn -0.63357 0.043323 -0.772471
vn 0.834478 0.177896 0.521536
vn 0.649758 -0.235938 -0.722598
vn 0.146391 0.00426795 0.989218
vn -0.277664 0.458391 0.844263
vn -0.126413 0.495386 0.859426
vn 0.915002 -0.403382 0.0074005
vn 0.81252 -0.0300752 0.582157
vn -0.521763 0.636749 -0.567727
vn 0.349778 -0.262208 0.89939
vn -0.604241 0.198861 0.771587
vn 0.411274 0.858325 -0.306809
vn 0.345306 -0.0556754 0.936837
vn 0.766919 0.607217 0.207658
vn 0.916042 0.182807 -0.356999
vn 0.419324 -0.0697639 0.905152
vn 0.6084 -0.491313 -0.623266
vn 0.793361 -0.37966 -0.475853
vn -0.845515 0.478315 -0.237317
vn 0.616593 0.787255 -0.0065548
vn -0.887999 0.369899 0.273188
vn 0.567709 -0.816602 0.104245
vn 0.995683 0.0797754 0.0474452
vn 0.997648 -0.0659595 0.0186532
vn 0.994133 -0.00585996 0.108002
vn 0.991887 0.12465 0.02493
vn -0.26938 -0.00188851 -0.963032
vn -0.173757 0.0752791 -0.981907
vn 0.478499 -0.216811 0.850901
vn 0.687944 0.707302 0.162655
vn 0.808602 -0.291845 0.510872
vn 0.821156 -0.0187339 -0.570396
vn 0.763175 0.172756 -0.622671
vn 0.864748 0.0607559 0.498517
vn -0.495102 0.867614 -0.0460374
vn 0.931204 -0.143672 -0.33499
vn 0.579041 -0.130525 0.804782
vn 0.950888 0.287041 -0.115839
vn -0.804946 0.0617696 -0.590124
vn 0.0400969 -0.250537 -0.967276
vn -0.873378 0.292892 0.389133
vn 0.681778 -0.636542 0.360544
vn 0.706256 -0.700377 -0.103319
vn 0.260883 -0.106278 -0.959502
vn -0.623733 0.481719 -0.615552
vn -0.767963 -0.338888 -0.543495
vn -0.666698 0.173985 -0.724736
vn 0.926538 0.354167 0.126855
vn 0.95542 -0.107277 0.275072
vn 0.974366 0.160677 0.157461
vn 0.844244 0.423947 0.327902
vn 0.915796 0.318854 0.244233
vn 0.841912 -0.236191 0.485179
vn 0.943593 0.0701175 0.323598
vn 0.978107 -0.083436 -0.190643
vn 0.401343 -0.193511 0.895253
vn 0.956565 0.074927 0.281726
vn -0.757104 0.407442 -0.51067
vn -0.831093 0.0812891 -0.55016
vn 0.680498 -0.122763 -0.722393
vn 0.442655 -0.106439 -0.890352
vn 0.743732 -0.31389 -0.5902
vn 0.729975 0.50963 -0.455427
vn -0.381647 0.0394253 -0.923467
vn 0.145708 -0.22885 -0.962495
vn -0.851098 0.26586 -0.452715
vn -0.752135 0.586422 -0.300669
vn 0.853522 -0.130608 -0.504422
vn 0.898213 0.0173264 -0.439218
vn -0.330922 0.466795 -0.820118
vn -0.405753 0.188149 0.894407
vn -0.56286 0.234913 0.792468
vn -0.335823 0.878661 -0.339378
vn -0.552672 0.833069 -0.0234548
vn 0.99185 0.119347 -0.0445979
vn -0.972897 0.121868 -0.196517
vn 0.378115 -0.858505 0.346407
vn -0.630185 0.612734 0.47689
vn 0.549913 0.01553 -0.835078
vn 0.234045 -0.0754703 -0.969292
vn 0.361903 0.0378596 -0.931446
vn 0.376562 -0.393263 -0.838776
vn 0.65952 -0.297838 -0.690164
vn 0.369138 -0.0959583 0.924407
vn -0.497306 0.812284 -0.304763
vn -0.322681 0.944342 0.0639897
vn -0.692559 0.380726 -0.612707
vn 0.974776 0.119054 0.188782
vn 0.932058 0.0826816 0.35275
vn 0.988006 -0.10751 0.110838
vn 0.981331 -0.191392 0.018914
vn 0.998941 -0.0352295 0.0295789
vn 0.993617 -0.058197 -0.0966306
vn 0.484075 -0.0275487 -0.874593
vn 0.454788 -0.0819862 -0.886818
vn 0.813331 0.332877 -0.477164
vn -0.953164 -0.0940748 0.287453
vn -0.876566 0.335272 -0.345289
vn 0.637476 -0.165146 -0.752563
vn 0.426734 -0.0968555 -0.899176
vn 0.737323 0.674417 0.0389423
vn -0.375328 -0.119376 -0.919173
vn 0.92267 0.375599 0.0872078
vn 0.484656 -0.256207 0.836341
vn 0.486936 -0.115038 0.865829
vn 0.592263 0.296537 0.749193
vn 0.929945 0.269799 -0.249822
vn -0.55051 0.189029 0.813146
vn -0.362343 0.306992 0.880036
vn -0.400611 0.0869342 0.912115
vn -0.49295 0.767822 0.409205
vn -0.425683 0.837901 0.341636
vn -0.451679 0.811407 0.370951
vn 0.555208 0.566235 0.609198
vn 0.645008 0.644505 0.410582
vn 0.604572 0.615162 0.506032
vn -0.026595 -0.116717 -0.992809
vn 0.173496 0.0478348 -0.983672
vn 0.074808 0.376046 -0.923576
vn 0.392681 0.822948 0.410559
vn 0.428999 0.679388 0.595308
vn 0.428011 0.791422 0.436414
vn 0.954843 -0.0227866 0.296236
vn -0.0187696 -0.00695176 -0.9998
vn -0.222459 0.483916 -0.846367
vn -0.12163 -0.0965992 -0.987864
vn 0.521413 0.83799 0.160939
vn 0.0471603 0.704596 0.708039
vn -0.422354 0.806632 0.413476
vn 0.420116 0.0825869 0.903705
vn 0.997498 -0.062676 0.0327029
vn 0.151915 0.971005 -0.184585
vn -0.709774 0.692446 -0.129384
vn -0.107857 -0.159537 -0.981282
vn 0.309874 0.345423 -0.885811
vn 0.245112 0.596383 -0.764361
vn -0.454271 -0.0563463 0.88908
vn -0.615609 -0.403518 0.676903
vn -0.700286 0.237963 0.673033
vn 0.359358 -0.0519765 -0.931751
vn 0.0543356 -0.0634504 -0.996505
vn 0.0195841 0.906309 0.422162
vn -0.226343 0.806314 -0.546467
vn 0.032496 0.754275 0.655754
vn -0.364907 0.41748 0.832198
vn 0.0652051 -0.0737544 -0.995143
vn 0.33751 -0.415915 -0.844453
vn 0.711852 -0.127581 0.690645
vn 0.561505 -0.382622 -0.733698
vn 0.52083 -0.568018 -0.637253
vn 0.678111 -0.293662 -0.673742
vn 0.985691 0.132186 -0.104594
vn 0.947626 -0.289418 0.135064
vn 0.878097 0.0659583 -0.473915
vn 0.584892 0.190995 -0.788304
vn -0.864781 0.0954436 0.492995
vn -0.577575 -0.132779 0.805467
vn -0.74686 -0.261833 0.611264
vn -0.466938 0.583517 0.664438
vn -0.819618 -0.0686623 -0.568782
vn 0.527244 0.296082 0.79646
vn 0.486745 -0.227381 -0.843432
vn 0.578533 -0.409417 -0.705463
vn -0.212593 0.327821 0.920509
vn 0.286299 0.360064 0.887911
vn 0.142497 0.114873 0.983107
vn 0.719402 0.26685 -0.641289
vn 0.80635 -0.102073 -0.582564
vn -0.3621 0.897549 0.251574
vn -0.538272 0.824763 -0.17329
vn -0.976094 0.21734 -0.00196322
vn -0.00839383 -0.0111277 0.999903
vn 0.477873 0.0196865 -0.878208
vn 0.409085 0.0259124 -0.912128
vn 0.451848 -0.00831104 -0.892056
vn 0.680656 0.136059 0.719858
vn 0.595087 -0.25106 0.76344
vn 0.760747 -0.328661 0.559683
vn 0.973983 -0.0119667 -0.226305
vn 0.977991 0.144558 -0.150457
vn 0.730173 -0.426262 -0.533992
vn -0.440399 0.700875 0.561091
vn -0.364581 0.777444 0.512505
vn -0.459787 0.886849 0.0457599
vn -0.659059 -0.285436 0.695821
vn 0.882639 0.169999 -0.438233
vn -0.0781639 0.904002 0.420322
vn -0.105564 0.887988 0.447587
vn 0.307143 0.70398 0.640371
vn -0.0763576 0.91743 0.390503
vn 0.483276 -0.152714 -0.862046
vn 0.484227 -0.117874 -0.866966
vn 0.202659 0.886926 0.41508
vn 0.503142 0.406214 0.762783
vn -0.190421 0.698679 0.689629
vn -0.528494 0.77835 -0.33892
vn -0.954294 0.265732 0.136784
vn 0.808324 0.281338 -0.517167
vn 0.569419 -0.345946 -0.74571
vn 0.357373 0.00741493 -0.933932
vn -0.00906773 0.0493422 -0.998741
vn 0.423802 -0.0958723 -0.900667
vn -0.847561 0.452054 -0.278008
vn -0.763298 0.295105 -0.574709
vn -0.799827 0.584719 0.135574
vn -0.881324 -0.192084 -0.431709
vn -0.733151 -0.192137 -0.65236
vn 0.93551 -0.350553 0.0439721
vn 0.98219 0.112089 -0.150796
vn 0.939033 -0.24629 -0.239912
vn 0.720928 0.0122917 -0.692901
vn -0.914504 0.377332 0.145958
vn -0.967006 0.187572 0.172382
vn -0.437555 0.899192 -0.000185054
vn -0.618422 0.779243 0.101662
vn 0.773962 -0.0206519 -0.632895
vn 0.734721 -0.321663 -0.597259
vn 0.837367 -0.0323198 -0.545684
vn 0.728629 0.429661 0.533376
vn -0.310638 -0.202425 -0.928724
vn 0.824576 -0.391403 -0.408508
vn 0.709698 0.299726 -0.637568
vn 0.677129 0.0333809 -0.735107
vn -0.998889 -0.0460377 0.0100737
vn -0.935895 0.0586957 0.347355
vn -0.966637 0.193871 -0.167415
vn -0.950654 0.240886 -0.195527
vn -0.420945 0.639177 0.643629
vn -0.223811 0.680065 0.698155
vn -0.161329 0.172542 0.971701
vn -0.41331 0.038559 0.909774
vn 0.0492999 0.0378409 0.998067
vn 0.86693 -0.0408283 0.496755
vn -0.405788 0.864144 0.297643
vn -0.296528 0.907032 0.298938
vn -0.483223 0.722162 0.494952
vn 0.376256 0.747471 0.547466
vn 0.549327 0.101147 0.829463
vn 0.632143 0.567979 0.527062
vn 0.628725 -0.0830204 -0.773184
vn -0.999723 -0.015562 0.0176534
vn -0.920799 0.379394 0.0904969
vn 0.776263 0.522921 -0.352094
vn -0.832727 -0.266715 0.48521
vn -0.49171 0.673441 0.551995
vn -0.0202955 0.965386 0.260036
vn -0.415376 0.670401 0.614837
vn -0.127972 0.745763 0.653804
vn -0.0283218 0.179506 0.983349
vn -0.686021 0.514342 -0.514613
vn -0.771349 0.366572 0.520235
vn -0.375225 0.0437659 0.9259
vn -0.280933 -0.0168599 0.959579
vn 0.687803 -0.0035494 0.725888
vn -0.889521 0.408467 -0.204713
vn -0.849638 0.489853 -0.195344
vn -0.97008 0.229488 -0.0792446
vn -0.862236 0.410202 0.297125
vn -0.94934 0.0192687 0.31366
vn -0.889126 0.0379912 -0.456082
vn 0.603228 0.461167 0.650724
vn 0.180133 0.316989 0.931166
vn 0.40735 0.748676 0.52302
vn -0.916894 0.399125 0.00200019
vn -0.64518 0.45839 0.611247
vn -0.678993 0.586118 0.442079
vn -0.233963 0.965822 0.111576
vn -0.430342 0.895816 0.110991
vn -0.35314 0.931385 0.0883998
vn -0.902499 0.373186 0.215004
vn 0.443429 0.748153 0.493596
vn 0.38688 0.920637 -0.0524583
vn -0.131045 0.924034 0.359149
vn 0.303628 0.835763 -0.457504
vn 0.549523 0.54752 -0.631068
vn 0.512747 0.54211 -0.665738
vn 0.839782 0.225542 -0.49386
vn -0.682085 -0.0615944 0.728674
vn 0.593076 0.647895 -0.478009
vn 0.620063 0.73638 -0.270677
vn 0.801539 0.595206 -0.0571391
vn 0.652457 0.086187 -0.752909
vn 0.54682 0.211822 -0.810012
vn -0.214001 0.913445 -0.346153
vn -0.585208 -0.279819 -0.761074
vn -0.675909 0.505837 -0.535982
vn -0.745924 0.357691 -0.561832
vn 0.392286 -0.294232 0.871515
vn 0.730204 0.000329822 -0.683229
vn 0.745312 -0.0155045 -0.666535
vn 0.656203 0.0155043 -0.754425
vn -0.627635 0.733887 0.259777
vn 0.973355 -0.226801 -0.0337832
vn -0.74707 -0.182112 0.639313
vn -0.919926 0.195516 0.339867
vn -0.848256 0.302649 0.434586
vn 0.503741 0.635914 -0.584686
vn 0.665541 0.260445 -0.699445
vn 0.00840932 0.964487 0.263995
vn 0.00471211 0.979867 0.199595
vn -0.943807 0.273956 -0.184869
vn -0.915057 0.403263 0.00701345
vn -0.403733 0.865623 0.296137
vn 0.970121 0.216677 -0.109165
vn -0.904533 -0.212865 0.369471
vn 0.0929721 0.718639 0.68914
vn -0.509371 -0.257736 -0.821044
vn -0.314204 -0.298702 -0.90114
vn -0.394506 0.800344 -0.451458
vn 0.279625 0.626294 -0.727713
vn 0.625034 0.0106476 -0.780525
vn 0.540031 0.0771342 -0.838103
vn 0.580752 -0.00519273 -0.814064
vn -0.927736 -0.288166 0.237206
vn -0.0032279 0.507347 0.861736
vn 0.512096 0.190006 0.837649
vn -0.960534 0.251888 -0.118012
vn -0.499886 0.848602 0.173173
vn -0.757208 0.514271 0.402693
vn 0.957015 0.144915 -0.251241
vn 0.460875 0.674822 -0.576376
vn -0.826385 -0.0318567 -0.562204
vn -0.990146 -0.127997 -0.0568203
vn 0.622219 0.418803 0.661398
vn -0.0846516 0.574415 0.814176
vn -0.725601 0.679642 -0.107658
vn 0.408803 0.301242 0.861472
vn -0.317965 0.244682 -0.915985
vn 0.329815 0.933064 -0.143576
vn 0.300324 0.498486 -0.813214
vn 0.194154 0.471852 -0.860035
vn -0.87118 0.485866 -0.0705646
vn -0.433382 0.806251 0.402666
vn -0.252779 0.885029 0.390931
vn 0.556064 0.683457 -0.472948
vn 0.758958 0.639173 0.124258
vn 0.579332 -0.0501022 -0.813551
vn 0.53698 -0.325852 -0.778122
vn 0.536985 -0.277531 0.796632
vn -0.973344 -0.227246 0.0309931
vn -0.940156 -0.329594 -0.0864521
vn -0.95335 -0.300903 0.0241201
vn 0.138511 0.144703 -0.979732
vn -0.889721 -0.405127 0.210399
vn 0.366343 0.253167 -0.895377
vn -0.0374918 0.245592 0.968648
vn 0.406642 0.505928 0.76071
vn 0.349846 0.341583 0.872313
vn -0.223719 -0.12843 0.966155
vn -0.67491 0.626319 0.390156
vn 0.540965 0.0978539 -0.835333
vn -0.751242 0.655769 -0.0748501
vn 0.840358 -0.5107 -0.181614
vn 0.59416 0.116952 -0.795799
vn 0.5744 0.148469 -0.804998
vn 0.446874 0.0245392 -0.89426
vn 0.502593 -0.00196159 -0.864521
vn 0.76473 0.125466 -0.632017
vn 0.550126 -0.0110203 -0.835009
vn -0.251663 0.944404 0.211581
vn 0.841698 0.453762 0.292652
vn 0.212061 0.708528 0.673066
vn -0.732012 0.631153 -0.256523
vn 0.737625 0.0631415 -0.672251
vn -0.366264 0.902851 0.225191
vn 0.651134 -0.0780898 0.754934
vn -0.220037 0.843157 0.490582
vn 0.149955 0.84684 0.51027
vn -0.384322 -0.392911 0.835415
vn -0.49355 -0.861845 -0.116756
vn -0.275679 -0.408504 0.87013
vn 0.912364 -0.3665 -0.1824
vn -0.530092 0.66708 -0.523457
vn 0.20515 0.813532 -0.544132
vn 0.163293 0.883038 -0.439976
vn 0.248259 0.586584 -0.7709
vn -0.482612 0.0234913 0.875519
vn 0.718273 -0.130361 0.68344
vn 0.29558 0.387627 0.873143
vn -0.990487 -0.137369 0.00809623
vn -0.990705 0.0277563 0.133164
vn 0.153766 -0.0172644 0.987956
vn 0.95075 0.192511 -0.242929
vn -0.94145 0.22105 0.254575
vn -0.80507 0.588904 -0.0710936
vn -0.727735 0.68326 0.0596424
vn 0.692889 -0.449694 -0.563631
vn 0.461224 -0.526985 -0.713834
vn 0.439723 0.436107 -0.785146
vn 0.749964 0.0998497 -0.653899
vn 0.838072 0.542873 -0.0540824
vn -0.289409 0.951487 -0.104474
vn 0.567305 -0.0282148 -0.823024
vn -0.457681 -0.232759 -0.858109
vn -0.662263 -0.297045 0.687875
vn 0.225954 0.705967 -0.671234
vn 0.675032 0.391124 -0.625583
vn 0.592112 0.503272 -0.629381
vn -0.757563 0.532703 0.377261
vn -0.244285 0.817132 0.52213
vn 0.491658 -0.242421 -0.836364
vn 0.685921 -0.390889 -0.613773
vn 0.789996 0.03807 -0.611929
vn -0.672948 -0.124201 0.729188
vn -0.678768 -0.290827 0.67431
vn 0.560339 -0.024608 -0.827898
vn 0.628479 -0.364817 -0.686966
vn -0.898231 -0.414086 -0.147355
vn -0.362964 -0.273637 -0.890719
vn -0.520946 0.0706029 0.850665
vn -0.588595 0.0147024 0.808294
vn -0.840698 0.0639092 0.53772
vn -0.600296 0.179576 0.779357
vn -0.791004 0.43851 0.42664
vn -0.918723 -0.107415 0.380013
vn -0.41401 0.789119 0.453747
vn 0.352515 0.130324 -0.926687
vn -0.373856 -0.544152 0.751086
vn 0.760571 0.593993 0.262113
vn 0.750758 0.507897 -0.422378
vn -0.122832 0.285914 0.95035
vn -0.436546 -0.537992 0.721105
vn 0.160479 0.875561 0.455675
vn 0.73052 -0.120171 -0.672234
vn 0.562064 0.490541 -0.665923
vn 0.534374 0.653755 -0.53577
vn 0.317196 0.825399 -0.467015
vn 0.465687 0.875618 0.128174
vn -0.0260519 0.179467 0.983419
vn 0.731035 0.680571 -0.0491073
vn 0.553409 -0.519706 -0.65088
vn -0.676919 0.672852 -0.298413
vn 0.561472 0.705409 -0.432605
vn 0.410726 0.661248 -0.627739
vn -0.951998 0.304963 -0.0263955
vn 0.0349097 0.43044 -0.901944
vn 0.103089 0.332018 0.937623
vn -0.0425183 0.3828 0.922852
vn 0.190422 0.706759 0.681345
vn 0.60916 -0.0966974 -0.78713
vn 0.676651 0.589215 -0.441553
vn 0.827644 -0.401529 -0.392148
vn -0.17978 0.703345 0.687739
vn -0.430989 0.352858 -0.830506
vn -0.705402 0.340446 -0.621695
vn 0.20805 -0.0358458 0.977461
vn 0.254946 0.577843 0.775306
vn -0.322222 0.689705 0.648444
vn 0.674373 0.727893 -0.124069
vn 0.883079 0.468773 0.0205935
vn -0.656227 0.306536 -0.689494
vn -0.347141 0.790687 -0.504289
vn -0.540933 0.586156 -0.603169
vn 0.22685 0.680515 -0.696734
vn -0.083904 0.811462 -0.57835
vn 0.15268 0.870246 -0.46836
vn 0.686051 -0.594072 0.420015
vn 0.720238 -0.064934 0.690682
vn 0.885158 0.0377247 0.463759
vn 0.0257138 0.224147 0.974216
vn -0.250089 0.0619423 0.966239
vn 0.502503 0.280703 0.817739
vn 0.630816 -0.303771 0.713999
vn 0.528148 -0.0650771 0.846655
vn 0.0902933 0.547758 -0.83175
vn 0.0177075 0.132455 -0.991031
vn -0.248391 0.264984 0.931711
vn -0.677484 -0.549895 -0.488499
vn -0.624505 -0.674451 -0.393839
vn 0.439276 0.731689 -0.521217
vn 0.387621 0.569059 -0.725205
vn -0.650898 -0.475287 -0.591975
vn 0.103028 0.791205 -0.60281
vn 0.663582 0.682278 -0.306849
vn 0.721865 0.568705 -0.394316
vn 0.784266 -0.0672191 0.616772
vn 0.736858 0.352179 0.57707
vn 0.778728 0.383903 0.496186
vn 0.498903 0.0138513 0.866547
vn -0.142241 0.813131 -0.564433
vn -0.14497 0.89651 -0.418632
vn -0.109491 0.568422 -0.815419
vn -0.308776 0.307578 -0.90003
vn -0.268778 -0.386142 -0.882413
vn -0.164523 0.164411 -0.972574
vn -0.403647 0.158392 -0.9011
vn 0.974531 -0.140634 -0.174678
vn 0.63795 0.71234 -0.292559
vn 0.829912 -0.448049 -0.332413
vn 0.759615 0.198097 0.619469
vn 0.660493 0.383563 0.645467
vn -0.599595 0.293638 -0.744489
vn 0.0188947 0.303759 0.952561
vn -0.300528 0.647225 0.700559
vn -0.840439 -0.348205 -0.41523
vn -0.502276 -0.84155 -0.198777
vn 0.804239 0.39909 0.440372
vn 0.626156 0.674544 0.391048
vn 0.636061 0.60468 0.479363
vn -0.310238 0.25089 -0.916955
vn -0.160776 0.595996 -0.786727
vn -0.35668 0.154456 -0.92137
vn 0.404406 0.885596 -0.228418
vn 0.589649 0.807526 -0.0147281
vn 0.923129 0.350144 0.158844
vn 0.940839 -0.0389724 0.336604
vn 0.903961 0.406673 -0.132178
vn -0.0493121 0.572484 -0.818432
vn 0.0925294 0.88563 -0.455081
vn 0.123501 0.394141 -0.910714
vn 0.726413 0.673732 -0.135676
vn 0.598967 0.797152 0.0760802
vn 0.573955 0.812793 0.0997089
vn -0.0995768 0.894128 0.436601
vn 0.173986 0.226673 -0.958305
vn 0.041854 0.730371 -0.681767
vn -0.617314 -0.767311 -0.173659
vn -0.30668 -0.836437 -0.454225
vn -0.295358 -0.797242 -0.526468
vn 0.16837 0.966158 -0.195421
vn 0.254262 0.700249 0.667084
vn 0.0115248 0.964669 0.263213
vn -0.79003 0.554234 -0.262063
vn -0.561576 0.609506 -0.559585
vn -0.530864 0.726554 -0.436237
vn 0.781071 -0.425131 0.457374
vn 0.957355 0.0344029 -0.286858
vn 0.984078 0.176084 0.0242057
vn 0.576046 0.676368 -0.459018
vn 0.675365 0.679773 -0.285991
vn 0.52596 0.579029 -0.62297
vn -0.341179 0.895744 -0.285027
vn -0.0562191 0.983899 -0.169656
vn 0.12623 0.984953 -0.118045
vn 0.835678 -0.0290425 -0.548452
vn 0.899896 -0.126512 0.417352
vn -0.0586979 -0.435005 -0.898513
vn 0.32633 0.763163 -0.557755
vn 0.588389 0.408346 -0.697891
vn 0.584356 0.619899 -0.523692
vn 0.0776304 0.235318 0.968813
vn 0.65345 0.747563 -0.118962
vn 0.968876 0.21891 -0.115573
vn 0.919394 -0.0563712 -0.389277
vn 0.723158 0.685979 0.0804687
vn 0.340173 0.793342 0.504867
vn -0.167351 0.805518 -0.568449
vn 0.620464 0.523906 -0.583565
vn 0.896056 0.443325 -0.0233779
vn 0.660294 0.73126 0.171084
vn 0.766916 0.637586 -0.0729668
vn 0.761713 0.64781 0.0116005
vn 0.99628 -0.0777272 0.0372171
vn 0.137594 -0.372213 -0.917892
vn 0.329015 -0.582435 -0.743316
vn 0.862031 0.27919 0.423031
vn -0.955557 -0.0393933 0.292163
vn -0.876239 -0.167017 0.452007
vn -0.982466 -0.186392 0.00432036
vn 0.0675715 0.371312 -0.926046
vn 0.938971 0.296521 -0.174379
vn -0.416179 -0.881686 -0.222315
vn -0.872604 -0.335823 -0.354663
vn -0.313477 -0.902551 -0.295186
vn -0.0695056 0.498117 -0.864319
vn 0.22972 0.338827 -0.912373
vn 0.337015 0.435392 -0.834778
vn 0.506938 0.779769 -0.367388
vn 0.111164 0.754923 0.646323
vn 0.40089 0.613498 -0.680373
vn 0.343064 0.824593 -0.449838
vn 0.796943 0.532503 0.28517
vn 0.347193 0.934357 0.0802077
vn 0.0496952 0.419711 0.906296
vn -0.586542 0.768208 -0.256564
vn 0.904574 0.31708 -0.284967
vn 0.478514 -0.789692 -0.38394
vn -0.837168 -0.456226 0.301677
vn 0.17989 -0.70564 0.685355
vn 0.484115 0.860024 0.16122
vn 0.510748 0.276813 0.813948
vn -0.0018463 0.960247 0.279146
vn 0.874933 0.473635 -0.100807
vn -0.68723 0.724309 0.0555971
vn -0.134288 0.835564 -0.532729
vn 0.972527 -0.0447344 0.228452
vn -0.192977 0.806635 0.55866
vn 0.850309 0.111767 -0.514279
vn 0.902198 0.257608 -0.345943
vn 0.787695 0.00228815 -0.616061
vn 0.544084 0.298186 -0.784256
vn 0.547323 0.807328 -0.220588
vn 0.850702 0.411573 -0.326978
vn -0.815555 -0.0779075 0.573411
vn -0.529278 0.230434 -0.816557
vn -0.390766 0.145235 -0.90896
vn -0.156693 0.617922 -0.770467
vn 0.576554 0.806316 -0.132058
vn -0.185802 0.828242 -0.528671
vn -0.75506 0.167134 -0.633996
vn -0.178278 0.743307 -0.644757
vn -0.425951 0.704021 -0.568262
vn 0.888475 0.258227 -0.379382
vn -0.767437 0.305748 -0.563523
vn -0.678552 0.586236 -0.4426
vn 0.370905 0.905859 -0.204572
vn 0.220744 0.963954 0.148539
vn -0.263178 0.541609 -0.798372
vn 0.541481 0.823791 -0.167829
vn 0.77545 0.562552 -0.286728
vn 0.649119 0.633091 -0.421712
vn 0.880296 0.423994 -0.212859
vn 0.796966 0.577616 -0.176646
vn 0.679591 0.684615 -0.263548
vn 0.852585 -0.297236 -0.429826
vn 0.834019 0.110266 -0.540605
vn 0.466772 -0.0827213 -0.8805
vn 0.953907 0.298893 0.0269308
vn 0.906262 0.052121 0.419492
vn -0.587586 0.327773 -0.739803
vn -0.575351 -0.65571 -0.488892
vn -0.0314829 0.851091 0.524073
vn 0.32641 0.188457 0.926251
vn 0.245657 0.218516 0.944406
vn 0.333292 0.268546 0.90377
vn -0.277976 0.344361 -0.896741
vn -0.507179 0.146148 -0.849359
vn -0.259414 0.832455 -0.489615
vn 0.0300713 0.315144 -0.948567
vn -0.0668221 0.957176 0.281691
vn 0.568279 0.763471 0.306873
vn 0.587751 0.766829 0.257919
vn -0.415043 0.0967008 -0.904648
vn -0.449077 0.259197 -0.855071
vn -0.641744 0.745073 -0.181744
vn 0.494132 0.801373 -0.337098
vn 0.372517 0.614707 0.695246
vn 0.0259868 0.361419 0.932041
vn -0.294484 -0.937935 0.183186
vn -0.613341 0.767595 -0.186042
vn -0.734427 -0.624386 -0.266005
vn -0.680703 -0.674254 -0.286402
vn -0.763484 -0.575597 -0.292884
vn -0.846797 0.531165 0.0282438
vn -0.923432 0.352059 -0.152732
vn 0.897876 0.196024 0.394199
vn 0.661875 -0.159773 0.73239
vn 0.000797399 0.972661 -0.232227
vn 0.814214 -0.0424744 -0.579009
vn -0.788263 -0.374082 0.488573
vn -0.298546 0.274434 -0.914088
vn 0.503837 0.542866 -0.671896
vn 0.7392 0.314836 -0.595366
vn -0.0502384 -0.715346 -0.696963
vn 0.145511 0.582771 0.799503
vn 0.123474 0.269262 0.955119
vn -0.888875 -0.435909 -0.141014
vn -0.736679 0.168616 -0.654884
vn -0.318458 0.843549 -0.432447
vn 0.586413 0.712891 -0.384586
vn 0.895601 0.096939 -0.434168
vn 0.695329 0.716849 -0.0514232
vn 0.456841 0.42469 -0.781623
vn 0.710982 0.0272386 -0.702682
vn 0.437184 0.534172 -0.723554
vn 0.986595 0.121128 0.109355
vn -0.787776 0.615217 -0.0302781
vn 0.133722 0.755213 -0.641694
vn 0.587781 0.548769 -0.594445
vn 0.70386 0.475714 -0.52752
vn 0.759011 0.256925 -0.598241
vn 0.817701 0.476693 -0.32269
vn 0.897595 -0.118364 -0.424634
vn 0.897576 0.127173 -0.422118
vn 0.936655 -0.167387 0.307667
vn 0.793788 -0.161895 -0.586251
vn 0.68591 0.0620866 -0.725033
vn 0.250757 0.674402 -0.69448
vn -0.468777 0.155494 0.869523
vn 0.192156 0.488922 0.8509
vn -0.315889 -0.429913 -0.845807
vn 0.741308 -0.196703 0.641693
vn -0.106985 0.901653 0.419019
vn -0.630106 0.772867 0.0751137
vn -0.292566 -0.131903 -0.947105
vn 0.955665 -0.204212 0.212135
vn 0.602411 -0.181098 0.77737
vn -0.590455 0.468067 -0.657478
vn -0.365393 0.795031 -0.484163
vn -0.466924 -0.820048 -0.330913
vn -0.74566 -0.172856 -0.643516
vn -0.73536 -0.432178 -0.521985
vn 0.446568 0.212136 0.869238
vn 0.383843 0.342155 0.857668
vn 0.313502 0.33254 0.889457
vn -0.390786 0.0744208 -0.917468
vn -0.182274 0.908698 -0.375557
vn -0.357561 0.670403 -0.650161
vn -0.981161 0.156419 -0.113388
vn 0.44847 -0.713555 0.538251
vn -0.965715 0.258952 -0.0184211
vn 0.528302 0.0611056 0.846855
vn 0.573081 0.431715 -0.696563
vn -0.0573443 -0.213818 -0.975189
vn 0.313268 -0.724292 -0.614218
vn 0.284728 -0.787985 -0.545902
vn 0.338811 -0.566236 -0.751388
vn 0.528834 0.824878 -0.199777
vn 0.665463 0.738817 -0.106336
vn 0.296663 -0.910034 -0.289532
vn 0.169395 0.668857 -0.723834
vn -0.231311 -0.921743 -0.311263
vn 0.0856331 -0.795786 -0.599493
vn 0.491883 -0.491576 -0.718613
vn 0.452806 0.888115 -0.0788531
vn -0.0513517 0.812273 0.581012
vn 0.0235818 0.868785 0.494628
vn -0.424847 0.53382 0.731124
vn 0.545091 0.391452 0.741378
vn 0.498571 -0.700586 -0.510495
vn 0.471189 0.0842855 0.877996
vn -0.636913 0.603181 -0.480119
vn 0.127248 -0.326301 0.936662
vn -0.324273 -0.517045 -0.792156
vn -0.423832 -0.836319 -0.34776
vn 0.847131 0.397538 0.352608
vn 0.804887 0.382204 0.453958
vn 0.81175 0.249483 0.528033
vn 0.602221 0.549243 0.579363
vn 0.645493 -0.145921 -0.749698
vn 0.296113 -0.318698 -0.900416
vn -0.381265 -0.902837 0.198801
vn 0.164803 -0.306136 -0.937615
vn 0.175441 -0.951463 -0.252862
vn -0.0727887 0.101987 -0.992119
vn -0.0878005 -0.519146 -0.850164
vn -0.264674 0.289378 -0.919896
vn 0.215891 0.766248 0.60519
vn -0.311458 -0.530002 -0.788728
vn 0.29605 0.901408 0.315939
vn 0.585836 -0.513749 -0.626784
vn 0.60658 -0.687714 -0.398887
vn -0.05469 0.844437 0.532855
vn 0.302898 -0.565026 -0.767463
vn 0.994455 -0.105059 -0.00474545
vn 0.882737 -0.467085 0.0510551
vn 0.719151 -0.527708 -0.452047
vn 0.672963 -0.691242 -0.26326
vn -0.079575 0.123045 0.989206
vn 0.348971 0.46291 -0.814821
vn 0.210049 0.584447 -0.783774
vn 0.673745 0.0319178 -0.738274
vn 0.409332 0.228361 -0.883345
vn 0.504744 -0.000962028 -0.863268
vn 0.865609 -0.287582 0.4099
vn 0.282168 -0.682005 -0.674723
vn 0.0721025 -0.727741 0.682051
vn 0.224158 0.720372 0.656367
vn -0.361016 0.175617 0.915874
vn 0.690325 0.679653 -0.248038
vn 0.173094 0.339513 0.924537
vn 0.604192 0.630567 0.487172
vn 0.576466 0.00282818 -0.817116
vn 0.223932 0.0413488 -0.973727
vn 0.100139 -0.765738 -0.635309
vn 0.222119 -0.68643 -0.692443
vn 0.140411 -0.752641 -0.643285
vn 0.255146 -0.77269 -0.58125
vn -0.309284 0.877468 -0.366597
vn -0.342393 -0.435768 -0.83239
vn -0.0157433 0.264248 0.964326
vn 0.398237 0.394843 -0.827953
vn 0.267442 -0.772422 -0.576055
vn -0.67772 -0.710114 -0.190873
vn -0.903365 0.427816 -0.0300727
vn -0.782067 0.615769 0.095916
vn -0.682858 -0.00233691 0.730547
vn -0.996516 -0.0663146 0.050585
vn -0.120929 -0.344882 -0.930823
vn 0.434269 0.749757 -0.499275
vn -0.74853 0.00247121 0.663096
vn -0.378323 0.31394 0.870812
vn -0.768138 0.168268 -0.617778
vn -0.489383 0.150876 -0.858918
vn 0.89975 -0.435513 0.0278799
vn -0.922099 0.224868 0.314909
vn -0.687975 0.424711 -0.588481
vn 0.857418 0.117639 -0.500995
vn 0.892012 -0.142581 0.428934
vn 0.82429 -0.488064 0.286948
vn -0.447921 0.465676 0.763225
vn -0.364691 0.787018 -0.497597
vn 0.891667 0.45267 -0.00450209
vn -0.123155 0.670138 -0.731948
vn -0.540037 0.345665 0.767383
vn 0.111793 0.346095 0.931515
vn -0.131927 0.113268 -0.984767
vn -0.219937 0.572021 -0.790202
vn -0.333752 0.585462 -0.738812
vn 0.578103 -0.170113 -0.798034
vn 0.794021 0.580336 0.180945
vn 0.53211 -0.542852 -0.649746
vn -0.0292344 0.742306 0.669423
vn -0.162277 0.941397 -0.2957
vn -0.112832 0.888495 -0.444798
vn 0.866562 -0.497539 -0.0390469
vn -0.295 -0.739785 -0.604726
vn -0.205954 0.365627 -0.907689
vn -0.596237 0.32414 -0.734462
vn -0.720721 0.11907 -0.682922
vn -0.495454 0.620439 -0.607931
vn 0.697884 0.0699617 -0.712786
vn -0.215879 -0.376231 -0.901025
vn -0.124078 0.0533944 -0.990835
vn -0.100153 0.336091 0.936489
vn 0.848513 0.0105851 -0.529069
vn 0.97172 0.0578545 -0.22894
vn 0.959774 0.0221594 -0.279896
vn 0.990312 -0.136719 -0.0242689
vn 0.797703 0.528946 -0.28963
vn 0.943231 0.281313 0.176571
vn -0.32337 -0.883602 -0.338643
vn -0.580754 -0.774384 -0.251104
vn -0.608397 -0.429013 -0.667683
vn 0.418615 0.888104 0.189824
vn 0.562454 0.724199 0.398976
vn 0.567052 0.614817 0.548136
vn -0.296685 -0.641724 -0.707226
vn 0.0174175 0.0504879 -0.998573
vn 0.0920682 -0.591886 -0.800747
vn -0.112382 0.434789 0.893492
vn 0.988996 0.0770494 -0.126291
vn 0.975725 0.198367 -0.0927953
vn 0.917882 0.313671 -0.243111
vn 0.959996 0.0468857 0.276062
vn 0.780836 0.558706 0.279541
vn 0.948186 -0.162562 0.272979
vn 0.531448 0.8172 0.223038
vn -0.326317 -0.588628 -0.739618
vn -0.314635 -0.766432 -0.559988
vn -0.036895 -0.894639 -0.445264
vn -0.401932 -0.373145 -0.83619
vn -0.985743 -0.0868941 0.144087
vn 0.734164 0.50642 0.452264
vn 0.828884 0.27658 0.486266
vn 0.798004 -0.584042 -0.148609
vn 0.847957 0.496447 0.185766
vn 0.637711 0.684152 -0.353923
vn -0.0732945 -0.650699 -0.75579
vn 0.587705 0.786079 0.191526
vn 0.972317 -0.127524 0.195797
vn 0.995473 0.0222348 0.0924091
vn -0.571023 0.752134 0.328978
vn 0.232831 0.439381 0.867603
vn 0.248827 -0.255601 0.934213
vn 0.23324 -0.490393 0.839711
vn 0.281223 -0.263126 0.922864
vn 0.629031 0.241386 0.738954
vn 0.453631 -0.190286 0.870638
vn 0.518372 0.182321 0.835494
vn 0.842878 0.538061 -0.00687103
vn -0.373538 0.0778603 -0.924341
vn 0.271992 -0.239161 0.932106
vn 0.243167 0.711944 0.658791
vn -0.00792408 0.265619 0.964045
vn 0.854128 -0.251961 0.454951
vn 0.807523 -0.100429 0.581224
vn 0.947039 -0.0340414 0.319309
vn 0.879448 0.0436451 0.47399
vn 0.275162 0.958651 0.0726297
vn 0.548355 0.751423 0.366974
vn 0.194787 -0.176362 0.96486
vn -0.280293 -0.560182 -0.779507
vn 0.935699 0.316162 0.156553
vn 0.935561 -0.168392 0.310437
vn 0.865095 0.375707 -0.332346
vn 0.939027 0.316919 -0.133382
vn 0.685736 0.711443 -0.153672
vn 0.974334 -0.0982385 -0.202539
vn -0.0441027 0.865062 0.499723
vn 0.968051 0.249159 0.0282123
vn 0.981867 0.178535 0.0637321
vn 0.987825 0.136115 0.0753346
vn 0.592656 0.805103 0.02383
vn -0.185634 0.885725 -0.425477
vn -0.195567 0.642473 -0.740934
vn -0.681549 0.303138 -0.666032
vn 0.795435 -0.571682 -0.201155
vn 0.816344 -0.574002 -0.0640585
vn 0.908007 0.0844913 -0.410346
vn 0.937506 0.229094 -0.261915
vn 0.973417 -0.0544274 -0.222482
vn -0.476541 -0.68799 -0.547338
vn -0.402189 -0.878473 -0.257933
vn -0.45663 -0.809163 0.369789
vn -0.670491 -0.716003 -0.194375
vn 0.355365 0.921982 0.153832
vn 0.710927 0.57938 -0.398624
vn -0.725209 -0.471606 0.501657
vn 0.299247 0.30993 0.902438
vn 0.570828 0.290041 0.768135
vn -0.584701 0.227722 0.778632
vn -0.21392 0.965166 0.150642
vn -0.376363 -0.759262 -0.530917
vn -0.533742 0.0533667 -0.843962
vn -0.700313 -0.27341 -0.659401
vn -0.271315 0.65427 -0.705917
vn -0.412808 -0.0967468 -0.905665
vn -0.0903654 -0.761071 -0.642344
vn -0.353303 0.864159 -0.358337
vn -0.0660672 0.588414 -0.805856
vn 0.107328 -0.82208 -0.559165
vn 0.494542 0.233701 0.837145
vn 0.639554 0.545486 0.541679
vn 0.414467 0.807303 0.420094
vn 0.513746 0.361742 0.777951
vn 0.693791 0.640178 0.329888
vn 0.300787 -0.0291089 0.953247
vn -0.156747 -0.478776 -0.863831
vn -0.298069 0.687969 -0.661705
vn 0.0738446 0.435842 -0.896989
vn 0.870838 -0.231106 0.433857
vn 0.920908 0.00363665 0.389763
vn -0.447038 0.781102 0.435932
vn 0.0580327 0.987986 -0.143233
vn -0.133204 0.633644 -0.762071
vn -0.303257 0.0506816 0.95156
vn -0.694655 0.635078 0.337832
vn -0.602023 -0.493371 0.627817
vn 0.481921 -0.063988 0.873875
vn 0.342408 -0.102563 0.933937
vn -0.64085 0.351402 -0.682516
vn -0.707087 -0.18621 -0.682169
vn -0.604457 0.54302 0.582891
vn -0.396669 0.683225 0.613072
vn 0.941745 -0.0877682 0.324673
vn -0.37831 0.791018 -0.480803
vn 0.384134 -0.145399 0.911757
vn -0.0662316 0.160903 0.984745
vn -0.272112 0.316301 0.908795
vn 0.161626 0.782664 0.601094
vn 0.183414 0.155822 0.970607
vn -0.0647461 0.793067 0.605684
vn 0.0284163 0.503095 -0.863764
vn 0.462746 0.486911 -0.740799
vn 0.393633 0.58185 -0.711691
vn -0.519813 0.568709 0.637468
vn -0.325003 0.895947 0.302741
vn 0.586898 0.77089 -0.247546
vn -0.52628 -0.700749 -0.481644
vn 0.351553 0.0607759 0.934193
vn 0.778226 0.19621 0.596545
vn 0.651017 0.0110605 0.758983
vn 0.590434 0.142074 0.794482
vn -0.159678 0.32987 0.930424
vn -0.283708 -0.173957 0.943
vn -0.370318 -0.34547 0.862273
vn -0.855009 -0.138298 0.499834
vn -0.191936 0.567955 0.800367
vn 0.236107 0.690082 0.684134
vn 0.0327741 0.580647 0.813496
vn -0.734478 0.23981 -0.634849
vn 0.90472 0.393811 0.162461
vn 0.609093 0.79167 -0.0475897
vn 0.522818 0.850944 0.0505544
vn 0.99865 -0.0391998 0.0340862
vn 0.844866 0.180136 0.503739
vn 0.845787 0.180949 0.501898
vn 0.782404 0.262331 0.564824
vn -0.371796 0.845203 0.383927
vn -0.42547 0.85989 0.282071
vn 0.505801 0.135609 0.851924
vn 0.46152 0.015071 0.887002
vn 0.405717 0.559545 0.722706
vn 0.65969 0.398819 0.636987
vn 0.579055 0.0714863 0.812148
vn 0.455912 0.281806 0.844233
vn -0.268418 0.334876 -0.903222
vn -0.161266 0.577996 0.799946
vn 0.145719 0.533716 0.833015
vn 0.557828 0.451077 0.696676
vn 0.564139 0.825465 -0.0188108
vn -0.0462642 0.636955 0.769512
vn -0.272371 -0.326398 0.90514
vn -0.238142 -0.671098 0.70208
vn 0.272732 0.449517 0.850619
vn -0.234817 -0.057505 0.970337
vn -0.213519 -0.298971 0.930068
vn -0.225641 0.541046 0.810158
vn -0.487881 0.330769 0.807814
vn -0.36986 -0.656869 0.657059
vn -0.502315 0.230261 0.833462
vn 0.38212 0.141166 0.913267
vn 0.69116 0.570644 0.443467
vn 0.864754 -0.111875 0.489576
vn 0.46387 0.19473 0.864236
vn 0.526912 0.395982 -0.752038
vn 0.725259 0.670709 0.155399
vn 0.0288267 0.35925 0.932796
vn -0.1629 -0.0667923 0.984379
vn -0.173761 0.766142 0.618735
vn -0.0276413 0.849259 -0.527253
vn -0.158607 0.660152 -0.734195
vn 0.74724 0.357829 0.559992
vn 0.287424 -0.0150492 0.957685
vn -0.302724 0.852368 0.426411
vn -0.561216 0.823915 0.0787434
vn 0.232271 0.967575 -0.0992436
vn -0.167842 0.981221 -0.0950471
vn 0.185635 0.920862 -0.34286
vn 0.162113 0.974335 0.156175
vn 0.380385 0.445999 0.81018
vn 0.593214 0.0234968 0.804702
vn -0.866825 -0.49858 -0.00563011
vn 0.817747 -0.00903978 0.575506
vn 0.649447 -0.0343283 0.759631
vn 0.52357 -0.0571391 0.850065
vn 0.378787 0.289905 0.878906
vn -0.570023 0.532655 0.625582
vn -0.362139 0.867505 0.341014
vn -0.533054 0.845976 0.0133557
vn -0.171711 0.869048 0.463973
vn 0.998128 -0.0607297 0.00717595
vn -0.550677 0.834557 -0.0164415
vn -0.484508 0.749166 0.451666
vn -0.914895 0.367322 -0.167455
vn 0.318566 -0.143898 -0.936915
vn -0.236912 0.846753 -0.476322
vn 0.976277 0.0477594 0.21119
vn 0.897236 0.420903 0.133447
vn 0.988889 -0.139629 0.0510124
vn -0.646256 -0.0940218 0.757307
vn -0.41862 -0.277549 0.86471
vn -0.749924 -0.075491 0.657202
vn 0.692196 0.0257621 0.72125
vn 0.32552 -0.098637 0.940376
vn -0.602083 0.636426 -0.482139
vn -0.67344 0.541582 -0.503158
vn -0.332238 0.415115 0.846934
vn -0.182455 0.362091 0.914112
vn 0.880637 0.37133 0.294264
vn 0.896403 0.34057 0.283678
vn 0.126183 -0.4095 0.903542
vn -0.656428 0.6024 -0.454111
vn 0.887224 -0.2439 -0.391594
vn 0.916851 -0.39886 -0.0171665
vn 0.586968 -0.809214 0.0253102
vn 0.637815 0.0903548 0.764871
vn 0.498342 0.261482 0.826609
vn 0.599779 0.0763344 0.796516
vn 0.709529 -0.225332 0.667679
vn -0.373404 0.485782 -0.790307
vn 0.988677 0.0832811 -0.124831
vn -0.876755 0.183051 0.44474
vn -0.264303 -0.962952 0.0535387
vn -0.0209636 0.996648 -0.0790721
vn -0.80796 0.406713 -0.426363
vn 0.0658336 -0.404467 0.91218
vn -0.26195 0.660725 0.703438
vn -0.238485 0.549561 0.800692
vn -0.378833 0.118118 0.917897
vn -0.840953 0.433632 -0.323669
vn -0.725959 0.263599 0.635216
vn -0.337719 -0.788471 0.514062
vn -0.210378 -0.390887 0.896074
vn -0.904419 0.335006 -0.26419
vn 0.115994 0.346115 0.930994
vn -0.815448 0.466514 -0.342652
vn -0.0100109 0.920026 -0.391728
vn -0.925765 0.062826 0.372842
vn -0.759011 0.395749 0.516996
vn -0.0987442 -0.327922 0.93953
vn 0.781507 0.248047 0.572467
vn 0.59121 -0.238811 -0.770351
vn 0.684126 -0.393817 -0.613905
vn -0.266359 0.78812 -0.554905
vn -0.480218 0.761791 -0.434817
vn 0.676357 0.109237 0.728429
vn 0.593225 -0.262086 0.76118
vn 0.563029 0.386533 0.730473
vn -0.505276 0.847301 0.163641
vn 0.794209 -0.0355884 0.606601
vn 0.827595 0.384438 0.409015
vn -0.448121 -0.588901 -0.672594
vn 0.549426 0.38894 0.739498
vn -0.383678 0.640267 -0.66547
vn 0.416183 0.352143 0.838324
vn 0.313845 -0.214599 0.924905
vn 0.625695 -0.245405 0.740461
vn 0.948402 0.183359 -0.258677
vn 0.551295 0.137539 0.822895
vn -0.169691 0.356478 0.918764
vn -0.545289 -0.535321 0.645051
vn -0.724024 -0.517493 0.45606
vn 0.674148 0.269358 0.687729
vn -0.00853877 0.954264 -0.298842
vn -0.710442 0.66959 0.216615
vn -0.342642 0.74852 0.567728
vn -0.218137 0.777685 0.589595
vn 0.140873 0.980038 0.14029
vn 0.592157 0.600827 -0.53699
vn -0.513234 0.771661 -0.375674
vn -0.68539 0.718075 -0.12087
vn -0.506135 0.833959 0.219861
vn 0.546437 0.600992 -0.583279
vn 0.571046 -0.226135 0.789157
vn 0.815854 -0.577797 -0.023083
vn 0.998403 -0.0474192 0.0307222
vn 0.24169 -0.0538483 0.968858
vn 0.14226 -0.017822 0.989669
vn -0.536577 0.430938 0.725519
vn 0.242569 -0.128432 0.961595
vn 0.922782 0.144937 0.357026
vn 0.836094 0.16227 0.524038
vn 0.700096 0.236197 0.673852
vn 0.0167541 0.675557 -0.737117
vn 0.716025 0.166457 0.677939
vn -0.614183 0.713607 -0.336964
vn -0.699025 0.670686 -0.24808
vn 0.372863 0.588691 0.717228
vn 0.841333 0.32106 -0.434833
vn 0.482823 0.226517 -0.845915
vn -0.821799 0.499545 -0.274046
vn 0.443065 0.471169 -0.762688
vn 0.689749 0.297845 -0.65995
vn 0.532884 0.671025 -0.515519
vn -0.82328 0.468716 -0.320181
vn -0.802254 0.579742 -0.142436
vn -0.753312 0.372126 -0.542257
vn 0.855004 -0.28401 -0.433942
vn -0.783456 0.608598 -0.125719
vn 0.843826 -0.180547 0.505332
vn -0.852061 0.16933 0.495297
vn -0.764481 0.522491 0.377586
vn -0.356231 -0.0330998 0.933811
vn 0.577199 0.533184 0.618511
vn -0.111669 0.668417 0.735356
vn -0.478053 0.34598 0.807319
vn 0.681065 0.679639 0.272473
vn -0.0122517 -0.588982 0.808053
vn 0.00599857 -0.386706 0.922183
vn 0.882676 -0.187271 -0.431061
vn 0.494724 0.033223 0.868415
vn 0.484372 0.317096 0.815374
vn 0.871152 0.277353 0.405178
vn -0.181033 -0.386511 0.904343
vn -0.672844 0.565032 0.477514
vn -0.0473824 0.992489 -0.11279
vn 0.716439 -0.144233 0.682577
vn 0.755104 0.231587 0.61334
vn 0.481171 0.21092 0.850874
vn -0.328746 -0.605619 0.724673
vn 0.499869 0.152652 0.852542
vn 0.974164 0.174497 0.143371
vn -0.286203 0.0736964 0.955331
vn 0.150548 -0.177388 0.972558
vn 0.337924 0.917514 -0.209706
vn -0.0552886 0.29962 0.952455
vn 0.406096 0.564457 -0.718661
vn -0.152398 0.805542 0.572605
vn 0.0323257 0.293351 0.955458
vn 0.252274 -0.130726 0.958785
vn 0.19207 0.978549 -0.0745066
vn -0.31088 -0.301793 0.901263
vn 0.474379 -0.214482 0.853793
vn -0.649433 0.0970767 0.754197
vn 0.219 0.944668 0.244215
vn 0.412309 0.434229 0.800904
vn 0.239913 0.683504 0.689394
vn 0.41065 0.3967 0.820972
vn 0.56823 0.0937852 -0.817508
vn 0.553366 0.659115 -0.509268
vn -0.556957 0.464224 0.688691
vn -0.512725 0.189216 0.837443
vn -0.556708 0.460532 0.691365
vn -0.0441951 0.707799 0.70503
vn 0.707343 -0.0378037 0.705859
vn 0.842201 0.203932 0.499108
vn 0.801318 0.23226 0.551311
vn 0.722674 0.15022 0.674667
vn 0.668464 0.382604 0.637785
vn 0.491597 0.492308 0.718307
vn -0.415632 -0.659535 0.62631
vn 0.881812 -0.201623 0.426328
vn 0.70257 -0.0443156 0.710233
vn -0.608405 -0.670581 0.424458
vn 0.866488 0.18846 0.462256
vn 0.131163 -0.242712 0.961191
vn 0.563685 0.661167 -0.495093
vn 0.236428 0.171848 0.956332
vn 0.109125 -0.433103 0.894714
vn 0.88538 0.0874488 0.456568
vn -0.252506 -0.428132 0.867723
vn -0.417627 -0.376097 0.827127
vn -0.063845 -0.194582 0.978806
vn -0.136958 -0.132132 0.981725
vn -0.319294 0.915366 0.245269
vn -0.508814 0.687937 0.517543
vn -0.751484 0.36568 0.549136
vn -0.632469 -0.0976324 0.768408
vn -0.763445 -0.0180065 0.645622
vn -0.0666786 -0.100941 0.992655
vn -0.062269 -0.515602 0.854563
vn -0.189879 -0.834598 0.517099
vn 0.00728507 -0.629708 0.776798
vn -0.761594 -0.0612491 0.645154
vn -0.762624 0.0123955 0.646724
vn 0.200605 -0.440602 0.875001
vn -0.0726119 -0.0234149 0.997085
vn -0.698995 0.21685 0.681455
vn -0.385895 -0.72646 0.56863
vn -0.569097 -0.665591 0.482822
vn 0.084714 0.13016 0.987867
vn -0.334785 0.871896 0.357374
vn 0.0132647 -0.481989 0.876077
vn 0.0261089 0.703932 0.709788
vn -0.258467 -0.639697 0.723866
vn -0.776823 0.20581 0.595137
vn -0.18278 0.870635 0.456712
vn -0.21596 0.870072 0.443098
vn -0.224833 -0.54132 0.8102
vn -0.383799 0.730191 0.56526
vn -0.260557 0.930821 -0.256283
vn 0.503396 -0.0479475 0.862725
vn 0.680105 -0.0456535 0.731692
vn 0.526195 -0.277917 0.803667
vn -0.055287 0.986762 -0.152462
vn 0.00640989 0.470788 0.882223
vn -0.354859 0.199536 -0.913379
vn 0.543049 -0.00737284 -0.839668
vn 0.298268 0.158271 -0.941269
vn -0.502168 -0.179741 0.845884
vn -0.0177799 0.909475 0.415378
vn -0.75441 -0.0641582 0.65326
vn -0.306724 0.855114 0.417973
vn -0.393679 -0.00329069 0.919242
vn -0.576963 0.789624 0.208824
vn 0.34171 -0.535251 0.77249
vn 0.550745 -0.153513 0.820435
vn 0.461743 0.526006 0.714221
vn -0.674644 0.32115 0.664619
vn -0.690797 -0.145622 0.708232
vn -0.635653 0.532978 0.558461
vn 0.341647 -0.480873 -0.807489
vn 0.520488 0.17182 -0.836403
vn 0.547277 0.0783998 -0.833272
vn -0.290671 0.867568 0.40353
vn -0.738137 0.674651 -0.000959471
vn -0.727983 0.306443 0.613297
vn -0.160838 -0.135402 0.977649
vn 0.410775 0.482887 -0.773359
vn 0.338595 0.873495 -0.349799
vn -0.124669 0.789739 -0.600642
vn -0.128962 -0.564767 0.815112
vn 0.148855 -0.562105 0.81356
vn 0.401257 -0.414576 -0.816774
vn 0.243724 -0.552431 -0.797132
vn -0.380789 -0.531232 0.75683
vn -0.385754 0.577781 0.71928
vn 0.0751398 0.895434 0.438807
vn 0.375959 -0.290949 -0.879775
vn -0.456605 0.498788 -0.736697
vn -0.599813 0.800105 0.00752335
vn -0.348872 0.926314 -0.142233
vn -0.157943 -0.267219 -0.950604
vn -0.198255 -0.199514 -0.95963
vn -0.0549732 0.504195 -0.861838
vn -0.218118 -0.607741 0.763594
vn 0.720785 -0.36687 -0.588111
vn 0.260076 -0.401402 -0.878201
vn -0.192726 -0.201979 -0.96024
vn -0.388437 0.768225 0.508868
vn -0.344886 0.90451 0.250831
vn -0.52953 0.58178 0.617358
vn -0.577894 0.666481 -0.471002
vn -0.889818 0.233479 0.39206
vn -0.394742 -0.124062 0.910378
vn -0.680847 0.311379 0.662941
vn 0.68336 0.665259 -0.300748
vn 0.473226 -0.31772 -0.821652
vn 0.694721 -0.21764 -0.685563
vn -0.185178 0.66232 -0.725976
vn -0.255247 0.275878 -0.926682
vn 0.568114 0.251865 -0.783461
vn -0.522567 0.403914 -0.750851
vn -0.156453 0.866856 -0.473374
vn -0.636245 -0.180346 -0.750112
vn -0.904885 0.42565 0.00219892
vn 0.453787 0.850518 0.265888
vn -0.143096 0.986999 0.0731916
vn -0.572037 0.607237 0.551395
vn 0.00280957 0.910108 0.414362
vn 0.0734111 0.152146 0.985628
vn 0.0544515 0.74717 0.662398
vn 0.506231 0.185854 0.842133
vn 0.0468711 0.144616 0.988377
vn -0.495065 0.868559 0.0227071
vn -0.362073 0.562111 0.743596
vn 0.34551 -0.270127 -0.898696
vn 0.304415 0.658688 -0.688086
vn 0.144136 -0.0824084 -0.98612
vn -0.860724 0.100079 0.499138
vn -0.417126 0.394857 0.818592
vn -0.845134 0.369851 -0.385951
vn -0.39727 -0.33175 0.855639
vn 0.718899 0.510375 -0.471913
vn 0.873047 0.392508 -0.289354
vn 0.996903 -0.0378844 0.0689195
vn 0.983217 -0.150206 -0.103546
vn -0.356565 0.536878 -0.764607
vn 0.299272 0.0390289 0.953369
vn 0.238308 0.961599 -0.136147
vn -0.700824 0.664793 0.258644
vn 0.71628 -0.356554 -0.599844
vn 0.851221 -0.5242 0.025248
vn -0.220928 0.441386 0.869695
vn -0.197008 0.909115 0.367011
vn 0.432266 0.410618 -0.802832
vn 0.117566 0.161312 -0.979876
vn 0.316263 0.554349 -0.769854
vn 0.373021 0.17596 -0.910985
vn -0.120738 0.973504 0.194196
vn 0.253888 0.262205 -0.931015
vn 0.320523 0.428122 -0.844971
vn -0.300352 -0.45113 -0.840399
vn -0.535278 0.476616 -0.697363
vn -0.159224 -0.0960945 -0.982555
vn -0.284825 -0.469422 -0.835774
vn -0.149489 0.840064 0.521484
vn -0.41069 0.312757 0.856456
vn 0.137271 0.779738 0.610873
vn -0.146726 0.745044 0.650678
vn 0.401961 0.212329 0.890699
vn -0.0623239 0.833367 0.549196
vn 0.175123 0.474635 -0.862586
vn 0.064626 -0.0507252 -0.996619
vn -0.188781 -0.170026 -0.967188
vn -0.117732 0.158692 -0.980284
vn -0.0450351 0.0181346 -0.998821
vn 0.0609585 0.118974 -0.991024
vn -0.226451 0.634725 -0.738812
vn -0.400286 -0.397808 -0.825542
vn -0.527666 -0.601791 -0.599513
vn -0.431127 0.615756 0.659525
vn 0.951422 0.210721 -0.224483
vn 0.989335 0.0986661 -0.107149
vn 0.472523 -0.0101932 -0.881259
vn 0.266395 -0.597522 0.756308
vn 0.224614 -0.893408 -0.389065
vn 0.27205 -0.345015 -0.898306
vn -0.0740379 0.688848 0.721115
vn -0.363352 0.658222 -0.659332
vn -0.409769 0.324432 -0.852545
vn 0.198151 -0.542778 0.816167
vn 0.0457182 -0.530641 0.846363
vn 0.62748 -0.584542 -0.514372
vn 0.832227 0.503838 -0.2314
vn -0.462352 0.284249 0.8399
vn -0.22432 0.964965 0.136102
vn -0.0208643 0.92872 -0.370194
vn -0.0567386 0.956824 -0.285075
vn -0.487 0.186102 -0.853345
vn -0.0352536 0.930971 -0.363388
vn -0.360933 0.558931 0.746541
vn -0.130995 0.645814 -0.752173
vn -0.684576 -0.0874136 -0.723681
vn -0.66706 0.693388 -0.272478
vn -0.13642 0.742536 0.655766
vn -0.0435087 0.845173 0.532718
vn -0.00236659 0.965996 0.258546
vn -0.587098 0.674822 0.447137
vn -0.379719 0.777308 0.501603
vn 0.883756 -0.19211 -0.426696
vn 0.991701 -0.0227393 -0.126537
vn 0.807471 -0.217424 -0.548377
vn -0.399374 -0.446792 -0.800548
vn -0.37382 -0.751718 -0.543303
vn -0.277524 0.0188743 -0.960533
vn 0.0749815 0.385262 -0.919756
vn -0.374317 0.617091 0.69216
vn 0.869236 0.47268 0.144925
vn 0.843136 0.536316 -0.0385687
vn 0.872876 0.487052 -0.0294656
vn 0.857355 0.25559 -0.446785
vn -0.611968 -0.731444 -0.300806
vn -0.489097 -0.784946 -0.380319
vn -0.365735 0.302032 -0.880349
vn -0.684163 -0.150105 -0.713715
vn -0.346731 0.672792 0.653551
vn 0.0748939 -0.41382 -0.907273
vn 0.178357 -0.590159 -0.787338
vn -0.169894 0.379178 -0.909593
vn -0.000670304 0.0205254 -0.999789
vn 0.690716 -0.143367 -0.708771
vn -0.0711726 0.434495 -0.897858
vn -0.100619 0.256405 -0.961318
vn -0.364924 0.000471635 -0.931037
vn 0.976932 0.146019 -0.155826
vn 0.989199 0.000486627 -0.146576
vn 0.978204 0.0522972 -0.200954
vn -0.254048 0.518447 -0.8165
vn -0.497907 0.781817 0.375301
vn 0.715827 0.305116 -0.628088
vn 0.311994 -0.0372293 -0.949354
vn 0.533568 0.599195 -0.596884
vn -0.574125 0.776778 0.258838
vn 0.901251 -0.180982 -0.39369
vn 0.835634 -0.334963 -0.435334
vn 0.591094 -0.381148 -0.710869
vn 0.941384 0.0577424 -0.332357
vn -0.576626 -0.682919 -0.448468
vn -0.187457 0.867329 -0.461087
vn -0.568048 0.172064 -0.804808
vn -0.404601 -0.807652 -0.428948
vn 0.527675 0.142877 -0.837344
vn 0.657816 -0.0722473 -0.749706
vn 0.4671 0.188226 -0.863938
vn 0.614923 -0.181299 -0.767464
vn 0.590158 -0.0401637 -0.806288
vn 0.797727 0.179585 -0.575656
vn 0.506594 -0.0535998 -0.860517
vn 0.121666 0.417022 0.900716
vn 0.750089 -0.207115 -0.628068
vn 0.7934 -0.0585526 -0.605878
vn 0.597436 -0.0642865 -0.799336
vn -0.792935 0.591356 0.146805
vn 0.93217 -0.178229 -0.315109
vn 0.860541 -0.340667 -0.378701
vn 0.541782 0.826853 0.15095
vn 0.656481 0.71571 0.238312
vn 0.921248 -0.120795 0.369744
vn 0.7455 -0.0829647 -0.661321
vn -0.73018 -0.0637882 -0.68027
vn -0.184035 0.312631 -0.931876
vn 0.286188 -0.423059 -0.859719
vn 0.306459 -0.327762 -0.893675
vn 0.274809 -0.214505 -0.937266
vn 0.485933 -0.195614 -0.851824
vn -0.47984 -0.815022 -0.324795
vn 0.703861 0.692882 0.15651
vn 0.850174 -0.284609 0.442947
vn 0.963163 0.0335103 0.266821
vn 0.469644 -0.235013 -0.851001
vn 0.516782 -0.565016 -0.64319
vn 0.0924347 -0.563125 -0.821186
vn 0.42552 0.762617 0.487184
vn -0.241679 0.289644 -0.92612
vn 0.0904916 0.331059 0.939261
vn 0.669225 0.0103879 0.742987
vn 0.457912 0.113208 0.88176
vn -0.395101 -0.815249 -0.423397
vn 0.753435 0.015966 -0.657328
vn 0.968095 -0.186487 -0.167378
vn 0.927702 0.0734858 -0.366019
vn 0.971018 -0.0320855 -0.236842
vn 0.020657 0.0183418 -0.999618
vn 0.984758 -0.167443 -0.0470554
vn 0.9743 -0.0492655 -0.219801
vn -0.608636 -0.509267 0.608448
vn -0.498459 -0.691876 0.522347
vn 0.995766 -0.018945 0.0899489
vn 0.931522 0.299693 0.206035
vn 0.99957 -0.0268365 0.0117849
vn 0.935851 -0.306995 0.173024
vn 0.713821 -0.517558 -0.471798
vn 0.504459 -0.390039 -0.770319
vn -0.268093 -0.56595 0.779632
vn 0.639747 0.377892 0.66927
vn 0.944067 0.123038 0.30594
vn 0.547364 0.186942 -0.815748
vn -0.314745 -0.0498651 0.947866
vn -0.135655 0.751919 -0.645148
vn 0.969236 0.195698 -0.149279
vn 0.0139364 0.157922 0.987353
vn -0.0587863 -0.645114 0.761821
vn 0.408849 -0.305295 -0.860022
vn -0.633278 0.293969 0.71592
vn 0.225538 -0.242279 -0.943628
vn -0.181603 -0.0795506 -0.980149
vn 0.190887 -0.274605 -0.942419
vn -0.279833 0.877733 -0.388945
vn -0.423349 -0.00762597 -0.905935
vn -0.333785 -0.108329 -0.936404
vn 0.82715 -0.0530762 -0.55947
vn 0.773534 0.0724021 -0.629606
vn 0.126872 -0.422537 -0.897422
vn 0.556735 0.0326773 -0.830047
vn 0.157859 -0.711187 -0.68505
vn 0.128508 0.0964208 0.98701
vn -0.512842 0.554742 0.655175
vn -0.47057 0.257701 0.843893
vn -0.900968 0.427975 0.0713693
vn 0.0498865 -0.014619 -0.998648
vn -0.778044 0.612133 -0.141215
vn 0.277561 -0.522766 -0.806025
vn 0.51218 -0.0172087 -0.858706
vn -0.204938 -0.289084 -0.93511
vn -0.257463 -0.142837 -0.955673
vn -0.0659204 0.718631 -0.69226
vn 0.0945337 0.0553946 -0.993979
vn -0.170711 -0.0420743 -0.984422
vn 0.371061 0.490028 -0.788788
vn 0.344811 0.355815 -0.86862
vn -0.501903 0.316829 0.804806
vn -0.711624 -0.537424 -0.452512
vn -0.841649 0.394808 -0.368447
vn -0.957343 -0.128365 -0.258875
vn 0.505776 0.109068 -0.855742
vn -0.495214 -0.134534 -0.858291
vn -0.272602 0.618303 -0.737149
vn 0.937621 0.0253874 -0.34673
vn -0.235412 -0.322962 -0.916666
vn -0.107074 -0.260984 -0.959386
vn -0.167002 -0.444216 -0.880217
vn -0.314555 -0.328437 -0.890609
vn 0.120368 0.652874 -0.747842
vn -0.513685 0.486912 -0.706431
vn 0.221019 0.363692 0.904919
vn -0.299733 0.938188 -0.173098
vn -0.432693 0.421228 0.797085
vn 0.125703 0.182424 -0.975151
vn 0.970745 0.200611 -0.131945
vn -0.844493 0.0865836 -0.528521
vn -0.350891 0.716478 0.602938
vn 0.60389 -0.341645 -0.720136
vn 0.564808 0.317633 0.761644
vn 0.593317 -0.410011 -0.692723
vn -0.661972 0.319545 -0.678
vn -0.240118 -0.951031 -0.194638
vn -0.718639 -0.0739299 -0.691442
vn -0.217844 -0.111903 -0.969547
vn 0.0645958 0.882971 -0.464963
vn -0.161126 0.625374 -0.763509
vn 0.994124 -0.0822732 0.0703406
vn -0.0686445 -0.133606 -0.988654
vn -0.173112 0.559213 -0.810749
vn 0.578825 0.0114906 -0.815371
vn -0.159482 0.965286 -0.206856
vn -0.0626759 -0.110932 -0.99185
vn 0.812837 0.333598 0.477503
vn -0.243775 -0.211039 -0.946592
vn -0.349491 -0.560567 0.750746
vn 0.809074 -0.36906 0.457378
vn -0.112002 -0.311813 0.943519
vn -0.514823 -0.241709 -0.822517
vn -0.275033 -0.290336 -0.916549
vn 0.278796 0.350756 -0.894004
vn 0.925307 0.048357 0.376123
vn -0.724385 0.472363 -0.502136
vn 0.339563 0.313912 -0.886654
vn -0.0405469 0.524266 -0.850589
vn -0.260985 0.0111362 -0.965279
vn 0.152534 -0.114282 -0.981668
vn 0.57206 0.573384 0.586497
vn 0.452134 0.41939 -0.787202
vn 0.545192 -0.257617 -0.797746
vn 0.443107 0.430594 -0.786286
vn -0.103201 -0.0986603 0.989755
vn -0.313314 -0.584759 -0.748259
vn 0.236377 -0.0712489 -0.969046
vn -0.204665 0.0533864 -0.977375
vn 0.164267 0.0821188 -0.982992
vn 0.990547 0.0798271 -0.111552
vn -0.0855552 -0.601724 -0.794109
vn -0.17915 -0.093529 -0.979366
vn 0.266077 0.035674 -0.963291
vn 0.0348181 -0.124711 0.991582
vn -0.760662 0.0377734 0.648048
vn 0.377092 0.557175 -0.739836
vn 0.987134 0.0716809 -0.142928
vn -0.542841 0.0314815 -0.839245
vn 0.0111145 0.691778 -0.722025
vn 0.382866 0.374691 -0.844406
vn 0.713225 -0.0882083 -0.695363
vn -0.490602 0.242743 0.83689
vn -0.0144275 0.505651 0.862617
vn -0.456129 -0.609251 -0.64866
vn 0.626535 -0.0220097 -0.779083
vn 0.550238 -0.0153139 -0.834867
vn 0.510692 0.197678 0.83673
vn -0.653121 -0.378741 -0.655735
vn -0.780082 -0.298012 -0.550146
vn -0.731144 -0.158472 -0.663563
vn 0.957867 -0.167981 0.232965
vn -0.585559 0.792924 0.168499
vn -0.140049 0.94378 -0.299443
vn 0.0984164 0.757867 -0.644943
vn 0.136495 -0.428941 -0.89296
vn 0.797471 0.505014 -0.330153
vn 0.863324 0.0913493 -0.496314
vn 0.935885 0.079831 -0.343143
vn -0.154508 0.491468 -0.85708
vn 0.456766 0.879732 -0.132042
vn 0.977286 -0.191681 0.0903924
vn 0.991823 0.0955993 -0.0845481
vn 0.989661 0.0182854 0.142253
vn -0.0661529 -0.404288 -0.912236
vn 0.970212 0.216736 0.108235
vn 0.948371 0.278788 0.151229
vn 0.916841 0.214186 0.336937
vn 0.959061 -0.234228 0.159184
vn 0.617978 0.0209954 -0.785915
vn 0.990488 0.13267 0.0364967
vn 0.949777 -0.0176275 -0.312429
vn 0.986795 0.0432438 0.156094
vn 0.957263 0.22787 0.17811
vn 0.928716 0.106487 0.355171
vn 0.736212 -0.120893 0.665866
vn 0.881945 -0.233186 -0.409632
vn 0.969436 -0.0792928 -0.232178
vn -0.273182 -0.580674 0.766935
vn -0.209598 0.0832345 -0.974239
vn 0.339915 0.221177 -0.914078
vn -0.057175 -0.444071 -0.894165
vn 0.716827 0.321251 -0.618836
vn 0.585 -0.0801727 -0.807061
vn 0.905568 -0.0964582 -0.413088
vn 0.801006 0.474547 0.364959
vn 0.630315 0.473238 0.615426
vn 0.660568 0.527812 0.533914
vn 0.459918 0.373594 0.805545
vn 0.973191 -0.148743 0.175427
vn 0.75117 0.505918 -0.424017
vn 0.964409 0.155042 -0.214188
vn 0.771969 -0.103125 -0.627239
vn 0.383599 0.473817 -0.792685
vn -0.514275 0.785476 -0.34431
vn -0.652326 0.646748 -0.395207
vn -0.491652 0.849643 -0.190749
vn 0.90251 0.0946574 -0.420137
vn -0.741331 0.658099 -0.131661
vn -0.719643 0.591486 -0.363672
vn 0.584692 0.152394 0.796814
vn 0.527836 0.00278041 0.849342
vn 0.529075 0.344427 0.775531
vn -0.634066 0.708096 -0.310741
vn 0.880268 0.161767 0.446049
vn 0.727181 0.0730945 0.682543
vn 0.560431 0.23417 0.794406
vn -0.254514 0.389939 -0.884969
vn 0.345142 0.523902 0.778719
vn 0.483867 0.266385 0.833614
vn 0.499284 0.251144 0.829242
vn 0.96209 -0.272413 0.0131573
vn 0.811809 0.472252 0.34343
vn 0.852741 0.453324 0.259479
vn -0.0709016 -0.465213 0.882355
vn -0.382517 -0.475549 0.792171
vn -0.118312 -0.537784 0.83474
vn -0.7535 0.656736 -0.0305708
vn -0.872184 0.46124 0.162953
vn -0.894697 -0.00665869 -0.446624
vn -0.791366 0.583611 -0.182041
vn -0.80597 0.549054 -0.221251
vn -0.702879 0.545403 -0.456614
vn 0.753711 0.0660383 0.653879
vn 0.47287 0.197509 -0.858711
vn 0.864207 0.026382 0.502444
vn -0.072943 0.362912 -0.928964
vn -0.00814329 -0.425838 -0.904763
vn -0.390816 -0.48557 -0.781975
vn 0.089262 -0.233281 0.968304
vn -0.183909 -0.338347 0.922875
vn 0.0356853 -0.652757 0.756727
vn -0.565132 -0.688743 -0.454159
vn -0.606451 -0.100621 -0.788729
vn -0.192843 -0.259465 -0.946303
vn 0.990746 0.0688658 -0.116964
vn -0.853293 0.0367054 0.520139
vn -0.658295 -0.070836 0.74942
vn 0.789579 0.0501013 0.6116
vn -0.0689879 0.944113 0.322322
vn -0.0250154 -0.0213443 0.999459
vn -0.0770814 0.613593 0.785851
vn -0.352606 -0.314007 0.881515
vn 0.977053 -0.00170768 0.212991
vn 0.553495 0.797832 0.23897
vn 0.757511 0.426399 0.494329
vn -0.428327 0.846606 0.315903
vn -0.524487 0.22097 0.822245
vn -0.678599 0.37135 0.633721
vn 0.923213 -0.164743 -0.347184
vn -0.398093 -0.339093 -0.852372
vn -0.259057 0.459491 0.849563
vn -0.359692 0.867778 0.342905
vn -0.62466 0.774194 0.102094
vn -0.935059 0.349209 -0.0609811
vn -0.589586 0.772653 0.235362
vn -0.709057 0.515378 -0.481272
vn -0.675741 0.70451 -0.216886
vn 0.93585 0.148871 -0.319409
vn 0.996915 -0.0571613 -0.0537947
vn 0.503804 -0.0362199 0.863058
vn 0.663613 -0.0517619 0.746283
vn 0.781658 0.0583025 0.620976
vn -0.806035 0.436067 -0.400192
vn -0.370792 0.630953 -0.681477
vn 0.865067 -0.100013 0.491586
vn -0.159755 0.142734 -0.976783
vn -0.602086 0.641934 -0.474778
vn -0.200748 -0.587119 0.784214
vn -0.355942 0.848596 -0.391394
vn -0.356306 0.862493 -0.359378
vn -0.308236 0.946415 -0.0963854
vn 0.362429 -0.210242 0.907989
vn 0.150883 -0.148684 0.977306
vn 0.0838748 -0.341882 0.935992
vn -0.575295 0.72543 0.377872
vn -0.843761 0.524712 -0.112893
vn -0.368246 0.887584 0.276749
vn -0.567999 0.82107 0.0567481
vn -0.322219 0.845371 -0.426055
vn -0.645558 -0.0410853 -0.762606
vn 0.127312 0.0603561 0.990025
vn -0.0805789 -0.553977 0.828623
vn 0.796367 0.553703 0.243338
vn 0.976982 -0.168797 -0.130436
vn 0.956729 -0.235689 -0.170647
vn 0.244491 0.956181 -0.161065
vn -0.0708125 0.997178 -0.024914
vn 0.46216 0.387068 0.797863
vn 0.266042 0.911612 -0.313346
vn 0.635392 0.724427 0.267362
vn -0.61501 -0.247488 -0.748674
vn -0.804109 0.563253 0.190146
vn 0.278094 0.757434 0.590726
vn 0.0123467 0.834078 0.551509
vn -0.213171 0.72061 0.659757
vn -0.429809 0.230166 -0.873091
vn -0.63605 -0.0870639 -0.766721
vn -0.793724 0.208308 -0.571498
vn -0.828605 -0.187259 0.527586
vn -0.406568 0.899111 0.162181
vn 0.221618 0.19797 0.954826
vn 0.380918 0.336553 0.861181
vn 0.882804 -0.0337103 0.468531
vn -0.405534 0.00265281 0.914076
vn -0.179725 -0.58386 0.791711
vn 0.381725 0.053981 0.922698
vn 0.279565 0.0594731 0.958283
vn 0.0438746 -0.680605 0.731336
vn 0.475395 0.512822 0.714852
vn -0.172412 0.979458 0.104575
vn -0.454635 0.254118 0.853657
vn -0.357885 0.562819 0.745086
vn -0.50251 -0.0599154 0.862493
vn 0.343747 0.242962 0.907087
vn 0.285929 0.596285 0.750126
vn 0.135176 0.298429 0.944811
vn -0.164526 0.968113 0.188916
vn -0.0579721 0.966466 0.250167
vn -0.253916 0.621615 0.741027
vn -0.219642 0.165496 0.961441
vn -0.184662 0.619535 0.76294
vn 0.339276 -0.0781813 0.937432
vn 0.311854 0.598878 0.737626
vn 0.0598382 0.779631 0.623374
vn -0.351678 0.105371 -0.930172
vn 0.418241 0.615203 0.668281
vn 0.345077 0.280359 0.895724
vn -0.0363985 -0.431312 0.901468
vn -0.046971 -0.485167 0.873159
vn 0.0376266 0.213009 0.976325
vn -0.470358 -0.528832 0.70647
vn -0.243524 -0.692714 0.678854
vn -0.729373 -0.320881 -0.604194
vn 0.808537 0.28415 0.515293
vn 0.739138 0.328274 0.588143
vn 0.803632 0.306327 0.510234
vn 0.0029945 0.955787 0.294046
vn 0.117213 0.724599 0.67913
vn -0.681718 0.575297 0.45199
vn 0.912982 0.0739611 0.401239
vn 0.835294 0.438931 0.331094
vn 0.445916 0.257364 0.857276
vn 0.601714 -0.12682 0.788579
vn 0.554018 0.538154 0.635181
vn 0.688014 0.491308 0.53409
vn 0.286396 -0.0511456 0.956745
vn -0.479296 0.350272 0.804727
vn -0.571402 -0.0754497 0.817195
vn 0.193274 -0.331239 0.92354
vn -0.497447 -0.514449 0.69849
vn -0.454831 0.690809 0.56206
vn -0.60031 0.551338 0.579357
vn 0.0923469 -0.346926 0.933335
vn 0.831178 -0.138107 0.538581
vn 0.922598 0.090183 0.375074
vn 0.688367 -0.231911 0.687291
vn 0.122336 0.0931947 0.988104
vn 0.709176 -0.241713 0.662303
vn 0.83517 0.226007 0.50141
vn 0.684441 0.28139 0.672577
vn 0.380823 0.652692 0.654956
vn -0.01575 0.897581 0.440569
vn -0.114917 0.984961 0.129017
vn 0.715277 -0.250783 0.652294
vn 0.743609 0.439273 0.504068
vn 0.516645 0.390038 0.7622
vn 0.0167322 0.0484475 0.998686
vn 0.490881 -0.141992 0.859578
vn 0.791066 0.0155979 0.611532
vn 0.498459 -0.117122 0.858965
vn 0.700111 0.0885413 0.708523
vn 0.89833 -0.0979667 0.428258
vn 0.803291 0.487843 0.341661
vn 0.688931 0.116975 0.715326
vn 0.62216 -0.194789 0.75827
vn -0.217393 0.649968 0.728204
vn 0.339752 -0.0858529 0.936588
vn 0.525503 0.322194 0.787425
vn 0.512214 0.377209 0.77159
vn 0.746378 0.580142 0.326121
vn 0.00231984 0.681396 0.731911
vn -0.180313 0.946145 0.268879
vn 0.664467 0.686157 0.296096
vn 0.34449 0.0804107 0.93534
vn 0.648747 -0.0843472 0.756315
vn 0.859155 0.49834 0.116232
vn 0.0552305 -0.323899 0.944478
vn -0.165116 0.140546 0.976209
vn -0.589111 0.575042 0.567693
vn -0.686416 0.467434 0.55708
vn -0.506789 0.738944 0.443989
vn -0.607612 0.308883 0.731709
vn -0.242066 -0.364334 -0.899258
vn 0.541613 0.289684 -0.789138
vn 0.868622 0.0735041 -0.489993
vn 0.609668 0.0902148 -0.787507
vn 0.175917 -0.0822905 -0.98096
vn 0.0402745 -0.508504 0.860117
vn -0.423785 0.587975 0.688978
vn -0.480072 0.70425 0.523033
vn -0.187764 0.906154 0.378984
vn 0.0428003 0.891064 0.451856
vn 0.469424 0.251408 0.846425
vn -0.230539 -0.503995 0.832371
vn -0.723263 -0.1054 0.682482
vn -0.538022 0.623002 -0.567804
vn 0.873042 0.300639 0.383946
vn -0.354548 0.651036 0.671154
vn -0.601042 -0.0828964 0.794907
vn -0.529781 -0.503677 0.68238
vn -0.408734 -0.596324 0.690894
vn 0.734354 0.210115 0.645427
vn 0.506106 0.498446 0.703852
vn -0.876199 0.0605429 0.478131
vn -0.759367 -0.159788 0.630737
vn -0.832878 0.15733 0.530623
vn -0.69082 -0.269857 0.67078
vn -0.479972 -0.441058 0.75835
vn -0.0127958 0.571263 -0.820667
vn -0.0427289 -0.114765 0.992473
vn 0.195973 0.493175 0.847569
vn -0.475195 0.371316 0.797693
vn -0.23747 0.961905 0.135451
vn 0.10384 0.320183 0.941648
vn 0.878058 -0.0483611 0.476105
vn 0.92891 -0.366262 -0.0545675
vn 0.88549 -0.166792 -0.433692
vn -0.0379713 -0.923119 -0.382636
vn -0.325338 0.882639 -0.339269
vn -0.331502 0.931265 -0.151171
vn 0.617907 0.187359 0.763601
vn 0.885898 -0.0667922 0.459046
vn -0.895527 -0.0681019 0.439766
vn 0.316004 -0.320785 0.892882
vn -0.349126 -0.932836 0.0890347
vn 0.686094 0.517835 0.511001
vn 0.666325 -0.09465 0.73963
vn 0.99557 0.0922736 0.0180491
vn -0.561114 -0.789646 -0.248213
vn -0.727052 -0.421618 -0.541881
vn 0.0468987 0.802378 0.594971
vn 0.113515 0.186596 0.975857
vn 0.150676 0.60635 0.780792
vn 0.00255902 -0.995886 -0.0905848
vn -0.280266 -0.68344 0.674063
vn -0.112847 0.981313 -0.155855
vn 0.212335 -0.195055 0.957532
vn -0.535924 0.777376 -0.32935
vn -0.297074 0.913274 -0.278706
vn -0.558406 0.724233 -0.404561
vn -0.773414 -0.351353 0.527619
vn -0.440917 -0.89485 -0.0695423
vn 0.187307 -0.88196 0.432506
vn -0.62459 0.393429 -0.674612
vn -0.751725 -0.54772 -0.367305
vn -0.909017 -0.0393145 -0.4149
vn -0.0860212 0.732639 0.67516
vn 0.950025 0.13479 0.281573
vn -0.573736 -0.297262 0.763192
vn -0.315814 0.941605 -0.116796
vn -0.734442 0.615098 -0.28679
vn -0.456203 0.849417 -0.265271
vn 0.236448 0.0378 0.970908
vn -0.298084 0.384954 -0.873474
vn 0.590295 0.235554 -0.772053
vn 0.839513 0.0324851 -0.542367
vn 0.261696 0.552926 -0.791068
vn -0.485091 -0.139682 -0.863236
vn -0.760184 0.392411 0.517816
vn -0.603178 -0.303484 0.737613
vn -0.842285 0.252014 0.476492
vn -0.982809 -0.183625 0.0192088
vn -0.999693 0.0188619 0.0160924
vn -0.547514 -0.0321822 0.836178
vn -0.23133 -0.717732 0.65677
vn -0.398229 0.90819 0.128862
vn -0.502644 0.442265 0.742799
vn -0.564059 -0.329945 0.75695
vn -0.528979 -0.486546 0.695308
vn -0.6475 -0.266344 0.714006
vn 0.555972 0.155062 0.81661
vn 0.935777 -0.139606 -0.323778
vn -0.42707 0.624687 0.653741
vn -0.596957 0.722181 0.349424
vn -0.267128 0.957328 -0.110302
vn 0.711917 0.180136 -0.678768
vn -0.339497 -0.777275 -0.529703
vn -0.293948 -0.530079 0.795368
vn -0.33513 -0.135971 0.932309
vn 0.177478 -0.229694 0.956944
vn 0.075975 0.546935 0.833721
vn 0.0592183 0.25782 0.964377
vn -0.708797 -0.703819 -0.0473896
vn -0.141687 0.956771 0.253995
vn 0.909494 -0.18124 -0.37413
vn 0.996448 0.0182369 -0.0822076
vn 0.945235 -0.0269308 0.325277
vn -0.54219 0.481429 -0.688663
vn -0.741627 0.426368 -0.517879
vn 0.86776 0.492973 -0.0630093
vn -0.042826 0.854191 0.518193
vn -0.161653 -0.182407 0.969843
vn -0.0271946 0.307733 0.951084
vn 0.331142 0.00144346 0.94358
vn 0.609491 0.0166146 0.792619
vn 0.552637 -0.0883807 0.828723
vn 0.225507 -0.357334 0.906344
vn 0.0658336 0.522084 0.850349
vn -0.891318 0.194645 0.409471
vn 0.0807666 -0.245122 0.966122
vn -0.749761 0.211745 0.626915
vn 0.804836 -0.293281 0.51597
vn -0.307854 -0.359214 0.881017
vn -0.423498 0.137364 0.895422
vn -0.552707 -0.270069 0.788402
vn -0.0732211 0.937889 0.339121
vn -0.798187 -0.426784 0.425151
vn -0.193002 0.342952 0.919312
vn -0.997512 -0.0187694 0.0679573
vn 0.692888 0.644526 0.323253
vn 0.947894 -0.0127925 0.31833
vn 0.984938 0.0111115 0.172549
vn -0.994488 0.0998127 0.032118
vn 0.848132 0.282649 0.448086
vn 0.891878 -0.380592 0.244342
vn -0.494211 0.699897 0.515655
vn -0.277106 0.737107 0.616349
vn -0.0686927 -0.289494 0.954712
vn -0.612689 0.626326 0.482004
vn 0.142378 0.908773 0.392249
vn 0.488121 -0.10577 -0.866343
vn 0.689958 -0.267634 -0.672555
vn -0.131291 0.721471 0.679884
vn 0.023826 0.433481 0.900848
vn -0.750825 0.470554 0.463509
vn 0.30448 0.551951 0.7763
vn -0.0785591 0.568546 0.818892
vn -0.0401684 0.167957 0.984976
vn -0.250833 0.119628 0.96061
vn -0.195566 0.869021 0.454484
vn -0.814302 -0.511259 0.274822
vn -0.757885 0.604432 -0.245504
vn 0.0261128 -0.574217 0.818287
vn -0.146993 0.154003 0.977075
vn -0.278462 0.833939 0.47645
vn -0.372696 0.16589 0.913005
vn -0.914289 0.301019 0.271042
vn -0.749323 -0.645695 -0.146947
vn -0.226389 0.953872 -0.197169
vn -0.781377 0.512394 0.356234
vn -0.972546 -0.0683709 -0.222442
vn 0.944202 0.211395 0.252577
vn -0.295212 -0.411364 0.862339
vn 0.681967 0.644272 0.34617
vn 0.768761 0.191665 0.610141
vn 0.831554 0.304752 0.464375
vn 0.97692 -0.138271 0.162814
vn 0.0600087 0.962575 -0.264287
vn -0.824256 0.178868 0.537222
vn -0.74518 -0.284819 0.602979
vn -0.52612 0.701578 0.48061
vn 0.633957 -0.525856 0.567075
vn -0.870968 -0.343801 0.35102
vn -0.813505 -0.523179 -0.253956
vn -0.617366 0.577317 -0.534382
vn -0.989293 -0.0239359 0.143966
vn -0.455873 -0.82481 0.334467
vn -0.729819 -0.678966 0.0798031
vn -0.889354 -0.447764 0.0925033
vn 0.989596 -0.0784491 0.120608
vn 0.862572 0.43604 -0.256593
vn 0.867867 -0.12534 -0.480725
vn 0.922661 -0.223023 -0.314574
vn 0.719998 -0.174062 -0.671793
vn 0.746656 -0.662328 -0.0618617
vn 0.855808 -0.502206 0.124027
vn 0.852409 -0.51304 0.10094
vn -0.381206 -0.875222 -0.297773
vn -0.505153 -0.855219 0.115846
vn 0.971609 -0.224855 -0.073599
vn -0.986683 -0.0878301 0.136904
vn -0.963513 0.128797 0.234637
vn 0.799276 0.0196009 0.600644
vn -0.715632 -0.697611 -0.0347696
vn -0.521571 -0.747361 -0.411601
vn -0.853435 -0.47449 0.215655
vn -0.0463689 0.990672 0.128138
vn -0.603061 0.724381 0.334051
vn -0.165045 0.884486 -0.4364
vn -0.72035 0.689391 0.0763895
vn -0.862233 0.14675 0.484788
vn -0.221174 -0.213124 0.951662
vn -0.119908 0.975114 -0.186479
vn 0.817691 0.053084 -0.573205
vn 0.895343 0.355535 0.268247
vn -0.112928 0.972462 0.203877
vn -0.649735 0.754726 0.0907338
vn -0.601966 0.757975 0.251217
vn -0.821065 -0.508682 0.259026
vn -0.930019 0.208287 0.30279
vn -0.666672 0.732292 0.138909
vn -0.830512 0.550307 0.0860945
vn -0.970292 -0.162979 0.178805
vn -0.780691 -0.197035 0.593042
vn -0.218 -0.875091 -0.432078
vn 0.103087 -0.377973 0.92006
vn -0.895737 -0.44448 -0.00958379
vn -0.810218 0.531207 0.247721
vn -0.860119 0.0890072 0.502268
vn 0.831052 -0.122803 0.542469
vn -0.210647 0.93458 -0.286685
vn -0.50599 -0.69299 0.513555
vn -0.967348 0.142641 0.209501
vn -0.882207 0.458475 0.107292
vn -0.713381 0.700416 -0.0224726
vn -0.84864 -0.321096 0.420365
vn -0.856304 -0.511832 0.0690749
vn -0.700775 0.69248 -0.171423
vn -0.909597 -0.384771 -0.156793
vn -0.747788 -0.586454 0.311264
vn -0.998185 0.0470743 0.0375486
vn -0.80799 -0.560279 -0.182319
vn -0.0655563 -0.348751 0.93492
vn 0.779281 0.094113 0.619567
vn 0.187101 0.223023 0.956689
vn -0.269699 -0.768654 0.580029
vn -0.831964 0.507406 -0.224443
vn -0.770395 -0.611723 0.179683
vn -0.918007 -0.230224 0.322893
vn -0.953795 -0.12068 -0.275157
vn -0.63963 -0.696418 -0.325384
vn -0.0908391 0.797467 0.596486
vn -0.222714 0.647086 0.729163
vn -0.678122 0.556801 0.479711
vn -0.761851 0.622094 0.180504
vn -0.439923 0.471656 0.764205
vn -0.936476 -0.345118 -0.0624954
vn -0.900797 -0.191093 -0.389933
vn -0.497212 0.788258 -0.362532
vn -0.849308 -0.272965 -0.451848
vn -0.975258 -0.144739 -0.167103
vn -0.465425 0.838572 -0.283156
vn -0.896285 -0.412346 -0.163232
vn 0.925839 -0.0154905 0.377601
vn -0.751644 -0.607245 -0.257458
vn -0.863351 0.243014 0.442232
vn -0.984502 -0.084919 0.15344
vn -0.936669 -0.257969 0.236861
vn -0.583491 -0.694526 -0.420918
vn -0.836061 -0.459655 -0.299531
vn -0.798057 -0.548634 -0.249212
vn -0.714405 0.659827 0.232926
vn -0.532768 0.755784 0.380721
vn -0.675384 -0.678029 -0.290057
vn -0.379772 0.9243 0.0379935
vn -0.634653 0.766389 0.0993098
vn -0.829849 -0.264114 0.491522
vn -0.938243 0.284109 -0.19744
vn -0.961574 -0.26021 -0.0875573
vn -0.161661 0.941418 -0.295968
vn -0.807928 0.533122 -0.251065
vn -0.872661 -0.487875 0.0209901
vn -0.894474 0.435859 -0.0997099
vn -0.890216 0.408513 -0.201576
vn -0.480769 -0.297354 0.824889
vn -0.0669236 0.229142 -0.97109
vn -0.267756 0.942796 0.198604
vn -0.916376 -0.356172 -0.182745
vn -0.86332 -0.147162 -0.482724
vn -0.638186 0.768846 -0.0399373
vn -0.765206 0.258146 -0.589764
vn 0.0536126 -0.0554156 0.997023
vn -0.401307 0.571903 0.715458
vn -0.906209 0.405459 0.119947
vn -0.871693 0.452352 0.18849
vn -0.780336 0.625342 0.00486862
vn -0.999336 -0.0126523 0.0341693
vn -0.390354 0.916296 0.0895874
vn -0.24168 0.970356 -0.000794735
vn -0.164369 0.911175 -0.377813
vn -0.857648 0.492431 -0.148159
vn -0.324073 0.926644 -0.190546
vn -0.725596 0.646346 -0.23611
vn 0.975168 -0.020172 -0.220545
vn 0.911842 -0.245851 -0.328786
vn 0.995628 -0.0834816 -0.0418953
vn -0.579948 0.634419 0.511052
vn 0.940414 -0.148602 -0.305842
vn -0.912235 0.296524 0.282668
vn -0.715759 0.624651 0.312251
vn -0.689529 0.704022 0.17001
vn -0.140819 0.990011 0.00701608
vn -0.87497 -0.0315511 0.483149
vn -0.678876 0.73421 0.00796334
vn -0.9532 -0.264897 0.145735
vn -0.836806 0.385188 0.389084
vn 0.531286 -0.212616 0.820079
vn -0.277826 0.905339 -0.321208
vn -0.547137 0.486233 -0.681336
vn -0.501011 0.80663 -0.313586
vn -0.952121 -0.22892 -0.202636
vn -0.783209 -0.61795 -0.0687107
vn -0.610822 0.634891 -0.473085
vn 0.97861 0.0582254 0.197315
vn -0.572824 0.814462 0.0923228
vn -0.86539 0.19873 0.460007
vn -0.909902 -0.389817 0.14185
vn -0.634179 -0.652649 0.414568
vn -0.849887 -0.327971 -0.412465
vn -0.95141 0.0254448 0.306873
vn -0.864536 -0.103864 0.491722
vn 0.927272 0.103387 0.359831
vn 0.951148 0.0849362 0.296821
vn 0.689666 0.59487 0.412905
vn -0.838987 -0.108859 0.533152
vn 0.804383 0.584373 0.107129
vn -0.689687 -0.372611 -0.620881
vn 0.696761 0.402133 -0.59398
vn -0.63734 -0.758866 -0.133867
vn -0.421905 0.848524 -0.319379
vn -0.436569 0.898656 -0.0427194
vn 0.993352 0.0517759 -0.102816
vn 0.98516 0.152512 0.0787376
vn 0.0189114 0.994402 -0.103957
vn 0.382944 0.117958 -0.916209
vn -0.488059 -0.850787 -0.194834
vn -0.462913 0.872799 -0.1547
vn -0.00692305 0.552369 0.833571
vn 0.959625 0.267647 -0.0865117
vn 0.958254 -0.0413276 -0.282917
vn -0.843871 -0.431989 0.318226
vn -0.929825 0.367351 -0.0218714
vn -0.993107 0.0930259 -0.0713065
vn -0.773036 0.602851 -0.197447
vn -0.903568 -0.427988 0.0198011
vn -0.7903 0.611788 -0.0337676
vn -0.812055 -0.554129 -0.183051
vn -0.444422 -0.892784 -0.073661
vn -0.598906 0.727982 0.333698
vn -0.973325 -0.150511 -0.173162
vn -0.85707 -0.196925 -0.476079
vn -0.729824 -0.51363 0.451156
vn -0.652264 -0.505063 0.56521
vn -0.814249 0.214384 0.53948
vn -0.755685 -0.652587 0.0554039
vn -0.973182 0.179315 -0.144095
vn -0.809833 -0.580302 0.0861408
vn -0.857341 -0.473654 -0.201539
vn -0.884887 -0.0674635 -0.460895
vn -0.715454 0.414714 0.562262
vn 0.995169 0.011834 0.0974606
vn 0.817326 0.567897 -0.0973216
vn 0.793128 0.578055 0.191831
vn -0.994583 0.0901277 0.051778
vn -0.255066 0.903522 -0.344369
vn -0.454853 0.888721 -0.0573056
vn -0.889268 -0.451864 -0.0708617
vn -0.989898 -0.132922 -0.0493232
vn -0.947222 -0.310207 0.0808868
vn 0.209475 0.976969 -0.0406383
vn -0.783858 -0.422696 -0.454858
vn -0.75671 0.553622 0.347696
vn -0.823477 -0.531687 -0.197978
vn -0.853572 0.479892 -0.202776
vn -0.968287 0.205841 -0.141596
vn -0.712959 -0.342608 0.611808
vn -0.732811 -0.434389 0.523731
vn -0.5775 -0.644144 0.501569
vn -0.601694 0.734998 -0.312637
vn -0.82739 -0.448118 -0.338549
vn -0.831371 -0.489482 -0.263114
vn -0.888579 -0.445451 -0.109547
vn -0.789011 0.509933 0.342681
vn -0.876879 0.150998 0.456379
vn -0.418236 0.903138 0.0970578
vn -0.941846 -0.329236 -0.0673043
vn -0.843288 0.230388 0.485579
vn -0.999182 -0.0283764 0.0288224
vn -0.965648 -0.224403 0.131022
vn -0.84192 -0.192182 -0.50422
vn -0.835616 -0.441517 -0.326816
vn -0.997317 -0.0658123 0.0320464
vn -0.936652 0.0325989 0.348742
vn -0.93634 0.334781 0.10578
vn -0.956267 0.234864 0.174333
vn -0.94318 -0.226088 0.243506
vn -0.978166 -0.197899 0.0634612
vn -0.765366 -0.642288 -0.0409897
vn -0.600542 0.548303 0.581991
vn -0.93883 -0.168843 0.300151
vn -0.966385 -0.25452 -0.0363256
vn 0.977637 -0.191166 0.0876496
vn 0.853285 0.0649795 0.517381
vn -0.77903 0.46619 0.41926
vn 0.743362 -0.570716 -0.34885
vn -0.857979 -0.499447 -0.120103
vn -0.943846 0.205765 -0.258486
vn -0.732057 0.577025 0.362125
vn -0.6942 0.362197 -0.622012
vn -0.97339 0.139853 -0.181527
vn -0.868782 -0.476196 -0.135849
vn 0.972553 -0.0331003 0.230315
vn -0.588591 0.681635 -0.434665
vn -0.953572 0.270538 0.132326
vn -0.500525 0.861125 -0.0891021
vn -0.840984 0.540423 0.0262428
vn 0.400526 -0.545825 -0.735972
vn -0.83506 0.0852419 0.543516
vn -0.766452 -0.09345 0.635467
vn -0.573711 -0.408382 0.709985
vn -0.778334 0.137641 0.612577
vn -0.997802 0.0661744 0.00343704
vn -0.737574 0.640577 0.213649
vn -0.828753 -0.192576 0.525436
vn -0.724418 0.458827 0.514486
vn 0.89409 0.378517 0.239433
vn 0.451584 0.875168 0.173646
vn 0.960711 0.231281 0.15344
vn -0.702226 0.7119 -0.00871012
vn -0.754489 0.655064 0.0404642
vn -0.56711 -0.339941 0.750217
vn -0.491667 -0.734166 0.468256
vn -0.668783 -0.420302 0.61325
vn -0.707359 0.505228 -0.494356
vn -0.709839 -0.00878632 0.704309
vn -0.930046 -0.359581 0.0756059
vn -0.820242 0.420353 0.387951
vn -0.902391 0.0293192 0.42992
vn -0.770197 0.533659 0.349291
vn -0.941361 0.186311 0.281295
vn -0.863068 -0.496532 -0.0925714
vn -0.833381 -0.156491 0.530081
vn -0.788662 0.612039 0.0584889
vn -0.778015 -0.238412 0.581251
vn -0.933644 -0.297443 0.19959
vn -0.739659 0.0609857 0.670213
vn -0.955115 0.142947 -0.259465
vn -0.294823 0.931699 -0.212169
vn -0.829833 -0.407784 0.380905
vn -0.902472 0.300761 -0.308363
vn -0.889934 0.159213 -0.427397
vn -0.904818 -0.192097 0.380003
vn -0.14097 -0.971013 -0.193032
vn -0.925939 0.344958 0.153759
vn -0.860113 0.257844 -0.440139
vn -0.967085 -0.229313 0.11028
vn -0.424538 0.50576 0.750982
vn -0.466505 0.678575 0.56737
vn 0.659267 -0.0751811 -0.748141
vn -0.760029 -0.475141 -0.443394
vn -0.45794 0.258103 -0.85069
vn -0.863266 -0.132117 0.487151
vn -0.971955 0.0597624 0.227448
vn -0.92728 0.370709 -0.0522145
vn 0.562237 -0.0826796 -0.822833
vn -0.459997 0.826622 -0.324191
vn -0.908526 0.230656 -0.348393
vn 0.42142 0.266167 -0.866926
vn -0.777863 0.101472 0.620187
vn -0.641818 0.602768 0.474069
vn -0.951089 0.295225 0.0909534
vn -0.87564 -0.0437018 0.480983
vn -0.579298 0.170429 -0.7971
vn -0.873227 0.123252 0.471469
vn -0.769612 0.369369 0.52083
vn -0.652173 0.757644 -0.0253999
vn -0.80067 0.564704 0.200091
vn 0.820423 -0.322499 -0.472124
vn -0.915227 0.20838 -0.344874
vn 0.427688 -0.0082153 -0.903889
vn -0.626433 0.715846 0.308458
vn -0.730546 0.612369 0.302171
vn 0.558044 -0.0117265 -0.829729
vn -0.929472 -0.362961 -0.0658947
vn -0.705247 0.55667 -0.439028
vn -0.409187 0.910439 0.0605498
vn 0.635561 -0.0350216 -0.771256
vn 0.669544 -0.0695537 -0.739509
vn 0.518294 0.0662109 -0.852636
vn -0.976116 -0.0694245 0.205857
vn -0.603772 -0.647821 0.464528
vn -0.823574 0.508831 0.250634
vn -0.784556 0.4978 0.369684
vn -0.993913 -0.0354079 0.104321
vn 0.364397 -0.304742 -0.87997
vn -0.867436 -0.134322 0.479074
vn -0.953752 -0.273808 0.124045
vn -0.852279 0.48455 0.197056
vn -0.86756 -0.342166 0.360918
vn -0.706923 0.63608 0.309293
vn -0.985614 0.0296304 0.166393
vn -0.702384 0.690876 0.171311
vn 0.0825924 0.0796303 -0.993397
vn -0.965342 -0.117506 0.233041
vn -0.953404 0.0415172 0.298827
vn -0.686211 0.433162 0.584368
vn -0.673032 0.100742 0.73272
vn -0.765143 0.290248 0.574728
vn -0.925113 -0.207503 0.317974
vn -0.994942 -0.0987845 -0.0182361
vn -0.963608 0.128246 0.234548
vn -0.803418 -0.480082 -0.352194
vn -0.676371 -0.71718 -0.167856
vn -0.713571 -0.236067 0.659613
vn -0.834434 0.0563137 0.548223
vn 0.555517 -0.0793111 -0.827714
vn 0.288438 -0.265594 -0.919926
vn -0.849371 -0.131947 -0.511037
vn -0.699828 0.497457 -0.512617
vn -0.841076 0.336571 0.423452
vn -0.861898 0.196808 0.467331
vn -0.939109 -0.00602131 0.343566
vn -0.936956 -0.115845 0.329688
vn -0.885008 -0.261719 0.385051
vn -0.910527 -0.308825 0.274895
vn -0.922007 0.243529 0.300993
vn -0.857396 0.0756702 0.509065
vn 0.300456 -0.0571573 -0.952082
vn -0.782088 0.256116 0.568105
vn -0.658335 -0.303055 0.689023
vn -0.938865 0.170965 0.298837
vn -0.954731 -0.235451 0.181802
vn -0.815463 0.215778 0.537084
vn -0.853473 -0.158372 0.49649
vn -0.738059 0.179077 -0.650539
vn -0.714762 0.455381 -0.530796
vn -0.500565 -0.486564 -0.716024
vn -0.745869 -0.169384 0.644196
vn -0.978823 -0.198838 -0.0486734
vn -0.993523 -0.0832744 -0.0773147
vn -0.962298 -0.248433 -0.11074
vn -0.920766 0.0133874 -0.389885
vn -0.919575 0.212033 -0.330794
vn -0.940227 0.154704 -0.303381
vn -0.461513 0.691566 -0.555646
vn -0.700155 0.448995 -0.555145
vn -0.990095 0.0707659 0.121257
vn -0.994459 -0.102517 0.0232677
vn -0.976173 -0.109403 0.187397
vn -0.865716 0.0538099 0.497635
vn -0.98259 -0.168402 -0.0784694
vn -0.971286 -0.180499 -0.154995
vn -0.97716 -0.0843878 -0.195033
vn -0.994103 0.0385491 0.101357
vn -0.995404 -0.00927819 -0.0953189
vn -0.921942 -0.294771 0.251265
vn -0.563392 -0.369308 0.739054
vn -0.688663 0.0714022 0.721557
vn -0.861053 -0.0671193 -0.504067
vn -0.661659 -0.12331 -0.739595
vn -0.873994 -0.0971135 -0.476135
vn -0.838241 0.177062 0.515752
vn -0.808491 0.0600886 0.585433
vn -0.836891 0.0260073 0.546752
vn -0.632998 0.571675 0.522018
vn -0.610333 0.684762 0.398238
vn -0.720582 0.365745 0.58906
vn -0.900612 0.184229 0.393646
vn -0.802383 0.350571 0.482992
vn -0.782331 -0.091259 0.616141
vn -0.741599 -0.197879 0.640995
vn -0.676326 -0.103628 -0.729277
vn -0.668398 -0.239912 -0.70405
vn -0.563735 -0.161066 -0.810099
vn -0.793349 -0.107079 0.599276
vn -0.981927 0.151025 -0.114064
vn -0.944631 0.165599 0.283283
vn -0.88364 0.00117172 0.468165
vn -0.961123 -0.0847647 0.262789
vn -0.717127 0.310125 0.62414
vn -0.776496 0.0956287 0.622824
vn -0.518557 -0.223129 0.825417
vn -0.864628 0.191594 -0.464445
vn -0.826287 0.434533 -0.358373
vn -0.870737 -0.0200508 0.49134
vn -0.820855 0.445294 0.357644
vn -0.996416 -0.0845079 -0.00377617
vn -0.982599 -0.0423562 -0.180846
vn -0.804694 0.391413 0.44639
vn -0.827885 0.354195 0.434917
vn -0.994832 0.00272756 0.101502
vn -0.975545 0.219417 0.0129994
vn -0.986379 -0.136398 -0.0919374
vn -0.593833 0.732204 0.333526
vn -0.647365 0.388476 0.655748
vn -0.815838 -0.116193 0.566487
vn -0.755549 0.149947 0.637701
vn -0.439179 -0.257243 0.860783
vn -0.897116 -0.302236 -0.322237
vn -0.891412 -0.37651 -0.25224
vn -0.755567 -0.634225 -0.163939
vn -0.972733 -0.145216 -0.180838
vn -0.642513 0.423068 0.638897
vn -0.57869 -0.0996436 0.809438
vn -0.560281 -0.0146531 0.828173
vn -0.864363 0.193739 0.46405
vn -0.816867 0.0872732 0.570185
vn -0.909289 0.00015918 0.416165
vn -0.896822 -0.0760497 0.435806
vn -0.941782 0.125417 0.311957
vn -0.882623 -0.133751 0.450652
vn -0.887679 0.331848 -0.319223
vn -0.898374 0.248988 0.36184
vn -0.857961 -0.226702 0.460986
vn -0.844606 -0.17931 0.504469
vn -0.824635 -0.00462182 -0.565647
vn -0.765631 -0.184664 0.616205
vn -0.583502 0.105357 0.805248
vn -0.958385 -0.117752 0.260063
vn -0.921988 0.224094 0.315784
vn -0.598868 -0.228682 -0.767504
vn -0.885759 -0.046533 -0.461807
vn -0.907088 0.242623 0.343985
vn -0.346019 0.908309 0.235044
vn -0.957202 0.113085 0.266414
vn -0.797318 0.317256 0.513452
vn -0.889827 0.427472 0.159614
vn -0.960428 0.111111 0.255406
vn -0.918484 0.331303 0.215929
vn -0.489764 -0.486949 0.723196
vn -0.796166 -0.254658 0.54888
vn -0.706685 -0.104545 0.699762
vn -0.907741 0.417894 -0.0370325
vn -0.952438 -0.181832 0.244536
vn -0.871683 0.449127 0.196098
vn -0.401924 0.812917 0.421455
vn -0.753761 0.255211 0.605567
vn -0.788488 0.263165 0.555905
vn -0.67799 0.422723 0.601361
vn -0.707832 0.565327 0.423533
vn -0.891022 -0.408716 0.197563
vn -0.696306 0.0589119 0.715323
vn -0.949899 -0.145192 -0.276788
vn -0.871771 0.446961 -0.200602
vn -0.978487 0.134665 -0.156298
vn -0.944557 0.195378 0.263894
vn -0.9082 -0.330903 -0.256274
vn -0.964351 -0.20672 -0.16521
vn -0.765766 0.586432 -0.264009
vn -0.997976 0.0624845 0.0118533
vn -0.983607 -0.16263 0.0778998
vn -0.983362 0.160401 0.0852706
vn -0.912022 0.0354406 0.408607
vn -0.821169 0.335616 0.461567
vn -0.62745 -0.0854769 0.773951
vn -0.781191 -0.49774 -0.376824
vn -0.951198 -0.0333325 -0.306776
vn -0.887352 -0.300772 -0.349489
vn -0.954711 0.00912832 -0.297395
vn -0.973554 0.138031 -0.182043
vn -0.981874 -0.0212373 -0.188342
vn -0.875123 -0.0429726 0.481988
vn -0.894173 0.206424 0.397296
vn -0.787997 -0.508474 -0.347153
vn -0.623617 -0.687369 -0.372323
vn -0.790542 0.249008 0.559499
vn -0.721187 -0.494548 -0.48509
vn -0.953039 0.0894311 -0.289341
vn -0.848329 0.0153827 0.529246
vn -0.963923 -0.155933 -0.215726
vn -0.882761 -0.442581 -0.157653
vn -0.932969 0.234491 -0.2731
vn -0.910733 -0.37815 -0.166036
vn -0.817037 -0.240891 -0.523853
vn -0.560771 -0.41751 0.714997
vn -0.78245 -0.032623 0.621859
vn -0.730214 0.384149 0.564993
vn -0.71317 0.417374 0.563194
vn -0.974339 0.0622756 0.2163
vn -0.967705 -0.134454 0.213235
vn 0.789484 -0.139132 -0.597793
vn -0.0853726 0.887775 -0.45229
vn -0.929619 -0.264746 -0.256356
vn -0.960641 0.074957 -0.267488
vn -0.988147 0.135769 0.0716425
vn -0.995217 -0.0424683 -0.0879716
vn -0.991946 0.112036 -0.0590818
vn -0.954427 -0.00899998 -0.298308
vn -0.908151 -0.314162 0.276702
vn -0.411561 -0.560317 -0.718792
vn -0.887393 -0.341854 -0.309304
vn -0.531923 -0.705927 -0.46768
vn -0.978663 0.0408087 0.20138
vn -0.99421 -0.0733387 0.0785381
vn -0.904602 0.318526 -0.283259
vn -0.856671 0.199565 -0.475699
vn -0.901589 -0.0228199 -0.431992
vn -0.86919 -0.368673 -0.32953
vn -0.783626 -0.571373 -0.24385
vn -0.696263 -0.61026 -0.377889
vn -0.97663 0.00283867 0.214907
vn -0.484388 -0.406516 -0.77467
vn -0.942834 0.274638 -0.18878
vn -0.816497 0.525886 -0.238277
vn -0.88582 0.333496 -0.322651
vn -0.891984 -0.399566 -0.21145
vn -0.942252 0.334219 0.0214378
vn -0.81751 0.557902 0.142908
vn -0.908522 0.412059 0.0692458
vn -0.670403 0.132266 -0.730113
vn -0.796116 -0.34959 -0.49395
vn -0.758371 -0.482729 -0.438001
vn -0.690523 0.528411 -0.493923
vn -0.802779 0.474652 -0.360903
vn -0.989027 -0.139426 -0.0488398
vn -0.987342 0.156101 -0.0280747
vn -0.981663 0.190174 0.0130874
vn -0.867613 0.472449 -0.155046
vn -0.666323 0.469448 0.579338
vn -0.986035 0.0690451 0.151554
vn -0.974148 0.0399463 0.222352
vn -0.630844 0.449581 -0.632387
vn -0.756793 -0.0481358 -0.651879
vn -0.809698 0.586542 -0.0188856
vn -0.521571 0.741861 -0.421433
vn -0.712409 -0.206462 -0.670706
vn -0.986751 -0.161999 -0.00890789
vn -0.994849 0.0636419 0.0789037
vn -0.970781 0.239603 0.013197
vn -0.9031 -0.295346 0.311739
vn -0.998589 -0.0240335 -0.0473514
vn -0.931053 0.33395 0.14703
vn -0.679399 -0.508806 0.52871
vn -0.92329 0.0854258 0.374485
vn -0.998512 0.0165857 -0.0519433
vn -0.742812 0.445332 0.49991
vn -0.791594 -0.505285 -0.343607
vn -0.821633 -0.172419 0.543315
vn -0.625599 0.613883 -0.481429
vn -0.631759 -0.614549 -0.472451
vn -0.988513 -0.02006 0.149801
vn -0.858129 0.513069 -0.0193478
vn -0.993792 -0.0144194 -0.11032
vn -0.962297 0.270762 -0.0259527
vn -0.946932 0.112351 -0.301159
vn -0.849498 0.501716 -0.163197
vn -0.935151 0.180701 -0.304696
vn -0.911352 0.185878 -0.367269
vn -0.649506 -0.233159 -0.723726
vn -0.825184 -0.0369665 -0.563653
vn -0.655015 0.374899 -0.656054
vn -0.745468 0.181057 -0.64148
vn -0.609823 0.278358 -0.742046
vn -0.762615 -0.548184 -0.343384
vn -0.888282 -0.41772 -0.190956
vn -0.673952 -0.200423 0.711069
vn -0.999984 0.00543784 0.00145675
vn -0.934625 -0.215607 0.282824
vn -0.903007 -0.258906 0.34285
vn -0.937492 0.111665 -0.329605
vn -0.953118 -0.130873 -0.272833
vn -0.991371 0.129437 0.0207263
vn -0.955217 0.0463458 -0.292255
vn -0.968068 -0.119278 -0.220492
vn -0.993051 -0.00327185 -0.117635
vn -0.988342 0.132515 0.0749689
vn -0.936504 -0.348175 0.0416481
vn -0.41675 0.558314 0.71736
vn -0.371722 0.401611 0.836978
vn -0.13676 0.638341 0.757507
vn -0.324793 0.470601 -0.820393
vn -0.86083 0.0700669 -0.504047
vn -0.712639 0.498147 -0.493959
vn -0.789738 -0.59401 -0.153185
vn -0.220963 0.453561 0.863399
vn -0.227047 -0.299665 0.926634
vn -0.106866 0.372046 0.922042
vn 0.168713 0.858641 0.484016
vn 0.38353 0.43272 0.815879
vn 0.285425 0.341732 0.895406
vn -0.764012 0.591539 0.257618
vn -0.902736 -0.228699 -0.36437
vn -0.07425 -0.32347 0.943321
vn 0.207084 -0.0875353 0.974399
vn 0.107522 0.0237819 0.993918
vn 0.38664 -0.582559 0.714937
vn -0.745633 -0.391075 -0.539529
vn -0.610517 -0.201463 -0.765952
vn -0.770431 -0.0793381 -0.632567
vn -0.898232 0.306362 0.315153
vn -0.949537 -0.153241 0.273672
vn -0.65946 -0.119915 0.742113
vn -0.308481 0.641825 0.702069
vn -0.0857378 0.0943138 0.991844
vn -0.124526 -0.318741 0.939626
vn 0.356854 0.441686 0.823145
vn 0.361508 -0.594455 0.718286
vn -0.415812 0.148163 0.897301
vn -0.532625 0.643181 0.550117
vn -0.781009 -0.0856939 -0.618612
vn -0.993933 -0.00680565 -0.109781
vn 0.543552 0.638299 0.545092
vn 0.694432 0.116125 0.710126
vn -0.819319 -0.196642 -0.538562
vn -0.608978 0.501758 -0.614316
vn 0.240422 0.104032 0.965078
vn 0.565855 -0.132699 0.813757
vn 0.182358 -0.577568 0.795714
vn 0.761492 0.490971 0.423176
vn 0.400666 0.883391 0.243079
vn -0.319226 0.0903766 0.943359
vn -0.182523 0.473944 0.861431
vn -0.501902 0.372146 0.78077
vn -0.532123 0.703684 -0.470823
vn -0.173178 0.292 0.940609
vn -0.209764 0.741908 0.636845
vn 0.232945 0.625234 0.744862
vn 0.265389 0.143792 0.953359
vn 0.21119 0.635356 0.742779
vn 0.232547 0.388697 0.891536
vn 0.265573 0.673082 0.690241
vn 0.378036 0.00904557 0.925747
vn 0.0346647 0.622879 0.781549
vn -0.659852 0.358554 0.660329
vn -0.533548 0.367165 0.761916
vn -0.329279 0.120227 0.936547
vn -0.539466 0.253162 0.803048
vn -0.215659 -0.214225 0.95268
vn -0.197088 0.793441 0.575853
vn -0.367687 0.52255 0.769252
vn 0.309895 0.375002 0.873692
vn 0.462477 0.44732 0.76552
vn 0.419278 0.0625267 0.905702
vn 0.104058 0.732218 0.673074
vn -0.318204 0.468531 0.824151
vn 0.884708 0.248325 0.394495
vn 0.631254 -0.198266 0.749806
vn 0.257703 -0.381208 0.887845
vn -0.225976 -0.00430991 0.974123
vn -0.18936 0.120039 0.974543
vn 0.262506 0.464602 0.845716
vn 0.0384716 0.0344583 0.998665
vn 0.793152 0.430586 0.430703
vn 0.728759 0.128421 0.67262
vn 0.501321 0.529449 0.684369
vn -0.683982 -0.232604 -0.691422
vn 0.928134 -0.294667 0.227461
vn 0.96565 0.101213 0.239323
vn 0.705569 0.655651 0.268876
vn 0.966288 -0.0149063 0.257031
vn 0.175103 0.21504 0.960779
vn 0.194411 -0.119216 0.973649
vn 0.349541 -0.252245 0.902327
vn 0.978051 -0.0866081 0.189514
vn 0.984922 -0.0592666 0.16253
vn 0.882879 0.318029 0.345519
vn -0.412017 -0.0959077 0.906115
vn -0.587421 0.456987 0.667906
vn -0.498415 0.125406 0.85782
vn -0.293975 0.68403 0.667594
vn -0.802335 0.456127 -0.384976
vn 0.820347 0.542233 0.181696
vn 0.969189 -0.150312 0.195136
vn 0.808073 -0.402565 0.430069
vn -0.0282678 0.163243 0.986181
vn -0.206232 -0.00300332 0.978499
vn 0.526449 0.260436 0.809336
vn -0.367811 -0.318477 0.873663
vn 0.960696 -0.0967219 0.260209
vn 0.205828 0.390242 0.897411
vn -0.713816 0.56375 -0.415515
vn 0.760598 -0.253014 0.597891
vn 0.669635 -0.284251 0.686142
vn 0.827859 0.0822643 0.554872
vn -0.459067 -0.101562 0.882577
vn 0.22944 0.0123933 0.973244
vn 0.964139 0.147865 0.220389
vn 0.876046 -0.215537 0.431377
vn -0.444576 -0.461599 0.767645
vn 0.890025 -0.0567846 0.452361
vn 0.801819 -0.409197 0.43548
vn 0.766653 0.227064 0.60057
vn -0.622729 0.347775 0.7009
vn -0.382927 0.507795 0.771694
vn -0.492255 -0.0217613 0.870179
vn 0.823479 0.43244 0.367257
vn 0.999237 0.0350308 -0.0172622
vn 0.854384 -0.475318 -0.209999
vn -0.479394 -0.0815126 0.873806
vn 0.0939002 0.387016 0.91728
vn 0.642904 -0.587699 0.491208
vn 0.911748 -0.294907 0.285913
vn 0.702634 -0.667889 0.245418
vn 0.843328 -0.447913 0.296937
vn 0.96972 0.0415049 0.240665
vn -0.0711614 0.537752 0.840094
vn -0.444101 0.0271548 0.895565
vn -0.170775 0.91574 0.363672
vn -0.372333 -0.507711 0.776916
vn -0.0657953 -0.179248 0.981601
vn 0.570209 -0.00220518 0.821497
vn 0.155307 0.430086 0.889329
vn 0.866266 0.203189 0.456396
vn 0.83796 -0.458807 0.295498
vn 0.0273318 0.449932 -0.892645
vn -0.00585012 -0.484989 -0.874501
vn -0.0964848 -0.257404 -0.961475
vn 0.155724 0.154113 0.975704
vn 0.911047 -0.349417 0.218861
vn 0.757589 -0.0701193 0.648955
vn -0.0547793 -0.403299 0.913427
vn 0.981489 0.0336206 -0.188542
vn 0.988942 0.113507 -0.0954497
vn -0.645006 -0.202444 0.736875
vn 0.81398 -0.226456 -0.534935
vn 0.671084 -0.572762 -0.470734
vn 0.401778 -0.861392 -0.31077
vn 0.250097 0.454128 0.855114
vn 0.284006 0.830681 0.478862
vn 0.854541 0.0842303 0.512508
vn 0.825515 -0.559327 -0.0753565
vn 0.706878 -0.678288 -0.200622
vn 0.883695 -0.414025 0.218328
vn 0.223271 0.651187 0.725332
vn 0.853862 0.0598399 0.517048
vn 0.837483 -0.013942 0.546286
vn -0.161484 -0.168161 0.972443
vn 0.576779 -0.367222 0.729708
vn 0.609459 -0.0683624 -0.789865
vn 0.814611 0.0286243 -0.5793
vn 0.672516 0.248284 -0.697192
vn -0.0208178 -0.138604 0.990129
vn -0.272897 0.0870123 0.9581
vn 0.254691 -0.287706 0.923232
vn 0.453208 0.326571 -0.82943
vn 0.527434 -0.5049 -0.683293
vn 0.452917 -0.411259 -0.791032
vn -0.579505 -0.500698 0.64302
vn -0.798916 -0.22535 0.557629
vn -0.320274 -0.346702 0.881602
vn -0.343864 -0.450664 0.823808
vn -0.871329 -0.462467 -0.164046
vn 0.27526 -0.681181 -0.678398
vn 0.0942037 -0.652391 -0.752005
vn 0.371761 0.386801 -0.843907
vn 0.36381 0.316739 -0.875967
vn 0.412638 0.160314 -0.896677
vn 0.921199 0.388903 0.0121101
vn 0.515903 -0.00170325 -0.856645
vn -0.105215 -0.466501 -0.878241
vn -0.172701 -0.685288 -0.707498
vn -0.0769643 -0.369795 -0.92592
vn -0.039435 0.140999 0.989224
vn -0.228721 -0.200034 0.952719
vn 0.558901 0.0820702 0.825163
vn 0.571242 -0.778169 -0.261027
vn -0.330306 -0.462708 0.822678
vn 0.930961 -0.365111 0.00245675
vn 0.986422 0.0666439 -0.150101
vn 0.77593 -0.495826 -0.389986
vn 0.07431 -0.0933716 -0.992854
vn -0.952977 -0.02915 0.301637
vn -0.440146 0.230109 -0.867941
vn -0.26006 0.256166 -0.930993
vn -0.362285 0.457379 -0.81213
vn 0.291214 -0.305411 -0.906597
vn -0.162447 -0.043005 -0.98578
vn 0.458117 -0.300333 0.836617
vn 0.0107037 0.399041 0.91687
vn -0.693729 0.398495 -0.599952
vn 0.298463 -0.126268 0.946032
vn 0.703093 0.4415 0.557439
vn 0.824012 -0.553267 0.122067
vn -0.953772 -0.297329 0.0437452
vn -0.306212 -0.481239 0.821367
vn 0.355469 -0.318729 0.878666
vn 0.396492 -0.480926 -0.781987
vn 0.0428103 0.645719 0.762374
vn 0.89321 -0.124057 -0.432187
vn 0.79591 -0.0567016 -0.602754
vn -0.554201 -0.550287 -0.624536
vn -0.542019 -0.584014 -0.604271
vn 0.957552 -0.269515 -0.102258
vn 0.680799 -0.342015 0.647718
vn 0.583091 -0.428591 -0.690156
vn 0.968028 -0.145933 -0.204025
vn 0.671815 -0.689194 -0.271435
vn 0.814997 -0.204582 0.54215
vn 0.718728 0.324607 0.614866
vn -0.727625 0.681798 0.0755906
vn -0.200699 -0.0886646 0.975632
vn 0.648622 -0.22511 -0.727059
vn 0.722851 0.0471052 -0.689397
vn -0.383435 -0.677963 -0.627172
vn 0.301902 0.0727639 0.950558
vn 0.946671 0.299465 0.118892
vn 0.572737 0.646856 0.503536
vn 0.907067 -0.284904 0.309935
vn 0.807087 0.136667 0.574398
vn 0.842844 -0.467343 0.26684
vn 0.536906 -0.791778 -0.291236
vn 0.854349 -0.390374 -0.343068
vn -0.190876 0.0718005 0.978985
vn 0.997433 0.0616209 0.0364657
vn 0.963486 -0.263586 0.0470918
vn 0.045169 -0.2354 0.970848
vn -0.660764 0.183504 -0.727817
vn 0.511211 0.0227949 0.859153
vn -0.593794 0.383986 -0.707081
vn 0.867252 0.0367128 0.496514
vn -0.58081 0.0673184 0.811251
vn 0.377275 -0.619235 -0.688631
vn 0.986046 0.0914342 0.139114
vn 0.435831 -0.000291553 0.900028
vn 0.688168 -0.25504 -0.679249
vn -0.612022 0.0770676 -0.787077
vn -0.770202 -0.1961 -0.606905
vn 0.721853 0.51735 0.459649
vn 0.480945 0.764103 0.429929
vn 0.926899 -0.373097 -0.0407092
vn -0.113885 0.633976 -0.764922
vn -0.0753759 0.00814869 -0.997122
vn 0.751395 0.253454 0.609235
vn 0.512063 -0.596044 -0.618485
vn 0.411623 0.539898 0.734218
vn 0.536756 0.385386 0.75058
vn 0.290282 0.499527 0.816217
vn 0.929716 -0.038883 -0.366218
vn 0.987049 -0.0541289 -0.151014
vn 0.807538 0.236881 -0.540158
vn 0.878173 0.275941 -0.390729
vn 0.82618 0.252975 -0.503418
vn 0.103315 0.0901084 0.990559
vn -0.272847 -0.103493 0.956475
vn 0.443089 0.0538895 0.894857
vn 0.53331 0.563199 0.63118
vn 0.338548 0.867333 0.364854
vn 0.0656079 -0.20755 0.976022
vn 0.992497 -0.0299635 -0.118541
vn -0.12092 -0.23351 -0.964806
vn -0.163068 -0.337435 -0.927117
vn 0.913239 -0.0334418 0.406049
vn -0.454367 0.0226727 -0.890526
vn -0.308981 -0.390702 -0.867112
vn -0.55668 0.218269 -0.80154
vn 0.256008 -0.130792 0.957785
vn -0.376195 0.0752588 -0.923479
vn -0.484621 0.0819602 -0.870876
vn 0.290274 -0.864649 -0.410028
vn -0.340671 -0.468881 -0.814919
vn 0.43311 -0.669535 -0.603439
vn -0.226118 0.384465 0.895018
vn 0.719702 -0.0107807 0.694199
vn 0.871978 -0.0992937 -0.47937
vn 0.929549 -0.17451 -0.324783
vn 0.806912 0.224164 -0.546483
vn 0.936435 -0.336203 -0.100286
vn -0.673136 -0.0070904 -0.739485
vn -0.46098 0.138247 -0.876576
vn 0.489098 0.209074 -0.846801
vn 0.918848 0.0863328 0.385052
vn 0.653128 -0.17721 0.73622
vn 0.938517 0.0448622 -0.342307
vn 0.956474 -0.0070356 -0.291733
vn 0.570158 0.49412 -0.656327
vn -0.633714 -0.0455735 -0.772224
vn -0.456971 -0.0867903 -0.885237
vn -0.540035 0.0541082 -0.839902
vn 0.965525 -0.190445 -0.177459
vn 0.948275 -0.204792 -0.24256
vn 0.6286 0.0411178 0.776641
vn -0.0684277 0.688606 0.7219
vn 0.831631 0.341027 -0.438281
vn 0.735191 0.0888721 -0.672009
vn 0.819977 -0.158631 -0.549977
vn -0.215123 -0.051843 -0.97521
vn -0.0878175 -0.184373 -0.978925
vn -0.168399 -0.0729228 -0.983018
vn -0.304174 0.0711321 -0.949957
vn -0.379292 0.294772 -0.877067
vn 0.883024 -0.0177449 0.468992
vn -0.621683 -0.344575 0.703405
vn -0.543154 -0.442126 0.713799
vn 0.738256 0.175179 -0.651376
vn 0.953177 0.159136 0.257155
vn -0.255496 -0.57287 -0.778808
vn 0.925732 0.154123 0.34535
vn 0.438538 0.786916 0.434106
vn 0.0997067 -0.074078 -0.992256
vn 0.254544 0.104509 -0.961398
vn 0.105396 -0.025783 -0.994096
vn -0.42853 0.156418 -0.889885
vn 0.8872 -0.445046 -0.121698
vn 0.664373 0.0637846 -0.744674
vn 0.788626 0.0936012 -0.607707
vn 0.210278 0.121375 -0.970078
vn 0.124698 -0.0401076 -0.991384
vn 0.156077 0.0404087 -0.986918
vn -0.288595 0.0489482 -0.956199
vn 0.816 -0.44961 0.36331
vn 0.819448 -0.106235 0.563221
vn 0.754724 0.121998 0.644599
vn 0.698008 0.080657 -0.711533
vn 0.993779 0.00249634 -0.111341
vn 0.994273 -0.0336977 -0.10142
vn 0.609329 -0.0681683 -0.789982
vn 0.597036 -0.373333 -0.71005
vn 0.541899 -0.328481 -0.773593
vn -0.0176939 0.733924 -0.679001
vn 0.499959 0.0551911 -0.864289
vn 0.381485 0.46785 0.797236
vn 0.305972 0.00230175 -0.952038
vn 0.258547 -0.0715657 -0.963344
vn 0.210945 0.00106458 -0.977497
vn 0.936837 0.0104597 0.349609
vn 0.498235 -0.328635 -0.802347
vn -0.614466 0.119157 -0.779893
vn -0.690619 0.147735 -0.707969
vn -0.916718 -0.15019 -0.370232
vn 0.216987 0.545467 -0.809557
vn -0.525238 0.0464044 -0.849689
vn -0.487097 0.0092254 -0.873299
vn -0.593999 -0.0114618 -0.804384
vn 0.781835 0.410726 -0.469083
vn 0.79238 -0.139896 -0.59377
vn 0.147477 0.73303 0.664017
vn 0.906962 -0.15612 -0.391211
vn 0.885441 -0.241228 -0.397246
vn 0.818694 -0.46988 0.33008
vn 0.204838 0.168839 0.964124
vn 0.929302 -0.0393823 -0.367215
vn 0.635231 0.272927 -0.72249
vn 0.93943 -0.241588 0.243117
vn -0.612692 9.23841e-06 -0.790321
vn 0.531974 -0.0941999 -0.841505
vn 0.624943 0.112343 -0.772544
vn 0.973395 -0.018742 0.228365
vn 0.532587 -0.233746 -0.813458
vn -0.0764194 -0.443649 -0.892937
vn 0.807318 0.559137 0.188691
vn 0.956246 -0.0129651 0.292278
vn 0.993256 0.112789 -0.0268607
vn -0.607655 -0.122723 -0.784662
vn 0.811596 0.116994 -0.572385
vn 0.761207 0.0448895 -0.646954
vn 0.495955 0.800497 0.336502
vn 0.714338 0.682597 0.154218
vn -0.530434 0.356326 -0.769202
vn -0.0927081 0.194246 -0.976562
vn 0.994581 0.0804527 0.0658501
vn 0.776706 -0.151078 -0.611476
vn -0.457672 -0.604049 -0.652428
vn 0.846907 -0.00498109 0.531717
vn -0.614608 0.212099 0.759784
vn 0.167863 -0.207751 0.963671
vn 0.771941 0.226819 -0.593852
vn 0.92695 -0.329634 0.179177
vn 0.0560665 -0.392292 -0.918131
vn 0.0502052 0.390563 -0.919206
vn 0.774802 -0.182264 -0.605361
vn 0.101936 0.164974 -0.981016
vn -0.301908 0.393069 0.868532
vn -0.284095 -0.247713 0.926244
vn -0.437551 0.393473 0.808534
vn 0.265168 -0.27103 0.925326
vn 0.00290356 -0.283048 0.959101
vn -0.224355 0.722224 0.654261
vn 0.76707 -0.381879 -0.51553
vn 0.25389 -0.165914 -0.952897
vn 0.331396 -0.038154 -0.94272
vn -0.343426 0.0272039 -0.938786
vn -0.506421 0.241518 -0.827772
vn -0.0420355 -0.0913035 0.994936
vn -0.111601 0.0352248 0.993129
vn -0.711164 -0.169107 0.682385
vn 0.397521 -0.110936 -0.910862
vn 0.36836 0.0017255 -0.929682
vn -0.673259 0.584186 0.453265
vn 0.0308047 0.763162 0.645472
vn 0.18199 0.789507 0.586138
vn 0.0694422 -0.0503584 0.996314
vn -0.00381889 0.00649769 0.999972
vn 0.623882 0.0130088 0.78141
vn -0.133866 0.105401 0.985378
vn 0.204533 -0.210009 0.956066
vn 0.694182 -0.718989 -0.0341481
vn -0.760291 0.444746 0.473454
vn 0.130921 -0.048362 -0.990213
vn 0.888398 0.0768441 -0.452597
vn 0.863203 0.0070946 -0.504806
vn -0.0118568 -0.462989 0.886284
vn 0.743377 0.0318772 0.668112
vn -0.600943 -0.262557 0.754938
vn 0.118589 0.140588 0.98294
vn 0.176595 0.74377 0.644686
vn -0.671681 0.549738 0.496621
vn -0.749055 -0.13278 0.649066
vn -0.6087 -0.324448 0.724029
vn -0.0701547 0.640782 0.764511
vn -0.198197 0.854729 0.479746
vn -0.277491 0.509307 0.814619
vn 0.19376 -0.233664 0.952816
vn 0.65955 -0.0574916 -0.749459
vn 0.0493143 0.526296 0.84887
vn 0.183804 0.289483 0.93937
vn 0.227513 0.58181 0.780855
vn 0.818788 0.12216 0.560949
vn 0.986419 0.0498567 -0.156501
vn 0.995788 -0.0706071 0.058485
vn 0.29573 -0.252087 0.92141
vn 0.341648 -0.0163425 -0.939686
vn 0.150605 -0.00420893 -0.988585
vn -0.276536 -0.461759 0.842797
vn -0.422698 0.40758 0.809447
vn -0.303753 -0.535892 0.787752
vn -0.453357 0.118922 0.88336
vn -0.135524 0.984537 0.110993
vn -0.224836 0.941377 0.251513
vn 0.909107 -0.39469 0.133208
vn -0.55388 -0.240468 -0.797115
vn 0.222099 0.0432887 0.974063
vn 0.346682 -0.202047 0.915963
vn 0.196675 -0.0035287 0.980462
vn -0.542254 0.0342749 0.839515
vn -0.15504 0.200883 0.967269
vn -0.364287 0.32928 0.871131
vn 0.943694 -0.0273451 0.329688
vn 0.861339 0.443312 0.248131
vn 0.95645 -0.166488 0.239759
vn 0.925885 -0.372725 0.0617506
vn -0.0108218 -0.0985687 0.995071
vn -0.414309 -0.114614 0.902891
vn 0.874103 0.00109816 0.485739
vn 0.837869 -0.109392 0.534799
vn 0.201057 -0.425395 0.882392
vn -0.352782 -0.0458505 -0.934582
vn 0.59113 -0.299581 0.748877
vn 0.587569 -0.344782 0.732044
vn 0.64603 -0.258266 0.718292
vn 0.641957 0.0426597 -0.765553
vn 0.769973 -0.332298 0.54472
vn 0.962521 -0.267274 0.0460232
vn 0.908001 -0.404004 0.110972
vn -0.172957 -0.735707 0.654844
vn -0.27407 -0.626088 0.73
vn -0.356698 -0.538998 0.763052
vn 0.44055 -0.44497 0.779691
vn 0.549876 -0.390957 0.738098
vn 0.61153 0.00973806 -0.791161
vn 0.202292 -0.0413363 -0.978452
vn 0.557976 -0.0330158 0.8292
vn 0.572428 -0.067896 -0.817139
vn -0.310893 -0.428828 0.848205
vn 0.420481 -0.439499 0.793748
vn -0.189184 -0.286921 0.939088
vn -0.338133 -0.226343 0.913474
vn 0.346544 0.116491 0.930772
vn 0.688221 0.0322239 0.724786
vn 0.836913 0.0706304 0.54276
vn 0.165475 -0.296547 0.940573
vn -0.00446408 0.284752 0.958591
vn -0.76753 0.591619 0.246749
vn 0.749656 0.41742 0.513592
vn 0.482211 0.419371 0.769156
vn 0.22838 0.567134 0.791329
vn 0.95285 0.0327168 0.301672
vn -0.221431 0.958816 0.177878
vn -0.179215 0.968292 0.174051
vn -0.373172 0.499131 0.782056
vn -0.644702 0.0083418 -0.764389
vn 0.973888 0.226891 -0.00797564
vn 0.803484 0.347281 0.483539
vn 0.83129 -0.185424 0.523999
vn -0.501869 -0.260569 0.824761
vn 0.75718 -0.132267 0.639675
vn -0.254335 -0.702719 0.664454
vn 0.840357 -0.0441877 0.54023
vn 0.0884781 -0.122225 0.988551
vn 0.0701408 -0.313288 0.947064
vn 0.205697 -0.0103206 0.978561
vn 0.792766 0.402762 0.457498
vn 0.859976 0.257633 0.44053
vn 0.641705 0.0803028 0.762736
vn 0.0378501 -0.312108 0.949292
vn -0.300092 -0.186837 0.935434
vn -0.273709 0.257825 0.926612
vn -0.249773 -0.386887 0.887655
vn -0.403031 0.85998 0.313049
vn -0.436261 0.32837 0.837764
vn 0.906666 -0.136086 0.399296
vn 0.898554 -0.164924 0.406695
vn -0.084588 0.141055 0.986381
vn 0.0181513 0.210522 0.977421
vn 0.00697463 0.443476 0.896259
vn -0.0199167 -0.0786415 0.996704
vn 0.043567 0.722894 0.689584
vn 0.47697 0.322513 0.817609
vn 0.236976 -0.0385814 0.970749
vn -0.225896 -0.63101 0.742157
vn -0.240065 -0.630402 0.738215
vn 0.161718 0.0766961 0.983852
vn -0.184352 0.6809 0.708794
vn 0.872333 -0.0253757 0.488254
vn -0.178898 -0.620321 0.763674
vn -0.358035 -0.430782 0.828395
vn -0.495251 -0.148374 0.855986
vn 0.841629 -0.168513 -0.513093
vn -0.674672 -0.0131959 0.737999
vn -0.664623 0.0276276 0.746668
vn -0.33959 -0.217967 0.914969
vn 0.588542 0.22296 0.777114
vn 0.767524 -0.0323803 0.640202
vn 0.760649 0.030354 0.648454
vn -0.359428 0.147205 0.921489
vn -0.534137 0.690068 0.488369
vn -0.551382 -0.304093 0.776856
vn -0.293069 0.458534 0.838962
vn -0.453541 0.375937 0.808067
vn 0.951869 0.159366 0.261815
vn 0.867671 -0.0634997 0.493066
vn 0.835678 0.273362 0.476357
vn 0.122514 0.362761 0.923793
vn 0.000276094 0.354629 0.935007
vn 0.548763 0.341759 0.762928
vn 0.883388 0.191419 0.427766
vn 0.45362 -0.0568471 -0.889381
vn -0.239343 -0.535825 0.809695
vn 0.216837 0.324901 0.920555
vn -0.169008 0.889871 0.423753
vn -0.252539 0.794273 0.552588
vn -0.531295 0.382224 0.756062
vn 0.956192 0.0657037 0.28527
vn 0.543614 0.370726 0.753024
vn 0.713122 0.343915 0.610884
vn 0.844807 0.0473766 0.53297
vn -0.0757356 -0.208412 0.975104
vn 0.931166 -0.165594 0.324819
vn 0.873496 0.209622 0.439389
vn -0.547779 0.818563 0.172897
vn 0.345902 -0.0624127 0.936192
vn -0.0497443 -0.307207 0.950342
vn -0.273765 0.542282 0.794345
vn 0.363883 0.442721 0.819505
vn 0.339578 0.416555 0.843308
vn 0.76489 0.45446 0.456519
vn -0.658172 0.636232 0.402515
vn 0.636356 -0.183005 0.749373
vn -0.585393 -0.0621484 0.808364
vn 0.571052 0.0944035 0.815468
vn -0.353443 0.383645 0.853168
vn -0.516945 0.10838 0.84913
vn 0.037681 -0.0576937 0.997623
vn 0.235981 0.563994 0.791343
vn 0.911094 0.197448 0.361831
vn -0.255708 0.83034 0.495124
vn 0.904115 0.305937 -0.298291
vn 0.821418 0.321417 -0.471129
vn 0.915497 0.391403 -0.0931053
vn 0.979529 0.200848 0.0135166
vn 0.210007 0.95412 0.213429
vn 0.0671911 0.104903 0.99221
vn 0.896651 0.0923535 0.432999
vn 0.494135 0.390662 0.776668
vn 0.419909 0.294354 0.858506
vn 0.817438 -0.251075 -0.518417
vn 0.863821 -0.178923 -0.470957
vn 0.912369 -0.125499 -0.389657
vn 0.928783 -0.171806 0.328397
vn 0.973251 -0.14589 -0.177479
vn 0.977606 0.120561 -0.172484
vn -0.487925 0.282485 0.825913
vn -0.200158 0.236067 0.950899
vn 0.00877517 -0.0471402 0.99885
vn 0.770115 -0.136075 -0.623222
vn 0.0268364 -0.479548 0.877105
vn 0.354769 -0.0495657 -0.933639
vn 0.858612 0.0674122 0.508174
vn -0.425767 -0.0685139 -0.902235
vn -0.472841 -0.0282596 -0.880694
vn -0.490106 -0.0971864 -0.866228
vn 0.976305 -0.117136 -0.181954
vn 0.929624 -0.0742037 -0.36096
vn 0.821006 0.309668 -0.47964
vn 0.981926 0.150389 0.11491
vn 0.721979 0.167394 0.671361
vn 0.897906 0.085831 0.431738
vn 0.811127 0.0797719 0.579404
vn 0.909987 0.158998 -0.382941
vn 0.456662 0.792977 -0.403296
vn 0.954548 0.128489 -0.26894
vn 0.987324 -0.0428182 -0.152832
vn 0.657864 0.522065 -0.542829
vn -0.518302 0.358028 0.776646
vn 0.816155 0.15379 0.556992
vn -0.487528 -0.312735 0.815177
vn 0.963249 0.150874 -0.222235
vn 0.961003 -0.0112421 -0.276309
vn 0.946993 -0.0900206 0.308383
vn 0.367128 -0.241596 0.898248
vn 0.369783 -0.102963 0.923396
vn 0.950412 0.302414 0.0725462
vn 0.874585 0.483467 0.0368946
vn 0.660333 0.710253 0.243931
vn -0.247516 -0.154294 -0.956519
vn -0.457162 -0.00199885 -0.889381
vn -0.414782 -0.192401 -0.889347
vn -0.420457 0.211086 -0.882416
vn -0.303603 0.0556708 0.951171
vn -0.707947 -0.111136 -0.697466
vn -0.445848 -0.181576 -0.876498
vn 0.526057 -0.145107 0.837979
vn -0.397863 -0.222229 -0.890123
vn -0.351202 -0.422973 -0.835315
vn -0.311096 0.32166 -0.89429
vn 0.228158 0.00271568 -0.97362
vn 0.0331674 0.343188 0.938681
vn 0.259494 -0.0312203 0.96524
vn 0.990088 -0.000814647 0.140444
vn 0.330075 -0.0699365 0.941361
vn 0.705545 0.0850822 -0.703539
vn -0.314183 0.333031 -0.889033
vn 0.515934 -0.30107 -0.801978
vn 0.30319 0.208142 -0.929921
vn -0.511687 -0.0212454 -0.858909
vn -0.353877 -0.303224 -0.884775
vn 0.820186 0.565863 -0.0842267
vn 0.979882 -0.117815 0.16109
vn 0.974894 -0.0431811 -0.218443
vn -0.0349135 -0.124168 -0.991647
vn -0.30541 -0.165547 -0.93772
vn 0.911056 -0.0555817 -0.40852
vn 0.642913 -0.160327 0.748972
vn -0.338508 -0.204313 -0.918514
vn 0.634155 0.28418 0.719089
vn 0.998343 0.00168694 -0.0575274
vn 0.342477 0.168054 0.924374
vn 0.81424 0.250767 -0.523573
vn 0.133807 -0.138142 -0.981332
vn 0.144229 -0.0431252 -0.988604
vn 0.166742 0.000921953 -0.986
vn -0.526703 -0.0824486 -0.846042
vn 0.754699 0.121493 0.644724
vn -0.71557 -0.202065 -0.668677
vn -0.393443 -0.10371 -0.913481
vn 0.542435 -0.149598 0.826671
vn -0.633119 -0.116999 0.765161
vn 0.41604 -0.247279 0.875079
vn -0.104249 0.0403956 -0.993731
vn -0.0775357 -0.0136489 -0.996896
vn 0.151483 -0.0788177 -0.985312
vn 0.404163 0.155965 -0.901292
vn 0.827293 0.0261604 0.561161
vn -0.0181652 -0.0836511 -0.99633
vn 0.0365807 -0.120395 -0.992052
vt 0.0836711 0.706658
vt 0.0865507 0.707281
vt 0.0863909 0.709102
vt 0.0857823 0.712045
vt 0.0877722 0.708853
vt 0.0880762 0.708069
vt 0.0860814 0.701778
vt 0.0863696 0.699829
vt 0.088871 0.70177
vt 0.0875101 0.711015
vt 0.731788 0.190903
vt 0.732754 0.189515
vt 0.733673 0.191321
vt 0.0132022 0.489813
vt 0.0129751 0.490978
vt 0.0113207 0.490097
vt 0.0863903 0.719279
vt 0.0848285 0.719603
vt 0.0856333 0.715731
vt 0.0841081 0.721585
vt 0.0880627 0.718729
vt 0.0873459 0.716985
vt 0.0299988 0.492154
vt 0.026475 0.490496
vt 0.0299382 0.490499
vt 0.0213739 0.491293
vt 0.0192478 0.491664
vt 0.0210494 0.489886
vt 0.0370083 0.490319
vt 0.03608 0.49086
vt 0.0359325 0.487455
vt 0.0144191 0.489897
vt 0.0226113 0.49206
vt 0.0232177 0.490286
vt 0.0098112 0.489776
vt 0.00972746 0.492684
vt 0.014141 0.491585
vt 0.696591 0.783325
vt 0.696656 0.784356
vt 0.695253 0.784461
vt 0.0268902 0.488799
vt 0.0150718 0.491077
vt 0.0164581 0.488509
vt 0.0165606 0.491135
vt 0.0172762 0.489756
vt 0.0190118 0.488997
vt 0.0145273 0.49048
vt 0.0295112 0.489301
vt 0.0314679 0.490553
vt 0.0864889 0.695233
vt 0.0852552 0.699877
vt 0.0873286 0.714443
vt 0.087149 0.694145
vt 0.0836521 0.692651
vt 0.732756 0.186662
vt 0.731836 0.189032
vt 0.00850179 0.108887
vt 0.00614797 0.105837
vt 0.00673071 0.103781
vt 0.730646 0.187221
vt 0.730545 0.183873
vt 0.732412 0.182341
vt 0.732251 0.180008
vt 0.734797 0.181119
vt 0.734274 0.166322
vt 0.732405 0.170302
vt 0.731101 0.169044
vt 0.73116 0.172853
vt 0.73097 0.170941
vt 0.736318 0.17292
vt 0.731564 0.175072
vt 0.164247 0.11263
vt 0.161444 0.111045
vt 0.161445 0.107063
vt 0.946582 0.550515
vt 0.944522 0.553665
vt 0.944522 0.549531
vt 0.164929 0.10678
vt 0.161446 0.104648
vt 0.164824 0.103999
vt 0.161444 0.112239
vt 0.166549 0.103999
vt 0.831423 0.527918
vt 0.828613 0.522935
vt 0.830948 0.518125
vt 0.830949 0.518125
vt 0.952992 0.557852
vt 0.955145 0.560726
vt 0.949987 0.558564
vt 0.951419 0.561384
vt 0.944522 0.557281
vt 0.944523 0.556814
vt 0.954593 0.553948
vt 0.947324 0.548504
vt 0.944521 0.548113
vt 0.167888 0.108804
vt 0.170698 0.113788
vt 0.944522 0.560367
vt 0.716706 0.169496
vt 0.717766 0.173749
vt 0.716934 0.173192
vt 0.718166 0.16941
vt 0.953661 0.563675
vt 0.951086 0.564589
vt 0.953775 0.549662
vt 0.715468 0.173857
vt 0.714914 0.170208
vt 0.167487 0.105663
vt 0.167778 0.103996
vt 0.17022 0.103995
vt 0.170223 0.103995
vt 0.949783 0.570027
vt 0.944523 0.56918
vt 0.944522 0.564859
vt 0.71176 0.173019
vt 0.714818 0.174933
vt 0.712036 0.175781
vt 0.952423 0.570196
vt 0.952645 0.571085
vt 0.953253 0.574304
vt 0.714182 0.184213
vt 0.712257 0.185991
vt 0.712059 0.183648
vt 0.953216 0.566437
vt 0.946563 0.57314
vt 0.944522 0.573208
vt 0.944522 0.572339
vt 0.714677 0.176371
vt 0.952861 0.568354
vt 0.712016 0.177697
vt 0.949705 0.576456
vt 0.953412 0.580664
vt 0.94868 0.585418
vt 0.94705 0.57754
vt 0.944522 0.570611
vt 0.954006 0.576648
vt 0.714011 0.181176
vt 0.717391 0.179732
vt 0.716234 0.182928
vt 0.944523 0.575119
vt 0.944854 0.579874
vt 0.944523 0.580999
vt 0.944522 0.579949
vt 0.944522 0.578758
vt 0.944523 0.576333
vt 0.716513 0.185414
vt 0.718783 0.185861
vt 0.715363 0.18578
vt 0.716537 0.187908
vt 0.718053 0.176153
vt 0.717703 0.176529
vt 0.716796 0.175942
vt 0.718732 0.188214
vt 0.71814 0.183854
vt 0.712194 0.180429
vt 0.955162 0.58567
vt 0.950852 0.585997
vt 0.718346 0.179787
vt 0.326407 0.316069
vt 0.324944 0.315911
vt 0.328814 0.313178
vt 0.945542 0.586358
vt 0.944522 0.583966
vt 0.944521 0.585675
vt 0.712654 0.188001
vt 0.944521 0.586333
vt 0.326283 0.308439
vt 0.324111 0.307861
vt 0.319965 0.31801
vt 0.319952 0.31802
vt 0.319952 0.318005
vt 0.319952 0.317994
vt 0.319952 0.317966
vt 0.319953 0.312162
vt 0.319953 0.310025
vt 0.320973 0.308801
vt 0.319952 0.309553
vt 0.319952 0.308776
vt 0.725516 0.17202
vt 0.728693 0.172396
vt 0.725153 0.172953
vt 0.724934 0.168122
vt 0.329149 0.318688
vt 0.721573 0.170409
vt 0.321991 0.315749
vt 0.319953 0.314363
vt 0.721997 0.172249
vt 0.72314 0.179189
vt 0.722699 0.182389
vt 0.719994 0.181578
vt 0.719244 0.178161
vt 0.32798 0.321602
vt 0.729839 0.170571
vt 0.727506 0.167279
vt 0.822838 0.216084
vt 0.823904 0.215509
vt 0.822852 0.218562
vt 0.720457 0.184477
vt 0.723428 0.182979
vt 0.72998 0.18314
vt 0.730389 0.184943
vt 0.725454 0.183491
vt 0.725931 0.175798
vt 0.722917 0.173819
vt 0.325575 0.325627
vt 0.323721 0.325633
vt 0.73025 0.181666
vt 0.726492 0.181291
vt 0.725494 0.188377
vt 0.722551 0.189326
vt 0.723377 0.185588
vt 0.7308 0.17638
vt 0.727802 0.179003
vt 0.727964 0.180815
vt 0.731853 0.177488
vt 0.730145 0.180662
vt 0.724869 0.179047
vt 0.322905 0.325634
vt 0.720853 0.178472
vt 0.730659 0.16753
vt 0.730286 0.186442
vt 0.724221 0.182195
vt 0.72023 0.18852
vt 0.319952 0.318045
vt 0.820938 0.220632
vt 0.821272 0.219004
vt 0.821501 0.224144
vt 0.820829 0.224748
vt 0.722512 0.172409
vt 0.822499 0.222095
vt 0.723844 0.170502
vt 0.726251 0.190331
vt 0.853329 0.519418
vt 0.852628 0.518126
vt 0.854091 0.518127
vt 0.328079 0.325631
vt 0.816166 0.222708
vt 0.82166 0.217194
vt 0.866272 0.518156
vt 0.862873 0.522577
vt 0.862846 0.518136
vt 0.866181 0.518138
vt 0.730728 0.189468
vt 0.851461 0.518128
vt 0.857393 0.519996
vt 0.856308 0.518128
vt 0.858416 0.518129
vt 0.845103 0.518134
vt 0.82026 0.22584
vt 0.822451 0.225801
vt 0.855792 0.524582
vt 0.855341 0.518129
vt 0.81684 0.224763
vt 0.866774 0.520758
vt 0.207659 0.664417
vt 0.201992 0.66228
vt 0.207565 0.662274
vt 0.866273 0.518138
vt 0.843896 0.520551
vt 0.842818 0.518127
vt 0.845085 0.518134
vt 0.835344 0.524088
vt 0.830951 0.518125
vt 0.834308 0.518125
vt 0.849191 0.528275
vt 0.842129 0.527679
vt 0.841587 0.518132
vt 0.839254 0.518125
vt 0.860981 0.518134
vt 0.835722 0.518127
vt 0.893203 0.137485
vt 0.88916 0.137263
vt 0.894932 0.134543
vt 0.840878 0.529917
vt 0.868858 0.518132
vt 0.854142 0.530762
vt 0.850974 0.530047
vt 0.857288 0.526905
vt 0.843905 0.530664
vt 0.290743 0.281044
vt 0.29009 0.28567
vt 0.287598 0.284901
vt 0.867419 0.524208
vt 0.86734 0.53006
vt 0.863037 0.525197
vt 0.890762 0.133358
vt 0.889943 0.129073
vt 0.846399 0.530118
vt 0.195815 0.675815
vt 0.195801 0.669345
vt 0.200104 0.674209
vt 0.104452 0.695968
vt 0.107748 0.694552
vt 0.107576 0.697273
vt 0.207059 0.67101
vt 0.209831 0.671309
vt 0.20983 0.671877
vt 0.204759 0.669924
vt 0.204215 0.67254
vt 0.203228 0.670739
vt 0.208263 0.668267
vt 0.899398 0.131072
vt 0.902425 0.131818
vt 0.89865 0.133473
vt 0.199677 0.683095
vt 0.201086 0.678795
vt 0.204249 0.683811
vt 0.848565 0.52421
vt 0.845087 0.518134
vt 0.845088 0.518134
vt 0.209535 0.667051
vt 0.207632 0.662273
vt 0.200685 0.676925
vt 0.20949 0.674636
vt 0.199054 0.679275
vt 0.197335 0.679456
vt 0.197697 0.677841
vt 0.20356 0.676191
vt 0.202806 0.673893
vt 0.205495 0.682028
vt 0.182094 0.00473309
vt 0.179242 0.00761056
vt 0.179826 0.00389928
vt 0.182597 0.00203377
vt 0.187172 0.00186241
vt 0.1864 0.00350076
vt 0.294016 0.285281
vt 0.29437 0.287987
vt 0.202354 0.672636
vt 0.182413 0.00671721
vt 0.184798 0.00342953
vt 0.209217 0.682643
vt 0.20983 0.683403
vt 0.20983 0.6841
vt 0.868601 0.523388
vt 0.197067 0.680526
vt 0.19034 0.00182617
vt 0.192833 0.0019592
vt 0.190198 0.00433588
vt 0.186189 0.00743914
vt 0.205965 0.667497
vt 0.897065 0.134208
vt 0.203606 0.667499
vt 0.199036 0.662305
vt 0.201621 0.66228
vt 0.201986 0.66228
vt 0.711535 0.17007
vt 0.714867 0.166935
vt 0.20256 0.676451
vt 0.200182 0.668357
vt 0.20983 0.669612
vt 0.209674 0.678512
vt 0.20983 0.679688
vt 0.20983 0.679688
vt 0.298027 0.289447
vt 0.296508 0.285806
vt 0.20983 0.666599
vt 0.20983 0.677001
vt 0.20983 0.677001
vt 0.20983 0.677367
vt 0.208577 0.666682
vt 0.203314 0.679049
vt 0.20983 0.66725
vt 0.20983 0.668486
vt 0.193863 0.00665534
vt 0.193267 0.00487614
vt 0.19479 0.0043354
vt 0.100877 0.693489
vt 0.101485 0.692548
vt 0.102314 0.695439
vt 0.181769 0.00807822
vt 0.174459 0.00924218
vt 0.172143 0.00875926
vt 0.172896 0.00791508
vt 0.102134 0.697546
vt 0.106865 0.69884
vt 0.104205 0.699399
vt 0.206907 0.687905
vt 0.20983 0.684762
vt 0.20983 0.678508
vt 0.20983 0.678771
vt 0.188851 0.0098654
vt 0.18902 0.00907904
vt 0.717002 0.166567
vt 0.717693 0.168003
vt 0.716456 0.166457
vt 0.197647 0.00668305
vt 0.20983 0.687422
vt 0.296493 0.279336
vt 0.195096 0.00280207
vt 0.197112 0.0020926
vt 0.204871 0.68611
vt 0.203242 0.686194
vt 0.193747 0.00834763
vt 0.173888 0.00521827
vt 0.176314 0.00615162
vt 0.171015 0.00580412
vt 0.196022 0.00836545
vt 0.189488 0.00730169
vt 0.891314 0.140137
vt 0.20983 0.676756
vt 0.20983 0.676756
vt 0.199166 0.684849
vt 0.198197 0.683258
vt 0.199601 0.685758
vt 0.199246 0.00698119
vt 0.198759 0.00820851
vt 0.716978 0.16424
vt 0.198135 0.0041855
vt 0.178746 0.00541008
vt 0.171714 0.00418156
vt 0.170881 0.00236303
vt 0.174743 0.00225025
vt 0.175817 0.00778377
vt 0.20983 0.671877
vt 0.20983 0.674472
vt 0.107193 0.699776
vt 0.105722 0.701155
vt 0.711426 0.167418
vt 0.102712 0.692821
vt 0.201365 0.667537
vt 0.199538 0.664907
vt 0.29652 0.290527
vt 0.178495 0.00867951
vt 0.0992268 0.699821
vt 0.102438 0.700128
vt 0.100791 0.697083
vt 0.201125 0.00524175
vt 0.176328 0.00209135
vt 0.180103 0.00196606
vt 0.107601 0.692012
vt 0.101237 0.701367
vt 0.0999821 0.693083
vt 0.713244 0.166246
vt 0.195828 0.680537
vt 0.196821 0.00910246
vt 0.105508 0.693148
vt 0.101118 0.698232
vt 0.717822 0.165142
vt 0.17986 0.0117427
vt 0.198937 0.00971127
vt 0.199605 0.0088166
vt 0.19477 0.00923407
vt 0.202877 0.693953
vt 0.200551 0.692867
vt 0.200661 0.690092
vt 0.102746 0.706347
vt 0.103478 0.702914
vt 0.105783 0.705221
vt 0.207332 0.692006
vt 0.20983 0.687422
vt 0.20983 0.688769
vt 0.558908 0.332673
vt 0.557158 0.327667
vt 0.559897 0.328444
vt 0.204101 0.690099
vt 0.921989 0.469001
vt 0.92274 0.468385
vt 0.922739 0.469249
vt 0.596212 0.318551
vt 0.594082 0.320915
vt 0.593885 0.317465
vt 0.20983 0.691735
vt 0.20983 0.69293
vt 0.561724 0.332183
vt 0.92049 0.473626
vt 0.920241 0.465105
vt 0.592474 0.331241
vt 0.589648 0.331206
vt 0.592414 0.329453
vt 0.596281 0.327579
vt 0.593509 0.323833
vt 0.596115 0.323687
vt 0.593449 0.327188
vt 0.71529 0.189739
vt 0.712696 0.190785
vt 0.917633 0.473283
vt 0.915855 0.47608
vt 0.915689 0.472189
vt 0.71646 0.193212
vt 0.712964 0.193396
vt 0.716625 0.191459
vt 0.921566 0.475602
vt 0.922739 0.473605
vt 0.92274 0.474938
vt 0.103797 0.715281
vt 0.102859 0.712489
vt 0.104985 0.712494
vt 0.103595 0.708055
vt 0.107062 0.704107
vt 0.916141 0.46885
vt 0.106829 0.706882
vt 0.105081 0.715121
vt 0.105952 0.716603
vt 0.10153 0.706845
vt 0.101397 0.705368
vt 0.954491 0.578658
vt 0.0999845 0.714633
vt 0.100457 0.7103
vt 0.101012 0.713892
vt 0.330593 0.308112
vt 0.921477 0.472722
vt 0.92274 0.472759
vt 0.92274 0.47302
vt 0.105157 0.706905
vt 0.106426 0.710332
vt 0.106516 0.71325
vt 0.917587 0.4688
vt 0.105304 0.710872
vt 0.920274 0.477648
vt 0.922739 0.478369
vt 0.922738 0.478717
vt 0.596711 0.330255
vt 0.562252 0.331056
vt 0.594976 0.332505
vt 0.562888 0.334514
vt 0.562629 0.331437
vt 0.718613 0.190777
vt 0.718176 0.192107
vt 0.100237 0.703787
vt 0.100849 0.702454
vt 0.101708 0.703142
vt 0.103564 0.717898
vt 0.105934 0.720624
vt 0.915786 0.467053
vt 0.914551 0.481007
vt 0.916285 0.478757
vt 0.922738 0.478795
vt 0.922738 0.478844
vt 0.100761 0.706592
vt 0.033903 0.471258
vt 0.0370776 0.470523
vt 0.0374552 0.471001
vt 0.101231 0.715752
vt 0.104092 0.710293
vt 0.566497 0.335179
vt 0.565804 0.334161
vt 0.101637 0.708889
vt 0.0999713 0.717523
vt 0.558238 0.325661
vt 0.592326 0.327186
vt 0.922739 0.46603
vt 0.922739 0.46603
vt 0.922739 0.467915
vt 0.0100588 0.470859
vt 0.0115515 0.470915
vt 0.0102891 0.472725
vt 0.026041 0.47343
vt 0.0257628 0.47117
vt 0.0295672 0.473312
vt 0.718566 0.194085
vt 0.568748 0.33944
vt 0.55908 0.345064
vt 0.565641 0.339298
vt 0.568613 0.335535
vt 0.0346985 0.474267
vt 0.596567 0.320349
vt 0.92274 0.471084
vt 0.565392 0.34841
vt 0.569862 0.350189
vt 0.566963 0.350187
vt 0.576601 0.337016
vt 0.578447 0.340189
vt 0.573944 0.337042
vt 0.00892966 0.475897
vt 0.01015 0.474658
vt 0.0113442 0.476905
vt 0.101261 0.709794
vt 0.0231056 0.471159
vt 0.0228176 0.474276
vt 0.588323 0.333134
vt 0.588201 0.336017
vt 0.586409 0.333689
vt 0.0305888 0.47483
vt 0.0271756 0.476322
vt 0.0290523 0.471034
vt 0.0310942 0.471096
vt 0.104067 0.720421
vt 0.570655 0.336258
vt 0.583256 0.338524
vt 0.580127 0.336523
vt 0.582311 0.336109
vt 0.100896 0.720189
vt 0.0206531 0.47339
vt 0.0195799 0.471035
vt 0.57479 0.348318
vt 0.574767 0.350184
vt 0.92274 0.476202
vt 0.557464 0.343248
vt 0.557129 0.337739
vt 0.330765 0.320504
vt 0.333841 0.325014
vt 0.101245 0.711017
vt 0.330915 0.325627
vt 0.0285596 0.477421
vt 0.579431 0.3495
vt 0.0184414 0.474463
vt 0.592552 0.338626
vt 0.0174784 0.473752
vt 0.0174122 0.471124
vt 0.562156 0.349575
vt 0.565881 0.350191
vt 0.562729 0.350183
vt 0.0385997 0.474496
vt 0.0356651 0.47482
vt 0.0216916 0.47609
vt 0.0163685 0.47107
vt 0.583348 0.33507
vt 0.0312697 0.476512
vt 0.0183405 0.47653
vt 0.03525 0.476642
vt 0.58845 0.341441
vt 0.0131657 0.47217
vt 0.661963 0.522947
vt 0.659025 0.52289
vt 0.662916 0.518816
vt 0.919185 0.493762
vt 0.917315 0.490636
vt 0.92274 0.48882
vt 0.922741 0.489979
vt 0.588155 0.332453
vt 0.0381149 0.476602
vt 0.66672 0.524158
vt 0.668245 0.527564
vt 0.667229 0.527562
vt 0.0173759 0.476172
vt 0.677396 0.523475
vt 0.677631 0.523423
vt 0.677631 0.523656
vt 0.59774 0.342134
vt 0.0132982 0.470937
vt 0.661537 0.525072
vt 0.670818 0.523555
vt 0.669751 0.527562
vt 0.922738 0.479179
vt 0.0119738 0.475536
vt 0.676042 0.527343
vt 0.677631 0.523656
vt 0.67763 0.527308
vt 0.660473 0.527572
vt 0.658849 0.527572
vt 0.922505 0.494601
vt 0.922741 0.493787
vt 0.922741 0.494549
vt 0.672205 0.519509
vt 0.578203 0.350189
vt 0.674076 0.522636
vt 0.670653 0.527565
vt 0.662198 0.527565
vt 0.665113 0.527559
vt 0.676359 0.527559
vt 0.675964 0.52756
vt 0.58456 0.345514
vt 0.584384 0.350197
vt 0.580109 0.350191
vt 0.922741 0.489979
vt 0.675404 0.52756
vt 0.0136479 0.474261
vt 0.0127968 0.476348
vt 0.0150545 0.475082
vt 0.0153238 0.476406
vt 0.174119 0.0122062
vt 0.173004 0.0132142
vt 0.179395 0.0153701
vt 0.182358 0.0182952
vt 0.179604 0.0211247
vt 0.192908 0.0123306
vt 0.171981 0.0109054
vt 0.171875 0.0132327
vt 0.185422 0.0209296
vt 0.186769 0.0171348
vt 0.187505 0.020604
vt 0.0928322 0.697423
vt 0.0942694 0.696495
vt 0.0942623 0.698949
vt 0.722416 0.169757
vt 0.720496 0.166597
vt 0.719968 0.165051
vt 0.562075 0.350184
vt 0.178508 0.0127267
vt 0.176791 0.010299
vt 0.0962716 0.696384
vt 0.0985427 0.696601
vt 0.0994334 0.697987
vt 0.0874527 0.691927
vt 0.0895974 0.693709
vt 0.0957565 0.699745
vt 0.0891192 0.695442
vt 0.177396 0.0123386
vt 0.617046 0.275079
vt 0.61587 0.273165
vt 0.618649 0.274477
vt 0.190759 0.019133
vt 0.190323 0.0153729
vt 0.0965771 0.692785
vt 0.0941394 0.694375
vt 0.0889821 0.698375
vt 0.0914738 0.696263
vt 0.0910401 0.694934
vt 0.197193 0.0112207
vt 0.196127 0.0121341
vt 0.178176 0.0153627
vt 0.196912 0.0137935
vt 0.0959814 0.690018
vt 0.0985713 0.690739
vt 0.189474 0.0199783
vt 0.196018 0.0166322
vt 0.195193 0.0138174
vt 0.72386 0.192885
vt 0.719369 0.190175
vt 0.100668 0.691777
vt 0.0984292 0.69294
vt 0.0899367 0.695317
vt 0.19941 0.0112779
vt 0.198406 0.015844
vt 0.199655 0.013111
vt 0.0942752 0.691153
vt 0.0938494 0.689793
vt 0.184352 0.010784
vt 0.0863675 0.689393
vt 0.0888227 0.688235
vt 0.0892334 0.690637
vt 0.0944739 0.693465
vt 0.719694 0.192372
vt 0.101447 0.690802
vt 0.0979939 0.702566
vt 0.19356 0.0197831
vt 0.192358 0.0199468
vt 0.0977532 0.694608
vt 0.177997 0.0138661
vt 0.0989174 0.711617
vt 0.0965807 0.711028
vt 0.0969063 0.709024
vt 0.172643 0.0202958
vt 0.174092 0.0188816
vt 0.174878 0.0219771
vt 0.730211 0.165346
vt 0.0962591 0.715307
vt 0.0993646 0.713179
vt 0.174784 0.0134906
vt 0.181701 0.0127119
vt 0.0966996 0.712443
vt 0.0959882 0.702501
vt 0.0959468 0.703845
vt 0.094465 0.702972
vt 0.0947795 0.705306
vt 0.0977117 0.717862
vt 0.187605 0.0123746
vt 0.173445 0.0152617
vt 0.333759 0.325624
vt 0.723902 0.163351
vt 0.727001 0.163595
vt 0.726925 0.164678
vt 0.0896552 0.698383
vt 0.0902208 0.697693
vt 0.0916826 0.699461
vt 0.176166 0.0162842
vt 0.0900957 0.7009
vt 0.090145 0.699444
vt 0.0303872 0.479184
vt 0.0284729 0.479746
vt 0.616888 0.27227
vt 0.722242 0.163148
vt 0.722871 0.166634
vt 0.722281 0.164384
vt 0.190499 0.0123181
vt 0.0969835 0.705726
vt 0.099485 0.707176
vt 0.096572 0.707355
vt 0.0322112 0.480698
vt 0.094825 0.716955
vt 0.0947959 0.71477
vt 0.0931947 0.71845
vt 0.0962007 0.718758
vt 0.0936362 0.706904
vt 0.0949464 0.706312
vt 0.0315928 0.483027
vt 0.0916455 0.693297
vt 0.615577 0.278808
vt 0.615734 0.276265
vt 0.0332653 0.480607
vt 0.0334607 0.478246
vt 0.09379 0.711386
vt 0.0942241 0.708833
vt 0.0960126 0.709216
vt 0.0377231 0.477175
vt 0.0362424 0.477795
vt 0.0320215 0.477777
vt 0.724904 0.166312
vt 0.0241742 0.477679
vt 0.0943235 0.720181
vt 0.095953 0.719759
vt 0.0940693 0.721442
vt 0.0910135 0.716829
vt 0.722244 0.167537
vt 0.0929829 0.709987
vt 0.09081 0.719075
vt 0.0985194 0.705974
vt 0.719138 0.194129
vt 0.194316 0.0153542
vt 0.728681 0.164505
vt 0.0368894 0.479975
vt 0.0357078 0.479463
vt 0.0264479 0.480252
vt 0.023831 0.481329
vt 0.0343557 0.48192
vt 0.171363 0.0179379
vt 0.172142 0.0148392
vt 0.0152547 0.477512
vt 0.0166599 0.479948
vt 0.0147331 0.480474
vt 0.09963 0.719903
vt 0.198072 0.0169048
vt 0.0225125 0.480078
vt 0.00966785 0.480119
vt 0.00916805 0.477163
vt 0.0118872 0.479276
vt 0.729808 0.190686
vt 0.728843 0.193467
vt 0.726567 0.19191
vt 0.0966739 0.721083
vt 0.194481 0.0137721
vt 0.0161224 0.480983
vt 0.0174821 0.480523
vt 0.0172314 0.483466
vt 0.191374 0.02129
vt 0.194738 0.0226641
vt 0.0918783 0.707462
vt 0.0117963 0.480137
vt 0.176933 0.0210252
vt 0.0960312 0.711756
vt 0.729359 0.162498
vt 0.724037 0.166765
vt 0.177103 0.021925
vt 0.0352864 0.484233
vt 0.0337071 0.485973
vt 0.724627 0.191466
vt 0.0882852 0.715522
vt 0.0893074 0.713845
vt 0.0909204 0.715246
vt 0.0313156 0.484585
vt 0.0897114 0.70199
vt 0.0888065 0.70405
vt 0.092215 0.709935
vt 0.0909308 0.709148
vt 0.00980649 0.482833
vt 0.183203 0.0229888
vt 0.182181 0.0214769
vt 0.185116 0.0254107
vt 0.018863 0.483559
vt 0.0185984 0.4844
vt 0.186127 0.0255952
vt 0.18927 0.0255896
vt 0.0109939 0.483772
vt 0.0939597 0.722484
vt 0.01753 0.486697
vt 0.0330824 0.490787
vt 0.0297904 0.487204
vt 0.963215 0.0385741
vt 0.962361 0.0351598
vt 0.964049 0.0369613
vt 0.0167079 0.478334
vt 0.0256342 0.481551
vt 0.0295445 0.481908
vt 0.817377 0.225566
vt 0.814941 0.226074
vt 0.726944 0.190729
vt 0.0140079 0.478179
vt 0.195875 0.0198545
vt 0.0903146 0.703795
vt 0.0136947 0.480106
vt 0.0358457 0.481657
vt 0.0390124 0.481977
vt 0.0896779 0.708969
vt 0.0894687 0.706782
vt 0.026891 0.486408
vt 0.0271434 0.484666
vt 0.0300265 0.484493
vt 0.0265759 0.483222
vt 0.181562 0.0151348
vt 0.19709 0.0208707
vt 0.0909295 0.721542
vt 0.0883625 0.720581
vt 0.171863 0.0216127
vt 0.0283863 0.481727
vt 0.0890229 0.718315
vt 0.0246721 0.483163
vt 0.963743 0.0350808
vt 0.0891368 0.717299
vt 0.61377 0.269367
vt 0.615002 0.266183
vt 0.0927886 0.689735
vt 0.0228539 0.482692
vt 0.0901573 0.705042
vt 0.0922445 0.704681
vt 0.527832 0.014131
vt 0.52878 0.0126704
vt 0.530166 0.0127333
vt 0.089386 0.710688
vt 0.036789 0.486036
vt 0.727569 0.194815
vt 0.0193712 0.479175
vt 0.0239724 0.485771
vt 0.179457 0.0237615
vt 0.0935404 0.712937
vt 0.0134785 0.477419
vt 0.0361444 0.485219
vt 0.0355634 0.486001
vt 0.0921985 0.712376
vt 0.0921043 0.713341
vt 0.0903812 0.712375
vt 0.0885633 0.709017
vt 0.0144867 0.48268
vt 0.0887623 0.710313
vt 0.0167949 0.484927
vt 0.0160242 0.483065
vt 0.0391839 0.47773
vt 0.0125 0.485692
vt 0.0125907 0.482443
vt 0.0286907 0.487055
vt 0.961426 0.0376766
vt 0.0143775 0.485057
vt 0.086997 0.720938
vt 0.0328197 0.485621
vt 0.0208259 0.481159
vt 0.0138648 0.481273
vt 0.0211792 0.485851
vt 0.0212169 0.487531
vt 0.091752 0.702428
vt 0.0917995 0.720993
vt 0.528681 0.0151366
vt 0.72909 0.194989
vt 0.0879658 0.711407
vt 0.0204373 0.484528
vt 0.0496065 0.269208
vt 0.0501342 0.265831
vt 0.0507572 0.269741
vt 0.019303 0.480891
vt 0.0894159 0.712672
vt 0.0188279 0.486815
vt 0.0871408 0.687721
vt 0.00925817 0.485863
vt 0.0908702 0.702938
vt 0.0945312 0.713562
vt 0.0349944 0.491108
vt 0.0380715 0.485605
vt 0.726305 0.196919
vt 0.0246808 0.487124
vt 0.0206213 0.488978
vt 0.0158884 0.486844
vt 0.0128737 0.488251
vt 0.0222152 0.488382
vt 0.727999 0.196338
vt 0.0143193 0.486738
vt 0.0152635 0.48793
vt 0.0147174 0.488941
vt 0.0082304 0.484993
vt 0.0116334 0.488888
vt 0.0872684 0.724984
vt 0.086979 0.722636
vt 0.0882324 0.723752
vt 0.0381795 0.487127
vt 0.697569 0.783059
vt 0.732283 0.195946
vt 0.00833564 0.488411
vt 0.176697 0.0251095
vt 0.178874 0.0256677
vt 0.619481 0.269462
vt 0.619905 0.272821
vt 0.0461153 0.272684
vt 0.0443021 0.274902
vt 0.0420146 0.270498
vt 0.191416 0.0249456
vt 0.733072 0.163559
vt 0.193685 0.025228
vt 0.195978 0.0257154
vt 0.0483439 0.268478
vt 0.0380765 0.491668
vt 0.696687 0.785367
vt 0.19663 0.0233558
vt 0.7355 0.167781
vt 0.161716 0.518775
vt 0.161102 0.518212
vt 0.16336 0.517449
vt 0.144343 0.515872
vt 0.145701 0.517868
vt 0.143728 0.517248
vt 0.79339 0.0585068
vt 0.792738 0.056919
vt 0.794171 0.0578707
vt 0.108288 0.0402495
vt 0.111034 0.0412868
vt 0.107789 0.0410912
vt 0.266981 0.0245004
vt 0.267141 0.0257313
vt 0.265567 0.0242331
vt 0.0321124 0.873689
vt 0.0334391 0.874171
vt 0.0316957 0.875082
vt 0.157453 0.518201
vt 0.156361 0.518802
vt 0.155179 0.518977
vt 0.16459 0.515857
vt 0.163939 0.515032
vt 0.164948 0.514429
vt 0.107556 0.0348061
vt 0.109253 0.0325124
vt 0.110288 0.0351517
vt 0.449497 0.915443
vt 0.44988 0.919221
vt 0.448824 0.916703
vt 0.0961183 0.0552287
vt 0.09314 0.0571523
vt 0.0932656 0.0561095
vt 0.0278195 0.8843
vt 0.0278622 0.880948
vt 0.0290812 0.882932
vt 0.10141 0.0506272
vt 0.0986434 0.0505402
vt 0.1004 0.0480298
vt 0.0325511 0.890405
vt 0.0330765 0.891845
vt 0.0316887 0.89235
vt 0.451946 0.920759
vt 0.450375 0.919417
vt 0.452029 0.917898
vt 0.109852 0.0315055
vt 0.111059 0.0283585
vt 0.112224 0.0329559
vt 0.0972027 0.0584744
vt 0.0955096 0.0616877
vt 0.0962736 0.0582776
vt 0.455451 0.89402
vt 0.455037 0.893415
vt 0.456687 0.891929
vt 0.0941674 0.0591251
vt 0.0947402 0.05798
vt 0.106875 0.0203353
vt 0.108241 0.0214874
vt 0.108555 0.0234951
vt 0.0917542 0.0594691
vt 0.108547 0.0432898
vt 0.959575 0.307001
vt 0.959404 0.304954
vt 0.962059 0.306242
vt 0.960719 0.307334
vt 0.959063 0.307893
vt 0.0297871 0.886954
vt 0.0281312 0.88855
vt 0.0284958 0.886698
vt 0.107017 0.0439899
vt 0.107308 0.0412921
vt 0.0336473 0.871592
vt 0.0304832 0.8712
vt 0.0332312 0.884602
vt 0.0343263 0.88489
vt 0.0326616 0.886875
vt 0.107428 0.0284421
vt 0.109265 0.0268494
vt 0.110212 0.0267598
vt 0.110093 0.0282631
vt 0.807953 0.0643985
vt 0.806984 0.0651932
vt 0.805397 0.0640489
vt 0.104038 0.047026
vt 0.1464 0.514765
vt 0.149172 0.514117
vt 0.148168 0.515844
vt 0.050625 0.224252
vt 0.0490844 0.224822
vt 0.0483039 0.223092
vt 0.147019 0.516681
vt 0.14614 0.515483
vt 0.106183 0.0290873
vt 0.10642 0.028311
vt 0.10459 0.0427807
vt 0.106021 0.0440714
vt 0.104882 0.0464481
vt 0.454623 0.900545
vt 0.452939 0.902633
vt 0.452205 0.900744
vt 0.16528 0.520996
vt 0.163836 0.519286
vt 0.166595 0.519426
vt 0.0318963 0.898911
vt 0.0304676 0.895842
vt 0.0322208 0.895759
vt 0.454188 0.8997
vt 0.099032 0.0532017
vt 0.0976539 0.0520861
vt 0.100135 0.0523565
vt 0.0297805 0.89838
vt 0.108504 0.0206367
vt 0.148086 0.517711
vt 0.149487 0.515533
vt 0.162891 0.518786
vt 0.162674 0.520472
vt 0.160625 0.52012
vt 0.0505093 0.225797
vt 0.049469 0.227746
vt 0.0487381 0.22641
vt 0.0315101 0.881096
vt 0.0304484 0.884247
vt 0.452799 0.897731
vt 0.106654 0.0184218
vt 0.108077 0.0188327
vt 0.810438 0.0639833
vt 0.15125 0.516674
vt 0.150953 0.515684
vt 0.096676 0.0528504
vt 0.109926 0.0239758
vt 0.111743 0.0226304
vt 0.111887 0.0258092
vt 0.454262 0.902865
vt 0.454807 0.903754
vt 0.0949441 0.056159
vt 0.0966626 0.0558238
vt 0.0303582 0.891122
vt 0.161055 0.517001
vt 0.16259 0.516095
vt 0.262106 0.0223185
vt 0.258402 0.0222763
vt 0.260589 0.0215223
vt 0.142625 0.51952
vt 0.141363 0.519682
vt 0.142104 0.518513
vt 0.454507 0.905997
vt 0.45307 0.906717
vt 0.0290702 0.884986
vt 0.0343809 0.874456
vt 0.0320749 0.877483
vt 0.805083 0.0659178
vt 0.808107 0.0657654
vt 0.113028 0.0286316
vt 0.158666 0.516449
vt 0.145033 0.514698
vt 0.958995 0.314459
vt 0.959508 0.313767
vt 0.959787 0.317456
vt 0.453694 0.891875
vt 0.454682 0.895579
vt 0.451692 0.892352
vt 0.0324932 0.893135
vt 0.0309616 0.885978
vt 0.960052 0.300463
vt 0.961462 0.297946
vt 0.961344 0.30007
vt 0.265291 0.0230221
vt 0.269379 0.0232462
vt 0.269226 0.0240988
vt 0.963475 0.322929
vt 0.962863 0.318584
vt 0.964114 0.319693
vt 0.0309949 0.890317
vt 0.258852 0.0209591
vt 0.960307 0.310913
vt 0.961846 0.313428
vt 0.0296836 0.88817
vt 0.0916881 0.0630085
vt 0.0930486 0.0616943
vt 0.0929802 0.0633048
vt 0.10609 0.0160731
vt 0.105527 0.0181245
vt 0.109618 0.0230062
vt 0.109142 0.0253452
vt 0.158522 0.520238
vt 0.264145 0.021471
vt 0.455361 0.896598
vt 0.109489 0.0208018
vt 0.961268 0.313821
vt 0.962131 0.319342
vt 0.962258 0.323815
vt 0.0315223 0.883676
vt 0.45539 0.900096
vt 0.0971264 0.050224
vt 0.141785 0.515967
vt 0.143292 0.514736
vt 0.964811 0.322728
vt 0.965142 0.321606
vt 0.103998 0.0487402
vt 0.0321518 0.884404
vt 0.0334621 0.887905
vt 0.960636 0.318037
vt 0.795061 0.0617489
vt 0.791602 0.0574356
vt 0.455434 0.917915
vt 0.453423 0.91571
vt 0.454109 0.912347
vt 0.960446 0.32251
vt 0.961071 0.320922
vt 0.0964042 0.0497544
vt 0.0946995 0.0536857
vt 0.0945019 0.0524263
vt 0.0991267 0.0558993
vt 0.453144 0.91234
vt 0.453208 0.909796
vt 0.453629 0.90914
vt 0.14063 0.518321
vt 0.450705 0.909756
vt 0.103805 0.0425452
vt 0.101753 0.0448663
vt 0.102323 0.0422296
vt 0.0285385 0.891588
vt 0.454818 0.892287
vt 0.0945575 0.0603799
vt 0.107399 0.0384155
vt 0.110974 0.037952
vt 0.79778 0.0632408
vt 0.106082 0.0229151
vt 0.105341 0.0199012
vt 0.112066 0.0394955
vt 0.110944 0.0226237
vt 0.802186 0.065579
vt 0.447446 0.915853
vt 0.447737 0.918169
vt 0.446783 0.917119
vt 0.958743 0.311591
vt 0.107646 0.0392942
vt 0.106 0.0453862
vt 0.0927728 0.0541794
vt 0.162523 0.514917
vt 0.033799 0.877608
vt 0.0336306 0.880906
vt 0.0316558 0.879445
vt 0.0302975 0.876125
vt 0.0291979 0.87134
vt 0.0299478 0.872665
vt 0.0291126 0.874086
vt 0.957913 0.305184
vt 0.958502 0.306156
vt 0.109653 0.0181364
vt 0.109896 0.0166895
vt 0.110519 0.0180581
vt 0.453197 0.904095
vt 0.112432 0.0430184
vt 0.790979 0.0540333
vt 0.792435 0.0552187
vt 0.96595 0.320629
vt 0.966506 0.321726
vt 0.958232 0.303408
vt 0.032352 0.88324
vt 0.0331981 0.88295
vt 0.2555 0.0229149
vt 0.256362 0.0209687
vt 0.0481459 0.226079
vt 0.0473633 0.224715
vt 0.033734 0.872481
vt 0.15505 0.516237
vt 0.155839 0.515364
vt 0.267293 0.0268553
vt 0.266528 0.026668
vt 0.448472 0.913201
vt 0.449186 0.913171
vt 0.0348615 0.872303
vt 0.811496 0.0651859
vt 0.264529 0.0249048
vt 0.110504 0.0213633
vt 0.0950649 0.060479
vt 0.0910805 0.0609037
vt 0.0901059 0.0584384
vt 0.966398 0.323164
vt 0.166772 0.51893
vt 0.166523 0.517491
vt 0.091225 0.0596967
vt 0.108563 0.0166363
vt 0.792422 0.0595531
vt 0.107993 0.0177854
vt 0.802183 0.0636159
vt 0.800083 0.0649772
vt 0.0915937 0.0555815
vt 0.13916 0.515834
vt 0.139913 0.514437
vt 0.0331033 0.894158
vt 0.445932 0.914583
vt 0.446286 0.916639
vt 0.446875 0.914732
vt 0.798111 0.0639767
vt 0.264071 0.0244242
vt 0.456055 0.897891
vt 0.145448 0.519487
vt 0.152602 0.519652
vt 0.155625 0.520027
vt 0.101865 0.0516555
vt 0.100617 0.0538225
vt 0.798591 0.062279
vt 0.157041 0.515249
vt 0.965157 0.317632
vt 0.966508 0.318205
vt 0.966475 0.319419
vt 0.95752 0.312323
vt 0.0269819 0.879477
vt 0.0288903 0.877709
vt 0.958105 0.300097
vt 0.454551 0.907117
vt 0.0900628 0.060605
vt 0.0290089 0.898218
vt 0.0276286 0.899242
vt 0.0275406 0.897287
vt 0.112648 0.0212594
vt 0.0277229 0.88536
vt 0.818083 0.0621071
vt 0.81526 0.0640987
vt 0.81405 0.0631115
vt 0.153761 0.515089
vt 0.154897 0.513847
vt 0.458788 0.892918
vt 0.0281699 0.895
vt 0.262952 0.0244288
vt 0.447299 0.914026
vt 0.16669 0.515849
vt 0.0306158 0.87162
vt 0.0514065 0.228027
vt 0.0510659 0.225978
vt 0.0268825 0.8781
vt 0.0530806 0.224164
vt 0.0525567 0.224696
vt 0.448393 0.912265
vt 0.445275 0.912579
vt 0.153279 0.515698
vt 0.448437 0.919701
vt 0.796183 0.060158
vt 0.111459 0.0354657
vt 0.112553 0.0371207
vt 0.108937 0.0160549
vt 0.0284843 0.875949
vt 0.457916 0.891601
vt 0.0895116 0.0601071
vt 0.0985259 0.047381
vt 0.104864 0.0159997
vt 0.029989 0.878665
vt 0.026803 0.889138
vt 0.445379 0.921062
vt 0.446202 0.919082
vt 0.446798 0.920136
vt 0.958479 0.309231
vt 0.96099 0.324161
vt 0.961201 0.321874
vt 0.0511543 0.224955
vt 0.168408 0.51671
vt 0.0335745 0.890473
vt 0.45034 0.91269
vt 0.149212 0.519754
vt 0.160237 0.515282
vt 0.161516 0.514321
vt 0.451761 0.904272
vt 0.0325142 0.894834
vt 0.961771 0.308721
vt 0.960942 0.319222
vt 0.963328 0.309951
vt 0.0942352 0.0637395
vt 0.160572 0.51586
vt 0.100564 0.0451933
vt 0.153121 0.514905
vt 0.0333814 0.8881
vt 0.108211 0.0316328
vt 0.0336772 0.896335
vt 0.791287 0.0530019
vt 0.449699 0.913212
vt 0.961159 0.317005
vt 0.112853 0.0198868
vt 0.0271697 0.894786
vt 0.107339 0.0324256
vt 0.106973 0.0310102
vt 0.963007 0.312169
vt 0.963893 0.315846
vt 0.865768 0.0280016
vt 0.867502 0.0292515
vt 0.865003 0.029306
vt 0.112797 0.0348141
vt 0.111802 0.0180171
vt 0.860872 0.0290488
vt 0.857925 0.029044
vt 0.85924 0.0281171
vt 0.112851 0.0156494
vt 0.450886 0.894879
vt 0.966105 0.316633
vt 0.964646 0.314459
vt 0.967556 0.314912
vt 0.628649 0.0102966
vt 0.628308 0.0113735
vt 0.626379 0.010554
vt 0.354671 0.128651
vt 0.355798 0.126801
vt 0.356554 0.127696
vt 0.0282847 0.874449
vt 0.17543 0.315794
vt 0.174765 0.314692
vt 0.175639 0.313971
vt 0.107186 0.0361933
vt 0.964599 0.312139
vt 0.965801 0.310614
vt 0.357808 0.126894
vt 0.176159 0.315918
vt 0.176655 0.313939
vt 0.177466 0.313824
vt 0.344692 0.128393
vt 0.345244 0.128941
vt 0.344234 0.129226
vt 0.250618 0.014509
vt 0.251455 0.0155022
vt 0.250275 0.0162782
vt 0.968504 0.109338
vt 0.969318 0.10714
vt 0.971035 0.109652
vt 0.028209 0.871561
vt 0.0268702 0.868589
vt 0.0282059 0.868645
vt 0.626894 0.0116429
vt 0.108254 0.0154262
vt 0.108993 0.0146462
vt 0.964583 0.305775
vt 0.96582 0.308572
vt 0.964581 0.308996
vt 0.448647 0.908733
vt 0.446441 0.906017
vt 0.449551 0.905227
vt 0.353122 0.124584
vt 0.353807 0.125798
vt 0.353457 0.126409
vt 0.248063 0.0157321
vt 0.250359 0.0212477
vt 0.245465 0.0201197
vt 0.247439 0.0193117
vt 0.241199 0.0237253
vt 0.238714 0.0224122
vt 0.241763 0.0206095
vt 0.35698 0.125615
vt 0.359196 0.123713
vt 0.151441 0.00294781
vt 0.151483 0.00188059
vt 0.152865 0.00290906
vt 0.3548 0.124637
vt 0.231948 0.0217812
vt 0.232465 0.0228819
vt 0.230471 0.0219861
vt 0.344809 0.125195
vt 0.34712 0.124399
vt 0.345828 0.126209
vt 0.239759 0.0160522
vt 0.239319 0.0184239
vt 0.235781 0.0171191
vt 0.344389 0.126989
vt 0.11413 0.0405154
vt 0.113863 0.0425363
vt 0.107628 0.0143101
vt 0.108281 0.0137295
vt 0.107788 0.0130358
vt 0.789551 0.0498179
vt 0.0266205 0.870906
vt 0.0247097 0.894708
vt 0.0218642 0.895929
vt 0.0230312 0.894386
vt 0.233501 0.0229139
vt 0.233055 0.0235123
vt 0.360326 0.120676
vt 0.362112 0.120274
vt 0.359863 0.121204
vt 0.35036 0.129411
vt 0.349112 0.128002
vt 0.350735 0.128261
vt 0.352342 0.124042
vt 0.3491 0.124146
vt 0.35019 0.123427
vt 0.107332 0.0157351
vt 0.146973 0.00341785
vt 0.14895 0.00224334
vt 0.149502 0.00281322
vt 0.111002 0.0143015
vt 0.110286 0.0120605
vt 0.112278 0.0133992
vt 0.447444 0.894944
vt 0.445121 0.896957
vt 0.445873 0.894791
vt 0.964053 0.302112
vt 0.96338 0.304102
vt 0.962902 0.301847
vt 0.459448 0.889718
vt 0.459602 0.891323
vt 0.359049 0.119269
vt 0.176877 0.312555
vt 0.359875 0.127215
vt 0.357052 0.129082
vt 0.360285 0.128358
vt 0.35929 0.129255
vt 0.109809 0.015052
vt 0.109451 0.0112883
vt 0.350891 0.125487
vt 0.104523 0.0140902
vt 0.344118 0.124296
vt 0.343226 0.125113
vt 0.342626 0.123912
vt 0.44678 0.909811
vt 0.36251 0.122685
vt 0.362737 0.124546
vt 0.361407 0.124477
vt 0.17483 0.305093
vt 0.17507 0.307719
vt 0.174298 0.305525
vt 0.355774 0.128792
vt 0.96775 0.317323
vt 0.353213 0.123144
vt 0.355073 0.12233
vt 0.354601 0.123585
vt 0.360555 0.122294
vt 0.340189 0.124942
vt 0.341548 0.123147
vt 0.248313 0.0189461
vt 0.246058 0.0189822
vt 0.248303 0.0181594
vt 0.446549 0.889643
vt 0.450859 0.890099
vt 0.449172 0.890976
vt 0.235298 0.0202193
vt 0.235403 0.0210007
vt 0.234035 0.0208083
vt 0.446558 0.892401
vt 0.964009 0.299455
vt 0.964492 0.300937
vt 0.963063 0.300682
vt 0.0352529 0.870558
vt 0.964737 0.315464
vt 0.356421 0.124187
vt 0.356426 0.123281
vt 0.17085 0.306131
vt 0.172006 0.308735
vt 0.149516 0.00197488
vt 0.148441 0.00143921
vt 0.0259905 0.893015
vt 0.025776 0.895453
vt 0.45587 0.890491
vt 0.0338941 0.869297
vt 0.623535 0.0121567
vt 0.623535 0.0121567
vt 0.623535 0.0121566
vt 0.36123 0.126102
vt 0.459298 0.892148
vt 0.109234 0.0127044
vt 0.964933 0.302978
vt 0.965509 0.303753
vt 0.022588 0.893285
vt 0.0271957 0.876543
vt 0.964733 0.30988
vt 0.351655 0.127764
vt 0.353668 0.128366
vt 0.0994942 0.0440068
vt 0.0979263 0.044777
vt 0.0962439 0.0449976
vt 0.23353 0.0180893
vt 0.234194 0.0156201
vt 0.357941 0.122956
vt 0.963631 0.306098
vt 0.140093 0.513005
vt 0.143046 0.512461
vt 0.106837 0.012753
vt 0.104481 0.0117331
vt 0.363833 0.121604
vt 0.339027 0.121261
vt 0.338234 0.122248
vt 0.336522 0.121385
vt 0.238749 0.0192892
vt 0.235947 0.019917
vt 0.0329814 0.869373
vt 0.0302551 0.869947
vt 0.449789 0.897213
vt 0.449759 0.894168
vt 0.449346 0.908405
vt 0.234619 0.0190104
vt 0.114354 0.0118874
vt 0.111355 0.0109863
vt 0.023999 0.896378
vt 0.361173 0.123484
vt 0.150701 0.511227
vt 0.147209 0.512513
vt 0.146782 0.509234
vt 0.456912 0.890039
vt 0.146377 0.510615
vt 0.347741 0.126094
vt 0.34645 0.126408
vt 0.236439 0.0130829
vt 0.238856 0.0134236
vt 0.34664 0.1281
vt 0.345268 0.127958
vt 0.961812 0.304662
vt 0.450226 0.892618
vt 0.450816 0.890251
vt 0.231615 0.0177346
vt 0.233212 0.0160045
vt 0.103881 0.0122339
vt 0.169858 0.311469
vt 0.169264 0.310509
vt 0.171141 0.310345
vt 0.341113 0.127743
vt 0.342426 0.126971
vt 0.963635 0.298484
vt 0.962474 0.297225
vt 0.965416 0.296563
vt 0.348185 0.127659
vt 0.241686 0.0189873
vt 0.240454 0.0173634
vt 0.450591 0.906967
vt 0.450541 0.90358
vt 0.243617 0.0233826
vt 0.245451 0.021706
vt 0.247847 0.0228918
vt 0.449872 0.898693
vt 0.248582 0.0198238
vt 0.339648 0.120057
vt 0.341399 0.121779
vt 0.966524 0.108194
vt 0.637672 0.0114676
vt 0.635544 0.011649
vt 0.633443 0.0101949
vt 0.0267354 0.897689
vt 0.0258901 0.8974
vt 0.965332 0.106192
vt 0.15195 0.000612199
vt 0.351643 0.122838
vt 0.352125 0.119802
vt 0.35235 0.121822
vt 0.354461 0.121926
vt 0.0945599 0.0455857
vt 0.0964812 0.0426211
vt 0.245403 0.0162494
vt 0.247258 0.0145732
vt 0.451139 0.900613
vt 0.45084 0.898457
vt 0.631025 0.0102978
vt 0.634534 0.0124337
vt 0.969464 0.11084
vt 0.971878 0.110172
vt 0.972244 0.106838
vt 0.973103 0.107519
vt 0.97268 0.108472
vt 0.244358 0.0152513
vt 0.363337 0.120745
vt 0.362903 0.119791
vt 0.363833 0.119275
vt 0.359634 0.122573
vt 0.340321 0.12585
vt 0.962007 0.299554
vt 0.360135 0.124682
vt 0.448449 0.901949
vt 0.447141 0.901743
vt 0.446426 0.90305
vt 0.445953 0.910393
vt 0.444319 0.910119
vt 0.345861 0.12426
vt 0.34657 0.123157
vt 0.114772 0.0377896
vt 0.965033 0.300769
vt 0.967109 0.312972
vt 0.244138 0.0193172
vt 0.244627 0.01689
vt 0.246047 0.018617
vt 0.445233 0.897428
vt 0.356995 0.120787
vt 0.449888 0.901506
vt 0.351469 0.129703
vt 0.352884 0.13016
vt 0.965813 0.317403
vt 0.142333 0.511609
vt 0.143908 0.509966
vt 0.116225 0.0426071
vt 0.347369 0.123012
vt 0.355431 0.121403
vt 0.1736 0.304476
vt 0.16854 0.304621
vt 0.0989787 0.0405245
vt 0.100996 0.0422443
vt 0.0992825 0.0417653
vt 0.348262 0.123612
vt 0.101963 0.0397864
vt 0.100784 0.0381982
vt 0.360977 0.119022
vt 0.0226829 0.900317
vt 0.0220442 0.899195
vt 0.0230158 0.899403
vt 0.358544 0.119128
vt 0.349047 0.126547
vt 0.444981 0.89872
vt 0.348106 0.129164
vt 0.172187 0.311595
vt 0.167774 0.312545
vt 0.17547 0.306219
vt 0.233843 0.0142955
vt 0.344347 0.123388
vt 0.34249 0.121036
vt 0.34298 0.119
vt 0.141632 0.509527
vt 0.142499 0.508253
vt 0.631672 0.0120882
vt 0.973387 0.106339
vt 0.146627 0.513937
vt 0.449206 0.892365
vt 0.965914 0.298663
vt 0.965229 0.29925
vt 0.967635 0.300385
vt 0.967166 0.302461
vt 0.348033 0.125154
vt 0.360451 0.129455
vt 0.0967522 0.0469047
vt 0.174247 0.309884
vt 0.629417 0.0120133
vt 0.630089 0.0112515
vt 0.968329 0.10575
vt 0.970212 0.105216
vt 0.1181 0.0431613
vt 0.116264 0.0397601
vt 0.444847 0.893518
vt 0.245804 0.0171248
vt 0.098365 0.0435945
vt 0.176093 0.309722
vt 0.172944 0.310355
vt 0.174752 0.31128
vt 0.250963 0.0115311
vt 0.968498 0.110274
vt 0.249185 0.0131719
vt 0.971826 0.105186
vt 0.341446 0.11976
vt 0.253888 0.0159201
vt 0.25236 0.0166157
vt 0.231559 0.0154274
vt 0.176335 0.307345
vt 0.236553 0.0241629
vt 0.238823 0.0239179
vt 0.356564 0.129339
vt 0.0265682 0.899402
vt 0.144255 0.508171
vt 0.3253 0.0135189
vt 0.325638 0.0151366
vt 0.324707 0.014479
vt 0.10775 0.0115981
vt 0.460965 0.889286
vt 0.966697 0.308575
vt 0.96799 0.308002
vt 0.234547 0.0228754
vt 0.233709 0.0243698
vt 0.233709 0.0243698
vt 0.233709 0.0243698
vt 0.0997017 0.0376394
vt 0.966287 0.296272
vt 0.968987 0.310495
vt 0.345943 0.122091
vt 0.022796 0.896699
vt 0.339196 0.127271
vt 0.348571 0.122202
vt 0.347678 0.12178
vt 0.242644 0.0168462
vt 0.241726 0.014209
vt 0.249886 0.0228558
vt 0.251272 0.0218056
vt 0.250622 0.0232782
vt 0.140438 0.508777
vt 0.253897 0.0213498
vt 0.244485 0.0128803
vt 0.250833 0.0239411
vt 0.250771 0.0177347
vt 0.145214 0.512237
vt 0.251896 0.0188893
vt 0.966673 0.305132
vt 0.345601 0.119706
vt 0.139629 0.508256
vt 0.0980181 0.0378692
vt 0.354148 0.1194
vt 0.35015 0.122231
vt 0.341165 0.128784
vt 0.166504 0.312064
vt 0.967661 0.296524
vt 0.245853 0.0129472
vt 0.116689 0.0374947
vt 0.639887 0.0128443
vt 0.638612 0.0131835
vt 0.167003 0.310074
vt 0.241712 0.0162503
vt 0.172155 0.310575
vt 0.117341 0.0433763
vt 0.253303 0.0232373
vt 0.445039 0.891612
vt 0.966993 0.303376
vt 0.33989 0.128589
vt 0.145268 0.510804
vt 0.455169 0.890133
vt 0.456115 0.889223
vt 0.23296 0.0195441
vt 0.119251 0.0395828
vt 0.117975 0.0395226
vt 0.117864 0.0378864
vt 0.230198 0.0200186
vt 0.348212 0.120066
vt 0.34696 0.119944
vt 0.973823 0.109164
vt 0.356243 0.130371
vt 0.356242 0.130371
vt 0.356242 0.130371
vt 0.349709 0.120043
vt 0.444994 0.902206
vt 0.176531 0.31162
vt 0.177916 0.311094
vt 0.0980062 0.0401692
vt 0.157647 0.510348
vt 0.157392 0.513938
vt 0.097387 0.0396386
vt 0.0941513 0.0412664
vt 0.0940044 0.0399796
vt 0.0929744 0.044513
vt 0.0207586 0.89634
vt 0.0213031 0.893092
vt 0.175918 0.305433
vt 0.240733 0.0151428
vt 0.0966254 0.0405781
vt 0.0279553 0.866161
vt 0.0260494 0.866777
vt 0.0265483 0.864732
vt 0.231345 0.0136015
vt 0.326627 0.0137815
vt 0.234546 0.0131311
vt 0.861339 0.0247503
vt 0.864932 0.0250278
vt 0.864019 0.0255735
vt 0.0962151 0.0483899
vt 0.0948578 0.048181
vt 0.854105 0.0299842
vt 0.852054 0.0298861
vt 0.852428 0.0291591
vt 0.461446 0.891282
vt 0.0951713 0.050706
vt 0.0936608 0.0503739
vt 0.0948378 0.0494527
vt 0.233772 0.013499
vt 0.175491 0.313211
vt 0.861694 0.0266601
vt 0.864554 0.0265047
vt 0.864974 0.0280797
vt 0.854413 0.0293368
vt 0.855736 0.0300353
vt 0.160859 0.512954
vt 0.159056 0.514232
vt 0.159599 0.511865
vt 0.870984 0.0262447
vt 0.872193 0.0258938
vt 0.872033 0.0268447
vt 0.878066 0.028923
vt 0.87747 0.0270157
vt 0.879154 0.0280368
vt 0.857211 0.0296764
vt 0.0873483 0.0541146
vt 0.0887862 0.052368
vt 0.0892595 0.0538735
vt 0.093521 0.0517575
vt 0.0916396 0.0514798
vt 0.0914346 0.0499853
vt 0.140913 0.510643
vt 0.968842 0.321386
vt 0.162645 0.513616
vt 0.164799 0.513142
vt 0.0209733 0.897945
vt 0.0218744 0.897639
vt 0.0925444 0.0528001
vt 0.0911707 0.05266
vt 0.443675 0.918051
vt 0.444786 0.920174
vt 0.442344 0.917839
vt 0.0925558 0.0466449
vt 0.0918821 0.0478194
vt 0.0897282 0.0459056
vt 0.0883336 0.0493012
vt 0.0893888 0.0480376
vt 0.14995 0.512281
vt 0.0258974 0.882979
vt 0.0262268 0.88614
vt 0.0240043 0.885645
vt 0.0256163 0.888646
vt 0.168823 0.511588
vt 0.166472 0.514018
vt 0.166354 0.510458
vt 0.151668 0.512579
vt 0.0552452 0.221712
vt 0.0535251 0.222752
vt 0.0532548 0.222052
vt 0.112605 0.0268852
vt 0.11468 0.0266647
vt 0.0534501 0.220613
vt 0.163162 0.50965
vt 0.161533 0.509539
vt 0.162991 0.508834
vt 0.116381 0.0274504
vt 0.136149 0.00288647
vt 0.135254 0.00266027
vt 0.136858 0.00189447
vt 0.968129 0.323122
vt 0.0892 0.0505031
vt 0.0856065 0.0543762
vt 0.0850803 0.0529493
vt 0.0868809 0.0538721
vt 0.0525005 0.223408
vt 0.116961 0.0309865
vt 0.117604 0.0260179
vt 0.136236 0.000495255
vt 0.0512195 0.222528
vt 0.0521729 0.221955
vt 0.160056 0.510034
vt 0.158747 0.508851
vt 0.160804 0.508195
vt 0.141167 0.501889
vt 0.145144 0.501758
vt 0.143284 0.502299
vt 0.0226022 0.881055
vt 0.0201281 0.879883
vt 0.0231368 0.879572
vt 0.113318 0.0239055
vt 0.11429 0.0214908
vt 0.115533 0.022312
vt 0.169885 0.508934
vt 0.173372 0.510492
vt 0.170682 0.510149
vt 0.0580287 0.221823
vt 0.0569107 0.223503
vt 0.0830601 0.0574675
vt 0.0834726 0.0589072
vt 0.0825723 0.0584757
vt 0.0823344 0.0601838
vt 0.0814826 0.0593715
vt 0.156692 0.50993
vt 0.85263 0.0262197
vt 0.85433 0.0268028
vt 0.852576 0.0268334
vt 0.113746 0.0315533
vt 0.113215 0.0325884
vt 0.113123 0.022716
vt 0.859957 0.0308399
vt 0.859761 0.0297991
vt 0.0209404 0.878304
vt 0.0209468 0.891548
vt 0.0209405 0.889033
vt 0.443049 0.914765
vt 0.443521 0.91599
vt 0.443138 0.916756
vt 0.971996 0.298227
vt 0.971918 0.297236
vt 0.972687 0.298793
vt 0.172427 0.512371
vt 0.0817524 0.0577626
vt 0.164411 0.510299
vt 0.165853 0.509349
vt 0.44319 0.911629
vt 0.443306 0.909917
vt 0.116124 0.0211497
vt 0.115999 0.0183212
vt 0.116891 0.0214425
vt 0.872966 0.0307954
vt 0.872909 0.0297658
vt 0.874585 0.0301313
vt 0.0945738 0.0467814
vt 0.020045 0.889595
vt 0.968609 0.300565
vt 0.970447 0.300325
vt 0.0251669 0.877454
vt 0.0213113 0.874946
vt 0.146837 0.508032
vt 0.164235 0.507845
vt 0.166241 0.50777
vt 0.0207982 0.887814
vt 0.0215329 0.884801
vt 0.0187647 0.886161
vt 0.0925165 0.0485536
vt 0.0940984 0.0482193
vt 0.443746 0.896994
vt 0.443211 0.896177
vt 0.0820711 0.05685
vt 0.116089 0.0245976
vt 0.971252 0.302496
vt 0.0837161 0.0634277
vt 0.0832374 0.0659178
vt 0.0809495 0.0641155
vt 0.0909896 0.0416439
vt 0.970692 0.321972
vt 0.968988 0.322494
vt 0.0902299 0.0510387
vt 0.023526 0.881906
vt 0.861422 0.0256265
vt 0.855208 0.025844
vt 0.860531 0.0243217
vt 0.0483296 0.222233
vt 0.0503986 0.220511
vt 0.0183607 0.898093
vt 0.97071 0.324233
vt 0.441342 0.910092
vt 0.441659 0.909462
vt 0.441896 0.911238
vt 0.441023 0.914539
vt 0.440191 0.913544
vt 0.0239748 0.874657
vt 0.144277 0.506995
vt 0.143954 0.503668
vt 0.146386 0.506361
vt 0.443821 0.913707
vt 0.973329 0.317605
vt 0.971713 0.318277
vt 0.971785 0.315368
vt 0.164289 0.510951
vt 0.158165 0.508312
vt 0.0818168 0.0612437
vt 0.0881129 0.0524864
vt 0.443559 0.899199
vt 0.141514 0.504283
vt 0.968357 0.304201
vt 0.970339 0.307912
vt 0.148161 0.507333
vt 0.1243 0.042447
vt 0.123139 0.0408103
vt 0.125089 0.0402936
vt 0.116792 0.0193951
vt 0.117954 0.0189206
vt 0.156019 0.506495
vt 0.969195 0.314788
vt 0.969485 0.316254
vt 0.967551 0.31414
vt 0.168767 0.51053
vt 0.0847942 0.0603414
vt 0.0256369 0.87362
vt 0.975079 0.297943
vt 0.440056 0.894484
vt 0.438283 0.892335
vt 0.440729 0.891923
vt 0.117746 0.021074
vt 0.441853 0.916803
vt 0.44147 0.914799
vt 0.0269887 0.872918
vt 0.0864974 0.0508431
vt 0.124932 0.0387359
vt 0.124225 0.0393978
vt 0.122394 0.0386463
vt 0.971368 0.320251
vt 0.968734 0.318713
vt 0.873556 0.0286385
vt 0.439427 0.914463
vt 0.43958 0.915791
vt 0.438354 0.914876
vt 0.857468 0.0268805
vt 0.114795 0.0353135
vt 0.0250637 0.891329
vt 0.0237939 0.889462
vt 0.0217457 0.883002
vt 0.126612 0.0376039
vt 0.441228 0.920142
vt 0.439163 0.918733
vt 0.441008 0.918838
vt 0.170222 0.511006
vt 0.170023 0.511364
vt 0.860732 0.0236176
vt 0.861302 0.0227077
vt 0.864345 0.0230199
vt 0.114274 0.0156396
vt 0.113717 0.0178148
vt 0.97296 0.31297
vt 0.969014 0.298826
vt 0.855925 0.0230839
vt 0.856276 0.0237389
vt 0.8534 0.0232889
vt 0.0256328 0.871994
vt 0.867907 0.0274692
vt 0.868541 0.0259761
vt 0.869814 0.0285498
vt 0.125885 0.0412368
vt 0.44445 0.900689
vt 0.820751 0.0593255
vt 0.821691 0.0611
vt 0.820885 0.0614551
vt 0.125119 0.0401944
vt 0.861474 0.0279243
vt 0.0201631 0.876732
vt 0.971702 0.309402
vt 0.0197587 0.900373
vt 0.972976 0.311148
vt 0.971165 0.311745
vt 0.117174 0.0171729
vt 0.119299 0.0167327
vt 0.118138 0.0327883
vt 0.117539 0.0309364
vt 0.119095 0.0319225
vt 0.117078 0.0333737
vt 0.118392 0.0348297
vt 0.0244444 0.878456
vt 0.0835554 0.0538637
vt 0.0850598 0.0555492
vt 0.151534 0.509265
vt 0.117475 0.0245175
vt 0.116347 0.0148706
vt 0.118549 0.0148547
vt 0.853213 0.0254792
vt 0.853227 0.0238443
vt 0.443548 0.89384
vt 0.142817 0.506505
vt 0.141185 0.505145
vt 0.119316 0.0182719
vt 0.868423 0.0289084
vt 0.439234 0.912419
vt 0.973745 0.313841
vt 0.168217 0.508218
vt 0.972056 0.299883
vt 0.139356 0.00229192
vt 0.141184 0.00341785
vt 0.444147 0.90495
vt 0.444331 0.907419
vt 0.866892 0.0262184
vt 0.869569 0.0254542
vt 0.868245 0.0258759
vt 0.868992 0.0249386
vt 0.969845 0.295965
vt 0.0258578 0.891549
vt 0.168125 0.509644
vt 0.118539 0.0412508
vt 0.118709 0.0429142
vt 0.124952 0.0352803
vt 0.84387 0.0249613
vt 0.844053 0.0236022
vt 0.845246 0.0249739
vt 0.814759 0.200921
vt 0.813257 0.202637
vt 0.813398 0.201309
vt 0.86169 0.0296738
vt 0.877405 0.0297372
vt 0.876269 0.0291546
vt 0.114715 0.0193573
vt 0.115268 0.018652
vt 0.120655 0.0447012
vt 0.120444 0.0435717
vt 0.120756 0.0426646
vt 0.441584 0.895097
vt 0.442158 0.891718
vt 0.126803 0.039901
vt 0.971738 0.325683
vt 0.158066 0.509768
vt 0.974388 0.301878
vt 0.442642 0.90595
vt 0.0162109 0.900304
vt 0.14118 0.506773
vt 0.139468 0.506114
vt 0.0904298 0.0388564
vt 0.118348 0.0213508
vt 0.118533 0.0240077
vt 0.118687 0.0276527
vt 0.0155442 0.897961
vt 0.0147296 0.894597
vt 0.151753 0.506664
vt 0.0183065 0.894549
vt 0.758523 0.19979
vt 0.758764 0.201779
vt 0.756911 0.203001
vt 0.437419 0.895177
vt 0.0536675 0.219767
vt 0.0541469 0.218979
vt 0.136953 0.000705421
vt 0.0263039 0.888489
vt 0.163079 0.511989
vt 0.0837449 0.0568219
vt 0.0866275 0.055944
vt 0.161885 0.510433
vt 0.115369 0.0209689
vt 0.974375 0.318457
vt 0.97423 0.319004
vt 0.0864258 0.00288284
vt 0.0879024 0.00238734
vt 0.0907512 0.00341785
vt 0.444558 0.892189
vt 0.971891 0.30191
vt 0.115034 0.0166447
vt 0.870442 0.0267645
vt 0.0521574 0.219483
vt 0.657552 0.00341785
vt 0.656753 0.00178564
vt 0.657452 0.00204504
vt 0.974692 0.316415
vt 0.0247219 0.873057
vt 0.122204 0.0234028
vt 0.0249007 0.871207
vt 0.0557843 0.224438
vt 0.974661 0.317194
vt 0.0895318 0.00249922
vt 0.973713 0.296934
vt 0.870964 0.0286866
vt 0.866301 0.0253667
vt 0.0880449 0.0556197
vt 0.753876 0.210251
vt 0.752848 0.210796
vt 0.752545 0.209976
vt 0.167139 0.515428
vt 0.0574705 0.223933
vt 0.755629 0.203561
vt 0.75739 0.204667
vt 0.755783 0.204785
vt 0.0218802 0.901855
vt 0.172317 0.654604
vt 0.170277 0.655016
vt 0.170812 0.652
vt 0.840953 0.754445
vt 0.843004 0.75612
vt 0.839988 0.756269
vt 0.118515 0.0301015
vt 0.858405 0.0228773
vt 0.116685 0.0178593
vt 0.140618 0.502852
vt 0.140538 0.501046
vt 0.972406 0.321202
vt 0.973809 0.321029
vt 0.139585 0.502568
vt 0.0560493 0.22075
vt 0.842636 0.0230244
vt 0.844101 0.021625
vt 0.973873 0.319947
vt 0.119884 0.0365096
vt 0.0814121 0.0604385
vt 0.115534 0.0154817
vt 0.158483 0.507423
vt 0.119102 0.0260907
vt 0.870239 0.030031
vt 0.442252 0.8963
vt 0.021051 0.87226
vt 0.971275 0.305297
vt 0.970505 0.305797
vt 0.0197742 0.881219
vt 0.756399 0.200249
vt 0.859988 0.0268528
vt 0.755158 0.202529
vt 0.97289 0.307265
vt 0.0515459 0.217986
vt 0.439138 0.919822
vt 0.0833767 0.0552543
vt 0.973428 0.304123
vt 0.974319 0.302456
vt 0.970888 0.3074
vt 0.754578 0.208633
vt 0.161799 0.506729
vt 0.158585 0.505674
vt 0.159422 0.505471
vt 0.163917 0.505276
vt 0.166722 0.502129
vt 0.166602 0.505138
vt 0.0799802 0.0596618
vt 0.437366 0.914184
vt 0.437805 0.913425
vt 0.975342 0.320778
vt 0.977638 0.321287
vt 0.977734 0.32186
vt 0.976973 0.319343
vt 0.822505 0.958516
vt 0.821256 0.958394
vt 0.82271 0.95639
vt 0.820264 0.955461
vt 0.818474 0.95976
vt 0.0188648 0.892378
vt 0.0191463 0.891138
vt 0.0179951 0.889011
vt 0.0859464 0.0484611
vt 0.0877189 0.0477087
vt 0.0881382 0.0464223
vt 0.0886851 0.0472898
vt 0.821921 0.955159
vt 0.0136243 0.899975
vt 0.0197434 0.888928
vt 0.0176147 0.886864
vt 0.082571 0.05176
vt 0.0811718 0.0530954
vt 0.123775 0.0164308
vt 0.121942 0.0152509
vt 0.125203 0.0154369
vt 0.822883 0.954244
vt 0.0169204 0.885318
vt 0.0827479 0.0553173
vt 0.436213 0.914576
vt 0.0169463 0.887696
vt 0.0159499 0.886215
vt 0.120413 0.0146961
vt 0.0137036 0.901569
vt 0.0873923 0.038695
vt 0.123074 0.0296783
vt 0.124712 0.0295232
vt 0.122582 0.0313382
vt 0.157457 0.500209
vt 0.159076 0.503344
vt 0.168715 0.505227
vt 0.160602 0.502219
vt 0.122009 0.02947
vt 0.159686 0.502131
vt 0.436323 0.913741
vt 0.148691 0.499707
vt 0.145143 0.499652
vt 0.0802185 0.0547527
vt 0.0789417 0.0529434
vt 0.125344 0.0162465
vt 0.124587 0.0179084
vt 0.753363 0.20214
vt 0.754763 0.200191
vt 0.442051 0.229377
vt 0.444474 0.228065
vt 0.444973 0.230729
vt 0.752848 0.208748
vt 0.75493 0.206613
vt 0.0844613 0.0525637
vt 0.978903 0.315971
vt 0.978775 0.314954
vt 0.979418 0.316795
vt 0.980452 0.314586
vt 0.0199257 0.883443
vt 0.120027 0.0248973
vt 0.754967 0.204263
vt 0.159394 0.0326862
vt 0.157557 0.0304468
vt 0.157955 0.0269793
vt 0.981462 0.31694
vt 0.980886 0.318915
vt 0.435138 0.913367
vt 0.0183977 0.874585
vt 0.122326 0.0211703
vt 0.122737 0.0234329
vt 0.121778 0.0216694
vt 0.124209 0.0249766
vt 0.123836 0.0214506
vt 0.125089 0.0212367
vt 0.980592 0.311638
vt 0.981992 0.312777
vt 0.019533 0.881412
vt 0.0173515 0.87602
vt 0.97863 0.311613
vt 0.97986 0.307879
vt 0.242128 0.0126023
vt 0.239713 0.0117549
vt 0.24169 0.0113427
vt 0.120023 0.0347551
vt 0.125502 0.0253822
vt 0.24845 0.00422168
vt 0.250339 0.00811005
vt 0.249112 0.00826198
vt 0.436175 0.918553
vt 0.0247221 0.865669
vt 0.0254483 0.864008
vt 0.0828668 0.0444809
vt 0.086106 0.0440478
vt 0.0846464 0.0459216
vt 0.350602 0.116679
vt 0.352008 0.118055
vt 0.350056 0.11777
vt 0.157708 0.0329497
vt 0.159595 0.0350444
vt 0.11614 0.0137143
vt 0.114923 0.0136889
vt 0.116711 0.0120739
vt 0.343904 0.117929
vt 0.343868 0.116338
vt 0.345419 0.117752
vt 0.248314 0.00819355
vt 0.120573 0.0334638
vt 0.438398 0.921387
vt 0.156388 0.0284644
vt 0.156985 0.0291092
vt 0.155862 0.028964
vt 0.16831 0.501814
vt 0.117508 0.011668
vt 0.118412 0.0124434
vt 0.866756 0.0237721
vt 0.811178 0.199447
vt 0.811243 0.197762
vt 0.812997 0.199353
vt 0.752945 0.207333
vt 0.753518 0.205362
vt 0.754047 0.205832
vt 0.356929 0.118038
vt 0.358356 0.118308
vt 0.15667 0.0218884
vt 0.155422 0.0202941
vt 0.156187 0.0188421
vt 0.167582 0.500859
vt 0.342623 0.11802
vt 0.115964 0.0102929
vt 0.432766 0.919141
vt 0.435202 0.917207
vt 0.158918 0.0252553
vt 0.159646 0.0282497
vt 0.437228 0.893143
vt 0.435896 0.890602
vt 0.361904 0.118052
vt 0.975583 0.304712
vt 0.340779 0.115532
vt 0.338226 0.117325
vt 0.083342 0.0502651
vt 0.83733 0.0255826
vt 0.836864 0.0279775
vt 0.836712 0.0262767
vt 0.342711 0.116401
vt 0.239972 0.0131821
vt 0.238131 0.0119523
vt 0.976368 0.302656
vt 0.443055 0.889833
vt 0.113993 0.0149767
vt 0.086922 0.0416815
vt 0.175124 0.303843
vt 0.17659 0.303349
vt 0.15698 0.0317553
vt 0.0895906 0.045019
vt 0.0785297 0.0568295
vt 0.0771235 0.0544965
vt 0.0773199 0.0523425
vt 0.235947 0.0118542
vt 0.867106 0.0250306
vt 0.154574 0.0311666
vt 0.156259 0.0304113
vt 0.976308 0.301475
vt 0.97785 0.30071
vt 0.1139 0.0144386
vt 0.976027 0.299532
vt 0.117279 0.0107158
vt 0.119363 0.0107414
vt 0.336682 0.11767
vt 0.338192 0.119023
vt 0.336426 0.11915
vt 0.115358 0.0144061
vt 0.231351 0.0113428
vt 0.229557 0.0117751
vt 0.359496 0.118585
vt 0.359351 0.1168
vt 0.978576 0.301257
vt 0.354009 0.118306
vt 0.0829789 0.0484251
vt 0.339431 0.119082
vt 0.43455 0.917675
vt 0.433524 0.9167
vt 0.978257 0.304626
vt 0.980696 0.303503
vt 0.812666 0.195451
vt 0.812725 0.196935
vt 0.811368 0.195656
vt 0.250541 0.0101438
vt 0.251587 0.00964183
vt 0.157367 0.0225241
vt 0.158178 0.0221491
vt 0.15441 0.0203815
vt 0.238283 0.0110239
vt 0.839711 0.0273437
vt 0.837196 0.0286103
vt 0.233833 0.00911891
vt 0.238595 0.0102255
vt 0.153694 0.49971
vt 0.174394 0.302232
vt 0.436131 0.894691
vt 0.436108 0.893348
vt 0.234738 0.00835031
vt 0.236025 0.00691503
vt 0.246444 0.0077948
vt 0.244365 0.00813764
vt 0.244969 0.00749034
vt 0.0881979 0.0437314
vt 0.155481 0.0219588
vt 0.175511 0.301972
vt 0.239099 0.0108387
vt 0.822457 0.945889
vt 0.822942 0.947679
vt 0.82069 0.946968
vt 0.244232 0.0101165
vt 0.974899 0.299179
vt 0.814532 0.199794
vt 0.754389 0.203082
vt 0.752381 0.204887
vt 0.751823 0.202062
vt 0.978327 0.29777
vt 0.124723 0.0141022
vt 0.125585 0.0137483
vt 0.98025 0.322299
vt 0.119384 0.0133587
vt 0.232917 0.0133568
vt 0.868759 0.0229206
vt 0.355302 0.113975
vt 0.354252 0.114033
vt 0.354598 0.113443
vt 0.0187635 0.879802
vt 0.553223 0.00341785
vt 0.553311 0.00207746
vt 0.554012 0.00131959
vt 0.822676 0.94988
vt 0.820547 0.948906
vt 0.55404 0.0019623
vt 0.836704 0.0306106
vt 0.0176037 0.878702
vt 0.171019 0.300716
vt 0.126881 0.0357738
vt 0.247538 0.00716752
vt 0.245668 0.00664884
vt 0.347852 0.115879
vt 0.350084 0.115624
vt 0.120003 0.0198767
vt 0.113862 0.00866079
vt 0.11489 0.00997674
vt 0.11755 0.00851601
vt 0.345521 0.116413
vt 0.346731 0.116099
vt 0.174956 0.301119
vt 0.346719 0.118067
vt 0.173526 0.300352
vt 0.435783 0.91547
vt 0.975052 0.296707
vt 0.247784 0.0121653
vt 0.081277 0.0495122
vt 0.878356 0.0261223
vt 0.880108 0.0256175
vt 0.245557 0.0100353
vt 0.245979 0.0114113
vt 0.236212 0.00831985
vt 0.227693 0.011937
vt 0.230008 0.0105771
vt 0.16342 0.502818
vt 0.975123 0.32264
vt 0.973769 0.322012
vt 0.125577 0.0272138
vt 0.978209 0.299314
vt 0.23196 0.012361
vt 0.241764 0.0105201
vt 0.239834 0.00981808
vt 0.241383 0.00897723
vt 0.232959 0.0126188
vt 0.246478 0.00924098
vt 0.175203 0.300437
vt 0.12137 0.0172646
vt 0.122296 0.0161361
vt 0.362191 0.117042
vt 0.360752 0.116262
vt 0.174203 0.304593
vt 0.833669 0.0246358
vt 0.834536 0.0239767
vt 0.124434 0.0192734
vt 0.124697 0.0199411
vt 0.35304 0.11699
vt 0.352899 0.115301
vt 0.354463 0.115104
vt 0.249029 0.0109443
vt 0.347738 0.119184
vt 0.112673 0.00825328
vt 0.155581 0.026391
vt 0.975282 0.314912
vt 0.154261 0.0249165
vt 0.154942 0.024413
vt 0.155483 0.0257934
vt 0.243127 0.00924999
vt 0.240297 0.00848639
vt 0.238557 0.00826585
vt 0.240056 0.00713921
vt 0.121361 0.0201942
vt 0.435792 0.916562
vt 0.435346 0.894204
vt 0.435243 0.890498
vt 0.443842 0.233831
vt 0.443908 0.23171
vt 0.444424 0.233248
vt 0.434233 0.91437
vt 0.44173 0.231318
vt 0.346792 0.113292
vt 0.346368 0.115239
vt 0.343952 0.115368
vt 0.156647 0.0269457
vt 0.232169 0.0109121
vt 0.348356 0.115115
vt 0.349648 0.114025
vt 0.233739 0.011802
vt 0.0265605 0.863415
vt 0.0249163 0.862027
vt 0.0270625 0.862047
vt 0.755206 0.205652
vt 0.343322 0.11347
vt 0.243379 0.0130436
vt 0.244576 0.00892335
vt 0.120372 0.0186167
vt 0.66653 0.117066
vt 0.667817 0.116842
vt 0.668328 0.118652
vt 0.81468 0.960449
vt 0.816056 0.953531
vt 0.12063 0.0194538
vt 0.340305 0.111003
vt 0.338728 0.113786
vt 0.750525 0.209201
vt 0.752724 0.20808
vt 0.351286 0.114071
vt 0.976729 0.317451
vt 0.355015 0.11248
vt 0.242755 0.00671369
vt 0.242488 0.00838089
vt 0.241717 0.00723463
vt 0.9796 0.302316
vt 0.118982 0.00910866
vt 0.976263 0.315934
vt 0.821989 0.9517
vt 0.243846 0.00556147
vt 0.232225 0.00647098
vt 0.0350509 0.000675499
vt 0.0351773 0.00341785
vt 0.0336914 0.000991464
vt 0.0841546 0.0481623
vt 0.12526 0.0186887
vt 0.0366537 0.00263721
vt 0.0363548 0.000593603
vt 0.0806629 0.0517759
vt 0.356241 0.113496
vt 0.981051 0.298298
vt 0.980931 0.296188
vt 0.0173106 0.874042
vt 0.156499 0.0249937
vt 0.0189891 0.884181
vt 0.0154753 0.888816
vt 0.981724 0.299196
vt 0.158795 0.0207373
vt 0.157849 0.0198414
vt 0.15812 0.0183388
vt 0.119362 0.0285617
vt 0.351423 0.112326
vt 0.352475 0.113405
vt 0.248155 0.0128406
vt 0.977299 0.313935
vt 0.981514 0.302418
vt 0.122537 0.0248137
vt 0.121712 0.0257289
vt 0.656738 0.00125474
vt 0.121703 0.0185169
vt 0.0216247 0.870349
vt 0.823699 0.950742
vt 0.0148974 0.886007
vt 0.0160543 0.884379
vt 0.160412 0.0320384
vt 0.160766 0.0286328
vt 0.12217 0.0171814
vt 0.750328 0.20711
vt 0.0177908 0.88339
vt 0.126416 0.0313565
vt 0.0183917 0.87193
vt 0.7512 0.205719
vt 0.811709 0.19693
vt 0.822367 0.953198
vt 0.122294 0.0197583
vt 0.123719 0.0181971
vt 0.0255809 0.870254
vt 0.358288 0.115628
vt 0.0249292 0.868106
vt 0.754179 0.198646
vt 0.753028 0.200669
vt 0.156301 0.0340442
vt 0.154099 0.0151118
vt 0.155528 0.0146608
vt 0.154983 0.017112
vt 0.126326 0.021366
vt 0.125796 0.0204774
vt 0.122776 0.017591
vt 0.12582 0.0174824
vt 0.122421 0.0263571
vt 0.0772909 0.0503753
vt 0.156632 0.0146271
vt 0.432664 0.914418
vt 0.880981 0.0261922
vt 0.845343 0.0210432
vt 0.846995 0.0228944
vt 0.833957 0.0231073
vt 0.834905 0.0211498
vt 0.751141 0.2039
vt 0.356995 0.116734
vt 0.433314 0.911701
vt 0.752428 0.198601
vt 0.33727 0.120395
vt 0.83905 0.0238845
vt 0.838582 0.0243707
vt 0.165378 0.501101
vt 0.0857093 0.041288
vt 0.0851526 0.0408942
vt 0.0169552 0.881549
vt 0.818874 0.950852
vt 0.817188 0.946856
vt 0.819557 0.943399
vt 0.819945 0.946082
vt 0.974704 0.306722
vt 0.0150093 0.872125
vt 0.123596 0.0203106
vt 0.0128855 0.874121
vt 0.341367 0.119529
vt 0.353665 0.113458
vt 0.0175974 0.508888
vt 0.0177806 0.51123
vt 0.0145246 0.50914
vt 0.352766 0.118388
vt 0.666504 0.115549
vt 0.363708 0.11618
vt 0.0791908 0.0494792
vt 0.876995 0.0254317
vt 0.0150355 0.879476
vt 0.806059 0.94772
vt 0.80945 0.944285
vt 0.169701 0.501239
vt 0.17129 0.502389
vt 0.157954 0.0155323
vt 0.158588 0.0141332
vt 0.158728 0.0156952
vt 0.160352 0.0175525
vt 0.16115 0.0154554
vt 0.161855 0.0161791
vt 0.442072 0.227595
vt 0.848658 0.0236949
vt 0.847309 0.0216555
vt 0.850144 0.0211982
vt 0.161815 0.0311191
vt 0.163016 0.0296509
vt 0.364536 0.117174
vt 0.809056 0.200379
vt 0.810456 0.199237
vt 0.365406 0.113787
vt 0.0113749 0.510836
vt 0.0108948 0.508599
vt 0.0116888 0.509597
vt 0.977399 0.312698
vt 0.348327 0.111432
vt 0.161461 0.0185406
vt 0.24284 0.00482273
vt 0.242351 0.00510812
vt 0.242484 0.00326723
vt 0.163059 0.0279108
vt 0.23032 0.00512236
vt 0.231249 0.00568438
vt 0.228812 0.00623149
vt 0.790601 0.0438452
vt 0.790766 0.0457155
vt 0.789813 0.0450472
vt 0.122505 0.00585359
vt 0.125083 0.0117032
vt 0.123589 0.00994343
vt 0.357746 0.111142
vt 0.359258 0.110712
vt 0.359294 0.111649
vt 0.119704 0.00311393
vt 0.122599 0.00730824
vt 0.118581 0.00427735
vt 0.159882 0.0147307
vt 0.349773 0.106147
vt 0.352176 0.105137
vt 0.351361 0.10793
vt 0.926005 0.152747
vt 0.923948 0.152153
vt 0.924466 0.151733
vt 0.24171 0.00406051
vt 0.227551 0.0100313
vt 0.161874 0.0207366
vt 0.449477 0.487793
vt 0.447902 0.486118
vt 0.448932 0.485388
vt 0.450401 0.486805
vt 0.174284 0.902469
vt 0.175897 0.901481
vt 0.176885 0.903275
vt 0.34864 0.107988
vt 0.348902 0.103745
vt 0.350209 0.105202
vt 0.973233 0.295802
vt 0.802517 0.197539
vt 0.803581 0.197123
vt 0.80382 0.19756
vt 0.354666 0.109217
vt 0.356142 0.1048
vt 0.440477 0.466457
vt 0.444004 0.46603
vt 0.443066 0.469188
vt 0.231873 0.0044961
vt 0.353545 0.10544
vt 0.358407 0.106453
vt 0.250891 0.00533605
vt 0.910274 0.233249
vt 0.912902 0.231752
vt 0.912625 0.233891
vt 0.15939 0.0229623
vt 0.161022 0.0212054
vt 0.158249 0.0349015
vt 0.838496 0.0307425
vt 0.837126 0.0314673
vt 0.80936 0.196087
vt 0.228481 0.0054487
vt 0.807394 0.195468
vt 0.806031 0.193919
vt 0.80738 0.193696
vt 0.338773 0.107915
vt 0.243741 0.0033896
vt 0.908691 0.234162
vt 0.91147 0.229993
vt 0.44131 0.889756
vt 0.237685 0.00366783
vt 0.241262 0.00298494
vt 0.239405 0.00400108
vt 0.00952868 0.508892
vt 0.839893 0.0277236
vt 0.84002 0.0304255
vt 0.226478 0.0094372
vt 0.225476 0.0074293
vt 0.116936 0.00228602
vt 0.117752 0.00357872
vt 0.357601 0.114059
vt 0.804316 0.195598
vt 0.805477 0.19622
vt 0.803972 0.196473
vt 0.120705 0.00676721
vt 0.0121064 0.507152
vt 0.0145483 0.50697
vt 0.0132107 0.507521
vt 0.119592 0.0122367
vt 0.121392 0.0095672
vt 0.121944 0.0119933
vt 0.160434 0.0258365
vt 0.162661 0.0264456
vt 0.978506 0.295341
vt 0.795885 0.0402687
vt 0.794533 0.0380406
vt 0.797466 0.0392951
vt 0.802702 0.198272
vt 0.80127 0.198241
vt 0.911879 0.237527
vt 0.913359 0.237355
vt 0.911661 0.239746
vt 0.805843 0.0375552
vt 0.806053 0.0362739
vt 0.807956 0.0373012
vt 0.804396 0.037508
vt 0.361327 0.114573
vt 0.358889 0.115163
vt 0.668267 0.114619
vt 0.817524 0.195258
vt 0.802752 0.035634
vt 0.803133 0.0349617
vt 0.805163 0.0354851
vt 0.441882 0.906284
vt 0.44002 0.905566
vt 0.154375 0.0332263
vt 0.669647 0.115217
vt 0.356467 0.113067
vt 0.356344 0.111201
vt 0.353586 0.111942
vt 0.352833 0.109757
vt 0.354446 0.111063
vt 0.785511 0.0593495
vt 0.786893 0.0597579
vt 0.78543 0.0603212
vt 0.0157536 0.869761
vt 0.0122761 0.870165
vt 0.0155539 0.867753
vt 0.440489 0.233887
vt 0.973922 0.305162
vt 0.973621 0.309469
vt 0.91136 0.235187
vt 0.435554 0.89646
vt 0.438925 0.889532
vt 0.116135 0.000767648
vt 0.784142 0.052923
vt 0.785675 0.050651
vt 0.786585 0.0518897
vt 0.841272 0.0221606
vt 0.841303 0.0235764
vt 0.910773 0.237559
vt 0.809785 0.0381211
vt 0.806222 0.0385957
vt 0.124611 0.00873739
vt 0.347555 0.108639
vt 0.84022 0.0231487
vt 0.837913 0.0226526
vt 0.91449 0.235227
vt 0.913324 0.235261
vt 0.435633 0.899277
vt 0.437163 0.896725
vt 0.434359 0.907632
vt 0.433107 0.909161
vt 0.229868 0.00371975
vt 0.22749 0.00178266
vt 0.231509 0.00286448
vt 0.236052 0.00322872
vt 0.237221 0.00506282
vt 0.234791 0.00451642
vt 0.122728 0.0142331
vt 0.792812 0.0402769
vt 0.791814 0.0421404
vt 0.79115 0.0407704
vt 0.81049 0.0354642
vt 0.80888 0.0368634
vt 0.809144 0.035558
vt 0.00987961 0.507933
vt 0.437529 0.904131
vt 0.441703 0.903628
vt 0.976388 0.311044
vt 0.809387 0.199412
vt 0.810509 0.198647
vt 0.799682 0.0373567
vt 0.796897 0.0364498
vt 0.799761 0.0350247
vt 0.238832 0.00480694
vt 0.44007 0.90916
vt 0.437229 0.888287
vt 0.229808 0.00711668
vt 0.231329 0.00712413
vt 0.123162 0.0121572
vt 0.432499 0.905425
vt 0.434092 0.903587
vt 0.434245 0.905469
vt 0.43403 0.896564
vt 0.434751 0.895355
vt 0.436727 0.91261
vt 0.435518 0.909686
vt 0.126335 0.0151895
vt 0.24166 0.00621051
vt 0.205771 0.0804015
vt 0.202937 0.0817727
vt 0.204649 0.0796612
vt 0.433509 0.901695
vt 0.441845 0.902329
vt 0.806278 0.198452
vt 0.442128 0.899135
vt 0.787733 0.0471571
vt 0.786091 0.0485403
vt 0.786812 0.0462159
vt 0.436285 0.88784
vt 0.434246 0.888536
vt 0.434185 0.884635
vt 0.441356 0.898201
vt 0.91719 0.15044
vt 0.915622 0.148974
vt 0.917487 0.149726
vt 0.80332 0.036963
vt 0.820988 0.0670329
vt 0.821915 0.0669569
vt 0.819729 0.0686484
vt 0.974943 0.311502
vt 0.975095 0.310389
vt 0.142737 0.499539
vt 0.809509 0.197209
vt 0.794393 0.0418142
vt 0.795453 0.0415383
vt 0.824809 0.0610223
vt 0.823803 0.0592997
vt 0.824776 0.0581941
vt 0.822322 0.0693406
vt 0.823225 0.0672166
vt 0.440266 0.228012
vt 0.438634 0.227148
vt 0.439424 0.226115
vt 0.437463 0.912564
vt 0.437977 0.910884
vt 0.244759 0.00242782
vt 0.246195 0.00462425
vt 0.0676533 0.72441
vt 0.0692399 0.724936
vt 0.0695487 0.726074
vt 0.442117 0.898264
vt 0.160734 0.0237902
vt 0.438616 0.887934
vt 0.433927 0.895534
vt 0.434389 0.894342
vt 0.821448 0.0656042
vt 0.82315 0.0654655
vt 0.800701 0.0371085
vt 0.800925 0.0361665
vt 0.432924 0.898783
vt 0.433214 0.901771
vt 0.432172 0.898803
vt 0.229693 0.00191021
vt 0.229133 0.00133038
vt 0.432224 0.901952
vt 0.16258 0.0243157
vt 0.375435 0.108197
vt 0.37316 0.108695
vt 0.373978 0.10737
vt 0.80267 0.0389313
vt 0.440676 0.227289
vt 0.340388 0.107715
vt 0.342431 0.110029
vt 0.344065 0.108835
vt 0.441246 0.907857
vt 0.817853 0.0705683
vt 0.819715 0.0699558
vt 0.814898 0.0729318
vt 0.00887272 0.504839
vt 0.0114664 0.503397
vt 0.0111748 0.506103
vt 0.785584 0.0471162
vt 0.784357 0.0502254
vt 0.801319 0.0384471
vt 0.813933 0.0378585
vt 0.814854 0.0365746
vt 0.817541 0.0373497
vt 0.120207 0.00887704
vt 0.435367 0.905765
vt 0.436896 0.905648
vt 0.787782 0.0482585
vt 0.436049 0.907431
vt 0.434081 0.891497
vt 0.975545 0.309227
vt 0.823106 0.0599538
vt 0.824041 0.0618997
vt 0.822777 0.0624346
vt 0.438315 0.909732
vt 0.438169 0.907326
vt 0.807767 0.0362369
vt 0.805947 0.0351288
vt 0.788944 0.0486758
vt 0.435144 0.90173
vt 0.814025 0.0371671
vt 0.228706 0.00402331
vt 0.346178 0.10422
vt 0.918873 0.150685
vt 0.918768 0.149102
vt 0.226257 0.00417775
vt 0.226647 0.0030427
vt 0.147148 0.496929
vt 0.150139 0.499138
vt 0.143183 0.499133
vt 0.31387 0.0139106
vt 0.313983 0.0151366
vt 0.312988 0.0146252
vt 0.434173 0.900494
vt 0.788768 0.0450084
vt 0.787898 0.0438144
vt 0.823198 0.0636933
vt 0.202578 0.0804165
vt 0.360801 0.113389
vt 0.359861 0.113142
vt 0.917512 0.150952
vt 0.808508 0.197101
vt 0.669785 0.113
vt 0.671631 0.113869
vt 0.202002 0.0810741
vt 0.815627 0.0358705
vt 0.121766 0.00727576
vt 0.121652 0.00861478
vt 0.437131 0.901358
vt 0.43623 0.900871
vt 0.436648 0.89915
vt 0.225098 0.00311041
vt 0.0180331 0.507522
vt 0.436289 0.903383
vt 0.0152582 0.508791
vt 0.232922 0.00338167
vt 0.234271 0.00308967
vt 0.803762 0.0334989
vt 0.802766 0.0343444
vt 0.803715 0.0329742
vt 0.434875 0.89825
vt 0.821165 0.0690321
vt 0.433993 0.898564
vt 0.975745 0.31211
vt 0.975876 0.31423
vt 0.00770644 0.510933
vt 0.00698632 0.509139
vt 0.00870157 0.509607
vt 0.433137 0.894711
vt 0.360902 0.111483
vt 0.362604 0.11327
vt 0.35912 0.104355
vt 0.362053 0.105429
vt 0.974559 0.295912
vt 0.66973 0.11624
vt 0.377747 0.107547
vt 0.914406 0.236117
vt 0.912334 0.236838
vt 0.789267 0.0440302
vt 0.920999 0.148138
vt 0.919432 0.147621
vt 0.435616 0.907488
vt 0.363231 0.111852
vt 0.437988 0.226392
vt 0.976102 0.311095
vt 0.910451 0.236148
vt 0.911093 0.235814
vt 0.78951 0.0430527
vt 0.122508 0.00893188
vt 0.815899 0.0350544
vt 0.817053 0.0351454
vt 0.816228 0.0359635
vt 0.363509 0.112724
vt 0.186115 0.0820811
vt 0.187251 0.08351
vt 0.184526 0.0829715
vt 0.437556 0.907819
vt 0.24819 0.0023039
vt 0.247605 0.00211632
vt 0.184513 0.0848575
vt 0.788055 0.0633711
vt 0.982483 0.309928
vt 0.442115 0.906755
vt 0.820132 0.0722417
vt 0.820748 0.0726934
vt 0.818881 0.0765759
vt 0.797669 0.0355434
vt 0.122546 0.0100633
vt 0.814604 0.0354185
vt 0.23292 0.00221235
vt 0.444849 0.904277
vt 0.435731 0.90238
vt 0.812317 0.0361344
vt 0.128939 0.038305
vt 0.12782 0.0393115
vt 0.127952 0.0365852
vt 0.0123681 0.897567
vt 0.443048 0.905033
vt 0.442326 0.902989
vt 0.269128 0.308054
vt 0.269664 0.307175
vt 0.271295 0.307951
vt 0.0694117 0.722191
vt 0.913488 0.231779
vt 0.438016 0.224866
vt 0.129675 0.0357136
vt 0.796298 0.0377793
vt 0.797877 0.0389416
vt 0.0188415 0.868585
vt 0.908693 0.235325
vt 0.184954 0.0858819
vt 0.362282 0.114397
vt 0.342774 0.105746
vt 0.845559 0.0201675
vt 0.78901 0.042487
vt 0.148181 0.497046
vt 0.824892 0.0632731
vt 0.822285 0.0634281
vt 0.806777 0.19166
vt 0.805907 0.192123
vt 0.805041 0.191382
vt 0.915216 0.146801
vt 0.914551 0.14788
vt 0.842042 0.0213853
vt 0.799864 0.0386377
vt 0.363922 0.108495
vt 0.363961 0.106904
vt 0.366271 0.107123
vt 0.980713 0.293446
vt 0.982186 0.294017
vt 0.791004 0.0390853
vt 0.792524 0.0380123
vt 0.838703 0.0215302
vt 0.381596 0.106866
vt 0.383132 0.106379
vt 0.383622 0.108065
vt 0.0670909 0.721186
vt 0.0677446 0.720754
vt 0.437074 0.909644
vt 0.345725 0.107529
vt 0.817594 0.0364862
vt 0.912476 0.230103
vt 0.0824249 0.0377069
vt 0.082002 0.0354306
vt 0.0105532 0.900072
vt 0.127441 0.0371885
vt 0.231484 0.0061307
vt 0.793335 0.038641
vt 0.364247 0.114237
vt 0.0116082 0.871757
vt 0.804815 0.0389616
vt 0.141607 0.498406
vt 0.142954 0.497834
vt 0.808904 0.0357593
vt 0.978913 0.293161
vt 0.976725 0.294676
vt 0.436924 0.908785
vt 0.140109 0.499849
vt 0.794379 0.0363687
vt 0.141777 0.497354
vt 0.208095 0.0813093
vt 0.207104 0.0793201
vt 0.13 0.0395381
vt 0.80675 0.040553
vt 0.804448 0.0398524
vt 0.805303 0.033869
vt 0.914838 0.150108
vt 0.796287 0.0347574
vt 0.91734 0.147464
vt 0.236449 0.0027715
vt 0.827981 0.0649816
vt 0.826406 0.0665197
vt 0.826658 0.0640308
vt 0.362951 0.106668
vt 0.361781 0.110641
vt 0.183181 0.0866498
vt 0.22743 0.0107352
vt 0.821109 0.0623421
vt 0.823071 0.0707318
vt 0.822407 0.0730121
vt 0.182235 0.0858159
vt 0.201499 0.0801885
vt 0.125834 0.0429257
vt 0.811582 0.035201
vt 0.127403 0.0407261
vt 0.206398 0.0792007
vt 0.439905 0.228491
vt 0.846278 0.0616357
vt 0.848044 0.0601125
vt 0.848855 0.0606621
vt 0.188836 0.0833668
vt 0.187502 0.0818807
vt 0.189663 0.0822996
vt 0.43333 0.89127
vt 0.787868 0.0515208
vt 0.436895 0.906665
vt 0.438603 0.227362
vt 0.431756 0.908977
vt 0.825159 0.0676957
vt 0.825895 0.0625579
vt 0.925401 0.15074
vt 0.787039 0.0584759
vt 0.432845 0.907658
vt 0.155998 0.499276
vt 0.0814389 0.0443157
vt 0.0833865 0.0415857
vt 0.8174 0.074324
vt 0.81817 0.0734432
vt 0.141015 0.499145
vt 0.812605 0.0350766
vt 0.849473 0.0591995
vt 0.850047 0.0597528
vt 0.844979 0.0636281
vt 0.842835 0.0628074
vt 0.915487 0.146749
vt 0.166928 0.499344
vt 0.170057 0.500018
vt 0.0790546 0.0473526
vt 0.0754292 0.0470781
vt 0.076221 0.0457237
vt 0.127043 0.0316318
vt 0.126548 0.0303078
vt 0.792802 0.0756446
vt 0.794411 0.0753281
vt 0.794966 0.07712
vt 0.808265 0.0805371
vt 0.806069 0.081084
vt 0.808387 0.0796303
vt 0.986019 0.323601
vt 0.983395 0.323683
vt 0.984932 0.322723
vt 0.0786079 0.0397705
vt 0.0820558 0.0396465
vt 0.434448 0.937692
vt 0.432098 0.937837
vt 0.431584 0.936364
vt 0.157988 0.499872
vt 0.157537 0.498672
vt 0.0796102 0.037677
vt 0.826691 0.0615293
vt 0.791301 0.0758355
vt 0.792276 0.077602
vt 0.823826 0.0687729
vt 0.822089 0.0704437
vt 0.79492 0.0788444
vt 0.814818 0.0765666
vt 0.825969 0.0576649
vt 0.827645 0.0605717
vt 0.00742413 0.901579
vt 0.825467 0.0684626
vt 0.983881 0.319733
vt 0.985167 0.319265
vt 0.984797 0.32104
vt 0.435336 0.934943
vt 0.436037 0.937079
vt 0.434198 0.935506
vt 0.801279 0.0789252
vt 0.800986 0.0797355
vt 0.799801 0.0787286
vt 0.165447 0.497705
vt 0.167698 0.497611
vt 0.166195 0.498417
vt 0.1402 0.49644
vt 0.142418 0.496581
vt 0.798282 0.0784492
vt 0.797236 0.079624
vt 0.797039 0.0783601
vt 0.1672 0.498351
vt 0.135169 0.0380556
vt 0.134324 0.0368133
vt 0.13546 0.0369089
vt 0.432216 0.933957
vt 0.433949 0.933686
vt 0.433382 0.934455
vt 0.795823 0.0781106
vt 0.823319 0.0578449
vt 0.846775 0.0637291
vt 0.0812074 0.0455135
vt 0.0775673 0.0453846
vt 0.827902 0.0624902
vt 0.300392 0.295445
vt 0.29797 0.293531
vt 0.301249 0.291581
vt 0.818444 0.0405759
vt 0.819625 0.0410328
vt 0.817744 0.0412982
vt 0.127019 0.042478
vt 0.160838 0.499605
vt 0.160483 0.49797
vt 0.16165 0.498472
vt 0.816808 0.0426245
vt 0.817369 0.0433456
vt 0.816079 0.0441332
vt 0.12645 0.0189707
vt 0.127044 0.0181764
vt 0.822781 0.0533528
vt 0.823948 0.0556921
vt 0.811695 0.0802356
vt 0.813775 0.078747
vt 0.816168 0.0784007
vt 0.823868 0.0492989
vt 0.822717 0.0482656
vt 0.823008 0.0467138
vt 0.197007 0.936407
vt 0.195447 0.935948
vt 0.197154 0.934551
vt 0.156868 0.498313
vt 0.157016 0.496826
vt 0.843071 0.0639647
vt 0.841739 0.0637426
vt 0.289484 0.301183
vt 0.29271 0.298959
vt 0.293553 0.303029
vt 0.814551 0.937091
vt 0.816707 0.938953
vt 0.811662 0.939983
vt 0.811878 0.955624
vt 0.010409 0.889892
vt 0.00568371 0.886655
vt 0.0090714 0.882022
vt 0.805725 0.952256
vt 0.801948 0.94648
vt 0.984186 0.31804
vt 0.438297 0.935473
vt 0.439977 0.93726
vt 0.438439 0.937048
vt 0.437943 0.933455
vt 0.12699 0.0226665
vt 0.126409 0.0253142
vt 0.820685 0.0454915
vt 0.822102 0.0448891
vt 0.824661 0.0658153
vt 0.816456 0.941501
vt 0.802445 0.941433
vt 0.804561 0.939839
vt 0.809005 0.937426
vt 0.982905 0.304322
vt 0.982478 0.30318
vt 0.278823 0.306039
vt 0.281395 0.304177
vt 0.2836 0.305199
vt 0.846307 0.0544096
vt 0.845986 0.0558569
vt 0.8443 0.0547666
vt 0.0833142 0.0431436
vt 0.134043 0.0332752
vt 0.134587 0.0310804
vt 0.135189 0.0359457
vt 0.819765 0.0443835
vt 0.819754 0.0457197
vt 0.818964 0.0440394
vt 0.805857 0.0785794
vt 0.804918 0.0810705
vt 0.821702 0.0440667
vt 0.127837 0.0230206
vt 0.128034 0.0254033
vt 0.266249 0.30921
vt 0.266924 0.3099
vt 0.133771 0.0290223
vt 0.133123 0.0250511
vt 0.134151 0.0259755
vt 0.279071 0.304598
vt 0.275702 0.306698
vt 0.275243 0.305971
vt 0.818531 0.0456445
vt 0.00807125 0.898024
vt 0.00362631 0.899126
vt 0.00496566 0.896744
vt 0.152067 0.497663
vt 0.131363 0.0225202
vt 0.132388 0.0216326
vt 0.132201 0.0228603
vt 0.295667 0.297827
vt 0.2955 0.300357
vt 0.293566 0.300684
vt 0.159384 0.499472
vt 0.0239281 0.0706868
vt 0.0238161 0.068745
vt 0.0282595 0.0696588
vt 0.1951 0.933801
vt 0.0154863 0.0713935
vt 0.0160672 0.0697027
vt 0.0162929 0.0712925
vt 0.815081 0.0423561
vt 0.817821 0.0421634
vt 0.435602 0.936835
vt 0.800058 0.0805776
vt 0.127386 0.0339502
vt 0.127589 0.0325117
vt 0.845287 0.0605897
vt 0.435004 0.938434
vt 0.435136 0.939393
vt 0.81439 0.0413188
vt 0.0748713 0.0522502
vt 0.193507 0.934952
vt 0.194423 0.934659
vt 0.126547 0.0269437
vt 0.300998 0.289372
vt 0.302303 0.28908
vt 0.301456 0.289906
vt 0.127012 0.0201669
vt 0.128392 0.0188049
vt 0.844442 0.0555592
vt 0.804023 0.0793391
vt 0.1344 0.0232679
vt 0.828442 0.0588701
vt 0.827742 0.0577648
vt 0.300665 0.288319
vt 0.430968 0.91828
vt 0.432187 0.918624
vt 0.141234 0.0424969
vt 0.141401 0.0411689
vt 0.142617 0.0415988
vt 0.844719 0.053746
vt 0.130096 0.0335969
vt 0.12871 0.031553
vt 0.00654769 0.900335
vt 0.468655 0.0973058
vt 0.469592 0.0976773
vt 0.469404 0.099121
vt 0.266113 0.310058
vt 0.827098 0.0518391
vt 0.827174 0.0541509
vt 0.826117 0.0516253
vt 0.189377 0.934193
vt 0.19079 0.933463
vt 0.191344 0.937012
vt 0.799799 0.0814925
vt 0.0285676 0.0703846
vt 0.299829 0.29136
vt 0.299931 0.289235
vt 0.820595 0.0445729
vt 0.819963 0.0428059
vt 0.18923 0.937011
vt 0.824747 0.0495515
vt 0.140184 0.0401098
vt 0.140955 0.0380829
vt 0.824453 0.0519415
vt 0.823906 0.0522535
vt 0.0138368 0.0716194
vt 0.0126025 0.0734839
vt 0.0113844 0.0738968
vt 0.0187914 0.0706193
vt 0.0173501 0.0697456
vt 0.0182847 0.0687425
vt 0.128547 0.0358847
vt 0.98806 0.318322
vt 0.985883 0.317569
vt 0.987895 0.316447
vt 0.302156 0.286983
vt 0.253095 0.925061
vt 0.250731 0.927641
vt 0.250832 0.926228
vt 0.193695 0.93282
vt 0.175334 0.672298
vt 0.176664 0.669332
vt 0.177664 0.669712
vt 0.160704 0.500302
vt 0.860544 0.0463921
vt 0.858927 0.0474598
vt 0.856588 0.0467329
vt 0.192883 0.933511
vt 0.816058 0.0406284
vt 0.131789 0.0179588
vt 0.131155 0.0179612
vt 0.130725 0.0161517
vt 0.164658 0.500183
vt 0.163616 0.49891
vt 0.799645 0.942053
vt 0.011119 0.0727782
vt 0.291314 0.29579
vt 0.292359 0.294917
vt 0.292817 0.295922
vt 0.185687 0.934825
vt 0.294339 0.296191
vt 0.29539 0.295732
vt 0.295799 0.296598
vt 0.801077 0.939459
vt 0.192915 0.934199
vt 0.191386 0.933261
vt 0.28793 0.301374
vt 0.288945 0.300068
vt 0.288888 0.302285
vt 0.800541 0.940258
vt 0.196044 0.884227
vt 0.195315 0.885133
vt 0.196845 0.882432
vt 0.428099 0.936691
vt 0.429643 0.934823
vt 0.825524 0.0555544
vt 0.826387 0.0560126
vt 0.142017 0.0391936
vt 0.00199093 0.898164
vt 0.16504 0.498878
vt 0.128073 0.0300072
vt 0.848881 0.0521247
vt 0.849164 0.0537573
vt 0.857657 0.04555
vt 0.799316 0.942959
vt 0.176218 0.674402
vt 0.176492 0.672644
vt 0.178567 0.673231
vt 0.00219681 0.896936
vt 0.0037125 0.894209
vt 0.174813 0.674096
vt 0.187436 0.932996
vt 0.185873 0.928409
vt 0.187764 0.930605
vt 0.820251 0.0462998
vt 0.822143 0.0480881
vt 0.139896 0.0358804
vt 0.142135 0.0363131
vt 0.820945 0.042355
vt 0.852985 0.0468038
vt 0.853828 0.0464175
vt 0.854721 0.0481886
vt 0.0200144 0.0698551
vt 0.0214217 0.0706005
vt 0.133141 0.0208665
vt 0.194248 0.881675
vt 0.371937 0.103333
vt 0.370527 0.102686
vt 0.372443 0.101565
vt 0.370706 0.0999254
vt 0.986449 0.300132
vt 0.98566 0.299393
vt 0.986933 0.298077
vt 0.988844 0.300545
vt 0.988299 0.301334
vt 0.133634 0.0199379
vt 0.989846 0.298162
vt 0.988612 0.296621
vt 0.189736 0.932204
vt 0.00935484 0.871658
vt 0.0799445 0.0440981
vt 0.0264727 0.0684976
vt 0.131267 0.0207351
vt 0.131207 0.0189168
vt 0.283871 0.304303
vt 0.983256 0.321173
vt 0.209005 0.0139014
vt 0.209001 0.0151366
vt 0.20752 0.0136983
vt 0.809588 0.0786349
vt 0.1915 0.932466
vt 0.207936 0.0130748
vt 0.209072 0.0124452
vt 0.208306 0.0123033
vt 0.188332 0.932287
vt 0.134619 0.0242001
vt 0.139987 0.0377976
vt 0.293496 0.292671
vt 0.2946 0.291085
vt 0.294891 0.293126
vt 0.798648 0.0803131
vt 0.798073 0.0794016
vt 0.13982 0.0403089
vt 0.792648 0.0732668
vt 0.795479 0.0751661
vt 0.251675 0.924627
vt 0.255727 0.921901
vt 0.253877 0.922406
vt 0.172788 0.672632
vt 0.171356 0.668988
vt 0.173813 0.669097
vt 0.80582 0.0815926
vt 0.184235 0.93028
vt 0.183923 0.926247
vt 0.168727 0.49861
vt 0.0100707 0.894081
vt 0.801736 0.0820433
vt 0.877391 0.0410513
vt 0.87667 0.041006
vt 0.876599 0.0405603
vt 0.171121 0.671618
vt 0.170251 0.669457
vt 0.0789546 0.0416064
vt 0.0755648 0.0517755
vt 0.0293013 0.0703278
vt 0.286175 0.304187
vt 0.853567 0.0572703
vt 0.852614 0.0577113
vt 0.851822 0.0552858
vt 0.797162 0.0771713
vt 0.848962 0.0581101
vt 0.849669 0.0582581
vt 0.825407 0.0538199
vt 0.824301 0.047011
vt 0.847752 0.0597572
vt 0.0301257 0.0686062
vt 0.297168 0.297757
vt 0.296648 0.29927
vt 0.845607 0.0589115
vt 0.846435 0.057947
vt 0.492937 0.229869
vt 0.492212 0.228841
vt 0.492874 0.228908
vt 0.492515 0.227195
vt 0.493685 0.228076
vt 0.847111 0.0571416
vt 0.144887 0.496628
vt 0.800722 0.077901
vt 0.428638 0.937527
vt 0.431644 0.913523
vt 0.298721 0.297769
vt 0.429872 0.9383
vt 0.297402 0.295214
vt 0.28448 0.303306
vt 0.298212 0.296284
vt 0.151393 0.496503
vt 0.489654 0.224832
vt 0.490526 0.226923
vt 0.489478 0.227168
vt 0.491941 0.22804
vt 0.489673 0.228742
vt 0.491464 0.22678
vt 0.0149605 0.0679945
vt 0.0168219 0.0679126
vt 0.0747253 0.0489684
vt 0.0183385 0.066685
vt 0.182925 0.672666
vt 0.183538 0.671841
vt 0.87535 0.0422522
vt 0.42662 0.936648
vt 0.427657 0.935885
vt 0.250124 0.923351
vt 0.249156 0.921267
vt 0.250924 0.922371
vt 0.426291 0.935567
vt 0.13041 0.0165514
vt 0.284078 0.300344
vt 0.282047 0.300926
vt 0.280385 0.300489
vt 0.805741 0.083496
vt 0.80892 0.0810674
vt 0.490677 0.225518
vt 0.0147806 0.0694826
vt 0.286137 0.302386
vt 0.200523 0.93574
vt 0.198078 0.935814
vt 0.200079 0.934889
vt 0.0765866 0.039566
vt 0.0776775 0.040678
vt 0.851004 0.0558376
vt 0.849191 0.0553995
vt 0.0777571 0.0390516
vt 0.271457 0.306804
vt 0.136112 0.0244889
vt 0.135731 0.0260749
vt 0.137425 0.0362764
vt 0.137186 0.0380962
vt 0.490612 0.230091
vt 0.84054 0.0635315
vt 0.841567 0.0616784
vt 0.180742 0.671131
vt 0.849563 0.05072
vt 0.851616 0.050928
vt 0.0222981 0.0699913
vt 0.850406 0.0528107
vt 0.127394 0.0209733
vt 0.128385 0.0224405
vt 0.0212245 0.0683463
vt 0.0223497 0.0696747
vt 0.135041 0.0200069
vt 0.27774 0.303731
vt 0.430422 0.939638
vt 0.0779323 0.0371796
vt 0.0799242 0.0351774
vt 0.430582 0.915941
vt 0.493181 0.231424
vt 0.491437 0.23084
vt 0.824846 0.0508639
vt 0.819391 0.0460353
vt 0.0783003 0.0351942
vt 0.494094 0.230588
vt 0.855738 0.0498781
vt 0.851983 0.0521924
vt 0.824451 0.0463287
vt 0.826256 0.0499114
vt 0.855298 0.0488887
vt 0.847279 0.0458887
vt 0.848512 0.0449437
vt 0.849736 0.0460506
vt 0.850556 0.0442025
vt 0.851785 0.0443217
vt 0.128261 0.0203308
vt 0.791712 0.0742015
vt 0.842196 0.0587401
vt 0.295285 0.302171
vt 0.839771 0.0619005
vt 0.841084 0.059664
vt 0.495191 0.231933
vt 0.283435 0.302895
vt 0.0766893 0.0327302
vt 0.856929 0.0484933
vt 0.85344 0.0522943
vt 0.854569 0.0557006
vt 0.8515 0.0502201
vt 0.289754 0.30445
vt 0.289793 0.302405
vt 0.127386 0.0164251
vt 0.0127638 0.892501
vt 0.0129943 0.890804
vt 0.813915 0.956608
vt 0.0139564 0.887698
vt 0.00101601 0.899091
vt 0.000798398 0.897704
vt 0.855408 0.0461815
vt 0.854883 0.0474315
vt 0.00201805 0.900154
vt 0.0790314 0.0304163
vt 0.0770633 0.031609
vt 0.857166 0.0473055
vt 0.128713 0.0298832
vt 0.178272 0.674768
vt 0.182519 0.674001
vt 0.181197 0.675293
vt 0.196773 0.224135
vt 0.199242 0.227798
vt 0.195822 0.224787
vt 0.198693 0.223198
vt 0.135047 0.0283226
vt 0.0797069 0.0275583
vt 0.0798719 0.029323
vt 0.0787004 0.0292266
vt 0.857879 0.0528473
vt 0.0786646 0.0276135
vt 0.171137 0.499045
vt 0.287904 0.298905
vt 0.144106 0.0367637
vt 0.84886 0.0512181
vt 0.846617 0.0502975
vt 0.132633 0.015176
vt 0.134041 0.0176231
vt 0.162467 0.497548
vt 0.000488281 0.900836
vt 0.432176 0.931987
vt 0.434464 0.931983
vt 0.471019 0.0984008
vt 0.858525 0.0498718
vt 0.824277 0.0538632
vt 0.184356 0.93323
vt 0.134857 0.0171605
vt 0.468176 0.0984725
vt 0.468105 0.0956757
vt 0.182475 0.669709
vt 0.183907 0.670028
vt 0.178726 0.669736
vt 0.858977 0.048113
vt 0.0234076 0.0676846
vt 0.19167 0.931807
vt 0.46198 0.096112
vt 0.465437 0.098667
vt 0.462504 0.0976306
vt 0.848141 0.0557141
vt 0.254424 0.923949
vt 0.190229 0.930972
vt 0.171346 0.673566
vt 0.986237 0.320684
vt 0.986908 0.321764
vt 0.28647 0.30016
vt 0.987693 0.322997
vt 0.802412 0.0783368
vt 0.0259782 0.0680445
vt 0.852647 0.0460838
vt 0.427124 0.93846
vt 0.423455 0.939737
vt 0.424758 0.936279
vt 0.135355 0.0324234
vt 0.241173 0.939379
vt 0.238861 0.93886
vt 0.24093 0.938378
vt 0.874637 0.0381001
vt 0.875394 0.0401561
vt 0.874314 0.040476
vt 0.822324 0.0434762
vt 0.190186 0.930479
vt 0.190711 0.932834
vt 0.164885 0.49785
vt 0.988856 0.32147
vt 0.0141114 0.0723051
vt 0.24514 0.932291
vt 0.246872 0.931836
vt 0.243186 0.935156
vt 0.285522 0.300242
vt 0.277582 0.30197
vt 0.279426 0.30127
vt 0.238954 0.940603
vt 0.177563 0.665854
vt 0.141342 0.0260052
vt 0.139887 0.0255706
vt 0.141408 0.024972
vt 0.245345 0.93411
vt 0.244371 0.934929
vt 0.140517 0.028217
vt 0.139128 0.0298831
vt 0.138944 0.0280134
vt 0.868014 0.0440521
vt 0.866937 0.0434524
vt 0.866652 0.0412147
vt 0.12837 0.0125946
vt 0.127467 0.0147619
vt 0.127021 0.0138397
vt 0.868434 0.0426541
vt 0.241667 0.937013
vt 0.241038 0.936197
vt 0.179846 0.669263
vt 0.13751 0.0219388
vt 0.137884 0.0235638
vt 0.137559 0.0248113
vt 0.140421 0.0196014
vt 0.13637 0.0191047
vt 0.136971 0.0167718
vt 0.128876 0.0127159
vt 0.855485 0.0451695
vt 0.860148 0.0485895
vt 0.867339 0.0456234
vt 0.869443 0.0439299
vt 0.870693 0.0456949
vt 0.0100099 0.871165
vt 0.130687 0.0132303
vt 0.131002 0.0108787
vt 0.136178 0.0337901
vt 0.135264 0.0187957
vt 0.135952 0.0177488
vt 0.279996 0.303122
vt 0.128546 0.0146798
vt 0.142122 0.0216595
vt 0.140691 0.0220106
vt 0.181947 0.667782
vt 0.491657 0.224564
vt 0.490222 0.224748
vt 0.200492 0.076938
vt 0.198886 0.0782308
vt 0.198018 0.0777916
vt 0.12994 0.0077076
vt 0.130652 0.00794011
vt 0.130128 0.00867522
vt 0.00171843 0.0779355
vt 0.00323645 0.0767274
vt 0.00198247 0.0786103
vt 0.291671 0.298355
vt 0.198073 0.0787939
vt 0.198226 0.0796251
vt 0.196351 0.0798597
vt 0.132997 0.0141005
vt 0.131818 0.0101149
vt 0.134281 0.0142772
vt 0.133046 0.00966752
vt 0.129946 0.0138448
vt 0.127501 0.0106351
vt 0.196354 0.0781527
vt 0.242885 0.932991
vt 0.136085 0.0213914
vt 0.141022 0.0178649
vt 0.84438 0.0564907
vt 0.00562058 0.0764863
vt 0.00322329 0.0788909
vt 0.00472619 0.0762211
vt 0.00741087 0.0756207
vt 0.855157 0.0481042
vt 0.813908 0.0346293
vt 0.139516 0.0242255
vt 0.138881 0.0219201
vt 0.140031 0.0228162
vt 0.924261 0.151202
vt 0.924326 0.149373
vt 0.129038 0.00853723
vt 0.464556 0.0941445
vt 0.466838 0.0966372
vt 0.250575 0.929696
vt 0.250131 0.929144
vt 0.860632 0.0473634
vt 0.00994107 0.870227
vt 0.138593 0.0346411
vt 0.137299 0.0325896
vt 0.138713 0.0332699
vt 0.248521 0.929459
vt 0.248486 0.928267
vt 0.138521 0.0315467
vt 0.294943 0.296389
vt 0.141261 0.0345933
vt 0.140933 0.0329008
vt 0.143472 0.0330076
vt 0.86515 0.0440776
vt 0.865218 0.0453563
vt 0.252316 0.921382
vt 0.253612 0.920143
vt 0.25407 0.921252
vt 0.929821 0.155762
vt 0.927994 0.154678
vt 0.929863 0.154402
vt 0.139411 0.0346718
vt 0.25193 0.92025
vt 0.195642 0.0776626
vt 0.169435 0.669513
vt 0.168462 0.667516
vt 0.170599 0.668084
vt 0.42794 0.938987
vt 0.922564 0.149652
vt 0.700595 0.112793
vt 0.695801 0.110493
vt 0.700846 0.108863
vt 0.870735 0.0421692
vt 0.872679 0.040758
vt 0.874159 0.0451564
vt 0.87152 0.0411314
vt 0.868309 0.0411596
vt 0.869292 0.0410194
vt 0.702328 0.109262
vt 0.237357 0.940918
vt 0.238118 0.939642
vt 0.493123 0.0753234
vt 0.491723 0.0781718
vt 0.490905 0.0754482
vt 0.853953 0.0455409
vt 0.0776901 0.0368462
vt 0.0766706 0.0346733
vt 0.496145 0.231161
vt 0.92961 0.152782
vt 0.928069 0.152794
vt 0.926723 0.150383
vt 0.856947 0.0442685
vt 0.843958 0.0580739
vt 0.920935 0.150723
vt 0.919848 0.151431
vt 0.135129 0.0141104
vt 0.19409 0.0786856
vt 0.241961 0.934306
vt 0.35578 0.102933
vt 0.35773 0.103999
vt 0.140607 0.0158697
vt 0.141875 0.0158889
vt 0.493959 0.0806362
vt 0.495042 0.0775954
vt 0.489459 0.0769273
vt 0.358052 0.102383
vt 0.922206 0.150923
vt 0.381073 0.10287
vt 0.382075 0.102882
vt 0.381716 0.103978
vt 0.201101 0.0775419
vt 0.202068 0.0769688
vt 0.0113264 0.866799
vt 0.0133571 0.866489
vt 0.182218 0.669338
vt 0.180515 0.667989
vt 0.137956 0.0200593
vt 0.427097 0.940807
vt 0.42255 0.941291
vt 0.340803 0.105518
vt 0.20085 0.0760795
vt 0.186768 0.0817757
vt 0.185052 0.0806847
vt 0.188474 0.0798824
vt 0.186771 0.0803856
vt 0.187294 0.0795831
vt 0.363564 0.102788
vt 0.364854 0.102477
vt 0.363248 0.104283
vt 0.790205 0.031079
vt 0.787838 0.0324017
vt 0.790724 0.030153
vt 0.00618859 0.074533
vt 0.00832619 0.0730047
vt 0.00831865 0.074544
vt 0.252419 0.923214
vt 0.461426 0.092563
vt 0.173968 0.665779
vt 0.127284 0.00661945
vt 0.12608 0.00688303
vt 0.2059 0.0710182
vt 0.203752 0.0728754
vt 0.203841 0.0713784
vt 0.180587 0.0771706
vt 0.182145 0.0793402
vt 0.180023 0.0790605
vt 0.382936 0.104098
vt 0.193182 0.0761535
vt 0.194043 0.0752238
vt 0.194156 0.0764534
vt 0.0111323 0.867539
vt 0.137135 0.020372
vt 0.136572 0.0213037
vt 0.135487 0.01613
vt 0.13625 0.0170137
vt 0.138375 0.0122947
vt 0.137282 0.0116569
vt 0.138093 0.0101008
vt 0.137895 0.0282162
vt 0.863708 0.0440683
vt 0.78522 0.0308915
vt 0.787232 0.029619
vt 0.195303 0.0742435
vt 0.197675 0.0731008
vt 0.197948 0.075299
vt 0.205327 0.0736439
vt 0.203 0.074809
vt 0.200446 0.0743033
vt 0.863184 0.0414813
vt 0.489946 0.224167
vt 0.490567 0.221968
vt 0.183403 0.668072
vt 0.182182 0.666415
vt 0.494846 0.222118
vt 0.246447 0.93066
vt 0.919551 0.149669
vt 0.92156 0.149022
vt 0.182444 0.075995
vt 0.182682 0.0779598
vt 0.0774118 0.0385373
vt 0.0743737 0.0323199
vt 0.200578 0.0791521
vt 0.204329 0.0768816
vt 0.496586 0.221959
vt 0.8637 0.0481988
vt 0.129752 0.00517094
vt 0.178827 0.0796698
vt 0.177945 0.0792497
vt 0.178957 0.0772673
vt 0.177511 0.0774954
vt 0.176969 0.0789816
vt 0.175874 0.0777093
vt 0.200648 0.0726503
vt 0.130163 0.0106046
vt 0.136534 0.0155151
vt 0.427842 0.939874
vt 0.199074 0.0767019
vt 0.139293 0.0334068
vt 0.138978 0.0311493
vt 0.365334 0.104661
vt 0.367708 0.105906
vt 0.134361 0.0155213
vt 0.18936 0.0781907
vt 0.187673 0.0779975
vt 0.0770957 0.030434
vt 0.192724 0.0751026
vt 0.817832 0.938061
vt 0.00829042 0.866872
vt 0.00900898 0.868731
vt 0.00763265 0.870681
vt 0.132832 0.00763041
vt 0.192877 0.0731989
vt 0.191693 0.0742867
vt 0.805434 0.933997
vt 0.805966 0.934044
vt 0.804357 0.935701
vt 0.20739 0.078371
vt 0.807055 0.93581
vt 0.92777 0.153466
vt 0.925838 0.15344
vt 0.17398 0.668315
vt 0.171485 0.665972
vt 0.87613 0.0391117
vt 0.874671 0.0415135
vt 0.133615 0.00794458
vt 0.135326 0.0115373
vt 0.190985 0.0776611
vt 0.191553 0.076717
vt 0.192102 0.0783491
vt 0.875845 0.0369905
vt 0.244111 0.936713
vt 0.926824 0.152426
vt 0.179735 0.665868
vt 0.488041 0.222378
vt 0.180246 0.0823698
vt 0.179731 0.0810448
vt 0.181829 0.0809848
vt 0.428432 0.940911
vt 0.195437 0.0797002
vt 0.142305 0.0291928
vt 0.198593 0.877049
vt 0.198935 0.877421
vt 0.19629 0.878654
vt 0.358432 0.104486
vt 0.816024 0.934918
vt 0.81828 0.937606
vt 0.813797 0.934283
vt 0.140851 0.0311415
vt 0.205012 0.0796024
vt 0.205494 0.0784483
vt 0.141408 0.0303118
vt 0.17519 0.0785457
vt 0.176194 0.0798243
vt 0.173927 0.0812503
vt 0.194546 0.0798815
vt 0.192967 0.0807495
vt 0.802539 0.948989
vt 0.191661 0.892496
vt 0.194378 0.89117
vt 0.195484 0.893909
vt 0.18073 0.0801991
vt 0.18251 0.0799573
vt 0.139246 0.037044
vt 0.138569 0.0172632
vt 0.138775 0.0165398
vt 0.922437 0.148305
vt 0.191971 0.0799639
vt 0.197214 0.876228
vt 0.198012 0.881633
vt 0.920651 0.148676
vt 0.136695 0.0251063
vt 0.13647 0.0282082
vt 0.989873 0.317547
vt 0.202673 0.0712804
vt 0.201009 0.0718163
vt 0.20062 0.0706589
vt 0.13227 0.00907493
vt 0.340156 0.103488
vt 0.342635 0.103634
vt 0.991008 0.315773
vt 0.379312 0.103532
vt 0.379064 0.102282
vt 0.990355 0.319442
vt 0.252883 0.918808
vt 0.253856 0.916914
vt 0.254912 0.919532
vt 0.80679 0.930365
vt 0.808006 0.931215
vt 0.805436 0.932601
vt 0.193803 0.888008
vt 0.195192 0.888654
vt 0.18877 0.0761586
vt 0.190756 0.0745721
vt 0.191561 0.0755559
vt 0.177039 0.0801665
vt 0.190938 0.887284
vt 0.793508 0.0337099
vt 0.794593 0.035102
vt 0.792495 0.0348364
vt 0.193181 0.884902
vt 0.190595 0.0793122
vt 0.191873 0.883031
vt 0.813057 0.932302
vt 0.811676 0.932695
vt 0.809514 0.930968
vt 0.37745 0.103844
vt 0.376608 0.10347
vt 0.188663 0.0809869
vt 0.194465 0.0747505
vt 0.990923 0.296539
vt 0.366729 0.0960964
vt 0.368586 0.0954609
vt 0.367905 0.0971733
vt 0.204868 0.223204
vt 0.190768 0.902041
vt 0.205392 0.22998
vt 0.822367 0.337919
vt 0.81637 0.331785
vt 0.817798 0.329109
vt 0.203523 0.0674702
vt 0.200104 0.0693716
vt 0.201434 0.0682992
vt 0.377681 0.102794
vt 0.491227 0.079822
vt 0.134481 0.00695848
vt 0.135928 0.0111163
vt 0.490093 0.0789803
vt 0.199104 0.875382
vt 0.993437 0.316738
vt 0.992574 0.317078
vt 0.424932 0.934634
vt 0.42557 0.934796
vt 0.199948 0.075259
vt 0.495092 0.0760181
vt 0.487695 0.0793937
vt 0.357388 0.0993975
vt 0.198009 0.0719662
vt 0.197794 0.0704452
vt 0.199824 0.069625
vt 0.203394 0.0782337
vt 0.142492 0.0254331
vt 0.199045 0.072275
vt 0.18479 0.0794157
vt 0.136303 0.00909925
vt 0.379251 0.105153
vt 0.378876 0.106047
vt 0.377616 0.104483
vt 0.198613 0.0735019
vt 0.812732 0.933856
vt 0.425516 0.935997
vt 0.194884 0.879231
vt 0.793061 0.0308606
vt 0.792312 0.0328326
vt 0.205405 0.0776264
vt 0.206592 0.0771609
vt 0.361704 0.104205
vt 0.877293 0.0394911
vt 0.488127 0.0808575
vt 0.194397 0.877847
vt 0.194716 0.878368
vt 0.795319 0.0319294
vt 0.79525 0.0327012
vt 0.362392 0.103178
vt 0.198378 0.0746484
vt 0.25021 0.921323
vt 0.135982 0.0308498
vt 0.427194 0.937642
vt 0.430081 0.940616
vt 0.169968 0.669348
vt 0.143147 0.0243161
vt 0.196764 0.069662
vt 0.196261 0.0716726
vt 0.178486 0.0810552
vt 0.195331 0.0712536
vt 0.994025 0.313393
vt 0.995248 0.315554
vt 0.17027 0.664062
vt 0.166504 0.666809
vt 0.358716 0.0986058
vt 0.996935 0.317541
vt 0.813374 0.331546
vt 0.814783 0.328259
vt 0.197057 0.0760918
vt 0.361433 0.102189
vt 0.362299 0.101456
vt 0.813969 0.324728
vt 0.189982 0.886119
vt 0.361355 0.0996694
vt 0.188916 0.891034
vt 0.986217 0.295638
vt 0.984187 0.297495
vt 0.983931 0.29507
vt 0.189315 0.884762
vt 0.192051 0.881009
vt 0.189348 0.880732
vt 0.993314 0.29982
vt 0.187437 0.887893
vt 0.140101 0.0128121
vt 0.815537 0.934178
vt 0.781848 0.0325184
vt 0.783937 0.0316915
vt 0.783268 0.0324367
vt 0.383983 0.103906
vt 0.384593 0.10542
vt 0.177577 0.0819654
vt 0.179945 0.0820367
vt 0.203172 0.0797719
vt 0.202545 0.0669859
vt 0.18412 0.0804061
vt 0.183894 0.081636
vt 0.130179 0.011553
vt 0.186914 0.076377
vt 0.188976 0.0770493
vt 0.137175 0.0251885
vt 0.202267 0.0693066
vt 0.203559 0.0698989
vt 0.138159 0.0154544
vt 0.184951 0.0777645
vt 0.00777479 0.871438
vt 0.809187 0.9317
vt 0.205145 0.0689965
vt 0.206231 0.0703393
vt 0.204141 0.0696535
vt 0.795158 0.0336998
vt 0.195169 0.0703939
vt 0.138492 0.0276588
vt 0.139672 0.0269224
vt 0.184851 0.0761101
vt 0.796327 0.0319674
vt 0.702406 0.107682
vt 0.703012 0.109917
vt 0.192809 0.0710714
vt 0.195052 0.0808459
vt 0.201314 0.87668
vt 0.201422 0.877542
vt 0.808053 0.933748
vt 0.203301 0.878509
vt 0.186588 0.0754979
vt 0.128957 0.0100489
vt 0.360156 0.101855
vt 0.000859153 0.0819201
vt 0.00137989 0.081381
vt 0.00353088 0.083496
vt 0.189095 0.074787
vt 0.385648 0.106461
vt 0.386172 0.105919
vt 0.0106282 0.0715302
vt 0.801889 0.935264
vt 0.193902 0.0772201
vt 0.000488281 0.0811155
vt 0.930679 0.154835
vt 0.354395 0.104101
vt 0.19998 0.0734711
vt 0.129988 0.00999558
vt 0.189721 0.0815551
vt 0.199049 0.0690361
vt 0.790234 0.0371674
vt 0.384698 0.103438
vt 0.792045 0.0362251
vt 0.702162 0.111516
vt 0.78843 0.0292333
vt 0.190095 0.0785077
vt 0.197259 0.0683294
vt 0.194277 0.068962
vt 0.196356 0.0675659
vt 0.983055 0.297359
vt 0.983355 0.294
vt 0.386692 0.107394
vt 0.787574 0.0291119
vt 0.786516 0.0325039
vt 0.0928961 0.907369
vt 0.092306 0.90575
vt 0.0937107 0.906461
vt 0.139118 0.0097782
vt 0.141089 0.0115542
vt 0.141899 0.00986171
vt 0.14059 0.00848109
vt 0.141286 0.00665379
vt 0.203837 0.0151366
vt 0.203613 0.0136047
vt 0.204646 0.0141428
vt 0.126185 0.0104558
vt 0.818267 0.938818
vt 0.2004 0.067638
vt 0.916046 0.146312
vt 0.181541 0.0841654
vt 0.183299 0.0835071
vt 0.140525 0.0147337
vt 0.139065 0.00877196
vt 0.816544 0.937136
vt 0.375174 0.103788
vt 0.375533 0.105927
vt 0.136946 0.00893253
vt 0.20463 0.877972
vt 0.138909 0.0144446
vt 0.367128 0.104503
vt 0.19422 0.0695948
vt 0.138286 0.00753504
vt 0.371216 0.10403
vt 0.370226 0.103282
vt 0.804977 0.0327107
vt 0.196981 0.072459
vt 0.983807 0.296784
vt 0.367518 0.103342
vt 0.194047 0.0703534
vt 0.141398 0.0136844
vt 0.347687 0.102949
vt 0.880658 0.0545383
vt 0.878012 0.0568985
vt 0.877351 0.0564081
vt 0.877931 0.0540684
vt 0.813495 0.0405741
vt 0.496717 0.0759311
vt 0.0942755 0.905686
vt 0.0925101 0.904814
vt 0.0963954 0.911291
vt 0.0940818 0.908682
vt 0.0947632 0.908566
vt 0.181294 0.0832247
vt 0.87942 0.0575434
vt 0.87969 0.0564796
vt 0.0808652 0.901582
vt 0.0814793 0.903984
vt 0.0805664 0.903975
vt 0.764693 0.435699
vt 0.764291 0.433588
vt 0.766883 0.433917
vt 0.082788 0.90391
vt 0.0826538 0.901655
vt 0.169545 0.0805539
vt 0.170518 0.0795774
vt 0.16988 0.0818151
vt 0.168544 0.0827686
vt 0.781104 0.425764
vt 0.783156 0.42709
vt 0.778858 0.426515
vt 0.193545 0.0813416
vt 0.0843837 0.903197
vt 0.789797 0.0290703
vt 0.879066 0.053902
vt 0.128217 0.0151882
vt 0.17201 0.0803309
vt 0.17242 0.0813755
vt 0.171651 0.0818005
vt 0.167838 0.0822336
vt 0.14035 0.00524646
vt 0.778305 0.427629
vt 0.780404 0.42817
vt 0.778064 0.429013
vt 0.207328 0.0742518
vt 0.0831599 0.905365
vt 0.0845497 0.904901
vt 0.0848624 0.905825
vt 0.873739 0.0526838
vt 0.875102 0.0532887
vt 0.87334 0.054774
vt 0.199125 0.0660729
vt 0.202694 0.0659528
vt 0.193737 0.0724184
vt 0.784253 0.426884
vt 0.780711 0.42726
vt 0.782079 0.4278
vt 0.883756 0.0532454
vt 0.886889 0.0528706
vt 0.886625 0.0537032
vt 0.477051 0.147304
vt 0.478711 0.146614
vt 0.477386 0.147949
vt 0.173035 0.0776879
vt 0.171419 0.0815845
vt 0.776502 0.428729
vt 0.775274 0.427442
vt 0.863922 0.0602007
vt 0.863696 0.0581397
vt 0.865259 0.0590521
vt 0.862969 0.0609574
vt 0.191525 0.0819677
vt 0.192362 0.0719283
vt 0.193934 0.073534
vt 0.199285 0.0670832
vt 0.0880411 0.903266
vt 0.0869202 0.903592
vt 0.0872658 0.902255
vt 0.485378 0.144907
vt 0.483654 0.143553
vt 0.484828 0.144066
vt 0.87159 0.0522183
vt 0.870011 0.0536811
vt 0.869359 0.0528555
vt 0.0862082 0.902793
vt 0.852681 0.0422204
vt 0.853181 0.0400837
vt 0.854021 0.0412421
vt 0.766259 0.431706
vt 0.188382 0.0727483
vt 0.190223 0.0704342
vt 0.19093 0.0721625
vt 0.483014 0.145884
vt 0.483829 0.144842
vt 0.090843 0.906786
vt 0.0903335 0.905502
vt 0.884171 0.0525776
vt 0.481828 0.14445
vt 0.853696 0.0394067
vt 0.764277 0.434348
vt 0.763062 0.43531
vt 0.141807 0.00513834
vt 0.857915 0.0389184
vt 0.859544 0.0396397
vt 0.858057 0.0398844
vt 0.0923829 0.908077
vt 0.189774 0.0739061
vt 0.487055 0.145447
vt 0.853171 0.0391726
vt 0.854128 0.0385301
vt 0.767438 0.432356
vt 0.919093 0.147418
vt 0.86574 0.0573257
vt 0.865824 0.056067
vt 0.868204 0.0551179
vt 0.762152 0.434762
vt 0.761837 0.433354
vt 0.0885872 0.904645
vt 0.796383 0.0334983
vt 0.177511 0.663358
vt 0.85225 0.0398681
vt 0.480702 0.142148
vt 0.480795 0.144547
vt 0.842905 0.0408256
vt 0.843727 0.0412508
vt 0.842641 0.042919
vt 0.749899 0.0187886
vt 0.747392 0.0174885
vt 0.74885 0.0162899
vt 0.0954595 0.907872
vt 0.0965594 0.908787
vt 0.0958726 0.909384
vt 0.774558 0.430248
vt 0.772228 0.430097
vt 0.823026 0.343091
vt 0.818491 0.342205
vt 0.818343 0.339497
vt 0.495117 0.219881
vt 0.784353 0.02943
vt 0.889098 0.0543466
vt 0.879593 0.0520929
vt 0.881765 0.0508233
vt 0.881871 0.0516961
vt 0.172252 0.664118
vt 0.875246 0.0552402
vt 0.877234 0.0575286
vt 0.176498 0.663911
vt 0.862164 0.0592706
vt 0.0900699 0.904561
vt 0.847014 0.0426745
vt 0.848979 0.0422924
vt 0.849196 0.0433154
vt 0.427407 0.944224
vt 0.429604 0.942142
vt 0.430862 0.943077
vt 0.0769507 0.0261331
vt 0.0753015 0.0268213
vt 0.0760259 0.0256491
vt 0.08851 0.908414
vt 0.145109 0.0412146
vt 0.144536 0.0399678
vt 0.145933 0.0404282
vt 0.146444 0.0393449
vt 0.870582 0.0408984
vt 0.884986 0.0513967
vt 0.825799 0.342777
vt 0.814319 0.340399
vt 0.486338 0.218577
vt 0.853161 0.0371711
vt 0.147589 0.039803
vt 0.840639 0.044179
vt 0.775715 0.426579
vt 0.777474 0.426879
vt 0.0942914 0.907533
vt 0.772774 0.428669
vt 0.770543 0.430675
vt 0.0276612 0.0648041
vt 0.025887 0.0645625
vt 0.0241859 0.063955
vt 0.363854 0.0973809
vt 0.196445 0.220694
vt 0.197298 0.219875
vt 0.850236 0.0414803
vt 0.851732 0.0425179
vt 0.366224 0.100803
vt 0.366516 0.0984075
vt 0.0748598 0.0258564
vt 0.747531 0.00321871
vt 0.748683 0.00129217
vt 0.750189 0.00418079
vt 0.748451 0.00542229
vt 0.205365 0.0668859
vt 0.827183 0.343885
vt 0.827484 0.345134
vt 0.825698 0.345215
vt 0.188424 0.0709009
vt 0.189629 0.0698444
vt 0.19844 0.066806
vt 0.0749355 0.0290692
vt 0.0740722 0.0285229
vt 0.188128 0.0700545
vt 0.829937 0.34257
vt 0.856316 0.0399134
vt 0.855388 0.0385279
vt 0.856745 0.0382551
vt 0.862012 0.0386606
vt 0.859566 0.0382791
vt 0.859445 0.0376764
vt 0.764811 0.432676
vt 0.763643 0.432014
vt 0.747052 0.0121287
vt 0.747908 0.0110738
vt 0.748635 0.0128672
vt 0.089325 0.903082
vt 0.424638 0.943206
vt 0.14468 0.0333068
vt 0.143279 0.03135
vt 0.0236636 0.0653941
vt 0.0217937 0.0658394
vt 0.0238112 0.0647857
vt 0.883513 0.0506098
vt 0.88197 0.0537269
vt 0.880457 0.0536174
vt 0.85375 0.0441566
vt 0.853194 0.0426832
vt 0.085319 0.902103
vt 0.436377 0.945803
vt 0.43694 0.947134
vt 0.434603 0.945542
vt 0.187541 0.0741104
vt 0.186831 0.0727086
vt 0.747845 0.0137653
vt 0.189879 0.0669869
vt 0.18894 0.0685488
vt 0.187742 0.0679755
vt 0.147536 0.0422996
vt 0.0286503 0.0639406
vt 0.871732 0.0554935
vt 0.871245 0.0543425
vt 0.345934 0.921532
vt 0.339246 0.918733
vt 0.34557 0.920308
vt 0.43198 0.945668
vt 0.433856 0.944624
vt 0.485853 0.221807
vt 0.484596 0.221694
vt 0.35946 0.0971568
vt 0.342515 0.917489
vt 0.192031 0.879568
vt 0.875098 0.0514616
vt 0.876319 0.0509159
vt 0.8768 0.0529425
vt 0.484919 0.0815428
vt 0.484863 0.0801218
vt 0.762223 0.437979
vt 0.761745 0.437382
vt 0.763526 0.436528
vt 0.868261 0.0556884
vt 0.147087 0.0353698
vt 0.148552 0.0344781
vt 0.149588 0.0359692
vt 0.748235 0.00717932
vt 0.749189 0.00967193
vt 0.747709 0.00945765
vt 0.851808 0.0421293
vt 0.869021 0.0573656
vt 0.867829 0.0578105
vt 0.142952 0.0199066
vt 0.144047 0.0228102
vt 0.143546 0.0226538
vt 0.144545 0.0358998
vt 0.7497 0.00720966
vt 0.751007 0.0121816
vt 0.750543 0.00565469
vt 0.751348 0.00688213
vt 0.767272 0.430735
vt 0.768492 0.432164
vt 0.7511 0.00973445
vt 0.84192 0.0405994
vt 0.842548 0.03886
vt 0.843612 0.0399261
vt 0.348252 0.921247
vt 0.844439 0.0395982
vt 0.859911 0.040243
vt 0.861996 0.0417987
vt 0.773004 0.427535
vt 0.486262 0.0787853
vt 0.146212 0.0369497
vt 0.861721 0.0400566
vt 0.863562 0.0379418
vt 0.863872 0.0405264
vt 0.865056 0.0401671
vt 0.146537 0.0275928
vt 0.147198 0.0284162
vt 0.146397 0.0297446
vt 0.437004 0.949687
vt 0.436299 0.948973
vt 0.43821 0.949639
vt 0.86921 0.0545375
vt 0.487141 0.143073
vt 0.484454 0.142783
vt 0.487052 0.142252
vt 0.438857 0.947976
vt 0.760976 0.436751
vt 0.150092 0.0336092
vt 0.148418 0.0392385
vt 0.149152 0.0409638
vt 0.148306 0.0331406
vt 0.751253 0.018543
vt 0.338193 0.917974
vt 0.33934 0.919606
vt 0.749901 0.0167104
vt 0.147629 0.0363159
vt 0.147364 0.0368968
vt 0.846889 0.0330171
vt 0.843114 0.034061
vt 0.844362 0.03078
vt 0.840514 0.0484171
vt 0.840997 0.0476644
vt 0.843582 0.0471527
vt 0.843088 0.0308586
vt 0.878663 0.0508367
vt 0.150585 0.0379016
vt 0.153052 0.036461
vt 0.15289 0.0370612
vt 0.487348 0.147289
vt 0.48816 0.14699
vt 0.869508 0.0535941
vt 0.146377 0.0323779
vt 0.150981 0.0347694
vt 0.146286 0.0175511
vt 0.146201 0.0147176
vt 0.14724 0.0163965
vt 0.150015 0.039269
vt 0.335646 0.916701
vt 0.358837 0.0962933
vt 0.360342 0.0936102
vt 0.36179 0.0950265
vt 0.367233 0.0931346
vt 0.483322 0.142204
vt 0.365624 0.0939469
vt 0.36776 0.0922874
vt 0.770995 0.428142
vt 0.0264226 0.0655252
vt 0.0273875 0.0657171
vt 0.865859 0.0389501
vt 0.0969208 0.909714
vt 0.751519 0.0152377
vt 0.142718 0.0163029
vt 0.144638 0.0170022
vt 0.14393 0.0184376
vt 0.486774 0.141234
vt 0.485215 0.140928
vt 0.486407 0.139785
vt 0.4286 0.946329
vt 0.430229 0.946787
vt 0.185917 0.069181
vt 0.217643 0.062601
vt 0.217217 0.0636345
vt 0.214632 0.0620704
vt 0.346715 0.923511
vt 0.348371 0.922623
vt 0.0815743 0.905008
vt 0.170136 0.659529
vt 0.173126 0.659558
vt 0.168409 0.663539
vt 0.750621 0.0172421
vt 0.487929 0.144386
vt 0.48368 0.146491
vt 0.48701 0.14626
vt 0.762058 0.434768
vt 0.432599 0.94458
vt 0.153944 0.0382919
vt 0.147829 0.0263518
vt 0.149234 0.0270091
vt 0.148571 0.0294998
vt 0.857782 0.0372958
vt 0.145843 0.0349277
vt 0.144834 0.0313078
vt 0.0957085 0.911362
vt 0.0938743 0.910009
vt 0.777396 0.426554
vt 0.145445 0.0222929
vt 0.146474 0.0195448
vt 0.147807 0.0234329
vt 0.146726 0.0342896
vt 0.487044 0.143887
vt 0.484159 0.141374
vt 0.0927843 0.908533
vt 0.497717 0.220384
vt 0.496628 0.221164
vt 0.215463 0.0639483
vt 0.484303 0.139798
vt 0.77184 0.427073
vt 0.0936857 0.911368
vt 0.0896288 0.908901
vt 0.19216 0.0685461
vt 0.0922584 0.910116
vt 0.178908 0.0701901
vt 0.178862 0.0692243
vt 0.182443 0.0703015
vt 0.433198 0.947867
vt 0.176624 0.0691785
vt 0.145345 0.0264723
vt 0.0861188 0.906446
vt 0.184796 0.0694924
vt 0.185997 0.068245
vt 0.841222 0.0371277
vt 0.843444 0.0376071
vt 0.86189 0.0577141
vt 0.0915686 0.904425
vt 0.0247625 0.0652168
vt 0.769432 0.430812
vt 0.480251 0.140879
vt 0.769479 0.429967
vt 0.363696 0.0926386
vt 0.366613 0.0909967
vt 0.334199 0.921693
vt 0.337351 0.922896
vt 0.335485 0.923191
vt 0.843188 0.0446676
vt 0.843948 0.0433529
vt 0.854163 0.035853
vt 0.852869 0.0357286
vt 0.852866 0.0340478
vt 0.85409 0.0350211
vt 0.173772 0.657831
vt 0.174729 0.656264
vt 0.175066 0.65907
vt 0.180156 0.90393
vt 0.181354 0.905012
vt 0.17855 0.904909
vt 0.855658 0.0364306
vt 0.841708 0.045361
vt 0.17829 0.90276
vt 0.855711 0.0343542
vt 0.843076 0.0365253
vt 0.864513 0.0349059
vt 0.866339 0.0355344
vt 0.865313 0.0361739
vt 0.856908 0.0353754
vt 0.859303 0.0362628
vt 0.848352 0.0328744
vt 0.848298 0.0339577
vt 0.170399 0.0684612
vt 0.172969 0.0702795
vt 0.170965 0.0700758
vt 0.488072 0.142444
vt 0.840204 0.0387494
vt 0.335972 0.91898
vt 0.333901 0.920146
vt 0.333797 0.919531
vt 0.847629 0.0301256
vt 0.877518 0.0503281
vt 0.872843 0.0357126
vt 0.875381 0.0373315
vt 0.871381 0.0376201
vt 0.154481 0.0361915
vt 0.859012 0.0353993
vt 0.857088 0.0332176
vt 0.859748 0.0346638
vt 0.343512 0.92181
vt 0.861993 0.0375144
vt 0.855551 0.0398933
vt 0.854511 0.0401778
vt 0.175026 0.662314
vt 0.176975 0.662195
vt 0.873324 0.0520454
vt 0.867583 0.0538302
vt 0.15576 0.03732
vt 0.854521 0.0333702
vt 0.144028 0.029338
vt 0.336108 0.921762
vt 0.484034 0.220289
vt 0.48291 0.220496
vt 0.845801 0.037891
vt 0.172266 0.662553
vt 0.479141 0.144984
vt 0.480511 0.145544
vt 0.752607 0.0136081
vt 0.753316 0.0150346
vt 0.752087 0.0165603
vt 0.755527 0.0185283
vt 0.215022 0.0153963
vt 0.21518 0.014597
vt 0.219585 0.0160182
vt 0.147542 0.0197253
vt 0.0157542 0.0673088
vt 0.0189808 0.0651245
vt 0.214658 0.0133287
vt 0.218134 0.0147831
vt 0.844871 0.0360183
vt 0.333862 0.920715
vt 0.236043 0.935027
vt 0.237499 0.937201
vt 0.234863 0.937338
vt 0.142382 0.0177448
vt 0.870364 0.035468
vt 0.867965 0.0364335
vt 0.235071 0.936495
vt 0.882004 0.0562806
vt 0.857454 0.0416047
vt 0.191417 0.0697991
vt 0.17704 0.0682361
vt 0.0179197 0.0656548
vt 0.0164605 0.065953
vt 0.1437 0.0134458
vt 0.1461 0.0162073
vt 0.183615 0.0697256
vt 0.182133 0.0691139
vt 0.152386 0.0416143
vt 0.873262 0.0319382
vt 0.875121 0.032621
vt 0.874065 0.0335324
vt 0.85018 0.03483
vt 0.849881 0.0336128
vt 0.851377 0.0333078
vt 0.147043 0.0150207
vt 0.33223 0.91855
vt 0.849579 0.0323656
vt 0.21226 0.0141606
vt 0.855506 0.0319149
vt 0.854111 0.0317826
vt 0.216719 0.0653089
vt 0.217998 0.0637128
vt 0.481129 0.146712
vt 0.0240121 0.0660685
vt 0.0227334 0.0671784
vt 0.852597 0.0314043
vt 0.853121 0.0332102
vt 0.18839 0.0661684
vt 0.746863 0.00887316
vt 0.746664 0.0057686
vt 0.866182 0.0341614
vt 0.479565 0.141728
vt 0.44038 0.950128
vt 0.846879 0.0343078
vt 0.856272 0.03198
vt 0.858485 0.0318021
vt 0.876727 0.0547789
vt 0.14939 0.0253695
vt 0.868395 0.0345951
vt 0.861201 0.036341
vt 0.239789 0.934471
vt 0.240351 0.933546
vt 0.193675 0.0669842
vt 0.0940019 0.912496
vt 0.0951296 0.913013
vt 0.853648 0.0325437
vt 0.746582 0.0017873
vt 0.747272 0.000808477
vt 0.86517 0.0416254
vt 0.846866 0.0376163
vt 0.1446 0.0271231
vt 0.852828 0.0408434
vt 0.871659 0.0331112
vt 0.868867 0.0326694
vt 0.868198 0.0319574
vt 0.85935 0.0327795
vt 0.151373 0.0395719
vt 0.0769907 0.0292919
vt 0.0744739 0.0317275
vt 0.87606 0.0325478
vt 0.875825 0.0315489
vt 0.214353 0.0153663
vt 0.15581 0.0355297
vt 0.496844 0.221296
vt 0.846632 0.0354589
vt 0.146345 0.0183582
vt 0.426518 0.944961
vt 0.841292 0.0306032
vt 0.84058 0.0321991
vt 0.18068 0.0704997
vt 0.845877 0.0343199
vt 0.851899 0.0318787
vt 0.211426 0.0140928
vt 0.170875 0.656493
vt 0.173828 0.654104
vt 0.219471 0.0634528
vt 0.337941 0.922391
vt 0.337514 0.920563
vt 0.332472 0.921705
vt 0.0183872 0.0643983
vt 0.148368 0.0180715
vt 0.183843 0.905762
vt 0.184434 0.90334
vt 0.338936 0.912845
vt 0.341429 0.916543
vt 0.862317 0.0620116
vt 0.862047 0.0609726
vt 0.0295057 0.0649194
vt 0.337163 0.914905
vt 0.223849 0.014888
vt 0.223136 0.0161493
vt 0.222184 0.0155549
vt 0.195801 0.224017
vt 0.835308 0.0343207
vt 0.835943 0.0344215
vt 0.835004 0.0351527
vt 0.353484 0.925033
vt 0.352316 0.925293
vt 0.352888 0.923457
vt 0.142371 0.0167919
vt 0.150654 0.0243556
vt 0.151328 0.0227696
vt 0.151523 0.0238425
vt 0.861793 0.0345669
vt 0.860588 0.0338115
vt 0.149931 0.0197899
vt 0.150185 0.016761
vt 0.435691 0.950683
vt 0.195863 0.221756
vt 0.150033 0.0202736
vt 0.148735 0.0199249
vt 0.845509 0.0295628
vt 0.15224 0.024432
vt 0.151738 0.0268202
vt 0.152466 0.0157393
vt 0.151095 0.019224
vt 0.150361 0.0152307
vt 0.152021 0.0141562
vt 0.151759 0.0333586
vt 0.153844 0.0357361
vt 0.868544 0.0335096
vt 0.844254 0.0447223
vt 0.179948 0.0678414
vt 0.862861 0.0325744
vt 0.865086 0.0327878
vt 0.849764 0.0302829
vt 0.146834 0.044604
vt 0.8786 0.032579
vt 0.870515 0.0345179
vt 0.155606 0.0395893
vt 0.154373 0.0340554
vt 0.842229 0.0294976
vt 0.151164 0.0302178
vt 0.0738271 0.0339187
vt 0.0733419 0.0311853
vt 0.86804 0.0327531
vt 0.0727539 0.029745
vt 0.153283 0.0312254
vt 0.870828 0.0334349
vt 0.149905 0.0150433
vt 0.176049 0.661559
vt 0.20318 0.0625837
vt 0.200703 0.0640339
vt 0.200969 0.0630212
vt 0.149269 0.0217434
vt 0.153448 0.0323628
vt 0.152811 0.0275129
vt 0.153768 0.0310782
vt 0.153001 0.0302371
vt 0.146231 0.0361899
vt 0.224735 0.0163243
vt 0.223981 0.0170131
vt 0.815145 0.334189
vt 0.814239 0.333823
vt 0.815122 0.336136
vt 0.150074 0.0268891
vt 0.156716 0.0396407
vt 0.186928 0.894487
vt 0.185732 0.891112
vt 0.185456 0.894481
vt 0.155509 0.0403368
vt 0.202885 0.0595759
vt 0.201012 0.0614297
vt 0.201401 0.0593579
vt 0.185913 0.896763
vt 0.181419 0.892633
vt 0.146612 0.0108409
vt 0.206594 0.0631678
vt 0.203536 0.0635586
vt 0.350607 0.924539
vt 0.195017 0.063787
vt 0.19685 0.0630214
vt 0.198484 0.0633657
vt 0.153192 0.0257488
vt 0.142347 0.0140023
vt 0.154134 0.0174935
vt 0.340115 0.880287
vt 0.3372 0.880799
vt 0.34011 0.878139
vt 0.220359 0.0150933
vt 0.184266 0.889075
vt 0.184134 0.884387
vt 0.184472 0.880976
vt 0.812988 0.337528
vt 0.179576 0.899877
vt 0.180948 0.89731
vt 0.182722 0.900469
vt 0.185814 0.899077
vt 0.186489 0.89713
vt 0.831465 0.755286
vt 0.829778 0.753298
vt 0.833507 0.754201
vt 0.848393 0.029558
vt 0.833122 0.752077
vt 0.861489 0.0320088
vt 0.861348 0.0312921
vt 0.869414 0.0315387
vt 0.188684 0.0641373
vt 0.187289 0.063821
vt 0.189463 0.0625657
vt 0.755905 0.0196784
vt 0.756173 0.0201773
vt 0.337606 0.911763
vt 0.86512 0.0311299
vt 0.152603 0.0212262
vt 0.3369 0.881729
vt 0.335826 0.881684
vt 0.835483 0.75644
vt 0.837811 0.752635
vt 0.341537 0.882429
vt 0.341917 0.880356
vt 0.345062 0.881326
vt 0.334049 0.880459
vt 0.838182 0.0321756
vt 0.836546 0.0324208
vt 0.152483 0.0195854
vt 0.145164 0.0105333
vt 0.145512 0.00873917
vt 0.329886 0.886328
vt 0.332143 0.887978
vt 0.32976 0.890197
vt 0.154542 0.0216448
vt 0.873558 0.0349517
vt 0.874581 0.0342752
vt 0.304288 0.947865
vt 0.303112 0.947708
vt 0.303991 0.945643
vt 0.304598 0.945954
vt 0.180926 0.887947
vt 0.182941 0.882181
vt 0.182061 0.882566
vt 0.182187 0.881284
vt 0.179881 0.880893
vt 0.149889 0.0298188
vt 0.151324 0.0285553
vt 0.860105 0.0327108
vt 0.198287 0.0614434
vt 0.221731 0.0170897
vt 0.203981 0.0608913
vt 0.838511 0.757324
vt 0.201536 0.0645858
vt 0.349814 0.9223
vt 0.349405 0.923949
vt 0.452131 0.47796
vt 0.450948 0.481375
vt 0.449658 0.481455
vt 0.177696 0.898028
vt 0.86236 0.0358904
vt 0.145996 0.00585604
vt 0.14707 0.0091297
vt 0.860472 0.0297565
vt 0.179177 0.89476
vt 0.336426 0.879335
vt 0.450409 0.477872
vt 0.44931 0.480084
vt 0.447752 0.479644
vt 0.445711 0.478624
vt 0.445252 0.475601
vt 0.196033 0.0621004
vt 0.184422 0.0638727
vt 0.186213 0.0640243
vt 0.185853 0.064884
vt 0.178179 0.882921
vt 0.177474 0.880961
vt 0.448916 0.473237
vt 0.445652 0.472176
vt 0.448192 0.468386
vt 0.176201 0.899012
vt 0.175309 0.897927
vt 0.872699 0.0332227
vt 0.183009 0.0660052
vt 0.180304 0.0674466
vt 0.839123 0.752501
vt 0.153231 0.022477
vt 0.153106 0.0236946
vt 0.178211 0.89657
vt 0.446481 0.481943
vt 0.445376 0.479983
vt 0.199256 0.064346
vt 0.445035 0.484174
vt 0.4503 0.484256
vt 0.450252 0.48354
vt 0.44967 0.48341
vt 0.213223 0.0629374
vt 0.876845 0.0306413
vt 0.172993 0.879239
vt 0.392657 0.39479
vt 0.39027 0.399949
vt 0.388653 0.397885
vt 0.175058 0.0690032
vt 0.350154 0.881404
vt 0.34827 0.882867
vt 0.346842 0.880788
vt 0.182489 0.876973
vt 0.185409 0.878947
vt 0.182764 0.878467
vt 0.863635 0.0323626
vt 0.328313 0.891519
vt 0.327904 0.890453
vt 0.194135 0.0650946
vt 0.19141 0.0640284
vt 0.148503 0.0105568
vt 0.176304 0.0656733
vt 0.175645 0.0676501
vt 0.859239 0.0323397
vt 0.200124 0.0623958
vt 0.194601 0.0630238
vt 0.184455 0.062875
vt 0.864092 0.0360349
vt 0.198213 0.0601025
vt 0.334114 0.885078
vt 0.334236 0.887193
vt 0.221836 0.0145364
vt 0.22372 0.0124229
vt 0.339742 0.883717
vt 0.337806 0.885092
vt 0.336251 0.882636
vt 0.838546 0.0103517
vt 0.840621 0.0126956
vt 0.834833 0.0126926
vt 0.0124115 0.414352
vt 0.0172674 0.413311
vt 0.0152391 0.414655
vt 0.18171 0.0621733
vt 0.178829 0.061331
vt 0.181092 0.0613675
vt 0.192157 0.059102
vt 0.193651 0.0597337
vt 0.189168 0.060102
vt 0.335359 0.886518
vt 0.878471 0.0307403
vt 0.195066 0.0596173
vt 0.195381 0.060696
vt 0.184029 0.0581681
vt 0.18458 0.059432
vt 0.182703 0.0597761
vt 0.301443 0.947457
vt 0.301843 0.949093
vt 0.178928 0.0659236
vt 0.879427 0.031738
vt 0.152276 0.00828111
vt 0.152608 0.00402415
vt 0.15324 0.00731093
vt 0.182699 0.0640575
vt 0.0271271 0.411588
vt 0.0316245 0.41278
vt 0.0289449 0.413045
vt 0.836667 0.0334634
vt 0.192484 0.0653868
vt 0.190883 0.0649837
vt 0.327726 0.889113
vt 0.152929 0.0183003
vt 0.14511 0.0120406
vt 0.196358 0.0604554
vt 0.142643 0.00586617
vt 0.200358 0.0588499
vt 0.153614 0.014235
vt 0.194789 0.0585383
vt 0.303653 0.950286
vt 0.303233 0.952628
vt 0.302778 0.951196
vt 0.169072 0.0692697
vt 0.192989 0.0625042
vt 0.613001 0.190778
vt 0.615418 0.192761
vt 0.611816 0.190955
vt 0.188904 0.0589206
vt 0.151027 0.00880963
vt 0.149325 0.00820172
vt 0.150487 0.00556612
vt 0.19245 0.0610532
vt 0.212164 0.0639194
vt 0.210947 0.0627968
vt 0.206725 0.0544154
vt 0.202521 0.0548707
vt 0.203053 0.0534343
vt 0.145549 0.0140212
vt 0.0132076 0.415914
vt 0.0095403 0.418353
vt 0.147234 0.00703335
vt 0.153092 0.0132965
vt 0.179749 0.0599269
vt 0.181682 0.0602592
vt 0.143129 0.00856167
vt 0.1446 0.00921649
vt 0.197652 0.0589128
vt 0.300432 0.946966
vt 0.300832 0.944965
vt 0.351241 0.883243
vt 0.350426 0.883906
vt 0.203845 0.0525533
vt 0.20493 0.0533273
vt 0.202827 0.0517244
vt 0.20134 0.0535949
vt 0.302256 0.944982
vt 0.147385 0.0136955
vt 0.149646 0.0143458
vt 0.198313 0.0586627
vt 0.197327 0.0576586
vt 0.339485 0.881439
vt 0.166504 0.0141569
vt 0.168529 0.0128707
vt 0.169051 0.014529
vt 0.839989 0.0110853
vt 0.841513 0.00946206
vt 0.843736 0.0126402
vt 0.154267 0.0132263
vt 0.205059 0.0598067
vt 0.167955 0.0151366
vt 0.0270506 0.413392
vt 0.0257159 0.412262
vt 0.14926 0.0108908
vt 0.196165 0.056407
vt 0.200276 0.0513449
vt 0.154039 0.0161319
vt 0.334643 0.883243
vt 0.189453 0.0608134
vt 0.189121 0.0615116
vt 0.843893 0.0100363
vt 0.179927 0.0593028
vt 0.00356427 0.414298
vt 0.00488755 0.412393
vt 0.00478469 0.414076
vt 0.864763 0.0555683
vt 0.302466 0.955465
vt 0.385302 0.409916
vt 0.387032 0.411932
vt 0.384115 0.413574
vt 0.835203 0.73129
vt 0.831026 0.735709
vt 0.830276 0.733431
vt 0.383301 0.410606
vt 0.385907 0.408616
vt 0.181885 0.0584517
vt 0.00950852 0.411922
vt 0.00643258 0.411062
vt 0.0104042 0.409409
vt 0.0310479 0.413635
vt 0.0300069 0.414237
vt 0.207892 0.062563
vt 0.209746 0.0618867
vt 0.202952 0.058315
vt 0.279785 0.310244
vt 0.282258 0.308759
vt 0.280785 0.311091
vt 0.17456 0.068046
vt 0.301756 0.952968
vt 0.180602 0.878669
vt 0.187632 0.0648052
vt 0.384721 0.407809
vt 0.148815 0.0122179
vt 0.0126826 0.410056
vt 0.911743 0.00741398
vt 0.912138 0.00648546
vt 0.913413 0.00654727
vt 0.155286 0.0340391
vt 0.17054 0.0670506
vt 0.284211 0.310669
vt 0.282724 0.312202
vt 0.14832 0.00433791
vt 0.148737 0.00535738
vt 0.196361 0.0554295
vt 0.197701 0.0559946
vt 0.169023 0.0590323
vt 0.169773 0.0583088
vt 0.169828 0.0594844
vt 0.287969 0.312246
vt 0.286462 0.313256
vt 0.285754 0.312601
vt 0.171107 0.058103
vt 0.385734 0.40705
vt 0.172265 0.0675374
vt 0.387662 0.407346
vt 0.384618 0.406222
vt 0.184784 0.0615115
vt 0.195004 0.0563079
vt 0.0106821 0.414333
vt 0.0101599 0.415748
vt 0.00787419 0.416544
vt 0.836862 0.0101398
vt 0.343129 0.878395
vt 0.34342 0.879378
vt 0.150928 0.0132167
vt 0.332171 0.88438
vt 0.57666 0.492091
vt 0.577597 0.491861
vt 0.577254 0.492987
vt 0.788517 0.066896
vt 0.786377 0.069432
vt 0.787096 0.064091
vt 0.984834 0.313668
vt 0.984473 0.314538
vt 0.983174 0.313887
vt 0.207905 0.0614924
vt 0.0466047 0.0124062
vt 0.0469684 0.0138103
vt 0.0457725 0.0132746
vt 0.201579 0.0548421
vt 0.202137 0.0557309
vt 0.985953 0.314281
vt 0.790914 0.0711042
vt 0.047801 0.0130336
vt 0.303272 0.285611
vt 0.304102 0.286095
vt 0.303073 0.287426
vt 0.304784 0.288467
vt 0.306613 0.28858
vt 0.0234273 0.407861
vt 0.0241161 0.406556
vt 0.027024 0.408444
vt 0.304457 0.285294
vt 0.300916 0.951908
vt 0.284719 0.314776
vt 0.785938 0.0626253
vt 0.192427 0.0580779
vt 0.178861 0.924646
vt 0.178811 0.922048
vt 0.182325 0.922253
vt 0.286144 0.316342
vt 0.287257 0.314979
vt 0.302714 0.290494
vt 0.302607 0.288931
vt 0.181627 0.921316
vt 0.788263 0.0735232
vt 0.785599 0.0717686
vt 0.788707 0.0722461
vt 0.144071 0.00557631
vt 0.0248664 0.411118
vt 0.148611 0.00948054
vt 0.00613162 0.41667
vt 0.00404767 0.416239
vt 0.00770054 0.415343
vt 0.180136 0.916458
vt 0.181015 0.918654
vt 0.177715 0.919588
vt 0.195263 0.0664396
vt 0.177739 0.879278
vt 0.836779 0.733455
vt 0.835823 0.734991
vt 0.386974 0.406332
vt 0.386547 0.403776
vt 0.189505 0.0655931
vt 0.836235 0.731227
vt 0.388428 0.405643
vt 0.578687 0.49433
vt 0.579039 0.493407
vt 0.00575993 0.418431
vt 0.00380093 0.41841
vt 0.584113 0.490192
vt 0.583739 0.488864
vt 0.584435 0.486802
vt 0.616455 0.193582
vt 0.615581 0.191732
vt 0.00592048 0.4122
vt 0.00660442 0.413749
vt 0.0250138 0.406423
vt 0.618422 0.194291
vt 0.618231 0.192108
vt 0.620051 0.193431
vt 0.201856 0.0581239
vt 0.982672 0.305277
vt 0.17916 0.911625
vt 0.1814 0.912354
vt 0.180089 0.913832
vt 0.172664 0.0597875
vt 0.303692 0.283887
vt 0.304721 0.284587
vt 0.173656 0.0581368
vt 0.176778 0.0594294
vt 0.783373 0.0562583
vt 0.785028 0.0559826
vt 0.784117 0.0596567
vt 0.831303 0.0112621
vt 0.832038 0.0128123
vt 0.828835 0.0122826
vt 0.580357 0.494376
vt 0.581003 0.491717
vt 0.582885 0.493786
vt 0.0245458 0.412147
vt 0.172246 0.0561187
vt 0.984468 0.310091
vt 0.985518 0.309208
vt 0.148647 0.00821334
vt 0.787456 0.0698475
vt 0.784708 0.0699924
vt 0.0222205 0.406558
vt 0.883424 0.049713
vt 0.172117 0.0688195
vt 0.191663 0.0655142
vt 0.790627 0.0735626
vt 0.863186 0.0574528
vt 0.833927 0.0124395
vt 0.152554 0.0111796
vt 0.430176 0.916709
vt 0.0168893 0.412099
vt 0.834682 0.0106338
vt 0.189364 0.0567194
vt 0.832543 0.00967252
vt 0.200364 0.0572312
vt 0.198559 0.0562361
vt 0.829372 0.0114223
vt 0.0230624 0.408233
vt 0.0213598 0.408278
vt 0.00635821 0.419081
vt 0.220676 0.023791
vt 0.22312 0.0238265
vt 0.221218 0.0244362
vt 0.301649 0.955726
vt 0.189806 0.0565989
vt 0.152569 0.0126857
vt 0.209732 0.0224456
vt 0.209801 0.0238703
vt 0.207408 0.022173
vt 0.207713 0.0243069
vt 0.346632 0.881932
vt 0.00842822 0.419555
vt 0.0330532 0.414402
vt 0.585054 0.483467
vt 0.583011 0.483389
vt 0.581749 0.49473
vt 0.580706 0.495209
vt 0.985214 0.311754
vt 0.347145 0.88321
vt 0.344381 0.884038
vt 0.180673 0.916777
vt 0.579558 0.495358
vt 0.578053 0.495366
vt 0.579469 0.494502
vt 0.987823 0.313229
vt 0.988473 0.310192
vt 0.9861 0.312335
vt 0.206064 0.023249
vt 0.204254 0.0578579
vt 0.203989 0.0561373
vt 0.181223 0.915596
vt 0.150151 0.00978518
vt 0.151284 0.0111695
vt 0.581863 0.497558
vt 0.00297059 0.415346
vt 0.834173 0.00958192
vt 0.185452 0.0581253
vt 0.187632 0.0568352
vt 0.00576386 0.420622
vt 0.982002 0.31611
vt 0.983656 0.315556
vt 0.0179616 0.41151
vt 0.0177417 0.412105
vt 0.144071 0.00784719
vt 0.0288425 0.409079
vt 0.0285186 0.407923
vt 0.0309664 0.408169
vt 0.388827 0.402195
vt 0.390923 0.402722
vt 0.389775 0.406663
vt 0.183756 0.0610212
vt 0.01929 0.407936
vt 0.0189665 0.406466
vt 0.0040289 0.423511
vt 0.00675093 0.420434
vt 0.193238 0.0562769
vt 0.223751 0.0220421
vt 0.221448 0.0224125
vt 0.153724 0.00571942
vt 0.0168496 0.408627
vt 0.0162745 0.409058
vt 0.0163918 0.407469
vt 0.198929 0.0542196
vt 0.301448 0.294612
vt 0.583279 0.491101
vt 0.186881 0.0597871
vt 0.785183 0.0660672
vt 0.185558 0.065992
vt 0.183804 0.066599
vt 0.216543 0.0246077
vt 0.213578 0.0247197
vt 0.212131 0.0240201
vt 0.00547271 0.420022
vt 0.784591 0.0672245
vt 0.785921 0.064392
vt 0.78448 0.0616771
vt 0.0148111 0.412072
vt 0.177106 0.922538
vt 0.144099 0.00361013
vt 0.578936 0.492527
vt 0.152878 0.0105082
vt 0.143335 0.00304699
vt 0.213574 0.02293
vt 0.303405 0.291609
vt 0.30219 0.289824
vt 0.984782 0.316797
vt 0.984498 0.315292
vt 0.154102 0.0112205
vt 0.154473 0.00898129
vt 0.154463 0.010057
vt 0.987556 0.308421
vt 0.178914 0.0602098
vt 0.579533 0.492482
vt 0.612499 0.189989
vt 0.614083 0.189746
vt 0.178586 0.91076
vt 0.177408 0.912608
vt 0.00383627 0.420405
vt 0.616976 0.191381
vt 0.982534 0.300561
vt 0.177058 0.911249
vt 0.259484 0.914966
vt 0.259932 0.915252
vt 0.257248 0.919794
vt 0.00687663 0.417051
vt 0.00839114 0.409415
vt 0.0106459 0.408413
vt 0.581351 0.488659
vt 0.0214251 0.413519
vt 0.144343 0.00538105
vt 0.180971 0.065947
vt 0.582161 0.486997
vt 0.362882 0.0896708
vt 0.300952 0.953327
vt 0.174316 0.915584
vt 0.176087 0.913161
vt 0.177055 0.91585
vt 0.985926 0.303014
vt 0.987001 0.301978
vt 0.989209 0.302842
vt 0.98522 0.305305
vt 0.989229 0.304826
vt 0.988908 0.306168
vt 0.982881 0.312366
vt 0.984058 0.313418
vt 0.255468 0.912413
vt 0.256992 0.912255
vt 0.255618 0.913896
vt 0.0475683 0.0146939
vt 0.0454102 0.0140767
vt 0.98574 0.307596
vt 0.769662 0.0340278
vt 0.772691 0.0344821
vt 0.771438 0.0353297
vt 0.770688 0.0321284
vt 0.368213 0.0912738
vt 0.989366 0.30733
vt 0.258513 0.905835
vt 0.257138 0.904652
vt 0.258199 0.904226
vt 0.183121 0.0571042
vt 0.341765 0.884122
vt 0.175459 0.918005
vt 0.768837 0.0367078
vt 0.769372 0.0353249
vt 0.257814 0.907104
vt 0.259337 0.90804
vt 0.0206991 0.411234
vt 0.0219671 0.412244
vt 0.259978 0.905304
vt 0.307244 0.285837
vt 0.179499 0.910837
vt 0.581633 0.485417
vt 0.388632 0.412209
vt 0.788576 0.0655486
vt 0.182715 0.930557
vt 0.758053 0.446777
vt 0.757764 0.446378
vt 0.758604 0.445773
vt 0.181227 0.0569326
vt 0.178821 0.915507
vt 0.370071 0.0909448
vt 0.985697 0.302288
vt 0.0203728 0.412833
vt 0.178132 0.912928
vt 0.760307 0.439171
vt 0.165495 0.0836346
vt 0.161475 0.0836389
vt 0.165182 0.0824405
vt 0.166893 0.0864903
vt 0.165875 0.0855794
vt 0.168907 0.0845475
vt 0.372307 0.105488
vt 0.370503 0.10504
vt 0.371592 0.105159
vt 0.300211 0.287332
vt 0.1856 0.0569394
vt 0.047103 0.0151366
vt 0.984466 0.313161
vt 0.217883 0.023849
vt 0.220584 0.0249022
vt 0.305934 0.283648
vt 0.308046 0.282729
vt 0.260489 0.912829
vt 0.337059 0.878122
vt 0.758257 0.442334
vt 0.76028 0.440186
vt 0.759728 0.444375
vt 0.0149942 0.409029
vt 0.431265 0.902251
vt 0.155058 0.00783497
vt 0.421813 0.936063
vt 0.162107 0.0857693
vt 0.160645 0.0836902
vt 0.773739 0.0337105
vt 0.771313 0.0313373
vt 0.783286 0.0610386
vt 0.75828 0.444508
vt 0.106116 0.923134
vt 0.107797 0.922382
vt 0.108419 0.924128
vt 0.1779 0.915938
vt 0.182501 0.056719
vt 0.176924 0.919716
vt 0.163883 0.0848139
vt 0.0196477 0.411743
vt 0.765585 0.0299545
vt 0.766473 0.0291482
vt 0.766657 0.0300985
vt 0.21558 0.0232114
vt 0.984228 0.301736
vt 0.582787 0.482367
vt 0.584359 0.482028
vt 0.107157 0.921102
vt 0.763918 0.0303708
vt 0.765554 0.0328252
vt 0.369587 0.106523
vt 0.370407 0.10773
vt 0.367765 0.107144
vt 0.766765 0.0316975
vt 0.78498 0.0594214
vt 0.105619 0.919709
vt 0.107478 0.919986
vt 0.107961 0.921018
vt 0.256741 0.91925
vt 0.98367 0.300577
vt 0.768163 0.0338591
vt 0.76769 0.0326109
vt 0.768479 0.0329129
vt 0.180033 0.907872
vt 0.983848 0.298032
vt 0.306534 0.280963
vt 0.765871 0.033942
vt 0.76244 0.0314533
vt 0.369169 0.104822
vt 0.368032 0.105149
vt 0.755318 0.0264962
vt 0.753953 0.0259752
vt 0.752119 0.022984
vt 0.759958 0.0302842
vt 0.758942 0.0301886
vt 0.758654 0.0289901
vt 0.998218 0.311257
vt 0.998592 0.314333
vt 0.754973 0.0234851
vt 0.0120801 0.408197
vt 0.178803 0.0566304
vt 0.785613 0.76939
vt 0.784825 0.772443
vt 0.784335 0.77067
vt 0.103154 0.930608
vt 0.103902 0.929155
vt 0.10419 0.931152
vt 0.770638 0.0303772
vt 0.771882 0.0301983
vt 0.770797 0.0317242
vt 0.582039 0.482463
vt 0.455243 0.528536
vt 0.456546 0.526475
vt 0.457243 0.528808
vt 0.175451 0.056232
vt 0.0186733 0.413909
vt 0.16622 0.0872678
vt 0.1644 0.0869417
vt 0.165054 0.0860783
vt 0.104171 0.926126
vt 0.105249 0.927356
vt 0.331938 0.920165
vt 0.461639 0.519359
vt 0.462261 0.516545
vt 0.462724 0.516001
vt 0.330004 0.902687
vt 0.332431 0.900399
vt 0.332883 0.902909
vt 0.00244746 0.417765
vt 0.581544 0.48984
vt 0.388178 0.398421
vt 0.580623 0.48039
vt 0.5844 0.48202
vt 0.581845 0.481409
vt 0.257154 0.908886
vt 0.256765 0.91097
vt 0.257062 0.907196
vt 0.102814 0.928838
vt 0.219175 0.0222856
vt 0.784717 0.0640492
vt 0.256527 0.906336
vt 0.10379 0.914002
vt 0.102482 0.916365
vt 0.102047 0.914249
vt 0.259321 0.903458
vt 0.183305 0.90682
vt 0.184005 0.90724
vt 0.18256 0.906992
vt 0.181181 0.929789
vt 0.184009 0.924442
vt 0.780932 0.0305783
vt 0.261232 0.904566
vt 0.416504 0.9248
vt 0.417872 0.926078
vt 0.417171 0.926932
vt 0.991887 0.304353
vt 0.992658 0.301806
vt 0.994447 0.304337
vt 0.782615 0.0294741
vt 0.994083 0.300999
vt 0.301382 0.943831
vt 0.787177 0.766709
vt 0.78676 0.768248
vt 0.785975 0.765271
vt 0.780181 0.0316266
vt 0.418514 0.923866
vt 0.986365 0.315235
vt 0.0972689 0.910299
vt 0.100575 0.912343
vt 0.330677 0.898267
vt 0.330344 0.899359
vt 0.759407 0.440362
vt 0.989762 0.312785
vt 0.990819 0.31345
vt 0.25476 0.912817
vt 0.773205 0.0284643
vt 0.772311 0.0282884
vt 0.334161 0.914071
vt 0.336315 0.910247
vt 0.461211 0.521235
vt 0.460755 0.520608
vt 0.838202 0.0131835
vt 0.10456 0.91516
vt 0.174751 0.919969
vt 0.330221 0.919458
vt 0.992537 0.308951
vt 0.104665 0.92527
vt 0.100687 0.91462
vt 0.78783 0.769942
vt 0.789083 0.768419
vt 0.789669 0.770066
vt 0.45887 0.524489
vt 0.100949 0.917917
vt 0.100413 0.915085
vt 0.0989048 0.916661
vt 0.835662 0.750555
vt 0.835439 0.746859
vt 0.839202 0.748745
vt 0.182707 0.0603187
vt 0.0164217 0.415259
vt 0.771416 0.0296414
vt 0.790203 0.770955
vt 0.255819 0.906061
vt 0.751156 0.0203086
vt 0.182116 0.909297
vt 0.420751 0.924809
vt 0.422094 0.92448
vt 0.422251 0.925336
vt 0.014945 0.406872
vt 0.454797 0.526089
vt 0.457214 0.523357
vt 0.7551 0.0276675
vt 0.104051 0.916283
vt 0.997622 0.304226
vt 0.435207 0.940256
vt 0.436488 0.939241
vt 0.42328 0.929907
vt 0.423412 0.932312
vt 0.422874 0.931507
vt 0.752388 0.0206175
vt 0.773813 0.0269851
vt 0.774568 0.0269803
vt 0.331164 0.922269
vt 0.777794 0.0325962
vt 0.776088 0.03205
vt 0.777755 0.0311705
vt 0.217913 0.0221595
vt 0.837203 0.741893
vt 0.832152 0.741971
vt 0.836044 0.737906
vt 0.42165 0.930672
vt 0.784311 0.767692
vt 0.98632 0.31625
vt 0.104659 0.918826
vt 0.106041 0.918031
vt 0.106979 0.918424
vt 0.10457 0.919802
vt 0.105516 0.920663
vt 0.463992 0.512755
vt 0.462285 0.513349
vt 0.431709 0.905977
vt 0.768978 0.0315564
vt 0.845738 0.0124121
vt 0.258817 0.911947
vt 0.82876 0.0110372
vt 0.256859 0.9167
vt 0.332485 0.896324
vt 0.789098 0.771851
vt 0.333216 0.898085
vt 0.41931 0.934262
vt 0.418677 0.934997
vt 0.417905 0.933405
vt 0.328061 0.918117
vt 0.992452 0.310648
vt 0.0993061 0.91462
vt 0.0963927 0.912532
vt 0.0976689 0.912251
vt 0.103475 0.920125
vt 0.78313 0.778952
vt 0.781131 0.777738
vt 0.783706 0.77673
vt 0.754903 0.0240034
vt 0.991559 0.29801
vt 0.996094 0.29741
vt 0.760221 0.435875
vt 0.455628 0.523124
vt 0.990508 0.305221
vt 0.260597 0.903322
vt 0.00187301 0.415118
vt 0.990836 0.306077
vt 0.833907 0.744695
vt 0.838521 0.744078
vt 0.838533 0.750815
vt 0.788204 0.76721
vt 0.420724 0.939182
vt 0.41957 0.936248
vt 0.421196 0.938511
vt 0.331981 0.895842
vt 0.767932 0.0350285
vt 0.893412 0.0196025
vt 0.894961 0.0176167
vt 0.895018 0.0196373
vt 0.443492 0.478755
vt 0.444061 0.480418
vt 0.372967 0.10465
vt 0.461575 0.513807
vt 0.417977 0.930299
vt 0.331393 0.893796
vt 0.778597 0.0334101
vt 0.296175 0.979091
vt 0.295536 0.978164
vt 0.296082 0.973407
vt 0.288144 0.314081
vt 0.290627 0.318021
vt 0.287829 0.315144
vt 0.88914 0.0242686
vt 0.886268 0.0245347
vt 0.888752 0.0236391
vt 0.756947 0.025891
vt 0.75819 0.0270555
vt 0.756582 0.027877
vt 0.326305 0.895257
vt 0.325428 0.896479
vt 0.324829 0.895585
vt 0.259196 0.909471
vt 0.259589 0.910103
vt 0.780775 0.774319
vt 0.784121 0.773797
vt 0.78157 0.774669
vt 0.29748 0.98486
vt 0.296103 0.985962
vt 0.296424 0.983845
vt 0.33261 0.894225
vt 0.758429 0.437755
vt 0.896611 0.0185926
vt 0.294531 0.969216
vt 0.294829 0.967359
vt 0.295857 0.968048
vt 0.453613 0.527337
vt 0.782238 0.768897
vt 0.781526 0.770897
vt 0.180657 0.913934
vt 0.460666 0.517202
vt 0.106219 0.916201
vt 0.107232 0.917282
vt 0.321065 0.90626
vt 0.320801 0.905053
vt 0.323337 0.904564
vt 0.324519 0.908424
vt 0.323375 0.905559
vt 0.258793 0.910707
vt 0.780113 0.0301625
vt 0.182773 0.931522
vt 0.841071 0.737717
vt 0.839916 0.73732
vt 0.844038 0.735399
vt 0.168919 0.0854748
vt 0.17019 0.0843569
vt 0.331458 0.908079
vt 0.333022 0.903884
vt 0.333569 0.906911
vt 0.787707 0.763957
vt 0.842701 0.735792
vt 0.296954 0.975026
vt 0.328829 0.920112
vt 0.652265 0.487115
vt 0.653547 0.485234
vt 0.653615 0.486335
vt 0.790537 0.762304
vt 0.788488 0.763504
vt 0.790146 0.760835
vt 0.296105 0.988919
vt 0.294904 0.987259
vt 0.892456 0.0222427
vt 0.891397 0.0207527
vt 0.174595 0.9218
vt 0.832748 0.749001
vt 0.828988 0.746486
vt 0.757083 0.0220256
vt 0.757568 0.0232852
vt 0.296063 0.96636
vt 0.861382 0.0597826
vt 0.859863 0.0605124
vt 0.899508 0.0174722
vt 0.898248 0.0189129
vt 0.183224 0.908675
vt 0.991577 0.313025
vt 0.790782 0.768803
vt 0.786126 0.774296
vt 0.785666 0.775398
vt 0.392402 0.399722
vt 0.39347 0.399936
vt 0.907894 0.012209
vt 0.907406 0.010348
vt 0.908648 0.0109019
vt 0.786737 0.759246
vt 0.787838 0.75791
vt 0.787392 0.760438
vt 0.461259 0.516015
vt 0.788898 0.761383
vt 0.462493 0.510981
vt 0.46294 0.51156
vt 0.420408 0.922529
vt 0.419244 0.923369
vt 0.301047 0.958141
vt 0.299603 0.957994
vt 0.300845 0.956322
vt 0.839236 0.746645
vt 0.839907 0.747082
vt 0.443433 0.47344
vt 0.442581 0.475751
vt 0.838094 0.739839
vt 0.83871 0.741767
vt 0.786535 0.770208
vt 0.781536 0.768912
vt 0.782768 0.766222
vt 0.788376 0.761031
vt 0.622204 0.19873
vt 0.620798 0.196484
vt 0.623113 0.198628
vt 0.294484 0.986631
vt 0.00303833 0.419209
vt 0.463104 0.509727
vt 0.297347 0.973681
vt 0.299233 0.960228
vt 0.300612 0.95959
vt 0.299126 0.962238
vt 0.29639 0.9604
vt 0.295702 0.963822
vt 0.300262 0.955172
vt 0.75813 0.0250811
vt 0.75969 0.0281057
vt 0.178062 0.910017
vt 0.906024 0.0122423
vt 0.906062 0.0142325
vt 0.322167 0.898305
vt 0.287557 0.317559
vt 0.904045 0.0131018
vt 0.903139 0.0157455
vt 0.622312 0.196404
vt 0.297204 0.960941
vt 0.776384 0.0237756
vt 0.423713 0.934002
vt 0.325647 0.913696
vt 0.102394 0.918576
vt 0.323577 0.899169
vt 0.324097 0.901154
vt 0.901984 0.0141554
vt 0.105467 0.930052
vt 0.294667 0.985133
vt 0.294977 0.982412
vt 0.775137 0.0319888
vt 0.909989 0.0109513
vt 0.255589 0.916491
vt 0.861079 0.0615351
vt 0.786968 0.760832
vt 0.327365 0.913261
vt 0.297962 0.971093
vt 0.00433572 0.420769
vt 0.00392927 0.421519
vt 0.842015 0.0269799
vt 0.335053 0.908083
vt 0.335319 0.909335
vt 0.294963 0.988997
vt 0.776623 0.0302317
vt 0.420388 0.926771
vt 0.296614 0.969017
vt 0.416942 0.922497
vt 0.776982 0.0245561
vt 0.775868 0.0261943
vt 0.299237 0.974231
vt 0.846062 0.0279345
vt 0.330676 0.906163
vt 0.65599 0.492203
vt 0.655075 0.491577
vt 0.655227 0.489481
vt 0.324567 0.914607
vt 0.106232 0.928424
vt 0.850222 0.0293746
vt 0.298255 0.957241
vt 0.298271 0.959555
vt 0.297573 0.958471
vt 0.00167941 0.419933
vt 0.000488281 0.419118
vt 0.994458 0.308742
vt 0.253908 0.91514
vt 0.254419 0.915139
vt 0.424192 0.932289
vt 0.424736 0.933222
vt 0.996478 0.297938
vt 0.163918 0.0866002
vt 0.161616 0.0874022
vt 0.421485 0.925987
vt 0.0972835 0.91518
vt 0.333506 0.893
vt 0.334952 0.894358
vt 0.879659 0.0306617
vt 0.650879 0.479344
vt 0.651398 0.476997
vt 0.652204 0.476135
vt 0.652086 0.480477
vt 0.255441 0.911339
vt 0.991374 0.312249
vt 0.879566 0.0296612
vt 0.905078 0.0113918
vt 0.907255 0.00983506
vt 0.327224 0.891732
vt 0.327026 0.892751
vt 0.325528 0.891576
vt 0.828976 0.742081
vt 0.839592 0.0258074
vt 0.763864 0.0328748
vt 0.324203 0.914091
vt 0.650974 0.48324
vt 0.85026 0.0256581
vt 0.294118 0.989637
vt 0.372193 0.102521
vt 0.373831 0.103058
vt 0.372581 0.103359
vt 0.32578 0.890906
vt 0.321741 0.908822
vt 0.847389 0.0254998
vt 0.322017 0.910872
vt 0.654078 0.487978
vt 0.334338 0.89157
vt 0.325071 0.894065
vt 0.841367 0.0249165
vt 0.842117 0.0278187
vt 0.84533 0.0273905
vt 0.297302 0.964794
vt 0.292362 0.322526
vt 0.289547 0.319354
vt 0.761984 0.0317944
vt 0.289237 0.321055
vt 0.288469 0.320022
vt 0.787497 0.76869
vt 0.839763 0.735406
vt 0.290865 0.32373
vt 0.756348 0.441665
vt 0.73641 0.171466
vt 0.736633 0.167152
vt 0.0966383 0.915237
vt 0.299691 0.964935
vt 0.298233 0.965303
vt 0.416958 0.929345
vt 0.298056 0.979978
vt 0.298525 0.976276
vt 0.777401 0.0297787
vt 0.287016 0.318322
vt 0.286364 0.317599
vt 0.85301 0.0279394
vt 0.780821 0.0335317
vt 0.828613 0.738744
vt 0.737516 0.165677
vt 0.738519 0.167595
vt 0.737264 0.168091
vt 0.301789 0.957331
vt 0.896072 0.0205968
vt 0.90138 0.0155301
vt 0.298438 0.971672
vt 0.297449 0.955188
vt 0.00287698 0.422862
vt 0.739893 0.165996
vt 0.322971 0.895724
vt 0.855996 0.0287831
vt 0.898183 0.0158754
vt 0.737689 0.169375
vt 0.741664 0.160351
vt 0.74267 0.160912
vt 0.741855 0.163103
vt 0.740141 0.16932
vt 0.741604 0.172428
vt 0.740156 0.172359
vt 0.296992 0.981572
vt 0.459524 0.519846
vt 0.458817 0.526715
vt 0.742748 0.163137
vt 0.74357 0.16593
vt 0.847507 0.0273532
vt 0.850706 0.0282611
vt 0.750707 0.0207585
vt 0.784117 0.776173
vt 0.651027 0.476325
vt 0.75875 0.0240716
vt 0.325014 0.916573
vt 0.292817 0.98579
vt 0.29243 0.984057
vt 0.293543 0.984847
vt 0.909624 0.00844604
vt 0.910456 0.0088768
vt 0.295473 0.979266
vt 0.337948 0.910779
vt 0.788326 0.765337
vt 0.298317 0.980576
vt 0.886418 0.0259781
vt 0.884016 0.0261752
vt 0.330618 0.915897
vt 0.744386 0.166786
vt 0.744251 0.170553
vt 0.742622 0.168557
vt 0.0980349 0.917151
vt 0.738566 0.171223
vt 0.738338 0.174397
vt 0.737103 0.17136
vt 0.78196 0.783343
vt 0.780344 0.78318
vt 0.744379 0.163258
vt 0.656187 0.493652
vt 0.851149 0.0270807
vt 0.299567 0.971582
vt 0.653726 0.490323
vt 0.327251 0.892991
vt 0.994732 0.295001
vt 0.783022 0.78046
vt 0.759272 0.0258882
vt 0.745394 0.161725
vt 0.743902 0.161796
vt 0.739753 0.173157
vt 0.743443 0.173074
vt 0.737274 0.163994
vt 0.739499 0.163882
vt 0.444663 0.482488
vt 0.557585 0.370601
vt 0.558182 0.370782
vt 0.556514 0.370795
vt 0.740024 0.161851
vt 0.295101 0.980908
vt 0.742231 0.182253
vt 0.743539 0.181588
vt 0.740758 0.185208
vt 0.738991 0.186707
vt 0.737927 0.188329
vt 0.738771 0.185402
vt 0.779785 0.786621
vt 0.560448 0.3711
vt 0.560242 0.370199
vt 0.740356 0.166713
vt 0.743467 0.178763
vt 0.742223 0.178193
vt 0.745225 0.166111
vt 0.740053 0.180156
vt 0.74153 0.181237
vt 0.739844 0.182794
vt 0.737733 0.177162
vt 0.737146 0.180592
vt 0.736911 0.176914
vt 0.739268 0.160565
vt 0.737219 0.161977
vt 0.744814 0.193616
vt 0.744661 0.195081
vt 0.743668 0.192707
vt 0.745738 0.164076
vt 0.747723 0.16409
vt 0.324403 0.892959
vt 0.901122 0.0173961
vt 0.746126 0.162491
vt 0.19724 0.200553
vt 0.193619 0.203383
vt 0.193714 0.202582
vt 0.740862 0.166056
vt 0.903297 0.0043354
vt 0.90531 0.00509322
vt 0.902277 0.00526154
vt 0.0420148 0.503918
vt 0.0414739 0.502965
vt 0.0426905 0.50205
vt 0.908188 0.0137975
vt 0.903822 0.00573575
vt 0.738111 0.182938
vt 0.747272 0.170548
vt 0.748322 0.172106
vt 0.746483 0.172725
vt 0.205119 0.0191826
vt 0.202057 0.0192299
vt 0.203008 0.0175393
vt 0.738841 0.190892
vt 0.738124 0.190374
vt 0.752011 0.169092
vt 0.751624 0.16749
vt 0.75279 0.167491
vt 0.909813 0.0124946
vt 0.739437 0.178377
vt 0.785089 0.763188
vt 0.743837 0.185696
vt 0.752201 0.170043
vt 0.740571 0.177537
vt 0.746093 0.177945
vt 0.747109 0.17885
vt 0.740182 0.183915
vt 0.909649 0.0136332
vt 0.0437407 0.502697
vt 0.00115386 0.424769
vt 0.00261071 0.424485
vt 0.905406 0.00671113
vt 0.907049 0.00579321
vt 0.90571 0.00734234
vt 0.904965 0.00312591
vt 0.906453 0.00357705
vt 0.745882 0.197093
vt 0.741108 0.18732
vt 0.736899 0.186089
vt 0.734896 0.184214
vt 0.737432 0.18409
vt 0.201965 0.0170912
vt 0.904535 0.00695068
vt 0.46065 0.733193
vt 0.462107 0.733151
vt 0.461184 0.733966
vt 0.747402 0.173007
vt 0.901547 0.00811708
vt 0.901793 0.00902426
vt 0.900884 0.00806749
vt 0.300145 0.962354
vt 0.748872 0.170587
vt 0.750613 0.170178
vt 0.746605 0.19069
vt 0.747882 0.168287
vt 0.745619 0.167895
vt 0.746576 0.166593
vt 0.746349 0.193449
vt 0.20166 0.0205564
vt 0.203707 0.0203723
vt 0.749569 0.173577
vt 0.751361 0.171076
vt 0.907854 0.00687599
vt 0.74212 0.195168
vt 0.742585 0.1926
vt 0.740756 0.175567
vt 0.740082 0.175785
vt 0.739473 0.175203
vt 0.740844 0.163165
vt 0.751421 0.172667
vt 0.744465 0.174609
vt 0.75232 0.171863
vt 0.652016 0.475061
vt 0.462344 0.734367
vt 0.460779 0.735752
vt 0.996177 0.29492
vt 0.00166786 0.425293
vt 0.902897 0.00849015
vt 0.29681 0.960104
vt 0.740554 0.173309
vt 0.900922 0.0109317
vt 0.901949 0.0119764
vt 0.740532 0.176827
vt 0.73645 0.163025
vt 0.735135 0.160201
vt 0.907704 0.00838745
vt 0.910215 0.00731802
vt 0.752251 0.166199
vt 0.73627 0.176507
vt 0.904138 0.0082441
vt 0.741792 0.173443
vt 0.746895 0.185171
vt 0.747101 0.182167
vt 0.752009 0.173731
vt 0.748102 0.186097
vt 0.747718 0.188386
vt 0.747251 0.186373
vt 0.750524 0.177753
vt 0.74923 0.176287
vt 0.750802 0.176062
vt 0.749664 0.165614
vt 0.748694 0.167414
vt 0.748263 0.166621
vt 0.168459 0.0302057
vt 0.168844 0.0307534
vt 0.16652 0.0309608
vt 0.74043 0.188997
vt 0.743895 0.187054
vt 0.741472 0.189044
vt 0.749988 0.186924
vt 0.749375 0.18695
vt 0.749654 0.184199
vt 0.750613 0.16731
vt 0.748489 0.168097
vt 0.737088 0.190428
vt 0.556653 0.365134
vt 0.557048 0.363327
vt 0.558828 0.365191
vt 0.735707 0.191379
vt 0.558428 0.360474
vt 0.560806 0.36424
vt 0.751681 0.164904
vt 0.558544 0.369088
vt 0.747747 0.183961
vt 0.38995 0.0307616
vt 0.391222 0.0278843
vt 0.392715 0.0276086
vt 0.885012 0.0169862
vt 0.884272 0.0161077
vt 0.886069 0.0173244
vt 0.75128 0.187944
vt 0.752133 0.184523
vt 0.560069 0.366657
vt 0.737356 0.192844
vt 0.905034 0.00886321
vt 0.904251 0.00943124
vt 0.459473 0.735175
vt 0.392233 0.0266393
vt 0.38916 0.028053
vt 0.906011 0.00993156
vt 0.904931 0.00258571
vt 0.897995 0.0114511
vt 0.898109 0.0130825
vt 0.439941 0.465469
vt 0.440654 0.465671
vt 0.748768 0.188413
vt 0.750555 0.188122
vt 0.894597 0.0127335
vt 0.893821 0.0141561
vt 0.891356 0.0135124
vt 0.74997 0.189631
vt 0.7424 0.175923
vt 0.581495 0.235691
vt 0.581007 0.23665
vt 0.580262 0.235419
vt 0.744529 0.176739
vt 0.8925 0.0117415
vt 0.887529 0.0171565
vt 0.884837 0.0183975
vt 0.742212 0.190488
vt 0.740896 0.190291
vt 0.290428 0.981466
vt 0.291858 0.982685
vt 0.291368 0.98463
vt 0.896545 0.0110886
vt 0.881348 0.0405272
vt 0.881743 0.0392133
vt 0.884066 0.0375447
vt 0.581385 0.233926
vt 0.892337 0.0188583
vt 0.747278 0.189188
vt 0.887794 0.0234477
vt 0.887842 0.0211836
vt 0.888531 0.0220348
vt 0.896033 0.0149423
vt 0.898744 0.0142702
vt 0.897547 0.015236
vt 0.0428336 0.499875
vt 0.043371 0.498465
vt 0.0437929 0.500297
vt 0.746632 0.195935
vt 0.741163 0.191769
vt 0.879934 0.022896
vt 0.882635 0.0233062
vt 0.881321 0.0236211
vt 0.891993 0.0176509
vt 0.895065 0.0161059
vt 0.894301 0.017235
vt 0.29541 0.0053249
vt 0.297025 0.00487304
vt 0.29592 0.00607669
vt 0.891824 0.0184693
vt 0.462758 0.734684
vt 0.462734 0.734266
vt 0.463972 0.734573
vt 0.747494 0.176367
vt 0.745445 0.17448
vt 0.884002 0.0223502
vt 0.884278 0.0217198
vt 0.889236 0.0193911
vt 0.73848 0.192685
vt 0.289953 0.984344
vt 0.749807 0.180658
vt 0.748173 0.180278
vt 0.747931 0.178287
vt 0.897434 0.00912958
vt 0.895992 0.00813198
vt 0.897667 0.00740796
vt 0.890377 0.0117119
vt 0.751529 0.175552
vt 0.900158 0.00556719
vt 0.901801 0.00596035
vt 0.738352 0.193937
vt 0.736063 0.16427
vt 0.737106 0.175108
vt 0.89204 0.0145472
vt 0.747882 0.161515
vt 0.740063 0.190157
vt 0.906791 0.00803006
vt 0.564261 0.368661
vt 0.561391 0.370248
vt 0.561733 0.369292
vt 0.394495 0.0255917
vt 0.739816 0.160182
vt 0.880287 0.0283341
vt 0.191895 0.20459
vt 0.580892 0.229844
vt 0.581179 0.230706
vt 0.579775 0.232104
vt 0.90166 0.0135078
vt 0.902579 0.0127333
vt 0.903221 0.00270379
vt 0.892798 0.0157692
vt 0.890918 0.0156525
vt 0.290987 0.979944
vt 0.748234 0.192057
vt 0.890754 0.0198193
vt 0.74727 0.190122
vt 0.746411 0.188192
vt 0.0418522 0.507939
vt 0.0450254 0.508837
vt 0.0429061 0.509626
vt 0.394208 0.397875
vt 0.884775 0.022841
vt 0.748242 0.163471
vt 0.878687 0.0250775
vt 0.884836 0.0202162
vt 0.886509 0.0189136
vt 0.463632 0.732888
vt 0.890161 0.0149943
vt 0.741669 0.174304
vt 0.297123 0.0065437
vt 0.899393 0.00833464
vt 0.740526 0.193918
vt 0.75159 0.19683
vt 0.750801 0.194502
vt 0.751568 0.193537
vt 0.750451 0.183245
vt 0.749165 0.193085
vt 0.748629 0.193424
vt 0.748677 0.182306
vt 0.890591 0.0172266
vt 0.890168 0.0194209
vt 0.888806 0.0182614
vt 0.398852 0.0204978
vt 0.402442 0.0186956
vt 0.401466 0.0210546
vt 0.578613 0.23416
vt 0.881989 0.0204782
vt 0.882424 0.019229
vt 0.887546 0.0147994
vt 0.8876 0.0126878
vt 0.89923 0.00636196
vt 0.751283 0.180421
vt 0.844658 0.733796
vt 0.886913 0.0197766
vt 0.179317 0.027014
vt 0.180782 0.0256579
vt 0.183358 0.0268342
vt 0.755514 0.198176
vt 0.755863 0.199831
vt 0.419882 0.0193775
vt 0.423941 0.0220063
vt 0.419476 0.0204326
vt 0.900634 0.0135641
vt 0.579526 0.23326
vt 0.751203 0.192601
vt 0.185846 0.0300415
vt 0.186584 0.0277703
vt 0.188977 0.0314424
vt 0.884496 0.0234125
vt 0.18966 0.0300576
vt 0.883292 0.020983
vt 0.747891 0.196533
vt 0.749281 0.195362
vt 0.74823 0.173971
vt 0.895104 0.0103812
vt 0.894486 0.00902575
vt 0.618692 0.268317
vt 0.750196 0.164073
vt 0.751146 0.162484
vt 0.406049 0.018934
vt 0.408987 0.0169973
vt 0.409919 0.0180922
vt 0.879823 0.0196713
vt 0.176812 0.0267578
vt 0.173646 0.0256587
vt 0.18211 0.0255756
vt 0.845196 0.735082
vt 0.189549 0.0280401
vt 0.191158 0.0299014
vt 0.902344 0.00402462
vt 0.399779 0.022058
vt 0.39508 0.0235292
vt 0.737482 0.194861
vt 0.404947 0.0177661
vt 0.0414516 0.505897
vt 0.0426362 0.504668
vt 0.0424396 0.505928
vt 0.583623 0.236066
vt 0.749961 0.193648
vt 0.749803 0.197407
vt 0.0426221 0.26908
vt 0.0431725 0.269364
vt 0.753357 0.197278
vt 0.752435 0.195694
vt 0.753743 0.194927
vt 0.393621 0.39722
vt 0.193846 0.0280661
vt 0.196723 0.0278762
vt 0.196704 0.0295324
vt 0.193905 0.0295769
vt 0.0822978 0.694034
vt 0.0820885 0.693389
vt 0.0829665 0.689748
vt 0.745984 0.150485
vt 0.744349 0.148145
vt 0.746298 0.148067
vt 0.0409247 0.273408
vt 0.751923 0.19561
vt 0.757203 0.198021
vt 0.292317 0.988302
vt 0.746008 0.151877
vt 0.744022 0.150102
vt 0.319575 0.00183284
vt 0.321765 0.00303036
vt 0.318791 0.0025841
vt 0.879407 0.0213748
vt 0.173222 0.0274242
vt 0.169451 0.0276235
vt 0.169956 0.0265002
vt 0.200282 0.0293254
vt 0.19855 0.0294714
vt 0.198744 0.0287167
vt 0.0451501 0.504386
vt 0.736686 0.159914
vt 0.735563 0.159055
vt 0.203202 0.0222384
vt 0.20483 0.0224144
vt 0.411868 0.0169501
vt 0.412214 0.0182079
vt 0.464693 0.728662
vt 0.464043 0.730552
vt 0.186238 0.0269731
vt 0.884758 0.0243049
vt 0.186022 0.0313968
vt 0.185482 0.0309047
vt 0.39679 0.0238096
vt 0.30874 0.00622249
vt 0.308593 0.00693429
vt 0.306663 0.00621468
vt 0.419873 0.0185709
vt 0.423128 0.0203726
vt 0.0437336 0.26559
vt 0.0442123 0.264131
vt 0.0454256 0.264916
vt 0.422353 0.0221083
vt 0.745808 0.146926
vt 0.0827947 0.694856
vt 0.905218 0.000867248
vt 0.0441804 0.266968
vt 0.290372 0.983883
vt 0.319133 0.00408494
vt 0.311817 0.00590801
vt 0.403044 0.0215182
vt 0.746432 0.142266
vt 0.747403 0.14204
vt 0.327594 0.00426543
vt 0.327457 0.0051108
vt 0.326589 0.00462687
vt 0.0412505 0.507098
vt 0.0822835 0.698444
vt 0.0810636 0.697489
vt 0.0819773 0.698185
vt 0.0807073 0.700662
vt 0.321835 0.0056532
vt 0.319872 0.00533986
vt 0.323197 0.00502574
vt 0.078494 0.692082
vt 0.0785898 0.692734
vt 0.0772255 0.691914
vt 0.20167 0.0158991
vt 0.203406 0.0165053
vt 0.743466 0.156444
vt 0.742851 0.155592
vt 0.744304 0.154221
vt 0.752602 0.197446
vt 0.0777609 0.697384
vt 0.0769165 0.700669
vt 0.0769961 0.698211
vt 0.0441445 0.507317
vt 0.184278 0.0325434
vt 0.18017 0.0313238
vt 0.326351 0.00623357
vt 0.311742 0.00410199
vt 0.311188 0.00301278
vt 0.316243 0.00302505
vt 0.0779666 0.700476
vt 0.415574 0.0172813
vt 0.415179 0.0190659
vt 0.751811 0.198591
vt 0.0798121 0.689293
vt 0.0805511 0.688388
vt 0.0824256 0.690637
vt 0.198311 0.027779
vt 0.174632 0.0328089
vt 0.174092 0.0334137
vt 0.171796 0.0324756
vt 0.042353 0.267246
vt 0.0429181 0.265023
vt 0.17964 0.0328633
vt 0.0765311 0.694559
vt 0.0741568 0.694265
vt 0.184289 0.0276471
vt 0.180617 0.0290887
vt 0.180495 0.0279032
vt 0.0808904 0.695056
vt 0.079264 0.694625
vt 0.0809856 0.693948
vt 0.853742 0.0184369
vt 0.8571 0.0175611
vt 0.854521 0.0195448
vt 0.0782749 0.6951
vt 0.0816219 0.707202
vt 0.0826221 0.704518
vt 0.744842 0.15544
vt 0.185912 0.031907
vt 0.0752533 0.696931
vt 0.0754064 0.698453
vt 0.0797698 0.692532
vt 0.080111 0.690393
vt 0.0813604 0.691801
vt 0.744814 0.153714
vt 0.858568 0.0153908
vt 0.858797 0.0162089
vt 0.175429 0.0312217
vt 0.174788 0.0306301
vt 0.177223 0.0283269
vt 0.324654 0.00615978
vt 0.319906 0.00702804
vt 0.201239 0.0279948
vt 0.203551 0.0267572
vt 0.49531 0.722826
vt 0.495762 0.72119
vt 0.49644 0.722342
vt 0.0234467 0.496457
vt 0.0239399 0.495298
vt 0.0259741 0.495746
vt 0.046317 0.263495
vt 0.192355 0.0279398
vt 0.0750094 0.692622
vt 0.0743804 0.6911
vt 0.174768 0.0294128
vt 0.174149 0.0280567
vt 0.175836 0.0281383
vt 0.189944 0.026756
vt 0.081098 0.708338
vt 0.0819227 0.711234
vt 0.404626 0.0206259
vt 0.685593 0.781557
vt 0.684157 0.778966
vt 0.68826 0.781305
vt 0.323297 0.00147897
vt 0.324297 0.00239074
vt 0.197196 0.030565
vt 0.200417 0.0297648
vt 0.0833261 0.709925
vt 0.0835413 0.710947
vt 0.290243 0.988761
vt 0.417985 0.0204691
vt 0.079061 0.696723
vt 0.323958 0.00745505
vt 0.0726689 0.69325
vt 0.0726188 0.690642
vt 0.173558 0.0306409
vt 0.0475398 0.26563
vt 0.00878747 0.497654
vt 0.0096498 0.496215
vt 0.0103052 0.497263
vt 0.292124 0.989746
vt 0.00482313 0.103532
vt 0.0796214 0.684518
vt 0.0766831 0.684929
vt 0.0772737 0.683611
vt 0.692616 0.789886
vt 0.691643 0.787529
vt 0.693912 0.788281
vt 0.171827 0.0295808
vt 0.172172 0.0305827
vt 0.688799 0.779675
vt 0.690496 0.778778
vt 0.690784 0.78138
vt 0.178514 0.0313197
vt 0.17913 0.030727
vt 0.887408 0.015703
vt 0.380103 0.114233
vt 0.383121 0.113005
vt 0.384954 0.115774
vt 0.694709 0.792645
vt 0.6937 0.793463
vt 0.693045 0.790197
vt 0.385302 0.112988
vt 0.38643 0.114058
vt 0.0784347 0.697211
vt 0.693687 0.789733
vt 0.785256 0.330621
vt 0.78218 0.329188
vt 0.785376 0.323395
vt 0.0271859 0.492381
vt 0.0312564 0.493677
vt 0.024708 0.491774
vt 0.314103 0.00576711
vt 0.312596 0.00494039
vt 0.199411 0.0307689
vt 0.0843504 0.715701
vt 0.309948 0.00470585
vt 0.0800763 0.710938
vt 0.0812197 0.714212
vt 0.686573 0.781934
vt 0.0210804 0.493701
vt 0.0205 0.495982
vt 0.0425661 0.264328
vt 0.0463654 0.27015
vt 0.0024021 0.105959
vt 0.407399 0.0215532
vt 0.407013 0.0200908
vt 0.0319592 0.497303
vt 0.0293868 0.495938
vt 0.0332332 0.496231
vt 0.381975 0.116699
vt 0.682693 0.770909
vt 0.685201 0.769141
vt 0.686172 0.772008
vt 0.0292348 0.497392
vt 0.186487 0.0333873
vt 0.190647 0.0316749
vt 0.315752 0.0065667
vt 0.557265 0.372184
vt 0.560775 0.372142
vt 0.193705 0.0316143
vt 0.196517 0.0331425
vt 0.193724 0.0327934
vt 0.782569 0.331411
vt 0.685662 0.775663
vt 0.745902 0.1413
vt 0.557982 0.373083
vt 0.304899 0.00627875
vt 0.306045 0.00488365
vt 0.191522 0.0315182
vt 0.0159672 0.496401
vt 0.0155209 0.495125
vt 0.0181015 0.495174
vt 0.188344 0.0330064
vt 0.0811801 0.718037
vt 0.0823323 0.719018
vt 0.0803707 0.719021
vt 0.177735 0.0327085
vt 0.552932 0.373382
vt 0.550752 0.371138
vt 0.0786706 0.698475
vt 0.323599 0.00342327
vt 0.0116002 0.492262
vt 0.0818284 0.713829
vt 0.082888 0.714719
vt 0.498361 0.7214
vt 0.497005 0.72455
vt 0.499173 0.722576
vt 0.17116 0.0282056
vt 0.743819 0.153449
vt 0.0799608 0.686257
vt 0.0797304 0.685801
vt 0.682667 0.774682
vt 0.181924 0.0304159
vt 0.00643044 0.497995
vt 0.0069838 0.495949
vt 0.550558 0.373836
vt 0.860333 0.0147071
vt 0.191194 0.0257628
vt 0.168865 0.0281563
vt 0.0812838 0.686017
vt 0.0830451 0.700667
vt 0.0818646 0.701107
vt 0.197498 0.026716
vt 0.289551 0.980326
vt 0.496622 0.72024
vt 0.0778738 0.705167
vt 0.0794234 0.704167
vt 0.0787341 0.705171
vt 0.0796763 0.701662
vt 0.684923 0.777951
vt 0.683153 0.776352
vt 0.317828 0.00199038
vt 0.0130591 0.496213
vt 0.173058 0.0315833
vt 0.194243 0.0269663
vt 0.078551 0.685437
vt 0.0811424 0.704348
vt 0.080896 0.706104
vt 0.315644 0.00417054
vt 0.554261 0.373344
vt 0.308002 0.00305039
vt 0.197577 0.0371985
vt 0.195698 0.0366701
vt 0.197074 0.0347819
vt 0.555945 0.371919
vt 0.195723 0.0379469
vt 0.171963 0.0313722
vt 0.695557 0.787492
vt 0.0775306 0.703146
vt 0.0818401 0.720892
vt 0.201385 0.0364746
vt 0.690053 0.787195
vt 0.690352 0.785636
vt 0.0372961 0.496892
vt 0.0409897 0.496756
vt 0.0392596 0.498351
vt 0.326342 0.00191182
vt 0.327062 0.00295937
vt 0.326352 0.00363535
vt 0.19919 0.0255089
vt 0.0749331 0.701237
vt 0.0413753 0.269357
vt 0.878081 0.023867
vt 0.0280057 0.496783
vt 0.0247779 0.497624
vt 0.0409309 0.267433
vt 0.0395508 0.265147
vt 0.691449 0.782134
vt 0.692773 0.783111
vt 0.199686 0.033671
vt 0.197438 0.0331318
vt 0.19954 0.0325496
vt 0.198791 0.0385141
vt 0.202485 0.0372203
vt 0.200847 0.0329257
vt 0.0762515 0.711494
vt 0.0758262 0.709378
vt 0.0772066 0.71372
vt 0.078534 0.717128
vt 0.0786555 0.720922
vt 0.202579 0.0345236
vt 0.203033 0.0362257
vt 0.201591 0.0349589
vt 0.0768513 0.687149
vt 0.0757436 0.685225
vt 0.302962 0.004094
vt 0.304585 0.00299239
vt 0.324676 0.00354415
vt 0.204167 0.0347735
vt 0.0742547 0.710609
vt 0.0470194 0.264714
vt 0.0282341 0.499658
vt 0.0296477 0.498641
vt 0.0144202 0.493343
vt 0.0162299 0.493909
vt 0.19006 0.0328633
vt 0.0770959 0.705248
vt 0.0344837 0.500367
vt 0.0368525 0.498234
vt 0.0373085 0.499111
vt 0.194593 0.0315197
vt 0.554825 0.379833
vt 0.555514 0.377477
vt 0.555872 0.379073
vt 0.691027 0.783811
vt 0.0325839 0.498356
vt 0.688511 0.783909
vt 0.20395 0.0370294
vt 0.204636 0.0354956
vt 0.0743194 0.712499
vt 0.0734073 0.712155
vt 0.0763253 0.713155
vt 0.747529 0.146724
vt 0.0788736 0.707545
vt 0.0377434 0.496186
vt 0.0355968 0.493514
vt 0.0376433 0.494963
vt 0.0753008 0.684368
vt 0.0352538 0.495913
vt 0.0113413 0.497503
vt 0.0127069 0.496367
vt 0.0135107 0.496927
vt 0.0735764 0.695954
vt 0.947754 0.016817
vt 0.949299 0.0156112
vt 0.9501 0.0170897
vt 0.553698 0.374849
vt 0.0773848 0.716732
vt 0.0798037 0.716056
vt 0.690963 0.788382
vt 0.690769 0.789116
vt 0.0773104 0.688957
vt 0.0396429 0.501755
vt 0.0355967 0.501942
vt 0.0360051 0.500784
vt 0.077411 0.709862
vt 0.0791326 0.713698
vt 0.194416 0.0339428
vt 0.19529 0.034996
vt 0.312208 0.00682276
vt 0.0775436 0.723103
vt 0.0761274 0.724653
vt 0.0767107 0.722561
vt 0.0304331 0.500004
vt 0.0294467 0.500818
vt 0.0303647 0.501394
vt 0.0336166 0.503015
vt 0.0324277 0.502017
vt 0.070981 0.694743
vt 0.30032 0.00601953
vt 0.299521 0.00408065
vt 0.301525 0.00504071
vt 0.0778155 0.724039
vt 0.0774622 0.706423
vt 0.0314605 0.494957
vt 0.0736892 0.697829
vt 0.0750726 0.687248
vt 0.0236318 0.504831
vt 0.0228203 0.50289
vt 0.0240375 0.500214
vt 0.031699 0.502622
vt 0.554765 0.374876
vt 0.0828274 0.70367
vt 0.073674 0.725938
vt 0.0748277 0.722546
vt 0.0223775 0.503686
vt 0.019252 0.504894
vt 0.0200887 0.502718
vt 0.029295 0.502073
vt 0.0346746 0.497094
vt 0.329847 0.0036242
vt 0.32809 0.00311798
vt 0.328102 0.00208354
vt 0.0766658 0.690635
vt 0.196138 0.0313662
vt 0.687831 0.785102
vt 0.554229 0.377694
vt 0.0725197 0.709552
vt 0.0750506 0.70795
vt 0.603448 0.00725412
vt 0.60452 0.0053165
vt 0.605189 0.00590223
vt 0.0245872 0.49703
vt 0.00842133 0.503118
vt 0.00712294 0.500664
vt 0.0102008 0.500502
vt 0.603217 0.00626826
vt 0.745666 0.158245
vt 0.0762037 0.68888
vt 0.602051 0.0073241
vt 0.0184057 0.504072
vt 0.0174 0.501257
vt 0.0731314 0.697218
vt 0.74446 0.158126
vt 0.00886116 0.499444
vt 0.00984071 0.499133
vt 0.038617 0.500163
vt 0.0401826 0.500206
vt 0.078798 0.724217
vt 0.555961 0.37359
vt 0.00439453 0.494952
vt 0.0182542 0.496627
vt 0.31026 0.00311607
vt 0.306758 0.00300139
vt 0.556296 0.380371
vt 0.0377334 0.503655
vt 0.0352947 0.503306
vt 0.0390996 0.502469
vt 0.745531 0.143566
vt 0.498598 0.724029
vt 0.0780144 0.720199
vt 0.556884 0.37477
vt 0.0770033 0.719064
vt 0.0749151 0.688531
vt 0.0739554 0.716414
vt 0.072883 0.713995
vt 0.0760818 0.70583
vt 0.204404 0.0380366
vt 0.0750665 0.715149
vt 0.0769847 0.714262
vt 0.074983 0.704418
vt 0.082338 0.716389
vt 0.0400809 0.49941
vt 0.330056 0.00468206
vt 0.0111105 0.502306
vt 0.0100517 0.502441
vt 0.0738049 0.70026
vt 0.00608381 0.498977
vt 0.00747598 0.498567
vt 0.0249675 0.498974
vt 0.206543 0.0353367
vt 0.20544 0.0370746
vt 0.074559 0.706675
vt 0.0722603 0.699358
vt 0.499165 0.721016
vt 0.035643 0.492076
vt 0.0740931 0.7027
vt 0.168274 0.0326074
vt 0.762207 0.0159765
vt 0.763094 0.015884
vt 0.764639 0.0170897
vt 0.0788059 0.686113
vt 0.0395998 0.504645
vt 0.0104493 0.498504
vt 0.185819 0.0329727
vt 0.0739927 0.721372
vt 0.0731825 0.723669
vt 0.200923 0.0308363
vt 0.073979 0.706692
vt 0.0768418 0.694077
vt 0.687163 0.784706
vt 0.0304603 0.503728
vt 0.0275022 0.504436
vt 0.0727007 0.707891
vt 0.689875 0.786294
vt 0.549966 0.370573
vt 0.549316 0.373025
vt 0.0340576 0.492486
vt 0.330563 0.00319999
vt 0.0714775 0.690111
vt 0.0741978 0.689193
vt 0.746091 0.160804
vt 0.20556 0.0382159
vt 0.318187 0.00483495
vt 0.0787527 0.714579
vt 0.203743 0.0333866
vt 0.733632 0.194994
vt 0.689886 0.788151
vt 0.0756733 0.702804
vt 0.0217971 0.498713
vt 0.0216702 0.497388
vt 0.57888 0.236547
vt 0.0771593 0.717842
vt 0.0261841 0.502657
vt 0.55326 0.368806
vt 0.00738937 0.49581
vt 0.313074 0.00704992
vt 0.311939 0.00926524
vt 0.312153 0.00742239
vt 0.852051 0.020996
vt 0.313598 0.00762779
vt 0.313024 0.00841349
vt 0.0419403 0.498672
vt 0.86223 0.0143498
vt 0.86153 0.0166993
vt 0.0760692 0.719104
vt 0.073766 0.688199
vt 0.0159506 0.500165
vt 0.0167801 0.497516
vt 0.201725 0.0337341
vt 0.0179989 0.497505
vt 0.0287 0.505031
vt 0.0310371 0.504072
vt 0.317138 0.010376
vt 0.317357 0.00971138
vt 0.20275 0.0333736
vt 0.747108 0.159992
vt 0.0146468 0.500165
vt 0.0150067 0.501978
vt 0.203065 0.0381639
vt 0.483336 0.722799
vt 0.483439 0.723731
vt 0.480473 0.724022
vt 0.315207 0.00895762
vt 0.581783 0.238604
vt 0.32566 0.0071618
vt 0.325096 0.00758386
vt 0.865877 0.0136698
vt 0.864136 0.0158415
vt 0.695569 0.794928
vt 0.482131 0.724446
vt 0.784677 0.334792
vt 0.786015 0.332523
vt 0.781738 0.334414
vt 0.0849789 0.704048
vt 0.687552 0.787182
vt 0.748267 0.157737
vt 0.783283 0.337402
vt 0.78229 0.335262
vt 0.0224922 0.501743
vt 0.0746883 0.718236
vt 0.0734478 0.718913
vt 0.310796 0.00886285
vt 0.310467 0.00748736
vt 0.205309 0.0397671
vt 0.204303 0.039678
vt 0.877627 0.0155973
vt 0.876184 0.0160857
vt 0.873495 0.0147365
vt 0.466196 0.733771
vt 0.464809 0.732394
vt 0.466134 0.732672
vt 0.478007 0.722718
vt 0.476641 0.724072
vt 0.473039 0.723056
vt 0.0117395 0.499093
vt 0.319021 0.00885874
vt 0.0125437 0.498563
vt 0.694419 0.794678
vt 0.485785 0.724291
vt 0.204548 0.0405924
vt 0.487596 0.723042
vt 0.0690304 0.688642
vt 0.0699262 0.689863
vt 0.0685494 0.6904
vt 0.0735584 0.703961
vt 0.0725441 0.702649
vt 0.324951 0.00852507
vt 0.554923 0.374847
vt 0.0160117 0.503467
vt 0.0160009 0.501673
vt 0.200908 0.198262
vt 0.200245 0.199665
vt 0.199512 0.197786
vt 0.467066 0.72888
vt 0.467758 0.72711
vt 0.471944 0.72467
vt 0.0749905 0.702543
vt 0.0378856 0.498384
vt 0.320719 0.010152
vt 0.320785 0.00766575
vt 0.385626 0.111659
vt 0.483838 0.724662
vt 0.197259 0.198941
vt 0.20361 0.19959
vt 0.478381 0.724106
vt 0.859888 0.0167729
vt 0.873575 0.0137042
vt 0.869421 0.0135679
vt 0.0712138 0.6974
vt 0.0699922 0.698381
vt 0.0731874 0.706883
vt 0.0718125 0.705092
vt 0.202822 0.0389803
vt 0.583326 0.239746
vt 0.474536 0.725614
vt 0.163516 0.00637078
vt 0.162212 0.00662833
vt 0.163813 0.00459266
vt 0.322164 0.00941986
vt 0.0326519 0.504828
vt 0.0127868 0.494983
vt 0.199563 0.0426708
vt 0.198144 0.0441353
vt 0.198062 0.042641
vt 0.0134059 0.500334
vt 0.492215 0.726186
vt 0.494347 0.724498
vt 0.493816 0.725991
vt 0.175564 0.0432337
vt 0.173398 0.0429739
vt 0.179239 0.0417737
vt 0.171871 0.0411698
vt 0.171899 0.0424201
vt 0.168898 0.0421671
vt 0.379395 0.115102
vt 0.201639 0.0430835
vt 0.199899 0.0419353
vt 0.0124755 0.500534
vt 0.019913 0.500333
vt 0.201521 0.0389972
vt 0.0137986 0.501599
vt 0.30786 0.00713313
vt 0.306603 0.00916111
vt 0.203179 0.0424547
vt 0.495859 0.725131
vt 0.183234 0.0416741
vt 0.181466 0.0433766
vt 0.180952 0.0421152
vt 0.204105 0.0414193
vt 0.203511 0.0448043
vt 0.205165 0.0418441
vt 0.039002 0.495782
vt 0.0681461 0.692157
vt 0.0711092 0.692707
vt 0.185351 0.0434653
vt 0.870058 0.0144176
vt 0.197162 0.19953
vt 0.491987 0.724364
vt 0.491054 0.725219
vt 0.488088 0.724274
vt 0.0699284 0.700418
vt 0.473397 0.735042
vt 0.475878 0.736059
vt 0.475852 0.737532
vt 0.695246 0.79834
vt 0.313041 0.0110579
vt 0.318404 0.0112303
vt 0.0403509 0.503924
vt 0.480646 0.725269
vt 0.0709346 0.709096
vt 0.0690971 0.694441
vt 0.0678115 0.696245
vt 0.202828 0.197759
vt 0.200771 0.196567
vt 0.203559 0.196547
vt 0.195903 0.0392833
vt 0.196983 0.0418269
vt 0.195846 0.0402401
vt 0.306195 0.0068472
vt 0.174151 0.04349
vt 0.161035 0.00552756
vt 0.159973 0.00281423
vt 0.189015 0.044829
vt 0.189469 0.0436119
vt 0.190714 0.0442797
vt 0.0697021 0.694647
vt 0.0694801 0.696832
vt 0.198654 0.0391377
vt 0.482463 0.740134
vt 0.481555 0.740618
vt 0.48082 0.739187
vt 0.203291 0.0407619
vt 0.468493 0.733781
vt 0.468159 0.735864
vt 0.158379 0.0110879
vt 0.159421 0.0125484
vt 0.834174 0.00731343
vt 0.835912 0.00828904
vt 0.835885 0.00917768
vt 0.184954 0.0456793
vt 0.188284 0.046118
vt 0.193899 0.0498714
vt 0.196255 0.0491357
vt 0.197192 0.0498894
vt 0.193224 0.0441877
vt 0.584626 0.237628
vt 0.469647 0.736502
vt 0.468447 0.737601
vt 0.831895 0.00838184
vt 0.83447 0.00949097
vt 0.831977 0.00942051
vt 0.322515 0.00765216
vt 0.160374 0.0109628
vt 0.476976 0.738773
vt 0.47595 0.738196
vt 0.477733 0.737576
vt 0.0716815 0.716062
vt 0.206923 0.0196093
vt 0.206326 0.0181393
vt 0.207848 0.0180091
vt 0.464007 0.735597
vt 0.209469 0.0177802
vt 0.198192 0.196672
vt 0.175582 0.0444303
vt 0.305536 0.00774086
vt 0.306256 0.0100819
vt 0.158842 0.00239468
vt 0.159129 0.006293
vt 0.157932 0.00353497
vt 0.32591 0.00865448
vt 0.823469 0.00533861
vt 0.822335 0.00715059
vt 0.822068 0.0051825
vt 0.557077 0.379786
vt 0.181376 0.0414065
vt 0.821075 0.00809145
vt 0.817286 0.00804865
vt 0.816895 0.00724167
vt 0.195459 0.197582
vt 0.195721 0.196102
vt 0.0938889 0.110395
vt 0.0946564 0.111678
vt 0.0938138 0.11177
vt 0.162031 0.0141842
vt 0.194534 0.195566
vt 0.162305 0.010776
vt 0.161403 0.00838262
vt 0.163429 0.0104714
vt 0.487179 0.743652
vt 0.484806 0.742237
vt 0.485676 0.741495
vt 0.748974 0.157255
vt 0.471002 0.73625
vt 0.202382 0.0463375
vt 0.1995 0.0456705
vt 0.0694288 0.699231
vt 0.0133962 0.504955
vt 0.308074 0.0107655
vt 0.8207 0.00642294
vt 0.191297 0.0460141
vt 0.734911 0.0170897
vt 0.734863 0.0153483
vt 0.736153 0.015938
vt 0.480891 0.738177
vt 0.477012 0.73507
vt 0.177534 0.0449509
vt 0.171396 0.0443261
vt 0.160236 0.00679648
vt 0.203675 0.051149
vt 0.203014 0.0500316
vt 0.206104 0.0518629
vt 0.87439 0.0157259
vt 0.826339 0.00539738
vt 0.831949 0.00610328
vt 0.828772 0.00597799
vt 0.316389 0.00737357
vt 0.310048 0.0102645
vt 0.464087 0.736698
vt 0.160114 0.00548673
vt 0.224659 0.0225883
vt 0.157745 0.0100272
vt 0.198088 0.199812
vt 0.323408 0.00969869
vt 0.824938 0.00704694
vt 0.821674 0.00848669
vt 0.193034 0.0466187
vt 0.193815 0.0456742
vt 0.188845 0.0422458
vt 0.186924 0.0431944
vt 0.867019 0.0143253
vt 0.866314 0.0154229
vt 0.470412 0.733281
vt 0.161588 0.0111123
vt 0.0925293 0.113168
vt 0.0907612 0.116699
vt 0.090332 0.1149
vt 0.326406 0.00974923
vt 0.469031 0.732764
vt 0.190692 0.0420555
vt 0.492944 0.723884
vt 0.495021 0.723253
vt 0.199721 0.0494006
vt 0.211565 0.0214348
vt 0.209836 0.0210641
vt 0.0932887 0.108767
vt 0.0929002 0.111052
vt 0.0916247 0.108327
vt 0.319761 0.00753647
vt 0.872171 0.0153473
vt 0.190706 0.0466984
vt 0.102733 0.109078
vt 0.103924 0.107793
vt 0.107788 0.10792
vt 0.157334 0.0131032
vt 0.4835 0.738899
vt 0.481536 0.737802
vt 0.208966 0.0209563
vt 0.0707482 0.707478
vt 0.0708376 0.706711
vt 0.070723 0.711715
vt 0.0700317 0.710612
vt 0.0705793 0.70995
vt 0.225997 0.0210249
vt 0.22717 0.0215731
vt 0.226132 0.0218415
vt 0.818695 0.00483233
vt 0.186184 0.0443439
vt 0.160656 0.00866401
vt 0.198519 0.0461974
vt 0.195934 0.0463869
vt 0.0711884 0.718743
vt 0.0693113 0.717705
vt 0.0700417 0.716567
vt 0.0681803 0.69921
vt 0.16429 0.0270832
vt 0.163799 0.0252405
vt 0.0982758 0.108689
vt 0.0984564 0.110417
vt 0.097677 0.108664
vt 0.465711 0.727535
vt 0.467871 0.725365
vt 0.181926 0.0452689
vt 0.183011 0.0438855
vt 0.0704131 0.721003
vt 0.322645 0.0110793
vt 0.827323 0.00870174
vt 0.826079 0.00701684
vt 0.0163465 0.504924
vt 0.471235 0.723833
vt 0.156583 0.0093134
vt 0.0360325 0.506543
vt 0.0350593 0.505007
vt 0.0371823 0.506052
vt 0.0678003 0.706721
vt 0.0691789 0.705961
vt 0.0698828 0.706972
vt 0.0694207 0.712074
vt 0.0719535 0.726065
vt 0.15788 0.00609642
vt 0.156255 0.00705963
vt 0.156595 0.00574744
vt 0.16401 0.0303624
vt 0.163153 0.0298162
vt 0.832701 0.0211341
vt 0.830566 0.0206298
vt 0.83262 0.0205372
vt 0.0672695 0.708592
vt 0.069438 0.708385
vt 0.837967 0.0220715
vt 0.0922796 0.112463
vt 0.158334 0.00695831
vt 0.170565 0.0433259
vt 0.494904 0.726258
vt 0.165096 0.0110196
vt 0.165121 0.0132716
vt 0.16395 0.013109
vt 0.172795 0.0442817
vt 0.172363 0.878985
vt 0.0702616 0.713836
vt 0.0714985 0.712886
vt 0.480831 0.73736
vt 0.0676704 0.712878
vt 0.0671925 0.716135
vt 0.155986 0.0132137
vt 0.192991 0.0420616
vt 0.163872 0.0316385
vt 0.194591 0.0438116
vt 0.194256 0.0419381
vt 0.326939 0.0108109
vt 0.1628 0.0152756
vt 0.162823 0.0188714
vt 0.162796 0.0179012
vt 0.0274675 0.505629
vt 0.036672 0.507664
vt 0.0340948 0.507884
vt 0.0323437 0.507148
vt 0.100041 0.109516
vt 0.0404564 0.507236
vt 0.0382533 0.508624
vt 0.195887 0.0420659
vt 0.196771 0.0440727
vt 0.207476 0.0165116
vt 0.168481 0.0439051
vt 0.0325014 0.508229
vt 0.0342874 0.508619
vt 0.034211 0.510081
vt 0.018467 0.506076
vt 0.170141 0.0440708
vt 0.481633 0.741414
vt 0.482346 0.741106
vt 0.0695207 0.703793
vt 0.829896 0.00701123
vt 0.0963854 0.110622
vt 0.0696521 0.720633
vt 0.483025 0.741592
vt 0.0304833 0.510125
vt 0.837523 0.0204025
vt 0.83838 0.0196253
vt 0.839435 0.0204722
vt 0.0331015 0.505266
vt 0.473031 0.735646
vt 0.0306434 0.508869
vt 0.162775 0.021049
vt 0.479593 0.739885
vt 0.164306 0.0178927
vt 0.164019 0.0200218
vt 0.0277341 0.509922
vt 0.0293159 0.508019
vt 0.0708531 0.715206
vt 0.840091 0.0174361
vt 0.83851 0.0184998
vt 0.838509 0.0173214
vt 0.106268 0.109075
vt 0.163632 0.0228287
vt 0.749759 0.20601
vt 0.748967 0.211451
vt 0.748126 0.209619
vt 0.213636 0.0215626
vt 0.202787 0.0485056
vt 0.029795 0.505957
vt 0.199556 0.0465338
vt 0.215221 0.0218871
vt 0.0913409 0.112609
vt 0.0672632 0.707787
vt 0.036412 0.51043
vt 0.838408 0.008793
vt 0.834676 0.00602573
vt 0.836891 0.00597209
vt 0.0672906 0.711009
vt 0.182741 0.0459138
vt 0.489416 0.725194
vt 0.0678248 0.705813
vt 0.835581 0.0203235
vt 0.839539 0.00585318
vt 0.0196667 0.509815
vt 0.0234917 0.507048
vt 0.0220658 0.506944
vt 0.0388677 0.509822
vt 0.0383491 0.510386
vt 0.155566 0.00601852
vt 0.751287 0.201803
vt 0.828602 0.00774461
vt 0.155601 0.00303829
vt 0.207328 0.0207473
vt 0.164049 0.020929
vt 0.160743 0.0103673
vt 0.0400229 0.505654
vt 0.0298967 0.507782
vt 0.198076 0.0453911
vt 0.0256818 0.510649
vt 0.84099 0.00900567
vt 0.094015 0.112379
vt 0.0925344 0.114709
vt 0.200891 0.04829
vt 0.0258271 0.506916
vt 0.0270315 0.508099
vt 0.103995 0.109755
vt 0.841788 0.0057236
vt 0.067884 0.718243
vt 0.478329 0.739791
vt 0.843882 0.00884318
vt 0.823281 0.00611883
vt 0.206368 0.020618
vt 0.0209802 0.508204
vt 0.831158 0.00903749
vt 0.0203055 0.511025
vt 0.157 0.00248581
vt 0.00859652 0.507244
vt 0.00644862 0.50361
vt 0.163577 0.022026
vt 0.0688616 0.71979
vt 0.837923 0.0194699
vt 0.0678529 0.720038
vt 0.108551 0.109025
vt 0.108743 0.107845
vt 0.846734 0.00950408
vt 0.157052 0.00373173
vt 0.0231525 0.509467
vt 0.0263006 0.509508
vt 0.0227851 0.510819
vt 0.682129 0.769888
vt 0.0682404 0.703705
vt 0.0668945 0.701002
vt 0.788055 0.325977
vt 0.000488281 0.103422
vt 0.00349449 0.102956
vt 0.833047 0.0200348
vt 0.747122 0.214355
usemtl material
f 1/1/1 2/2/2 3/3/3
f 4/4/4 3/3/3 5/5/5
f 6/6/6 3/3/3 2/2/2
f 7/7/7 8/8/8 9/9/9
f 10/10/10 4/4/4 5/5/5
f 11/11/11 12/12/12 13/13/13
f 14/14/14 15/15/15 16/16/16
f 17/17/17 18/18/18 19/19/19
f 20/20/20 17/17/17 21/21/21
f 22/22/22 17/17/17 19/19/19
f 17/17/17 22/22/22 21/21/21
f 23/23/23 24/24/24 25/25/25
f 26/26/26 27/27/27 28/28/28
f 29/29/29 30/30/30 31/31/31
f 32/32/32 15/15/15 14/14/14
f 33/33/33 28/28/28 34/34/34
f 35/35/35 16/16/16 20/36/20
f 15/15/15 32/32/32 36/37/36
f 32/38/32 37/39/37 36/40/36
f 24/24/24 38/41/38 25/25/25
f 39/42/39 40/43/40 41/44/41
f 40/43/40 42/45/42 41/44/41
f 27/27/27 42/45/42 43/46/43
f 37/47/37 40/43/40 39/42/39
f 41/44/41 42/45/42 27/27/27
f 25/25/25 44/48/44 45/49/45
f 46/50/46 8/8/8 47/51/47
f 22/22/22 19/19/19 48/52/48
f 10/10/10 48/52/48 19/19/19
f 19/19/19 4/4/4 10/10/10
f 49/53/49 46/50/46 50/54/50
f 51/55/51 12/12/12 52/56/52
f 53/57/53 54/58/54 55/59/55
f 56/60/56 51/55/51 52/56/52
f 51/55/51 57/61/57 58/62/58
f 58/62/58 59/63/59 60/64/60
f 61/65/61 62/66/62 63/67/63
f 64/68/64 65/69/65 62/66/62
f 64/68/64 66/70/66 67/71/67
f 68/72/68 69/73/69 70/74/70
f 71/75/71 72/76/72 73/77/73
f 74/78/74 75/79/75 76/80/76
f 68/72/68 77/81/77 69/73/69
f 74/78/74 76/80/76 78/82/78
f 79/83/79 80/84/80 81/85/81
f 79/83/79 81/85/81 82/86/82
f 83/87/83 84/88/84 85/89/85
f 85/89/85 86/90/86 87/91/87
f 85/89/85 87/91/87 88/92/88
f 71/75/71 89/93/89 85/89/85
f 68/94/68 89/93/89 71/75/71
f 74/78/74 68/72/68 70/74/70
f 74/78/74 70/74/70 75/79/75
f 86/90/86 85/89/85 84/88/84
f 68/94/68 71/75/71 73/77/73
f 68/94/68 73/77/73 77/95/77
f 74/78/74 80/96/80 79/97/79
f 74/78/74 79/97/79 68/72/68
f 86/90/86 90/98/90 87/91/87
f 91/99/91 92/100/92 93/101/93
f 85/89/85 89/93/89 83/87/83
f 71/75/71 85/89/85 88/92/88
f 71/75/71 88/92/88 72/76/72
f 94/102/94 92/100/92 91/99/91
f 84/88/84 95/103/95 96/104/96
f 86/90/86 84/88/84 96/104/96
f 89/93/89 68/94/68 79/105/79
f 93/101/93 97/106/97 98/107/98
f 93/101/93 98/107/98 91/99/91
f 99/108/99 74/78/74 78/82/78
f 99/108/99 78/82/78 100/109/100
f 99/108/99 100/109/100 101/110/101
f 80/96/80 74/78/74 99/108/99
f 80/96/80 99/108/99 101/110/101
f 80/96/80 101/110/101 81/111/81
f 102/112/102 103/113/103 104/114/104
f 95/115/95 105/116/105 106/117/106
f 102/112/102 107/118/107 108/119/108
f 108/119/108 109/120/109 102/112/102
f 110/121/110 111/122/111 109/123/109
f 95/103/95 106/124/106 96/104/96
f 102/112/102 112/125/112 113/126/113
f 102/112/102 113/126/113 114/127/114
f 115/128/115 106/117/106 105/116/105
f 107/118/107 102/112/102 116/129/116
f 95/115/95 97/106/97 105/116/105
f 96/104/96 106/124/106 116/129/116
f 116/130/116 106/117/106 115/128/115
f 117/131/117 112/125/112 102/112/102
f 118/132/118 119/133/119 117/131/117
f 120/134/120 112/125/112 117/131/117
f 102/112/102 121/135/121 103/113/103
f 117/131/117 109/120/109 111/136/111
f 122/137/122 123/138/123 124/139/124
f 112/125/112 125/140/125 113/126/113
f 86/90/86 96/104/96 102/112/102
f 126/141/126 127/142/127 128/143/128
f 120/134/120 126/141/126 129/144/129
f 120/134/120 129/144/129 130/145/130
f 86/90/86 102/112/102 104/114/104
f 86/90/86 104/114/104 90/98/90
f 102/112/102 109/120/109 117/131/117
f 122/137/122 110/121/110 109/123/109
f 102/112/102 114/127/114 121/135/121
f 131/146/131 124/139/124 132/147/132
f 133/148/133 131/146/131 134/149/134
f 135/150/135 136/151/136 137/152/137
f 105/116/105 137/152/137 115/128/115
f 126/141/126 128/143/128 129/144/129
f 97/106/97 93/101/93 105/116/105
f 115/128/115 122/137/122 116/130/116
f 136/151/136 123/138/123 137/152/137
f 138/153/138 131/146/131 132/147/132
f 139/154/139 132/147/132 124/139/124
f 137/152/137 93/101/93 92/100/92
f 134/149/134 131/146/131 138/153/138
f 135/150/135 137/152/137 92/100/92
f 118/132/118 117/131/117 111/136/111
f 124/139/124 110/121/110 122/137/122
f 119/133/119 120/134/120 117/131/117
f 112/125/112 120/134/120 130/145/130
f 112/125/112 130/145/130 125/140/125
f 116/129/116 108/119/108 107/118/107
f 93/101/93 137/152/137 105/116/105
f 96/104/96 116/129/116 102/112/102
f 108/155/108 116/130/116 122/137/122
f 108/155/108 122/137/122 109/123/109
f 139/154/139 124/139/124 123/138/123
f 119/133/119 140/156/140 141/157/141
f 137/152/137 122/137/122 115/128/115
f 123/138/123 136/151/136 142/158/142
f 119/133/119 126/141/126 120/134/120
f 142/158/142 136/151/136 135/150/135
f 143/159/143 144/160/144 145/161/145
f 140/156/140 119/133/119 118/132/118
f 126/141/126 146/162/146 147/163/147
f 126/141/126 147/163/147 127/142/127
f 146/162/146 148/164/148 147/163/147
f 123/138/123 142/158/142 139/154/139
f 133/148/133 111/122/111 110/121/110
f 110/121/110 131/146/131 133/148/133
f 123/138/123 122/137/122 137/152/137
f 149/165/149 111/122/111 133/148/133
f 131/146/131 110/121/110 124/139/124
f 146/162/146 150/166/150 148/164/148
f 141/167/141 144/160/144 119/168/119
f 151/169/151 152/170/152 153/171/153
f 151/169/151 153/171/153 154/172/154
f 151/169/151 154/172/154 155/173/155
f 145/161/145 144/160/144 141/167/141
f 119/168/119 156/174/156 157/175/157
f 146/176/146 119/168/119 157/175/157
f 146/176/146 157/175/157 158/177/158
f 146/176/146 158/177/158 150/178/150
f 159/179/159 160/180/160 161/181/161
f 160/180/160 159/179/159 162/182/162
f 163/183/163 144/160/144 143/159/143
f 92/100/92 94/102/94 164/184/164
f 165/185/165 151/169/151 155/173/155
f 165/185/165 155/173/155 166/186/166
f 167/187/167 92/100/92 164/184/164
f 163/183/163 143/159/143 145/161/145
f 168/188/168 169/189/169 170/190/170
f 135/150/135 171/191/171 142/158/142
f 151/169/151 165/185/165 172/192/172
f 173/193/173 162/182/162 174/194/174
f 175/195/175 176/196/176 57/197/57
f 132/147/132 139/154/139 177/198/177
f 178/199/178 177/198/177 169/189/169
f 172/192/172 165/185/165 144/160/144
f 146/162/146 126/141/126 119/133/119
f 179/200/179 180/201/180 181/202/181
f 161/181/161 182/203/182 183/204/183
f 172/192/172 184/205/184 185/206/185
f 175/207/175 179/200/179 186/208/186
f 160/180/160 162/182/162 173/193/173
f 187/209/187 188/210/188 189/211/189
f 190/212/190 191/213/191 182/203/182
f 192/214/192 175/207/175 186/208/186
f 142/158/142 170/190/170 139/154/139
f 187/209/187 189/211/189 181/202/181
f 190/212/190 193/215/193 176/216/176
f 59/63/59 176/216/176 193/215/193
f 183/204/183 182/203/182 194/217/194
f 194/217/194 168/188/168 183/204/183
f 192/214/192 191/213/191 176/216/176
f 151/169/151 172/192/172 185/206/185
f 151/169/151 185/206/185 195/218/195
f 191/213/191 194/217/194 182/203/182
f 119/168/119 165/185/165 166/186/166
f 119/168/119 166/186/166 156/174/156
f 190/212/190 182/203/182 160/180/160
f 196/219/196 142/158/142 171/191/171
f 174/194/174 197/220/197 173/193/173
f 198/221/198 187/209/187 181/202/181
f 199/222/199 169/189/169 168/188/168
f 194/217/194 199/222/199 168/188/168
f 200/223/200 132/147/132 177/198/177
f 144/160/144 165/185/165 119/168/119
f 199/222/199 178/199/178 169/189/169
f 177/198/177 170/190/170 169/189/169
f 57/61/57 176/216/176 59/63/59
f 151/169/151 201/224/201 152/170/152
f 151/169/151 195/218/195 201/224/201
f 198/225/198 180/226/180 202/227/202
f 186/208/186 199/222/199 191/213/191
f 191/213/191 199/222/199 194/217/194
f 59/63/59 58/62/58 57/61/57
f 171/191/171 135/150/135 92/100/92
f 173/193/173 64/68/64 160/180/160
f 198/221/198 181/202/181 180/201/180
f 186/208/186 181/202/181 199/222/199
f 202/227/202 203/228/203 198/225/198
f 183/204/183 167/187/167 204/229/204
f 177/198/177 139/154/139 170/190/170
f 204/229/204 167/187/167 164/184/164
f 180/226/180 57/197/57 202/227/202
f 202/227/202 57/197/57 56/230/56
f 200/223/200 177/198/177 189/211/189
f 175/207/175 192/214/192 176/216/176
f 183/204/183 92/100/92 167/187/167
f 183/204/183 171/191/171 92/100/92
f 65/69/65 197/220/197 63/67/63
f 173/193/173 197/220/197 65/69/65
f 172/192/172 144/160/144 163/183/163
f 190/212/190 160/180/160 67/71/67
f 205/231/205 161/181/161 204/229/204
f 183/204/183 204/229/204 161/181/161
f 168/188/168 196/219/196 183/204/183
f 186/208/186 191/213/191 192/214/192
f 188/210/188 187/209/187 206/232/206
f 159/179/159 161/181/161 205/231/205
f 207/233/207 208/234/208 209/235/209
f 178/199/178 189/211/189 177/198/177
f 190/212/190 176/216/176 191/213/191
f 172/192/172 210/236/210 184/205/184
f 63/67/63 197/220/197 61/65/61
f 159/179/159 205/231/205 162/182/162
f 186/208/186 179/200/179 181/202/181
f 171/191/171 183/204/183 196/219/196
f 63/67/63 62/66/62 65/69/65
f 160/180/160 182/203/182 161/181/161
f 64/68/64 173/193/173 65/69/65
f 51/55/51 56/60/56 57/61/57
f 187/237/187 198/225/198 203/228/203
f 180/226/180 175/195/175 57/197/57
f 180/226/180 179/238/179 175/195/175
f 170/190/170 196/219/196 168/188/168
f 196/219/196 170/190/170 142/158/142
f 67/71/67 160/180/160 64/68/64
f 178/199/178 199/222/199 181/202/181
f 67/71/67 193/215/193 190/212/190
f 211/239/211 212/240/212 213/241/213
f 211/239/211 213/241/213 214/242/214
f 189/211/189 178/199/178 181/202/181
f 56/60/56 52/56/52 202/243/202
f 207/233/207 215/244/215 208/234/208
f 216/245/216 217/246/217 218/247/218
f 207/233/207 219/248/219 215/244/215
f 202/227/202 220/249/220 203/228/203
f 202/227/202 52/250/52 220/249/220
f 216/245/216 221/251/221 222/252/222
f 216/245/216 222/252/222 217/246/217
f 203/228/203 206/253/206 187/237/187
f 223/254/223 212/240/212 211/239/211
f 220/249/220 206/253/206 203/228/203
f 224/255/224 225/256/225 226/257/226
f 211/239/211 214/242/214 227/258/227
f 228/259/228 229/260/229 230/261/230
f 231/262/231 232/263/232 233/264/233
f 228/259/228 234/265/234 235/266/235
f 228/259/228 236/267/236 229/260/229
f 228/259/228 237/268/237 236/267/236
f 212/240/212 238/269/238 213/241/213
f 228/259/228 235/266/235 239/270/239
f 228/259/228 239/270/239 237/268/237
f 240/271/240 83/272/83 241/273/241
f 231/262/231 242/274/242 79/83/79
f 216/245/216 212/240/212 221/251/221
f 231/262/231 79/83/79 82/86/82
f 231/262/231 82/86/82 232/263/232
f 211/239/211 227/258/227 243/275/243
f 244/276/244 245/277/245 246/278/246
f 235/266/235 247/279/247 242/274/242
f 246/280/246 248/281/248 244/282/244
f 249/283/249 250/284/250 251/285/251
f 212/240/212 216/245/216 218/247/218
f 212/240/212 218/247/218 238/269/238
f 241/273/241 89/286/89 79/287/79
f 247/279/247 234/265/234 252/288/252
f 235/266/235 231/262/231 233/264/233
f 235/266/235 233/264/233 239/270/239
f 234/265/234 245/277/245 252/288/252
f 253/289/253 251/290/251 250/291/250
f 254/292/254 255/293/255 256/294/256
f 257/295/257 258/296/258 259/297/259
f 260/298/260 261/299/261 262/300/262
f 261/299/261 260/298/260 257/295/257
f 263/301/263 257/295/257 260/298/260
f 79/287/79 242/302/242 241/273/241
f 247/303/247 264/304/264 242/302/242
f 265/305/265 266/306/266 267/307/267
f 268/308/268 234/265/234 269/309/269
f 268/308/268 269/309/269 269/310/270
f 270/311/271 224/255/224 226/257/226
f 270/311/271 226/257/226 271/312/272
f 250/291/250 272/313/273 253/289/253
f 257/295/257 273/314/274 261/299/261
f 274/315/275 275/316/276 276/317/277
f 212/240/212 251/285/251 221/251/221
f 207/233/207 268/308/268 269/310/270
f 207/233/207 269/310/270 219/248/219
f 261/299/261 277/318/278 278/319/279
f 267/307/267 266/306/266 279/320/280
f 221/251/221 246/278/246 245/277/245
f 253/289/253 272/313/273 276/317/277
f 280/321/281 281/322/282 282/323/283
f 252/324/252 245/325/245 283/326/284
f 284/327/285 285/328/286 248/281/248
f 250/291/250 286/329/287 278/319/279
f 287/330/288 280/321/281 288/331/289
f 267/307/267 289/332/290 290/333/291
f 267/307/267 290/333/291 290/333/292
f 267/307/267 290/333/292 291/334/293
f 278/319/279 286/329/287 261/299/261
f 292/335/294 212/240/212 223/254/223
f 288/331/289 252/324/252 283/326/284
f 246/280/246 284/327/285 248/281/248
f 275/316/276 274/315/275 293/336/295
f 244/337/244 248/338/248 294/339/296
f 287/330/288 288/331/289 295/340/297
f 263/301/263 260/298/260 296/341/298
f 277/318/278 250/291/250 278/319/279
f 241/273/241 242/302/242 297/342/299
f 288/331/289 283/326/284 295/340/297
f 298/343/300 211/344/211 243/345/243
f 298/343/300 243/345/243 299/346/301
f 242/302/242 264/304/264 297/342/299
f 84/347/84 300/348/302 98/107/98
f 277/318/278 301/349/303 250/291/250
f 265/305/265 274/315/275 266/306/266
f 249/350/249 286/329/287 250/291/250
f 257/295/257 263/301/263 302/351/304
f 257/295/257 302/351/304 302/351/305
f 257/295/257 302/351/305 258/296/258
f 289/332/290 303/352/306 304/353/307
f 289/332/290 304/353/307 304/354/308
f 289/332/290 304/354/308 290/333/291
f 276/317/277 275/316/276 253/289/253
f 275/355/276 284/327/285 253/356/253
f 224/255/224 298/343/300 299/346/301
f 224/255/224 299/346/301 225/256/225
f 207/233/207 245/277/245 234/265/234
f 281/322/282 280/321/281 287/330/288
f 251/285/251 246/278/246 221/251/221
f 294/339/296 295/340/297 283/326/284
f 270/311/271 271/312/272 305/357/309
f 270/311/271 305/357/309 305/357/310
f 303/352/306 261/299/261 306/358/311
f 303/352/306 306/358/311 306/359/312
f 303/352/306 306/359/312 307/360/313
f 224/255/224 308/361/314 298/343/300
f 279/320/280 266/306/266 309/362/315
f 263/301/263 270/311/271 310/363/316
f 263/301/263 310/363/316 310/363/317
f 263/301/263 310/363/317 311/364/318
f 312/365/319 313/366/320 314/367/321
f 315/368/322 316/369/323 317/370/324
f 242/274/242 231/262/231 235/266/235
f 268/308/268 207/233/207 234/265/234
f 287/330/288 318/371/325 281/322/282
f 98/107/98 97/106/97 84/347/84
f 319/372/326 320/373/327 321/374/328
f 322/375/329 323/376/330 324/377/331
f 325/378/332 267/307/267 291/334/293
f 325/378/332 291/334/293 291/334/333
f 325/378/332 291/334/333 326/379/334
f 303/352/306 327/380/335 328/381/336
f 207/233/207 221/251/221 245/277/245
f 280/321/281 252/324/252 288/331/289
f 263/301/263 311/364/318 302/351/304
f 329/382/337 287/330/288 330/383/338
f 331/384/339 332/385/340 333/386/341
f 314/367/321 334/387/342 312/365/319
f 325/378/332 326/379/334 335/388/343
f 251/389/251 253/356/253 246/280/246
f 336/390/344 248/338/248 285/391/286
f 333/386/341 98/107/98 300/348/302
f 234/265/234 228/259/228 230/261/230
f 234/265/234 230/261/230 269/309/269
f 337/392/345 338/393/346 267/307/267
f 221/251/221 207/233/207 209/235/209
f 221/251/221 209/235/209 222/252/222
f 253/356/253 284/327/285 246/280/246
f 329/382/337 330/383/338 339/394/347
f 321/374/328 340/395/348 341/396/349
f 321/374/328 300/397/302 340/395/348
f 266/306/266 272/313/273 301/349/303
f 312/365/319 334/387/342 342/398/350
f 309/362/315 266/306/266 301/349/303
f 295/340/297 294/339/296 343/399/351
f 296/341/298 298/343/300 308/361/314
f 270/311/271 308/361/314 224/255/224
f 84/400/84 83/272/83 240/271/240
f 309/362/315 301/349/303 277/318/278
f 277/318/278 261/299/261 303/352/306
f 261/299/261 273/314/274 344/401/352
f 261/299/261 344/401/352 344/402/353
f 261/299/261 344/402/353 306/358/311
f 265/305/265 323/403/330 256/404/256
f 313/366/320 312/365/319 294/339/296
f 312/365/319 343/399/351 294/339/296
f 274/315/275 276/317/277 266/306/266
f 323/403/330 265/305/265 345/405/354
f 276/317/277 272/313/273 266/306/266
f 289/332/290 279/320/280 277/318/278
f 346/406/355 316/407/323 334/387/342
f 321/408/328 333/386/341 300/348/302
f 322/375/329 256/294/256 323/376/330
f 265/305/265 256/404/256 293/336/295
f 346/406/355 334/387/342 347/409/356
f 234/265/234 247/279/247 235/266/235
f 289/332/290 277/318/278 303/352/306
f 281/322/282 348/410/357 282/323/283
f 212/240/212 292/335/294 249/283/249
f 349/411/358 240/412/240 297/413/299
f 348/410/357 350/414/359 341/396/349
f 273/314/274 257/295/257 259/297/259
f 273/314/274 259/297/259 259/415/360
f 273/314/274 259/415/360 351/416/361
f 323/376/330 345/417/354 352/418/362
f 267/307/267 279/320/280 289/332/290
f 350/414/359 319/372/326 321/374/328
f 336/390/344 313/366/320 248/338/248
f 295/340/297 339/394/347 330/383/338
f 339/394/347 295/340/297 343/399/351
f 281/322/282 350/414/359 348/410/357
f 339/394/347 343/399/351 312/365/319
f 84/347/84 240/419/240 300/348/302
f 317/370/324 316/369/323 346/420/355
f 317/370/324 346/420/355 254/292/254
f 313/366/320 336/390/344 314/367/321
f 350/414/359 321/374/328 341/396/349
f 298/343/300 292/421/294 223/422/223
f 273/314/274 351/416/361 344/401/352
f 296/341/298 308/361/314 263/301/263
f 84/347/84 97/106/97 95/115/95
f 275/355/276 255/423/255 285/328/286
f 353/424/363 319/372/326 350/414/359
f 285/391/286 314/367/321 336/390/344
f 314/367/321 285/391/286 347/409/356
f 275/355/276 285/328/286 284/327/285
f 244/337/244 283/326/284 245/325/245
f 354/425/364 322/375/329 355/426/365
f 317/370/324 254/292/254 356/427/366
f 254/428/254 347/409/356 285/391/286
f 282/323/283 348/410/357 264/429/264
f 249/283/249 251/285/251 212/240/212
f 282/323/283 264/429/264 247/430/247
f 292/421/294 298/343/300 262/300/262
f 265/305/265 338/393/346 345/405/354
f 322/375/329 356/427/366 254/292/254
f 254/292/254 285/431/286 255/293/255
f 91/99/91 98/107/98 333/386/341
f 283/326/284 244/337/244 294/339/296
f 303/352/306 328/381/336 304/353/307
f 241/273/241 297/342/299 240/271/240
f 357/432/367 354/425/364 355/426/365
f 355/426/365 322/375/329 324/377/331
f 315/368/322 317/370/324 358/433/368
f 332/385/340 91/99/91 333/386/341
f 334/387/342 314/367/321 347/409/356
f 270/311/271 263/301/263 308/361/314
f 89/286/89 241/273/241 83/272/83
f 349/434/358 300/348/302 240/419/240
f 332/385/340 94/102/94 91/99/91
f 356/427/366 358/433/368 317/370/324
f 262/300/262 249/350/249 292/421/294
f 341/396/349 297/413/299 348/410/357
f 270/311/271 305/357/310 310/363/316
f 275/316/276 293/336/295 255/435/255
f 353/424/363 350/414/359 281/322/282
f 334/387/342 359/436/369 342/398/350
f 260/298/260 262/300/262 298/343/300
f 294/339/296 248/338/248 313/366/320
f 279/320/280 309/362/315 277/318/278
f 265/305/265 293/336/295 274/315/275
f 316/407/323 359/436/369 334/387/342
f 286/329/287 249/350/249 262/300/262
f 254/292/254 346/420/355 347/437/356
f 356/427/366 322/375/329 360/438/370
f 293/336/295 256/404/256 255/435/255
f 262/300/262 261/299/261 286/329/287
f 267/307/267 338/393/346 265/305/265
f 320/439/327 333/386/341 321/408/328
f 298/343/300 223/422/223 211/344/211
f 264/429/264 348/410/357 297/413/299
f 325/378/332 337/392/345 267/307/267
f 361/440/371 281/322/282 318/371/325
f 297/413/299 340/395/348 300/397/302
f 287/330/288 295/340/297 330/383/338
f 256/294/256 322/375/329 254/292/254
f 358/441/368 359/436/369 316/407/323
f 296/341/298 260/298/260 298/343/300
f 323/376/330 352/418/362 324/377/331
f 281/322/282 361/440/371 353/424/363
f 320/439/327 331/384/339 333/386/341
f 360/438/370 322/375/329 354/425/364
f 340/395/348 297/413/299 341/396/349
f 250/291/250 301/349/303 272/313/273
f 300/397/302 349/411/358 297/413/299
f 280/321/281 282/323/283 252/324/252
f 252/324/252 282/323/283 247/430/247
f 358/441/368 316/407/323 315/442/322
f 342/398/350 362/443/372 339/394/347
f 342/398/350 339/394/347 312/365/319
f 363/444/373 364/445/374 365/446/375
f 366/447/376 367/448/377 368/449/378
f 369/450/379 325/378/332 335/388/343
f 369/450/379 335/388/343 335/451/380
f 369/450/379 335/451/380 370/452/381
f 140/453/140 118/454/118 371/455/382
f 337/392/345 372/456/383 338/393/346
f 373/457/384 374/458/385 375/459/386
f 363/460/373 376/461/387 364/462/374
f 369/450/379 370/452/381 377/463/388
f 369/450/379 377/463/388 378/464/389
f 369/450/379 372/456/383 337/392/345
f 140/453/140 371/455/382 379/465/390
f 373/457/384 380/466/391 369/467/379
f 381/468/392 382/469/393 383/470/394
f 384/471/395 385/472/396 386/473/397
f 385/472/396 384/471/395 387/474/398
f 388/475/399 371/476/382 149/165/149
f 389/477/400 384/478/395 386/479/397
f 390/480/401 391/481/402 392/482/403
f 369/450/379 337/392/345 325/378/332
f 393/483/404 380/466/391 394/484/405
f 393/483/404 394/484/405 394/484/406
f 393/483/404 394/484/406 395/485/407
f 396/486/408 397/487/409 398/488/410
f 366/447/376 368/449/378 399/489/411
f 368/449/378 352/418/362 365/490/375
f 400/491/412 389/477/400 386/479/397
f 364/492/374 368/449/378 365/490/375
f 367/448/377 352/418/362 368/449/378
f 372/456/383 369/450/379 363/444/373
f 401/493/413 402/494/414 396/486/408
f 366/447/376 403/495/415 404/496/416
f 118/132/118 111/136/111 149/497/149
f 405/498/417 406/499/418 407/500/419
f 140/501/140 145/161/145 141/167/141
f 408/502/420 409/503/421 410/504/422
f 411/505/423 399/489/411 368/449/378
f 376/506/387 385/507/396 398/488/410
f 380/466/391 412/508/424 369/467/379
f 398/488/410 413/509/425 376/506/387
f 414/510/426 393/483/404 415/511/427
f 414/510/426 415/511/427 415/511/428
f 414/510/426 415/511/428 416/512/429
f 381/468/392 383/470/394 417/513/430
f 379/465/390 371/455/382 391/514/402
f 418/515/431 381/468/392 417/513/430
f 419/516/432 379/465/390 420/517/433
f 388/475/399 134/149/134 421/518/434
f 379/465/390 391/514/402 420/517/433
f 422/519/435 388/475/399 421/518/434
f 423/520/436 424/521/437 425/522/438
f 388/475/399 422/519/435 392/482/403
f 371/476/382 388/475/399 391/481/402
f 426/523/439 402/494/414 382/524/393
f 363/525/373 369/467/379 412/508/424
f 303/352/306 307/360/313 327/380/335
f 392/482/403 391/481/402 388/475/399
f 417/513/430 383/470/394 384/471/395
f 418/526/431 417/527/430 427/528/440
f 418/526/431 427/528/440 427/528/441
f 418/526/431 427/528/441 428/529/442
f 417/527/430 384/478/395 414/510/426
f 413/509/425 399/489/411 411/505/423
f 429/530/443 404/496/416 403/495/415
f 419/516/432 140/453/140 379/465/390
f 430/531/444 420/532/433 391/533/402
f 405/498/417 407/500/419 431/534/445
f 399/489/411 413/509/425 432/535/446
f 433/536/447 419/516/432 430/537/444
f 429/530/443 403/495/415 434/538/448
f 426/523/439 435/539/449 431/534/445
f 429/530/443 423/520/436 404/496/416
f 421/518/434 134/149/134 138/153/138
f 412/508/424 389/477/400 400/491/412
f 384/478/395 389/477/400 380/466/391
f 383/470/394 387/474/398 384/471/395
f 390/480/401 392/482/403 422/519/435
f 411/505/423 368/449/378 364/492/374
f 118/454/118 149/540/149 371/455/382
f 382/469/393 402/541/414 387/474/398
f 373/457/384 369/467/379 378/542/389
f 373/457/384 378/542/389 378/543/450
f 373/457/384 378/543/450 436/544/451
f 382/545/393 437/546/452 438/547/453
f 439/548/454 440/549/455 441/550/456
f 412/508/424 380/466/391 389/477/400
f 422/519/435 442/551/457 390/480/401
f 414/510/426 384/478/395 380/466/391
f 376/506/387 411/505/423 364/492/374
f 373/457/384 436/544/451 374/458/385
f 372/456/383 365/446/375 338/393/346
f 383/470/394 382/469/393 387/474/398
f 385/472/396 376/461/387 386/473/397
f 365/446/375 345/405/354 338/393/346
f 406/499/418 429/530/443 434/538/448
f 443/552/458 444/553/459 445/554/460
f 446/555/461 433/536/447 430/537/444
f 413/509/425 411/505/423 376/506/387
f 430/531/444 391/533/402 447/556/462
f 388/475/399 149/165/149 133/148/133
f 397/487/409 396/486/408 407/500/419
f 363/460/373 400/557/412 376/461/387
f 408/502/420 448/558/463 409/503/421
f 397/487/409 413/509/425 398/488/410
f 402/541/414 385/472/396 387/474/398
f 133/148/133 134/149/134 388/475/399
f 408/502/420 373/457/384 375/459/386
f 408/502/420 375/459/386 375/459/464
f 408/502/420 375/459/464 448/558/463
f 449/559/465 450/560/466 451/561/467
f 324/377/331 352/418/362 367/448/377
f 363/525/373 412/508/424 400/491/412
f 397/487/409 432/535/446 413/509/425
f 445/554/460 419/516/432 433/536/447
f 452/562/468 453/563/469 440/564/455
f 401/493/413 398/488/410 385/507/396
f 352/418/362 345/417/354 365/490/375
f 363/444/373 365/446/375 372/456/383
f 402/494/414 401/493/413 385/507/396
f 454/565/470 455/566/471 456/567/472
f 457/568/473 406/499/418 434/538/448
f 398/488/410 401/493/413 396/486/408
f 452/569/468 440/549/455 458/570/474
f 396/486/408 402/494/414 426/523/439
f 459/571/475 460/572/476 461/573/477
f 462/574/478 430/531/444 447/556/462
f 463/575/479 458/570/474 439/548/454
f 441/550/456 464/576/480 446/577/461
f 449/559/465 444/553/459 443/552/458
f 462/574/478 446/577/461 430/531/444
f 408/502/420 380/466/391 373/457/384
f 382/524/393 438/578/453 426/523/439
f 440/564/455 453/563/469 464/579/480
f 465/580/481 466/581/482 467/582/483
f 462/574/478 441/550/456 446/577/461
f 454/583/470 435/539/449 426/523/439
f 431/534/445 396/486/408 426/523/439
f 367/448/377 355/426/365 324/377/331
f 468/584/484 466/585/482 452/569/468
f 454/583/470 426/523/439 438/578/453
f 449/559/465 469/586/485 470/587/486
f 449/559/465 470/587/486 450/560/466
f 453/563/469 469/586/485 464/579/480
f 355/426/365 367/448/377 425/522/438
f 381/468/392 460/572/476 459/571/475
f 393/483/404 471/588/487 415/511/427
f 425/522/438 367/448/377 404/496/416
f 455/566/471 454/565/470 438/547/453
f 163/589/163 145/590/145 445/554/460
f 404/496/416 367/448/377 366/447/376
f 403/495/415 366/447/376 399/489/411
f 444/591/459 472/592/488 172/192/172
f 397/487/409 473/593/489 432/535/446
f 140/453/140 419/516/432 145/590/145
f 473/593/489 397/487/409 407/500/419
f 172/192/172 472/592/488 474/594/490
f 172/192/172 474/594/490 210/236/210
f 475/595/491 463/575/479 462/574/478
f 463/575/479 441/550/456 462/574/478
f 466/581/482 476/596/492 453/563/469
f 434/538/448 403/495/415 399/489/411
f 466/585/482 468/584/484 477/597/493
f 380/466/391 408/502/420 410/504/422
f 380/466/391 410/504/422 410/504/494
f 380/466/391 410/504/494 394/484/405
f 453/563/469 452/562/468 466/581/482
f 393/483/404 395/485/407 471/588/487
f 418/515/431 478/598/495 381/468/392
f 432/535/446 434/538/448 399/489/411
f 466/585/482 479/599/496 467/600/483
f 472/601/488 449/559/465 480/602/497
f 472/601/488 480/602/497 481/603/498
f 465/580/481 476/596/492 466/581/482
f 386/473/397 376/461/387 400/557/412
f 391/533/402 390/604/401 482/605/499
f 445/554/460 444/553/459 163/589/163
f 424/521/437 357/432/367 425/522/438
f 445/554/460 145/590/145 419/516/432
f 433/536/447 446/555/461 443/552/458
f 417/527/430 414/510/426 416/512/429
f 417/527/430 416/512/429 416/512/500
f 417/527/430 416/512/500 427/528/440
f 393/483/404 414/510/426 380/466/391
f 407/500/419 396/486/408 431/534/445
f 432/535/446 457/568/473 434/538/448
f 457/568/473 432/535/446 473/593/489
f 468/584/484 458/570/474 483/606/501
f 484/607/502 467/600/483 479/599/496
f 357/432/367 355/426/365 425/522/438
f 452/569/468 458/570/474 468/584/484
f 464/579/480 443/552/458 446/555/461
f 473/593/489 407/500/419 457/568/473
f 430/537/444 419/516/432 420/517/433
f 443/552/458 464/579/480 469/586/485
f 425/522/438 404/496/416 423/520/436
f 483/606/501 477/597/493 468/584/484
f 444/591/459 172/192/172 163/183/163
f 469/586/485 453/563/469 476/596/492
f 465/580/481 484/608/502 460/572/476
f 407/500/419 406/499/418 457/568/473
f 443/552/458 445/554/460 433/536/447
f 381/468/392 478/598/495 460/572/476
f 462/574/478 447/556/462 485/609/503
f 486/610/504 477/597/493 483/606/501
f 447/556/462 482/605/499 487/611/505
f 440/549/455 464/576/480 441/550/456
f 482/605/499 447/556/462 391/533/402
f 488/612/506 465/580/481 460/572/476
f 437/546/452 489/613/507 438/547/453
f 472/601/488 444/553/459 449/559/465
f 461/573/477 460/572/476 484/608/502
f 477/597/493 479/599/496 466/585/482
f 488/612/506 460/572/476 478/598/495
f 490/614/508 491/615/509 488/616/506
f 469/586/485 449/559/465 443/552/458
f 492/617/510 493/618/511 494/619/512
f 492/617/510 494/619/512 494/619/513
f 492/617/510 494/619/513 495/620/514
f 475/595/491 462/574/478 485/609/503
f 449/559/465 451/561/467 480/602/497
f 459/571/475 437/621/452 382/469/393
f 482/605/499 390/604/401 442/622/457
f 496/623/515 497/624/516 498/625/517
f 499/626/518 479/599/496 477/597/493
f 483/606/501 458/570/474 463/575/479
f 482/605/499 442/622/457 487/611/505
f 484/608/502 465/580/481 467/582/483
f 500/627/519 501/628/520 502/629/521
f 418/515/431 493/630/511 478/598/495
f 461/631/477 489/613/507 437/546/452
f 486/610/504 499/626/518 477/597/493
f 382/469/393 381/468/392 459/571/475
f 479/599/496 489/613/507 484/607/502
f 490/614/508 496/623/515 503/632/522
f 496/623/515 504/633/523 505/634/524
f 496/623/515 505/634/524 497/624/516
f 493/618/511 506/635/525 494/619/512
f 507/636/526 455/566/471 438/547/453
f 458/570/474 440/549/455 439/548/454
f 508/637/527 500/627/519 502/629/521
f 508/637/527 502/629/521 502/638/528
f 508/637/527 502/638/528 509/639/529
f 491/615/509 503/632/522 510/640/530
f 491/615/509 510/640/530 511/641/531
f 485/609/503 447/556/462 487/611/505
f 463/575/479 439/548/454 441/550/456
f 459/571/475 461/573/477 437/621/452
f 493/618/511 418/526/431 428/529/442
f 493/618/511 428/529/442 428/529/532
f 493/618/511 428/529/532 506/635/525
f 500/642/519 512/643/533 501/644/520
f 493/645/511 496/623/515 488/616/506
f 469/586/485 476/596/492 513/646/534
f 469/586/485 513/646/534 470/587/486
f 504/633/523 492/647/510 514/648/535
f 504/633/523 514/648/535 505/634/524
f 493/630/511 488/612/506 478/598/495
f 503/632/522 491/615/509 490/614/508
f 503/632/522 515/649/536 510/640/530
f 455/566/471 507/636/526 456/567/472
f 503/632/522 496/623/515 516/650/537
f 503/632/522 516/650/537 515/649/536
f 500/627/519 508/637/527 492/647/510
f 517/651/538 508/637/527 509/639/529
f 517/651/538 509/639/529 509/639/539
f 492/647/510 504/633/523 493/645/511
f 484/607/502 489/613/507 461/631/477
f 508/637/527 517/651/538 518/652/540
f 496/623/515 498/625/517 516/650/537
f 488/616/506 496/623/515 490/614/508
f 476/596/492 491/653/509 511/654/531
f 476/596/492 511/654/531 519/655/541
f 500/642/519 492/617/510 495/620/514
f 500/642/519 495/620/514 520/656/542
f 500/642/519 520/656/542 512/643/533
f 488/612/506 491/653/509 465/580/481
f 492/647/510 508/637/527 521/657/543
f 492/647/510 521/657/543 514/648/535
f 465/580/481 491/653/509 476/596/492
f 522/658/544 438/547/453 489/613/507
f 504/633/523 496/623/515 493/645/511
f 523/659/545 522/658/544 524/660/546
f 524/660/546 489/613/507 479/599/496
f 499/626/518 524/660/546 479/599/496
f 508/637/527 518/652/540 521/657/543
f 507/636/526 522/658/544 523/659/545
f 507/636/526 438/547/453 522/658/544
f 524/660/546 522/658/544 489/613/507
f 525/661/547 524/660/546 499/626/518
f 476/596/492 519/655/541 513/646/534
f 319/372/326 526/662/548 527/663/549
f 528/664/550 529/665/551 530/666/552
f 339/394/347 531/667/553 329/382/337
f 532/668/554 527/663/549 533/669/555
f 534/670/556 535/671/557 536/672/558
f 537/673/559 538/674/560 539/675/561
f 540/676/562 94/102/94 541/677/563
f 532/678/554 541/677/563 332/385/340
f 472/601/488 481/603/498 542/679/564
f 532/678/554 332/385/340 331/384/339
f 353/424/363 543/680/565 544/681/566
f 545/682/567 546/683/568 547/684/569
f 548/685/570 549/686/571 49/53/49
f 360/438/370 550/687/572 547/684/569
f 550/687/572 545/682/567 547/684/569
f 49/53/49 549/686/571 551/688/573
f 354/425/364 550/687/572 360/438/370
f 552/689/574 526/662/548 544/681/566
f 531/667/553 339/394/347 362/443/372
f 529/665/551 535/671/557 534/670/556
f 94/102/94 540/676/562 164/184/164
f 94/102/94 332/385/340 541/677/563
f 553/690/575 554/691/576 555/692/577
f 556/693/578 535/671/557 557/694/579
f 550/687/572 539/675/561 545/682/567
f 558/695/580 545/682/567 559/696/581
f 545/682/567 539/675/561 538/674/560
f 49/53/49 551/688/573 560/697/582
f 561/698/583 562/699/584 538/674/560
f 563/700/585 564/701/586 362/443/372
f 528/664/550 530/666/552 565/702/587
f 564/701/586 531/667/553 362/443/372
f 537/673/559 561/698/583 538/674/560
f 566/703/588 564/701/586 563/700/585
f 558/695/580 566/704/588 563/705/585
f 353/424/363 361/440/371 543/680/565
f 567/706/589 535/671/557 556/693/578
f 568/707/590 569/708/591 566/703/588
f 570/709/592 571/710/593 188/210/188
f 359/711/369 572/712/594 563/705/585
f 562/699/584 573/713/595 551/688/573
f 572/714/594 359/436/369 358/441/368
f 574/715/596 566/703/588 558/716/580
f 558/695/580 575/717/597 574/718/596
f 8/8/8 560/697/582 9/9/9
f 536/672/558 535/671/557 567/706/589
f 361/440/371 318/371/325 576/719/598
f 577/720/599 578/721/600 579/722/601
f 575/717/597 558/695/580 580/723/602
f 579/722/601 549/686/571 548/685/570
f 581/724/603 421/518/434 571/710/593
f 359/711/369 563/705/585 342/725/350
f 582/726/604 424/521/437 423/520/436
f 583/727/605 584/728/606 556/693/578
f 546/683/568 585/729/607 358/433/368
f 549/686/571 562/699/584 551/688/573
f 559/696/581 580/723/602 558/695/580
f 572/712/594 558/695/580 563/705/585
f 570/709/592 581/724/603 571/710/593
f 586/730/608 528/664/550 565/702/587
f 587/731/609 588/732/610 589/733/611
f 554/734/576 590/735/612 591/736/613
f 342/398/350 563/700/585 362/443/372
f 8/8/8 49/53/49 560/697/582
f 197/220/197 174/194/174 555/737/577
f 8/8/8 46/50/46 49/53/49
f 592/738/614 587/731/609 593/739/615
f 552/689/574 594/740/616 526/662/548
f 585/729/607 558/695/580 572/712/594
f 576/719/598 595/741/617 361/440/371
f 596/742/618 587/731/609 592/738/614
f 594/740/616 552/689/574 543/680/565
f 597/743/619 598/744/620 599/745/621
f 357/432/367 424/521/437 582/726/604
f 599/745/621 598/744/620 600/746/622
f 431/534/445 601/747/623 405/498/417
f 595/741/617 576/719/598 602/748/624
f 594/740/616 586/730/608 603/749/625
f 472/592/488 542/750/564 474/594/490
f 539/675/561 597/743/619 599/745/621
f 357/432/367 582/726/604 354/425/364
f 604/751/626 605/752/627 606/753/628
f 607/754/629 608/755/630 609/756/631
f 543/680/565 552/689/574 544/681/566
f 610/757/632 603/749/625 586/730/608
f 527/663/549 526/662/548 603/749/625
f 579/722/601 578/721/600 575/717/597
f 405/498/417 601/747/623 592/738/614
f 329/382/337 602/748/624 576/719/598
f 609/756/631 611/758/633 612/759/634
f 475/595/491 613/760/635 614/761/636
f 579/722/601 575/717/597 549/686/571
f 615/762/637 555/692/577 554/691/576
f 527/763/549 616/764/638 533/765/555
f 610/757/632 590/735/612 603/749/625
f 329/382/337 617/766/639 602/748/624
f 540/676/562 204/229/204 164/184/164
f 618/767/640 619/768/641 620/769/642
f 423/520/436 429/530/443 582/726/604
f 616/764/638 527/763/549 604/751/626
f 612/759/634 607/754/629 609/756/631
f 613/760/635 621/770/643 614/761/636
f 622/771/644 623/772/645 592/738/614
f 624/773/646 622/771/644 625/774/647
f 626/775/648 600/746/622 627/776/649
f 628/777/650 614/761/636 621/770/643
f 620/769/642 619/768/641 589/733/611
f 629/778/651 549/686/571 575/717/597
f 630/779/652 606/780/628 553/690/575
f 631/781/653 621/770/643 632/782/654
f 586/730/608 543/680/565 361/440/371
f 633/783/655 634/784/656 635/785/657
f 636/786/658 637/787/659 442/622/457
f 582/726/604 550/687/572 354/425/364
f 621/770/643 613/760/635 638/788/660
f 174/194/174 162/182/162 630/789/652
f 463/575/479 475/595/491 639/790/661
f 626/775/648 627/776/649 634/784/656
f 621/770/643 638/788/660 632/782/654
f 640/791/662 641/792/663 642/793/664
f 205/231/205 204/229/204 540/676/562
f 576/719/598 318/371/325 287/330/288
f 528/664/550 361/440/371 595/741/617
f 625/774/647 641/792/663 624/773/646
f 590/735/612 554/734/576 603/749/625
f 622/771/644 643/794/665 623/772/645
f 540/676/562 644/795/666 162/182/162
f 329/382/337 531/667/553 617/766/639
f 572/712/594 358/433/368 585/729/607
f 592/738/614 593/739/615 405/498/417
f 634/784/656 633/783/655 645/796/667
f 641/792/663 640/791/662 646/797/668
f 619/768/641 647/798/669 429/530/443
f 636/799/658 581/724/603 570/709/592
f 565/702/587 610/757/632 586/730/608
f 637/787/659 487/611/505 442/622/457
f 648/800/670 568/707/590 583/727/605
f 619/768/641 429/530/443 406/499/418
f 553/801/575 174/194/174 630/789/652
f 594/740/616 543/680/565 586/730/608
f 612/759/634 611/758/633 607/754/629
f 596/742/618 588/732/610 587/731/609
f 649/802/671 650/803/672 636/786/658
f 646/797/668 624/773/646 641/792/663
f 651/804/673 652/805/674 639/790/661
f 475/595/491 614/761/636 651/804/673
f 650/803/672 649/802/671 653/806/675
f 605/807/627 604/808/626 603/749/625
f 654/809/676 655/810/677 656/811/678
f 9/9/9 607/754/629 611/758/633
f 358/433/368 356/427/366 546/683/568
f 604/808/626 527/663/549 603/749/625
f 601/747/623 435/539/449 657/812/679
f 568/707/590 574/715/596 658/813/680
f 659/814/681 639/790/661 652/805/674
f 660/815/682 657/816/679 661/817/683
f 220/818/220 662/819/684 663/820/685
f 603/749/625 526/662/548 594/740/616
f 641/792/663 601/747/623 657/812/679
f 657/812/679 660/821/682 641/792/663
f 530/666/552 610/757/632 565/702/587
f 361/440/371 528/664/550 586/730/608
f 613/760/635 475/595/491 638/788/660
f 564/701/586 664/822/686 531/667/553
f 665/823/687 666/824/688 667/825/689
f 569/708/591 664/822/686 564/701/586
f 567/706/589 556/693/578 668/826/690
f 564/701/586 566/703/588 569/708/591
f 584/728/606 668/826/690 556/693/578
f 653/806/675 631/781/653 650/803/672
f 287/330/288 329/382/337 576/719/598
f 637/787/659 632/782/654 487/611/505
f 584/728/606 583/727/605 669/827/691
f 670/828/692 626/775/648 634/784/656
f 660/815/682 661/817/683 671/829/693
f 530/666/552 672/830/694 610/757/632
f 673/831/695 588/732/610 596/742/618
f 559/696/581 629/778/651 580/723/602
f 605/752/627 554/832/576 606/753/628
f 573/713/595 562/699/584 561/698/583
f 664/822/686 648/800/670 531/667/553
f 629/778/651 575/717/597 580/723/602
f 604/751/626 674/833/696 616/764/638
f 53/834/53 672/830/694 530/666/552
f 540/676/562 541/677/563 644/795/666
f 628/777/650 675/835/697 676/836/698
f 570/709/592 188/210/188 677/837/699
f 674/833/696 162/182/162 644/795/666
f 678/838/700 679/839/701 680/840/702
f 680/840/702 643/794/665 678/838/700
f 531/667/553 648/800/670 557/694/579
f 532/668/554 320/373/327 319/372/326
f 681/841/703 628/777/650 676/836/698
f 9/9/9 682/842/704 683/843/705
f 645/796/667 684/844/706 685/845/707
f 686/846/708 660/815/682 671/829/693
f 590/735/612 610/757/632 672/830/694
f 597/743/619 550/687/572 582/726/604
f 674/833/696 644/795/666 616/764/638
f 534/670/556 687/847/709 688/848/710
f 534/670/556 689/849/711 687/847/709
f 636/786/658 650/803/672 637/787/659
f 690/850/712 691/851/713 666/824/688
f 692/852/714 689/849/711 534/670/556
f 591/736/613 590/735/612 672/830/694
f 132/147/132 571/710/593 138/153/138
f 534/670/556 536/672/558 693/853/715
f 639/790/661 486/610/504 483/606/501
f 637/787/659 631/781/653 632/782/654
f 686/846/708 671/829/693 694/854/716
f 641/792/663 660/821/682 642/793/664
f 686/855/708 642/793/664 660/821/682
f 568/707/590 664/822/686 569/708/591
f 189/211/189 188/210/188 200/223/200
f 639/790/661 475/595/491 651/804/673
f 674/833/696 604/751/626 630/789/652
f 691/851/713 695/856/717 667/825/689
f 696/857/718 697/858/719 676/836/698
f 620/859/642 698/860/720 618/861/640
f 654/809/676 499/626/518 699/862/721
f 657/812/679 435/539/449 454/583/470
f 700/863/722 652/805/674 651/804/673
f 696/857/718 44/48/44 697/858/719
f 606/780/628 554/691/576 553/690/575
f 200/223/200 571/710/593 132/147/132
f 582/726/604 429/530/443 647/798/669
f 534/670/556 693/853/715 692/852/714
f 701/864/723 614/761/636 628/777/650
f 702/865/724 677/866/699 206/253/206
f 532/678/554 331/384/339 320/439/327
f 666/824/688 691/851/713 667/825/689
f 663/820/685 677/837/699 702/867/724
f 539/675/561 609/756/631 537/673/559
f 656/811/678 703/868/725 654/809/676
f 684/844/706 645/796/667 633/783/655
f 629/778/651 559/696/581 562/699/584
f 557/694/579 648/800/670 583/727/605
f 647/798/669 618/767/640 582/726/604
f 607/754/629 560/697/582 573/713/595
f 658/813/680 704/869/726 568/707/590
f 559/696/581 538/674/560 562/699/584
f 683/843/705 682/842/704 705/870/727
f 608/755/630 607/754/629 573/713/595
f 568/707/590 648/800/670 664/822/686
f 706/871/728 703/868/725 656/811/678
f 707/872/729 649/802/671 570/873/592
f 708/874/730 709/875/731 670/828/692
f 710/876/732 711/877/733 712/878/734
f 568/707/590 566/703/588 574/715/596
f 546/683/568 356/427/366 360/438/370
f 711/877/733 710/876/732 713/879/735
f 528/664/550 595/741/617 714/880/736
f 578/881/600 704/869/726 658/813/680
f 715/882/737 716/883/738 646/797/668
f 554/734/576 591/736/613 615/884/637
f 717/885/739 614/761/636 701/864/723
f 646/797/668 716/883/738 718/886/740
f 602/748/624 714/880/736 595/741/617
f 571/710/593 200/223/200 188/210/188
f 700/863/722 719/887/741 652/805/674
f 618/861/640 698/860/720 598/888/620
f 720/889/742 678/838/700 643/794/665
f 561/698/583 537/673/559 608/755/630
f 681/841/703 712/878/734 628/777/650
f 608/755/630 537/673/559 609/756/631
f 615/762/637 591/890/613 721/891/743
f 575/717/597 578/721/600 658/892/680
f 652/805/674 719/887/741 722/893/744
f 606/753/628 630/789/652 604/751/626
f 723/894/745 709/875/731 683/843/705
f 541/677/563 533/765/555 616/764/638
f 617/766/639 557/694/579 602/748/624
f 709/875/731 724/895/746 626/775/648
f 614/761/636 717/885/739 700/863/722
f 568/707/590 704/869/726 583/727/605
f 657/816/679 454/565/470 456/567/472
f 544/681/566 319/372/326 353/424/363
f 600/896/622 598/897/620 698/898/720
f 700/863/722 651/804/673 614/761/636
f 21/21/21 720/889/742 718/886/740
f 573/713/595 560/697/582 551/688/573
f 541/677/563 616/764/638 644/795/666
f 617/766/639 531/667/553 557/694/579
f 708/874/730 670/828/692 685/845/707
f 188/210/188 206/232/206 677/837/699
f 655/810/677 665/823/687 656/811/678
f 647/798/669 619/768/641 618/767/640
f 645/796/667 670/828/692 634/784/656
f 725/899/747 685/845/707 684/844/706
f 602/748/624 535/671/557 714/880/736
f 587/731/609 589/733/611 406/499/418
f 630/789/652 162/182/162 674/833/696
f 601/747/623 431/534/445 435/539/449
f 558/695/580 585/729/607 545/682/567
f 31/31/31 726/900/748 29/29/29
f 665/823/687 706/871/728 656/811/678
f 727/901/749 570/709/592 663/820/685
f 532/678/554 533/765/555 541/677/563
f 707/872/729 675/835/697 653/806/675
f 529/665/551 528/664/550 714/880/736
f 575/717/597 658/892/680 574/718/596
f 607/754/629 9/9/9 560/697/582
f 728/902/750 639/790/661 659/814/681
f 672/830/694 53/834/53 591/736/613
f 589/733/611 619/768/641 406/499/418
f 174/194/174 553/801/575 555/737/577
f 581/724/603 422/519/435 421/518/434
f 729/903/751 713/879/735 710/876/732
f 530/666/552 54/904/54 53/834/53
f 535/671/557 529/665/551 714/880/736
f 535/671/557 602/748/624 557/694/579
f 623/772/645 680/840/702 730/905/752
f 549/686/571 629/778/651 562/699/584
f 707/872/729 653/806/675 649/802/671
f 731/906/753 703/868/725 661/817/683
f 546/683/568 545/682/567 585/729/607
f 554/734/576 605/807/627 603/749/625
f 623/772/645 643/794/665 680/840/702
f 675/835/697 732/907/754 733/908/755
f 608/755/630 573/713/595 561/698/583
f 731/906/753 523/659/545 524/660/546
f 645/796/667 685/845/707 670/828/692
f 734/909/756 735/910/757 736/911/758
f 635/785/657 620/769/642 589/733/611
f 48/52/48 678/838/700 22/22/22
f 737/912/759 6/6/6 708/874/730
f 730/905/752 680/840/702 735/910/757
f 657/816/679 456/567/472 661/817/683
f 456/567/472 507/636/526 523/659/545
f 422/519/435 581/724/603 442/551/457
f 665/823/687 738/913/760 706/871/728
f 736/911/758 684/844/706 734/909/756
f 635/785/657 589/733/611 588/732/610
f 725/899/747 739/914/761 708/874/730
f 592/738/614 623/772/645 673/831/695
f 624/773/646 643/794/665 622/771/644
f 546/683/568 360/438/370 547/684/569
f 592/738/614 673/831/695 596/742/618
f 548/685/570 577/720/599 579/722/601
f 545/682/567 538/674/560 559/696/581
f 667/825/689 740/915/762 741/916/763
f 556/693/578 557/694/579 583/727/605
f 728/902/750 486/610/504 639/790/661
f 673/831/695 635/785/657 588/732/610
f 636/786/658 442/622/457 581/917/603
f 720/889/742 22/22/22 678/838/700
f 456/567/472 731/906/753 661/817/683
f 527/663/549 532/668/554 319/372/326
f 742/918/764 694/854/716 743/919/765
f 744/920/766 710/876/732 712/878/734
f 743/919/765 661/817/683 706/871/728
f 530/666/552 529/665/551 688/848/710
f 540/676/562 162/182/162 205/231/205
f 620/769/642 635/785/657 627/776/649
f 642/793/664 646/797/668 640/791/662
f 621/770/643 631/781/653 653/806/675
f 627/921/649 698/860/720 620/859/642
f 21/21/21 718/886/740 716/883/738
f 741/916/763 740/915/762 745/922/767
f 570/709/592 677/837/699 663/820/685
f 671/829/693 661/817/683 743/919/765
f 35/923/35 21/21/21 716/883/738
f 746/924/768 676/836/698 697/858/719
f 747/925/769 728/902/750 659/814/681
f 544/681/566 526/662/548 319/372/326
f 685/845/707 725/899/747 708/874/730
f 638/788/660 475/595/491 485/609/503
f 684/844/706 736/911/758 725/899/747
f 713/879/735 729/903/751 719/887/741
f 748/926/770 706/871/728 738/913/760
f 749/927/771 729/903/751 750/928/772
f 720/889/742 21/21/21 22/22/22
f 739/914/761 737/912/759 708/874/730
f 611/758/633 609/756/631 751/929/773
f 570/873/592 649/802/671 636/786/658
f 743/919/765 706/871/728 748/926/770
f 642/793/664 752/930/774 646/797/668
f 550/687/572 597/743/619 539/675/561
f 601/747/623 622/771/644 592/738/614
f 627/931/649 600/896/622 698/898/720
f 21/21/21 35/923/35 20/20/20
f 635/785/657 634/784/656 627/776/649
f 625/774/647 601/747/623 641/792/663
f 529/665/551 534/670/556 688/848/710
f 405/498/417 593/739/615 406/499/418
f 753/932/775 662/819/684 220/818/220
f 650/803/672 631/781/653 637/787/659
f 754/933/776 739/914/761 725/899/747
f 735/910/757 679/839/701 736/911/758
f 597/743/619 582/726/604 618/767/640
f 38/41/38 44/48/44 25/25/25
f 723/894/745 724/895/746 709/875/731
f 728/902/750 699/862/721 499/626/518
f 678/838/700 48/52/48 679/839/701
f 587/731/609 406/499/418 593/739/615
f 755/934/777 747/925/769 722/893/744
f 665/823/687 655/810/677 666/824/688
f 713/879/735 700/863/722 717/885/739
f 578/935/600 756/936/778 704/937/726
f 601/747/623 625/774/647 622/771/644
f 597/743/619 618/767/640 598/744/620
f 704/869/726 669/827/691 583/727/605
f 757/938/779 666/824/688 728/902/750
f 679/839/701 758/939/780 736/911/758
f 695/856/717 691/851/713 759/940/781
f 220/818/220 663/820/685 702/867/724
f 48/52/48 754/933/776 679/839/701
f 728/902/750 499/626/518 486/610/504
f 577/720/599 760/941/782 578/721/600
f 523/659/545 731/906/753 456/567/472
f 759/940/781 43/46/43 695/856/717
f 571/710/593 421/518/434 138/153/138
f 728/902/750 655/810/677 699/862/721
f 686/846/708 694/854/716 715/942/737
f 752/930/774 642/793/664 686/855/708
f 48/52/48 10/10/10 754/933/776
f 758/939/780 754/933/776 736/911/758
f 759/940/781 755/934/777 749/927/771
f 676/836/698 675/835/697 733/908/755
f 761/943/783 751/929/773 724/895/746
f 762/944/784 633/783/655 673/831/695
f 751/929/773 761/943/783 611/758/633
f 679/839/701 735/910/757 680/840/702
f 755/934/777 759/940/781 691/851/713
f 762/944/784 673/831/695 623/772/645
f 635/785/657 673/831/695 633/783/655
f 717/885/739 701/864/723 711/877/733
f 621/770/643 653/806/675 675/835/697
f 763/945/785 676/836/698 31/31/31
f 754/933/776 725/899/747 736/911/758
f 749/927/771 750/928/772 759/940/781
f 720/889/742 624/773/646 646/797/668
f 713/879/735 717/885/739 711/877/733
f 711/877/733 701/864/723 712/878/734
f 485/609/503 487/611/505 638/788/660
f 570/873/592 675/835/697 707/872/729
f 727/946/749 726/900/748 732/907/754
f 754/933/776 10/10/10 739/914/761
f 6/6/6 709/875/731 708/874/730
f 719/887/741 700/863/722 713/879/735
f 524/660/546 525/661/547 731/906/753
f 666/824/688 655/810/677 728/902/750
f 739/914/761 10/10/10 5/5/5
f 763/945/785 696/857/718 676/836/698
f 705/870/727 761/943/783 724/895/746
f 643/794/665 624/773/646 720/889/742
f 762/944/784 730/905/752 633/783/655
f 681/841/703 676/836/698 746/924/768
f 9/9/9 683/843/705 2/2/2
f 487/611/505 632/782/654 638/788/660
f 639/790/661 483/606/501 463/575/479
f 652/805/674 747/925/769 659/814/681
f 675/947/697 570/709/592 727/901/749
f 732/907/754 675/835/697 727/946/749
f 679/839/701 754/933/776 758/939/780
f 730/905/752 762/944/784 623/772/645
f 729/903/751 710/876/732 764/948/786
f 750/928/772 765/949/787 759/940/781
f 712/878/734 701/864/723 628/777/650
f 740/915/762 766/950/788 745/922/767
f 738/913/760 745/922/767 742/918/764
f 767/951/789 742/918/764 745/922/767
f 741/916/763 738/913/760 665/823/687
f 742/918/764 715/942/737 694/854/716
f 34/34/34 768/952/790 38/41/38
f 723/894/745 705/870/727 724/895/746
f 740/915/762 667/825/689 695/856/717
f 726/953/748 727/901/749 753/932/775
f 744/920/766 697/858/719 44/48/44
f 7/7/7 9/9/9 2/2/2
f 718/886/740 720/889/742 646/797/668
f 695/856/717 766/950/788 740/915/762
f 722/893/744 747/925/769 652/805/674
f 42/45/42 695/856/717 43/46/43
f 732/907/754 31/31/31 733/908/755
f 761/943/783 682/842/704 611/758/633
f 753/932/775 727/901/749 663/820/685
f 729/903/751 764/948/786 750/928/772
f 661/817/683 703/868/725 706/871/728
f 683/843/705 709/875/731 6/6/6
f 747/925/769 690/850/712 757/938/779
f 766/950/788 769/954/791 745/922/767
f 31/31/31 30/30/30 763/945/785
f 38/41/38 710/876/732 744/920/766
f 757/938/779 728/902/750 747/925/769
f 761/943/783 705/870/727 682/842/704
f 753/932/775 220/818/220 11/11/11
f 709/875/731 626/775/648 670/828/692
f 769/954/791 767/951/789 745/922/767
f 43/46/43 759/940/781 765/949/787
f 525/661/547 499/626/518 654/809/676
f 654/809/676 699/862/721 655/810/677
f 599/745/621 751/929/773 539/675/561
f 752/930/774 715/882/737 646/797/668
f 683/843/705 6/6/6 2/2/2
f 770/955/792 40/43/40 771/956/793
f 694/854/716 671/829/693 743/919/765
f 752/957/774 686/846/708 715/942/737
f 663/820/685 662/819/684 753/932/775
f 38/41/38 24/24/24 34/34/34
f 738/913/760 743/919/765 748/926/770
f 11/11/11 220/818/220 52/56/52
f 5/5/5 737/912/759 739/914/761
f 626/775/648 724/895/746 600/746/622
f 767/951/789 771/956/793 32/32/32
f 742/918/764 767/951/789 772/958/794
f 5/5/5 6/6/6 737/912/759
f 600/746/622 724/895/746 599/745/621
f 12/12/12 11/11/11 52/56/52
f 731/906/753 525/661/547 654/809/676
f 747/925/769 755/934/777 690/850/712
f 633/783/655 730/905/752 735/910/757
f 14/959/14 16/960/16 772/961/794
f 38/41/38 744/920/766 44/48/44
f 206/253/206 220/249/220 702/865/724
f 609/756/631 539/675/561 751/929/773
f 621/770/643 675/835/697 628/777/650
f 690/850/712 666/824/688 757/938/779
f 28/28/28 750/928/772 768/952/790
f 28/28/28 765/949/787 750/928/772
f 724/895/746 751/929/773 599/745/621
f 749/927/771 722/893/744 719/887/741
f 770/955/792 769/954/791 766/950/788
f 726/900/748 753/962/775 29/29/29
f 697/858/719 681/841/703 746/924/768
f 755/934/777 722/893/744 749/927/771
f 633/783/655 734/909/756 684/844/706
f 654/809/676 703/868/725 731/906/753
f 726/900/748 31/31/31 732/907/754
f 683/843/705 705/870/727 723/894/745
f 44/48/44 696/857/718 45/49/45
f 37/39/37 32/38/32 771/963/793
f 766/950/788 695/856/717 40/43/40
f 6/6/6 5/5/5 3/3/3
f 768/952/790 764/948/786 710/876/732
f 734/909/756 633/783/655 735/910/757
f 770/955/792 766/950/788 40/43/40
f 691/851/713 690/850/712 755/934/777
f 28/28/28 768/952/790 34/34/34
f 750/928/772 764/948/786 768/952/790
f 28/28/28 27/27/27 765/949/787
f 11/11/11 29/964/29 753/932/775
f 43/46/43 765/949/787 27/27/27
f 611/758/633 682/842/704 9/9/9
f 37/47/37 771/956/793 40/43/40
f 38/41/38 768/952/790 710/876/732
f 744/920/766 712/878/734 697/858/719
f 697/858/719 712/878/734 681/841/703
f 749/927/771 719/887/741 729/903/751
f 771/956/793 767/951/789 769/954/791
f 772/958/794 715/942/737 742/918/764
f 716/965/738 715/942/737 772/958/794
f 767/951/789 14/14/14 772/958/794
f 767/951/789 32/32/32 14/14/14
f 742/918/764 743/919/765 738/913/760
f 771/956/793 769/954/791 770/955/792
f 665/823/687 667/825/689 741/916/763
f 35/923/35 716/883/738 16/960/16
f 16/960/16 716/883/738 772/961/794
f 738/913/760 741/916/763 745/922/767
f 31/31/31 676/836/698 733/908/755
f 688/848/710 54/904/54 530/666/552
f 688/848/710 687/847/709 54/904/54
f 773/966/795 53/834/53 55/967/55
f 615/762/637 721/891/743 774/968/796
f 615/762/637 774/968/796 775/969/797
f 548/970/570 49/971/49 776/972/798
f 591/736/613 53/834/53 773/966/795
f 567/706/589 777/973/799 536/672/558
f 567/706/589 668/826/690 777/973/799
f 536/672/558 777/973/799 693/853/715
f 615/762/637 775/969/797 555/692/577
f 197/220/197 555/737/577 775/974/797
f 40/43/40 695/856/717 42/45/42
f 584/728/606 778/975/800 668/826/690
f 669/827/691 779/976/801 778/975/800
f 578/935/600 760/977/782 756/936/778
f 29/29/29 780/978/802 30/30/30
f 37/39/37 39/979/39 36/40/36
f 704/869/726 756/980/778 669/827/691
f 584/728/606 669/827/691 778/975/800
f 61/65/61 781/981/803 62/66/62
f 782/982/804 783/983/805 784/984/806
f 785/985/807 786/986/808 787/987/809
f 788/988/810 789/989/811 790/990/812
f 791/991/813 792/992/814 793/993/815
f 794/994/816 795/995/817 796/996/818
f 797/997/819 798/998/820 799/999/821
f 800/1000/822 801/1001/823 802/1002/824
f 803/1003/825 804/1004/826 805/1005/827
f 806/1006/828 807/1007/829 808/1008/830
f 809/1009/831 810/1010/832 811/1011/833
f 812/1012/834 813/1013/835 814/1014/836
f 815/1015/837 816/1016/838 817/1017/839
f 818/1018/840 819/1019/841 820/1020/842
f 821/1021/843 822/1022/844 823/1023/845
f 824/1024/846 825/1025/847 826/1026/848
f 827/1027/849 828/1028/850 829/1029/851
f 830/1030/852 831/1031/853 832/1032/854
f 833/1033/855 834/1034/856 835/1035/857
f 836/1036/858 813/1013/835 837/1037/859
f 838/1038/860 839/1039/861 840/1040/862
f 813/1013/835 836/1036/858 841/1041/863
f 842/1042/864 793/993/815 792/992/814
f 843/1043/865 844/1044/866 845/1045/867
f 843/1043/865 846/1046/868 847/1047/869
f 848/1048/870 849/1049/871 850/1050/872
f 851/1051/873 852/1052/874 793/993/815
f 853/1053/875 797/997/819 854/1054/876
f 855/1055/877 856/1056/878 857/1057/879
f 856/1058/878 858/1059/880 859/1060/881
f 860/1061/882 859/1060/881 828/1028/850
f 841/1041/863 814/1014/836 813/1013/835
f 861/1062/883 862/1063/884 863/1064/885
f 818/1018/840 820/1020/842 864/1065/886
f 865/1066/887 866/1067/888 867/1068/889
f 868/1069/890 869/1070/891 870/1071/892
f 871/1072/893 786/986/808 872/1073/894
f 856/1058/878 855/1074/877 873/1075/895
f 874/1076/896 875/1077/897 876/1078/898
f 877/1079/899 878/1080/900 879/1081/901
f 824/1082/846 880/1083/902 825/1084/847
f 875/1085/897 881/1086/903 882/1087/904
f 877/1079/899 879/1081/901 883/1088/905
f 884/1089/906 885/1090/907 819/1019/841
f 886/1091/908 884/1089/906 819/1019/841
f 874/1092/896 881/1086/903 875/1085/897
f 838/1038/860 887/1093/909 839/1039/861
f 888/1094/910 867/1068/889 889/1095/911
f 890/1096/912 891/1097/913 782/982/804
f 891/1097/913 892/1098/914 782/982/804
f 807/1007/829 860/1061/882 828/1028/850
f 893/1099/915 894/1100/916 895/1101/917
f 896/1102/918 897/1103/919 817/1017/839
f 883/1088/905 879/1081/901 898/1104/920
f 838/1038/860 899/1105/921 900/1106/922
f 862/1063/884 861/1062/883 901/1107/923
f 902/1108/924 889/1095/911 903/1109/925
f 884/1089/906 812/1012/834 904/1110/926
f 905/1111/927 906/1112/928 907/1113/929
f 908/1114/930 877/1079/899 909/1115/931
f 910/1116/932 911/1117/933 837/1037/859
f 823/1023/845 912/1118/934 821/1021/843
f 913/1119/935 784/984/806 783/983/805
f 784/984/806 913/1119/935 914/1120/936
f 915/1121/937 916/1122/938 917/1123/939
f 918/1124/940 851/1125/873 919/1126/941
f 920/1127/942 921/1128/943 909/1115/931
f 817/1017/839 897/1103/919 922/1129/944
f 799/999/821 916/1130/938 923/1131/945
f 924/1132/946 862/1063/884 925/1133/947
f 798/998/820 916/1130/938 799/999/821
f 828/1028/850 907/1113/929 926/1134/948
f 927/1135/949 800/1000/822 802/1002/824
f 928/1136/950 872/1073/894 785/985/807
f 848/1048/870 850/1050/872 922/1129/944
f 929/1137/951 930/1138/952 931/1139/953
f 932/1140/954 933/1141/955 934/1142/956
f 885/1090/907 884/1089/906 904/1110/926
f 881/1086/903 935/1143/957 882/1087/904
f 922/1129/944 897/1103/919 848/1048/870
f 848/1048/870 897/1103/919 936/1144/958
f 937/1145/959 938/1146/960 939/1147/961
f 940/1148/962 873/1149/895 855/1150/877
f 894/1151/916 941/1152/963 942/1153/964
f 943/1154/965 821/1021/843 912/1118/934
f 916/1122/938 944/1155/966 917/1123/939
f 837/1037/859 832/1032/854 836/1036/858
f 930/1138/952 945/1156/967 946/1157/968
f 943/1154/965 947/1158/969 821/1021/843
f 894/1159/916 948/1160/970 949/1161/971
f 950/1162/972 899/1105/921 944/1163/966
f 951/1164/973 952/1165/974 840/1040/862
f 892/1098/914 953/1166/975 783/983/805
f 954/1167/976 940/1148/962 915/1121/937
f 834/1034/856 955/1168/977 933/1141/955
f 842/1042/864 851/1051/873 793/993/815
f 900/1106/922 956/1169/978 887/1093/909
f 946/1157/968 957/1170/979 930/1138/952
f 958/1171/980 894/1151/916 949/1172/971
f 851/1051/873 875/1077/897 852/1052/874
f 936/1144/958 897/1103/919 959/1173/981
f 960/1174/982 883/1088/905 898/1104/920
f 819/1019/841 961/1175/983 820/1020/842
f 785/985/807 962/1176/984 963/1177/985
f 844/1044/866 937/1145/959 939/1147/961
f 895/1178/917 894/1151/916 964/1179/986
f 965/1180/987 818/1018/840 864/1065/886
f 855/1055/877 857/1057/879 966/1181/988
f 857/1057/879 856/1056/878 967/1182/989
f 828/1028/850 859/1060/881 907/1113/929
f 968/1183/990 931/1139/953 957/1170/979
f 876/1078/898 965/1180/987 864/1065/886
f 824/1184/846 969/1185/991 788/988/810
f 788/1186/810 969/1187/991 931/1188/953
f 788/1189/810 931/1139/953 789/1190/811
f 970/1191/992 971/1192/993 972/1193/994
f 915/1121/937 917/1123/939 954/1167/976
f 947/1158/969 943/1154/965 912/1118/934
f 863/1194/885 830/1030/852 884/1089/906
f 973/1195/995 974/1196/996 929/1197/951
f 919/1126/941 851/1125/873 842/1198/864
f 975/1199/997 974/1196/996 973/1195/995
f 976/1200/998 977/1201/999 978/1202/1000
f 931/1139/953 930/1138/952 957/1170/979
f 912/1118/934 823/1023/845 979/1203/1001
f 919/1126/941 787/987/809 918/1124/940
f 931/1188/953 973/1195/995 929/1197/951
f 933/1141/955 980/1204/1002 834/1034/856
f 841/1041/863 836/1036/858 981/1205/1003
f 935/1143/957 979/1203/1001 823/1023/845
f 832/1032/854 837/1037/859 911/1117/933
f 982/1206/1004 983/1207/1005 791/991/813
f 788/988/810 984/1208/1006 824/1184/846
f 838/1038/860 954/1209/976 917/1210/939
f 792/992/814 983/1207/1005 985/1211/1007
f 840/1040/862 839/1039/861 951/1164/973
f 905/1111/927 951/1164/973 986/1212/1008
f 919/1126/941 842/1198/864 962/1176/984
f 951/1164/973 839/1039/861 956/1169/978
f 924/1132/946 953/1213/975 862/1063/884
f 794/994/816 796/996/818 940/1148/962
f 969/1187/991 973/1195/995 931/1188/953
f 987/1214/1009 988/1215/1010 989/1216/1011
f 880/1083/902 890/1096/912 784/984/806
f 920/1217/942 847/1047/869 945/1156/967
f 931/1139/953 968/1183/990 789/1190/811
f 882/1218/904 793/993/815 852/1052/874
f 851/1051/873 918/1219/940 876/1078/898
f 784/984/806 914/1120/936 803/1003/825
f 817/1017/839 922/1129/944 815/1015/837
f 814/1014/836 990/1220/1012 971/1192/993
f 914/1120/936 991/1221/1013 803/1003/825
f 915/1222/937 940/1223/962 992/1224/1014
f 799/999/821 923/1131/945 993/1225/1015
f 994/1226/1016 995/1227/1017 996/1228/1018
f 876/1078/898 875/1077/897 851/1051/873
f 885/1090/907 904/1110/926 961/1175/983
f 792/992/814 791/991/813 983/1207/1005
f 921/1128/943 974/1196/996 975/1199/997
f 954/1167/976 873/1149/895 940/1148/962
f 925/1133/947 862/1063/884 901/1107/923
f 952/1165/974 858/1059/880 873/1075/895
f 960/1229/982 844/1044/866 877/1230/899
f 885/1090/907 961/1175/983 819/1019/841
f 997/1231/1019 998/1232/1020 999/1233/1021
f 801/1001/823 800/1000/822 953/1166/975
f 947/1158/969 912/1118/934 979/1203/1001
f 1000/1234/1022 909/1115/931 921/1128/943
f 903/1109/925 889/1095/911 866/1067/888
f 1001/1235/1023 792/992/814 985/1211/1007
f 789/989/811 968/1236/990 1002/1237/1024
f 961/1175/983 904/1110/926 971/1192/993
f 964/1179/986 1003/1238/1025 1004/1239/1026
f 785/985/807 963/1177/985 928/1136/950
f 1005/1240/1027 844/1044/866 960/1229/982
f 800/1000/822 913/1119/935 783/983/805
f 966/1181/988 795/1241/817 794/1242/816
f 1006/1243/1028 1007/1244/1029 916/1122/938
f 964/1245/986 1004/1246/1026 869/1070/891
f 797/997/819 853/1053/875 1008/1247/1030
f 927/1135/949 1009/1248/1031 1010/1249/1032
f 902/1108/924 1009/1248/1031 802/1002/824
f 966/1250/988 959/1251/981 795/995/817
f 1011/1252/1033 1012/1253/1034 809/1009/831
f 916/1122/938 1007/1244/1029 944/1155/966
f 916/1130/938 798/998/820 1006/1254/1028
f 925/1133/947 901/1107/923 1013/1255/1035
f 896/1256/918 795/995/817 959/1251/981
f 956/1169/978 1014/1257/1036 951/1164/973
f 909/1115/931 1000/1234/1022 908/1114/930
f 919/1126/941 962/1176/984 787/987/809
f 789/989/811 1002/1237/1024 790/990/812
f 836/1036/858 1015/1258/1037 981/1205/1003
f 981/1205/1003 1016/1259/1038 841/1041/863
f 809/1009/831 826/1026/848 810/1010/832
f 841/1041/863 1017/1260/1039 814/1014/836
f 882/1218/904 791/991/813 793/993/815
f 964/1179/986 869/1261/891 895/1178/917
f 810/1262/832 784/984/806 1018/1263/1040
f 1019/1264/1041 1017/1260/1039 841/1041/863
f 1020/1265/1042 956/1169/978 900/1106/922
f 824/1184/846 826/1266/848 969/1185/991
f 900/1106/922 1021/1267/1043 1020/1265/1042
f 830/1030/852 832/1032/854 911/1117/933
f 862/1063/884 830/1268/852 863/1064/885
f 877/1079/899 883/1088/905 960/1174/982
f 862/1063/884 953/1213/975 830/1268/852
f 953/1213/975 892/1269/914 984/1208/1006
f 873/1075/895 954/1209/976 952/1165/974
f 814/1014/836 1022/1270/1044 990/1220/1012
f 962/1176/984 792/1271/814 1001/1272/1023
f 822/1022/844 982/1273/1004 935/1143/957
f 1023/1274/1045 989/1216/1011 1024/1275/1046
f 1023/1274/1045 1025/1276/1047 989/1216/1011
f 965/1180/987 876/1078/898 918/1219/940
f 892/1269/914 891/1277/913 984/1208/1006
f 987/1214/1009 989/1216/1011 1025/1276/1047
f 933/1141/955 932/1140/954 980/1204/1002
f 896/1256/918 940/1148/962 796/996/818
f 1026/1278/1048 940/1148/962 896/1256/918
f 953/1213/975 984/1208/1006 830/1268/852
f 952/1165/974 859/1060/881 858/1059/880
f 833/1033/855 955/1168/977 834/1034/856
f 833/1033/855 1005/1279/1027 955/1168/977
f 787/987/809 786/986/808 1027/1280/1049
f 906/1112/928 905/1111/927 986/1212/1008
f 856/1058/878 859/1060/881 860/1061/882
f 962/1176/984 842/1198/864 792/1271/814
f 925/1281/947 802/1002/824 924/1282/946
f 901/1283/923 861/1284/883 886/1091/908
f 831/1285/853 830/1268/852 984/1208/1006
f 887/1093/909 956/1169/978 839/1039/861
f 927/1135/949 1010/1249/1032 1028/1286/1050
f 1029/1287/1051 1030/1288/1052 1031/1289/1053
f 920/1217/942 929/1137/951 1032/1290/1054
f 816/1016/838 1033/1291/1055 1034/1292/1056
f 937/1145/959 833/1293/855 938/1146/960
f 920/1127/942 1032/1294/1054 921/1128/943
f 796/996/818 795/995/817 896/1256/918
f 1019/1264/1041 841/1041/863 1035/1295/1057
f 841/1041/863 1016/1259/1038 1035/1295/1057
f 976/1296/998 978/1297/1000 1036/1298/1058
f 920/1217/942 930/1138/952 929/1137/951
f 986/1212/1008 1037/1299/1059 906/1112/928
f 901/1283/923 886/1091/908 818/1018/840
f 881/1086/903 874/1092/896 976/1296/998
f 918/1124/940 787/987/809 1027/1280/1049
f 1032/1294/1054 929/1197/951 921/1128/943
f 1038/1300/1060 922/1129/944 850/1050/872
f 918/1301/940 1027/1302/1049 965/1303/987
f 787/987/809 962/1176/984 785/985/807
f 1010/1249/1032 1039/1304/1061 1040/1305/1062
f 833/1033/855 835/1035/857 938/1306/960
f 956/1169/978 1020/1265/1042 997/1231/1019
f 1041/1307/1063 976/1296/998 1036/1298/1058
f 940/1148/962 1026/1278/1048 992/1308/1014
f 923/1131/945 915/1222/937 992/1224/1014
f 1023/1274/1045 1042/1309/1064 1025/1276/1047
f 1018/1263/1040 784/984/806 1043/1310/1065
f 917/1210/939 944/1163/966 899/1105/921
f 891/1277/913 824/1184/846 984/1208/1006
f 797/997/819 799/999/821 1044/1311/1066
f 875/1077/897 882/1218/904 852/1052/874
f 1027/1302/1049 1013/1255/1035 965/1303/987
f 948/1312/970 893/1099/915 1016/1313/1038
f 988/1215/1010 987/1214/1009 811/1011/833
f 1045/1314/1067 1034/1292/1056 1033/1291/1055
f 833/1293/855 937/1145/959 1005/1240/1027
f 868/1069/890 1046/1315/1068 1017/1316/1039
f 930/1138/952 920/1217/942 945/1156/967
f 816/1016/838 1034/1292/1056 817/1017/839
f 871/1072/893 872/1073/894 867/1068/889
f 783/983/805 953/1166/975 800/1000/822
f 1047/1317/1069 1042/1309/1064 1048/1318/1070
f 782/982/804 892/1098/914 783/983/805
f 903/1109/925 1049/1319/1071 902/1108/924
f 951/1164/973 905/1111/927 952/1165/974
f 952/1165/974 905/1111/927 859/1060/881
f 947/1158/969 849/1049/871 848/1048/870
f 1048/1318/1070 1042/1309/1064 1023/1274/1045
f 854/1054/876 797/997/819 1044/1311/1066
f 988/1215/1010 811/1011/833 1018/1320/1040
f 1015/1258/1037 836/1036/858 832/1032/854
f 929/1197/951 974/1196/996 921/1128/943
f 790/990/812 1050/1321/1072 788/988/810
f 889/1095/911 902/1108/924 888/1094/910
f 964/1179/986 942/1153/964 1003/1238/1025
f 1051/1322/1073 1052/1323/1074 808/1008/830
f 1020/1265/1042 1053/1324/1075 998/1232/1020
f 993/1225/1015 1034/1292/1056 1054/1325/1076
f 938/1306/960 835/1035/857 1055/1326/1077
f 809/1009/831 811/1011/833 987/1214/1009
f 902/1108/924 1049/1319/1071 1009/1248/1031
f 997/1231/1019 1020/1265/1042 998/1232/1020
f 890/1096/912 880/1083/902 891/1097/913
f 794/1242/816 855/1055/877 966/1181/988
f 1026/1278/1048 896/1256/918 992/1308/1014
f 1017/1260/1039 1035/1295/1057 868/1327/890
f 820/1020/842 961/1175/983 1056/1328/1078
f 861/1284/883 863/1194/885 884/1089/906
f 1035/1295/1057 1017/1260/1039 1019/1264/1041
f 1042/1309/1064 987/1214/1009 1025/1276/1047
f 944/1163/966 1007/1329/1029 950/1162/972
f 927/1135/949 802/1002/824 1009/1248/1031
f 923/1131/945 992/1224/1014 1057/1330/1079
f 979/1203/1001 849/1049/871 947/1158/969
f 951/1164/973 1014/1257/1036 986/1212/1008
f 784/984/806 803/1003/825 1043/1310/1065
f 1031/1289/1053 1003/1238/1025 942/1153/964
f 981/1205/1003 948/1160/970 1016/1259/1038
f 935/1143/957 823/1023/845 822/1022/844
f 888/1094/910 786/986/808 871/1072/893
f 942/1153/964 1029/1287/1051 1031/1289/1053
f 896/1102/918 1057/1330/1079 992/1224/1014
f 877/1230/899 843/1043/865 847/1047/869
f 880/1083/902 784/984/806 825/1084/847
f 880/1083/902 824/1082/846 891/1097/913
f 952/1165/974 954/1209/976 840/1040/862
f 843/1043/865 877/1230/899 844/1044/866
f 849/1049/871 979/1203/1001 1058/1331/1080
f 805/1005/827 1043/1310/1065 803/1003/825
f 805/1332/827 1059/1333/1081 1043/1334/1065
f 866/1067/888 889/1095/911 867/1068/889
f 954/1209/976 838/1038/860 840/1040/862
f 920/1217/942 909/1335/931 847/1047/869
f 1058/1331/1080 850/1050/872 849/1049/871
f 908/1114/930 1000/1234/1022 878/1080/900
f 995/1227/1017 993/1225/1015 996/1228/1018
f 987/1214/1009 1011/1252/1033 809/1009/831
f 948/1160/970 981/1205/1003 1015/1258/1037
f 1050/1336/1072 790/1337/812 949/1172/971
f 894/1151/916 942/1153/964 964/1179/986
f 911/1117/933 884/1089/906 830/1030/852
f 867/1068/889 872/1073/894 865/1066/887
f 1016/1313/1038 893/1099/915 1035/1338/1057
f 988/1339/1010 1018/1263/1040 1043/1310/1065
f 871/1072/893 867/1068/889 888/1094/910
f 822/1022/844 821/1021/843 806/1340/828
f 831/1031/853 1015/1258/1037 832/1032/854
f 798/998/820 1008/1247/1030 1006/1254/1028
f 980/1204/1002 835/1035/857 834/1034/856
f 859/1060/881 905/1111/927 907/1113/929
f 809/1009/831 1060/1341/1082 969/1187/991
f 925/1281/947 1013/1342/1035 902/1108/924
f 873/1075/895 858/1059/880 856/1058/878
f 809/1009/831 969/1187/991 826/1026/848
f 909/1335/931 877/1230/899 847/1047/869
f 884/1089/906 886/1091/908 861/1284/883
f 924/1282/946 801/1001/823 953/1166/975
f 784/984/806 810/1262/832 825/1084/847
f 813/1013/835 812/1012/834 910/1116/932
f 958/1171/980 941/1152/963 894/1151/916
f 1061/1343/1083 1028/1286/1050 1062/1344/1084
f 1014/1257/1036 999/1233/1021 986/1212/1008
f 1000/1234/1022 921/1128/943 1063/1345/1085
f 908/1114/930 878/1080/900 877/1079/899
f 837/1037/859 813/1013/835 910/1116/932
f 987/1214/1009 1042/1309/1064 1011/1252/1033
f 993/1225/1015 1044/1311/1066 799/999/821
f 982/1273/1004 1064/1346/1086 935/1143/957
f 821/1021/843 936/1144/958 857/1057/879
f 857/1057/879 936/1144/958 966/1181/988
f 1065/1347/1087 945/1156/967 847/1047/869
f 1051/1322/1073 808/1008/830 807/1007/829
f 1002/1348/1024 958/1171/980 790/1337/812
f 1013/1255/1035 901/1107/923 965/1303/987
f 945/1156/967 1065/1347/1087 1066/1349/1088
f 966/1181/988 936/1144/958 959/1173/981
f 1015/1258/1037 831/1031/853 1050/1350/1072
f 1028/1286/1050 1067/1351/1089 927/1135/949
f 1035/1338/1057 893/1099/915 868/1069/890
f 1068/1352/1090 977/1201/999 820/1020/842
f 979/1203/1001 935/1143/957 1041/1307/1063
f 997/1231/1019 1014/1257/1036 956/1169/978
f 798/998/820 797/997/819 1008/1247/1030
f 1069/1353/1091 1049/1319/1071 903/1109/925
f 1059/1333/1081 988/1215/1010 1043/1334/1065
f 888/1094/910 1013/1342/1035 1027/1280/1049
f 947/1158/969 936/1144/958 821/1021/843
f 1024/1275/1046 989/1216/1011 1059/1333/1081
f 999/1233/1021 1037/1299/1059 986/1212/1008
f 1039/1304/1061 1049/1319/1071 1069/1353/1091
f 831/1285/853 788/988/810 1050/1321/1072
f 988/1215/1010 1059/1333/1081 989/1216/1011
f 993/1225/1015 995/1227/1017 1044/1311/1066
f 1047/1317/1069 1011/1252/1033 1042/1309/1064
f 1070/1354/1092 806/1340/828 821/1021/843
f 857/1057/879 1070/1354/1092 821/1021/843
f 949/1172/971 790/1337/812 958/1171/980
f 856/1058/878 860/1061/882 967/1355/989
f 874/1076/896 977/1201/999 976/1200/998
f 913/1119/935 1067/1351/1089 914/1120/936
f 1067/1351/1089 1028/1286/1050 1061/1343/1083
f 802/1002/824 801/1001/823 924/1282/946
f 916/1130/938 915/1222/937 923/1131/945
f 983/1207/1005 982/1206/1004 808/1008/830
f 838/1038/860 900/1106/922 887/1093/909
f 961/1175/983 971/1192/993 970/1191/992
f 791/1356/813 882/1087/904 982/1273/1004
f 876/1078/898 864/1065/886 977/1201/999
f 1064/1346/1086 982/1273/1004 882/1087/904
f 827/1027/849 807/1007/829 828/1028/850
f 884/1089/906 911/1117/933 812/1012/834
f 1002/1237/1024 968/1236/990 1071/1357/1093
f 997/1231/1019 999/1233/1021 1014/1257/1036
f 838/1038/860 917/1210/939 899/1105/921
f 901/1283/923 818/1018/840 965/1180/987
f 1009/1248/1031 1049/1319/1071 1039/1304/1061
f 976/1296/998 1041/1307/1063 881/1086/903
f 984/1208/1006 788/988/810 831/1285/853
f 786/986/808 785/985/807 872/1073/894
f 874/1076/896 876/1078/898 977/1201/999
f 983/1207/1005 808/1008/830 1052/1323/1074
f 904/1110/926 812/1012/834 814/1014/836
f 1072/1358/1094 1060/1341/1082 809/1009/831
f 1068/1352/1090 820/1020/842 1056/1328/1078
f 948/1312/970 894/1100/916 893/1099/915
f 1064/1346/1086 882/1087/904 935/1143/957
f 958/1171/980 1002/1348/1024 1071/1359/1093
f 807/1007/829 827/1027/849 1051/1322/1073
f 818/1018/840 886/1091/908 819/1019/841
f 1037/1299/1059 999/1233/1021 1073/1360/1095
f 904/1110/926 814/1014/836 971/1192/993
f 1041/1307/1063 1074/1361/1096 979/1203/1001
f 900/1106/922 899/1105/921 1021/1267/1043
f 1005/1240/1027 937/1145/959 844/1044/866
f 959/1173/981 897/1103/919 896/1102/918
f 1010/1249/1032 1009/1248/1031 1039/1304/1061
f 1070/1362/1092 857/1363/879 967/1355/989
f 864/1065/886 820/1020/842 977/1201/999
f 955/1168/977 1005/1279/1027 960/1174/982
f 946/1157/968 1075/1364/1097 1076/1365/1098
f 807/1007/829 806/1006/828 1070/1362/1092
f 1077/1366/1099 1078/1367/1100 1079/1368/1101
f 899/1105/921 950/1162/972 1021/1267/1043
f 893/1099/915 895/1101/917 869/1070/891
f 786/986/808 888/1094/910 1027/1280/1049
f 955/1168/977 960/1174/982 933/1141/955
f 829/1029/851 1080/1369/1102 1051/1322/1073
f 1015/1258/1037 1050/1350/1072 948/1160/970
f 999/1233/1021 998/1232/1020 1081/1370/1103
f 1050/1350/1072 949/1161/971 948/1160/970
f 890/1096/912 782/982/804 784/984/806
f 967/1355/989 807/1007/829 1070/1362/1092
f 810/1010/832 1018/1320/1040 811/1011/833
f 1082/1371/1104 1083/1372/1105 1084/1373/1106
f 1067/1351/1089 1061/1343/1083 991/1221/1013
f 911/1117/933 910/1116/932 812/1012/834
f 1061/1343/1083 1062/1344/1084 991/1221/1013
f 973/1195/995 969/1187/991 1060/1341/1082
f 1072/1358/1094 809/1009/831 1012/1253/1034
f 935/1143/957 881/1086/903 1041/1307/1063
f 925/1281/947 902/1108/924 802/1002/824
f 967/1355/989 860/1061/882 807/1007/829
f 902/1108/924 1013/1342/1035 888/1094/910
f 1081/1370/1103 998/1232/1020 1085/1374/1107
f 913/1119/935 927/1135/949 1067/1351/1089
f 927/1135/949 913/1119/935 800/1000/822
f 1012/1253/1034 1011/1252/1033 1047/1317/1069
f 827/1027/849 829/1029/851 1051/1322/1073
f 960/1174/982 898/1104/920 933/1141/955
f 826/1026/848 825/1025/847 810/1010/832
f 946/1157/968 1076/1365/1098 941/1152/963
f 934/1142/956 898/1104/920 1086/1375/1108
f 993/1225/1015 1054/1325/1076 996/1228/1018
f 936/1144/958 947/1158/969 848/1048/870
f 1087/1376/1109 1088/1377/1110 1089/1378/1111
f 803/1003/825 991/1221/1013 804/1004/826
f 1090/1379/1112 1091/1380/1113 1092/1381/1114
f 946/1157/968 941/1152/963 958/1171/980
f 1093/1382/1115 1094/1383/1116 1095/1384/1117
f 1096/1385/1118 994/1226/1016 996/1228/1018
f 950/1162/972 1020/1265/1042 1021/1267/1043
f 1097/1386/1119 1095/1387/1117 1098/1388/1120
f 808/1008/830 982/1206/1004 822/1389/844
f 922/1129/944 1038/1300/1060 815/1015/837
f 1088/1377/1110 1099/1390/1121 1100/1391/1122
f 822/1389/844 806/1006/828 808/1008/830
f 1095/1384/1117 1094/1383/1116 1101/1392/1123
f 893/1099/915 869/1070/891 868/1069/890
f 1102/1393/1124 1103/1394/1125 1104/1395/1126
f 1105/1396/1127 1106/1397/1128 1107/1398/1129
f 994/1226/1016 1044/1311/1066 995/1227/1017
f 914/1120/936 1067/1351/1089 991/1221/1013
f 855/1150/877 794/994/816 940/1148/962
f 817/1017/839 1057/1330/1079 896/1102/918
f 1108/1399/1130 1109/1400/1131 1110/1401/1132
f 1111/1402/1133 1112/1403/1134 1113/1404/1135
f 1114/1405/1136 1115/1406/1137 1116/1407/1138
f 1117/1408/1139 1092/1381/1114 1091/1380/1113
f 1053/1324/1075 1118/1409/1140 1119/1410/1141
f 1120/1411/1142 1121/1412/1143 1122/1413/1144
f 1123/1414/1145 1124/1415/1146 1125/1416/1147
f 1126/1417/1148 1127/1418/1149 1128/1419/1150
f 1110/1401/1132 1129/1420/1151 1108/1399/1130
f 1130/1421/1152 1131/1422/1153 1132/1423/1154
f 1057/1330/1079 993/1225/1015 923/1131/945
f 1114/1405/1136 994/1226/1016 1096/1385/1118
f 1133/1424/1155 1134/1425/1156 1135/1426/1157
f 1101/1392/1123 1136/1427/1158 1137/1428/1159
f 1138/1429/1160 1139/1430/1161 1140/1431/1162
f 921/1128/943 975/1199/997 1063/1345/1085
f 1127/1418/1149 1126/1417/1148 1141/1432/1163
f 1093/1433/1115 1097/1434/1119 1142/1435/1164
f 1140/1436/1162 1143/1437/1165 1144/1438/1166
f 1145/1439/1167 1146/1440/1168 1147/1441/1169
f 1148/1442/1170 1140/1436/1162 1144/1438/1166
f 1149/1443/1171 1150/1444/1172 985/1211/1007
f 1034/1292/1056 993/1225/1015 1057/1330/1079
f 1151/1445/1173 1152/1446/1174 1119/1410/1141
f 1034/1292/1056 1057/1330/1079 817/1017/839
f 1152/1446/1174 1151/1445/1173 1153/1447/1175
f 1071/1357/1093 968/1236/990 957/1448/979
f 1115/1406/1137 1114/1405/1136 1154/1449/1176
f 1155/1450/1177 1156/1451/1178 1157/1452/1179
f 1097/1434/1119 1102/1453/1124 1158/1454/1180
f 1159/1455/1181 1160/1456/1182 1161/1457/1183
f 1076/1365/1098 1075/1364/1097 1088/1377/1110
f 1162/1458/1184 1163/1459/1185 1164/1460/1186
f 1165/1461/1187 1166/1462/1188 1167/1463/1189
f 950/1162/972 1168/1464/1190 1020/1265/1042
f 1169/1465/1191 1170/1466/1192 1171/1467/1193
f 1172/1468/1194 1109/1469/1131 1173/1470/1195
f 1089/1378/1111 1088/1377/1110 1100/1391/1122
f 1174/1471/1196 1175/1472/1197 1176/1473/1198
f 1177/1474/1199 1178/1475/1200 1179/1476/1201
f 1098/1388/1120 1103/1394/1125 1102/1393/1124
f 1055/1326/1077 1180/1477/1202 1181/1478/1203
f 1159/1455/1181 1161/1457/1183 1182/1479/1204
f 1183/1480/1205 1104/1395/1126 1103/1394/1125
f 1101/1392/1123 1184/1481/1206 1185/1482/1207
f 1186/1483/1208 1187/1484/1209 1184/1481/1206
f 1188/1485/1210 1110/1486/1132 1172/1468/1194
f 1189/1487/1211 1165/1461/1187 1128/1419/1150
f 950/1162/972 1190/1488/1212 1151/1445/1173
f 1191/1489/1213 1192/1490/1214 1193/1491/1215
f 1151/1445/1173 1119/1410/1141 1118/1409/1140
f 1124/1415/1146 1123/1414/1145 1194/1492/1216
f 1195/1493/1217 1196/1494/1218 1181/1495/1203
f 1197/1496/1219 1198/1497/1220 1182/1498/1204
f 1095/1384/1117 1097/1499/1119 1093/1382/1115
f 1031/1289/1053 1030/1288/1052 1199/1500/1221
f 1200/1501/1222 1201/1502/1223 1202/1503/1224
f 1161/1457/1183 1160/1456/1182 1203/1504/1225
f 1193/1491/1215 1204/1505/1226 1205/1506/1227
f 1206/1507/1228 1170/1508/1192 1169/1509/1191
f 1207/1510/1229 1208/1511/1230 1209/1512/1231
f 1210/1513/1232 1211/1514/1233 1104/1515/1126
f 928/1136/950 865/1066/887 872/1073/894
f 1176/1473/1198 1212/1516/1234 1174/1471/1196
f 1213/1517/1235 1214/1518/1236 1215/1519/1237
f 1192/1490/1214 1191/1489/1213 1140/1436/1162
f 1216/1520/1238 1006/1254/1028 853/1053/875
f 1076/1365/1098 1088/1377/1110 1217/1521/1239
f 1029/1287/1051 1076/1365/1098 1217/1521/1239
f 1218/1522/1240 1141/1432/1163 1219/1523/1241
f 1207/1524/1229 1182/1498/1204 1220/1525/1242
f 1191/1526/1213 1170/1466/1192 1140/1527/1162
f 1221/1528/1243 1222/1529/1244 1155/1450/1177
f 999/1233/1021 1081/1370/1103 1073/1360/1095
f 1179/1476/1201 1215/1519/1237 1214/1518/1236
f 1186/1530/1208 835/1035/857 980/1204/1002
f 853/1053/875 1223/1531/1245 1216/1520/1238
f 1092/1381/1114 1117/1408/1139 1224/1532/1246
f 1092/1381/1114 1224/1532/1246 1224/1533/1247
f 1092/1381/1114 1224/1533/1247 1224/1534/1248
f 1055/1535/1077 1181/1495/1203 1196/1494/1218
f 1075/1364/1097 1066/1349/1088 1099/1390/1121
f 1055/1326/1077 1196/1536/1218 938/1306/960
f 996/1228/1018 1054/1325/1076 1096/1385/1118
f 1119/1410/1141 1152/1446/1174 1225/1537/1249
f 1170/1466/1192 1191/1526/1213 1171/1467/1193
f 1178/1475/1200 1226/1538/1250 1227/1539/1251
f 1155/1450/1177 1157/1452/1179 1228/1540/1252
f 1054/1325/1076 1229/1541/1253 1096/1385/1118
f 1230/1542/1254 1100/1391/1122 1099/1390/1121
f 1231/1543/1255 1128/1419/1150 1142/1544/1164
f 1232/1545/1256 1233/1546/1257 1234/1547/1258
f 1047/1317/1069 1048/1318/1070 1194/1492/1216
f 1178/1475/1200 1177/1474/1199 1226/1538/1250
f 1034/1292/1056 1045/1314/1067 1054/1325/1076
f 1065/1347/1087 847/1047/869 846/1046/868
f 1221/1528/1243 979/1203/1001 1222/1529/1244
f 1147/1441/1169 1235/1548/1259 1236/1549/1260
f 1218/1522/1240 1219/1523/1241 1237/1550/1261
f 1238/1551/1262 1178/1475/1200 1120/1411/1142
f 1150/1552/1172 1239/1553/1263 1001/1272/1023
f 1191/1526/1213 1139/1430/1161 1138/1429/1160
f 1240/1554/1264 1151/1445/1173 1130/1555/1152
f 1196/1494/1218 1195/1493/1217 1241/1556/1265
f 1075/1364/1097 1099/1390/1121 1088/1377/1110
f 1116/1557/1138 1242/1558/1266 994/1559/1016
f 950/1162/972 1151/1445/1173 1168/1464/1190
f 1146/1440/1168 1243/1560/1267 1244/1561/1268
f 1204/1562/1226 854/1054/876 1242/1563/1266
f 1245/1564/1269 1174/1471/1196 1246/1565/1270
f 1123/1414/1145 1125/1416/1147 1247/1566/1271
f 1045/1314/1067 1229/1541/1253 1054/1325/1076
f 1146/1440/1168 1244/1561/1268 1248/1567/1272
f 1000/1234/1022 1063/1345/1085 878/1080/900
f 1179/1476/1201 1214/1518/1236 1177/1474/1199
f 1169/1509/1191 1129/1420/1151 1110/1401/1132
f 1141/1432/1163 1202/1503/1224 1219/1523/1241
f 1249/1568/1273 1109/1469/1131 1108/1569/1130
f 1222/1529/1244 1250/1570/1274 1155/1450/1177
f 1203/1504/1225 1195/1493/1217 1251/1571/1275
f 1252/1572/1276 1253/1573/1277 1254/1574/1278
f 1186/1530/1208 1184/1575/1206 835/1035/857
f 1255/1576/1279 1254/1574/1278 1253/1573/1277
f 1256/1577/1280 1257/1578/1281 1144/1438/1166
f 1258/1579/1282 1259/1580/1283 1145/1439/1167
f 1148/1442/1170 1260/1581/1284 1261/1582/1285
f 1262/1583/1286 939/1147/961 1179/1476/1201
f 1263/1584/1287 1264/1585/1288 934/1142/956
f 1235/1548/1259 1265/1586/1289 1266/1587/1290
f 1190/1488/1212 1130/1555/1152 1151/1445/1173
f 1267/1588/1291 1130/1555/1152 1190/1488/1212
f 1128/1419/1150 1165/1461/1187 1126/1417/1148
f 1230/1542/1254 1099/1390/1121 1066/1349/1088
f 1202/1503/1224 1201/1502/1223 1219/1523/1241
f 1264/1589/1288 1208/1590/1230 1268/1591/1292
f 1269/1592/1293 1270/1593/1294 1105/1396/1127
f 1229/1541/1253 1114/1405/1136 1096/1385/1118
f 1171/1467/1193 1191/1526/1213 1138/1429/1160
f 1271/1594/1295 1196/1595/1218 1241/1596/1265
f 1105/1396/1127 1270/1593/1294 1261/1582/1285
f 1260/1581/1284 1256/1577/1280 1272/1597/1296
f 1100/1391/1122 1230/1542/1254 1121/1412/1143
f 1273/1598/1297 1146/1440/1168 1274/1599/1298
f 1275/1600/1299 1125/1416/1147 1276/1601/1300
f 1277/1602/1301 1278/1603/1302 1279/1604/1303
f 1245/1564/1269 1280/1605/1304 1174/1471/1196
f 1128/1419/1150 1094/1383/1116 1093/1382/1115
f 1175/1472/1197 1174/1471/1196 1280/1605/1304
f 1132/1423/1154 1206/1507/1228 1281/1606/1305
f 1116/1557/1138 1115/1607/1137 1282/1608/1306
f 1111/1402/1133 932/1609/954 1112/1403/1134
f 1279/1610/1303 1107/1611/1129 1277/1612/1301
f 1273/1598/1297 1243/1560/1267 1146/1440/1168
f 1036/1298/1058 1283/1613/1307 1284/1614/1308
f 932/1609/954 934/1615/956 1112/1403/1134
f 1144/1438/1166 1260/1581/1284 1148/1442/1170
f 1261/1582/1285 1270/1593/1294 1148/1442/1170
f 1139/1430/1161 1143/1616/1165 1140/1431/1162
f 1285/1617/1309 1286/1618/1310 1287/1619/1311
f 1201/1502/1223 1200/1501/1222 1288/1620/1312
f 1289/1621/1313 1290/1622/1314 1234/1547/1258
f 946/1157/968 1071/1359/1093 957/1170/979
f 1286/1618/1310 1288/1620/1312 1287/1619/1311
f 1291/1623/1315 1292/1624/1316 1129/1420/1151
f 1047/1317/1069 1123/1414/1145 1247/1566/1271
f 1293/1625/1317 1280/1605/1304 1294/1626/1318
f 1133/1627/1155 1107/1611/1129 1106/1628/1128
f 1177/1474/1199 1214/1518/1236 1226/1538/1250
f 1087/1376/1109 1089/1378/1111 1199/1500/1221
f 1215/1519/1237 1271/1594/1295 1213/1517/1235
f 1187/1629/1209 1113/1404/1135 1185/1630/1207
f 1295/1631/1319 1098/1632/1120 1095/1633/1117
f 1291/1623/1315 1296/1634/1320 1292/1624/1316
f 1297/1635/1321 1298/1636/1322 1299/1637/1323
f 1219/1523/1241 1201/1502/1223 1237/1550/1261
f 1297/1635/1321 1160/1456/1182 1298/1636/1322
f 945/1156/967 1066/1349/1088 1075/1364/1097
f 978/1297/1000 1283/1613/1307 1036/1298/1058
f 1107/1611/1129 1133/1627/1155 1277/1612/1301
f 1047/1317/1069 1194/1492/1216 1123/1414/1145
f 1137/1428/1159 1237/1550/1261 1300/1638/1324
f 1270/1593/1294 1223/1639/1245 1192/1490/1214
f 1066/1349/1088 1065/1347/1087 845/1045/867
f 1179/1476/1201 939/1147/961 1301/1640/1325
f 1251/1571/1275 1180/1641/1202 1300/1638/1324
f 1302/1642/1326 1303/1643/1327 1280/1605/1304
f 1303/1643/1327 1302/1642/1326 1304/1644/1328
f 1270/1593/1294 1192/1490/1214 1148/1442/1170
f 1305/1645/1329 1306/1646/1330 1194/1492/1216
f 945/1156/967 1075/1364/1097 946/1157/968
f 1143/1437/1165 1139/1647/1161 1307/1648/1331
f 1308/1649/1332 1149/1443/1171 1052/1323/1074
f 1309/1650/1333 1214/1518/1236 1213/1517/1235
f 1310/1651/1334 1089/1378/1111 1100/1391/1122
f 1138/1652/1160 1311/1653/1335 1171/1654/1193
f 1303/1643/1327 1312/1655/1336 1280/1605/1304
f 1201/1502/1223 1313/1656/1337 1237/1550/1261
f 1125/1416/1147 1314/1657/1338 1276/1601/1300
f 1091/1658/1113 1142/1544/1164 1117/1659/1139
f 1029/1287/1051 1315/1660/1339 1030/1288/1052
f 1153/1447/1175 1225/1537/1249 1152/1446/1174
f 1131/1422/1153 1278/1603/1302 1135/1426/1157
f 1063/1345/1085 975/1199/997 1275/1600/1299
f 1148/1442/1170 1192/1490/1214 1140/1436/1162
f 1316/1661/1340 1317/1662/1341 1239/1553/1263
f 958/1171/980 1071/1359/1093 946/1157/968
f 1150/1444/1172 1149/1443/1171 1318/1663/1342
f 975/1199/997 1247/1566/1271 1275/1600/1299
f 1036/1298/1058 1074/1361/1096 1041/1307/1063
f 1250/1570/1274 1156/1451/1178 1155/1450/1177
f 1087/1376/1109 1315/1660/1339 1029/1287/1051
f 1307/1648/1331 1319/1664/1343 1143/1437/1165
f 1201/1502/1223 1320/1665/1344 1313/1656/1337
f 1165/1461/1187 1167/1463/1189 1285/1617/1309
f 1321/1666/1345 1207/1524/1229 1322/1667/1346
f 1323/1668/1347 1324/1669/1348 1325/1670/1349
f 1066/1349/1088 1122/1413/1144 1230/1542/1254
f 1326/1671/1350 1143/1437/1165 1319/1664/1343
f 1284/1672/1308 1323/1668/1347 1250/1673/1274
f 1256/1577/1280 1166/1462/1188 1189/1487/1211
f 1227/1539/1251 1120/1411/1142 1178/1475/1200
f 1159/1455/1181 1182/1479/1204 1327/1674/1351
f 1328/1675/1352 1329/1676/1353 1330/1677/1354
f 1313/1656/1337 1197/1678/1219 1300/1638/1324
f 1331/1679/1355 1256/1577/1280 1189/1487/1211
f 1197/1678/1219 1161/1457/1183 1300/1638/1324
f 1200/1501/1222 1202/1503/1224 1165/1461/1187
f 1332/1680/1356 1312/1655/1336 1303/1643/1327
f 1333/1681/1357 1106/1397/1128 1260/1581/1284
f 1109/1469/1131 1172/1468/1194 1110/1486/1132
f 1264/1589/1288 1334/1682/1358 934/1683/956
f 1198/1497/1220 1197/1496/1219 1335/1684/1359
f 1336/1685/1360 1236/1549/1260 1266/1587/1290
f 1191/1489/1213 1193/1491/1215 1337/1686/1361
f 1030/1288/1052 1315/1660/1339 1087/1376/1109
f 1235/1548/1259 1266/1587/1290 1236/1549/1260
f 1337/1686/1361 1338/1687/1362 1339/1688/1363
f 1182/1479/1204 1161/1457/1183 1197/1678/1219
f 1340/1689/1364 1341/1690/1365 1317/1662/1341
f 1074/1361/1096 1036/1298/1058 1284/1614/1308
f 1312/1655/1336 1175/1472/1197 1280/1605/1304
f 1133/1627/1155 1106/1628/1128 1333/1691/1357
f 1098/1632/1120 1295/1631/1319 1103/1692/1125
f 975/1199/997 1060/1341/1082 1247/1566/1271
f 865/1066/887 1342/1693/1366 1253/1573/1277
f 1115/1607/1137 1338/1687/1362 1282/1608/1306
f 1343/1694/1367 1212/1516/1234 1209/1512/1231
f 1344/1695/1368 1345/1696/1369 1213/1517/1235
f 1214/1518/1236 1346/1697/1370 1347/1698/1371
f 1348/1699/1372 1143/1437/1165 1326/1671/1350
f 1204/1562/1226 1223/1531/1245 853/1053/875
f 1165/1461/1187 1285/1617/1309 1200/1501/1222
f 1204/1505/1226 1242/1558/1266 1205/1506/1227
f 1186/1483/1208 1349/1700/1373 1187/1484/1209
f 1218/1522/1240 1237/1550/1261 1137/1428/1159
f 1214/1518/1236 1309/1650/1333 1346/1697/1370
f 1119/1410/1141 1225/1537/1249 1188/1485/1210
f 1233/1546/1257 1350/1701/1374 1234/1547/1258
f 1220/1525/1242 1198/1497/1220 1351/1702/1375
f 1055/1326/1077 1184/1575/1206 1180/1477/1202
f 1133/1627/1155 1162/1703/1184 1352/1704/1376
f 1334/1705/1358 1353/1706/1377 1112/1403/1134
f 1354/1707/1378 1318/1663/1342 1355/1708/1379
f 985/1211/1007 983/1207/1005 1052/1323/1074
f 1176/1473/1198 1356/1709/1380 1212/1516/1234
f 1245/1564/1269 1294/1626/1318 1280/1605/1304
f 1203/1504/1225 1251/1571/1275 1300/1638/1324
f 1159/1455/1181 1327/1674/1351 1160/1456/1182
f 1357/1710/1381 1311/1653/1335 1291/1623/1315
f 1325/1670/1349 1232/1545/1256 1358/1711/1382
f 1091/1658/1113 1164/1460/1186 1142/1544/1164
f 1265/1712/1289 1351/1702/1375 1198/1497/1220
f 1245/1564/1269 1086/1375/1108 1294/1626/1318
f 1273/1598/1297 1311/1653/1335 1138/1652/1160
f 1066/1349/1088 845/1045/867 1122/1413/1144
f 1334/1682/1358 1359/1713/1383 1353/1714/1377
f 1344/1695/1368 1271/1594/1295 1241/1596/1265
f 1108/1399/1130 1129/1420/1151 1249/1715/1273
f 1113/1404/1135 1187/1629/1209 1349/1716/1373
f 1129/1420/1151 1360/1717/1384 1249/1715/1273
f 1112/1403/1134 1361/1718/1385 1295/1631/1319
f 1287/1619/1311 1288/1620/1312 1200/1501/1222
f 1091/1380/1113 1352/1704/1376 1162/1703/1184
f 1256/1577/1280 1144/1438/1166 1143/1437/1165
f 1362/1719/1386 1338/1687/1362 1115/1607/1137
f 1129/1420/1151 1292/1624/1316 1360/1717/1384
f 1207/1524/1229 1220/1525/1242 1208/1590/1230
f 1188/1720/1210 1225/1721/1249 1110/1401/1132
f 1309/1650/1333 1213/1517/1235 1345/1696/1369
f 1111/1402/1133 1113/1404/1135 1349/1716/1373
f 1265/1586/1289 1363/1722/1387 1266/1587/1290
f 1139/1647/1161 1337/1686/1361 1307/1648/1331
f 1170/1508/1192 1206/1507/1228 1132/1423/1154
f 941/1152/963 1076/1365/1098 942/1153/964
f 1248/1567/1272 1147/1441/1169 1146/1440/1168
f 1125/1416/1147 1302/1642/1326 1314/1657/1338
f 1353/1706/1377 1361/1718/1385 1112/1403/1134
f 1294/1626/1318 1086/1375/1108 898/1104/920
f 1198/1497/1220 1363/1723/1387 1265/1712/1289
f 845/1045/867 1238/1551/1262 1122/1413/1144
f 1278/1603/1302 1131/1422/1153 1279/1604/1303
f 1092/1724/1114 1211/1514/1233 1090/1725/1112
f 835/1035/857 1184/1575/1206 1055/1326/1077
f 1232/1545/1256 1234/1547/1258 1358/1711/1382
f 1117/1659/1139 1142/1544/1164 1158/1726/1180
f 1052/1323/1074 1149/1443/1171 985/1211/1007
f 1090/1725/1112 1211/1514/1233 1134/1425/1156
f 1283/1613/1307 1324/1727/1348 1284/1614/1308
f 1364/1728/1388 1317/1662/1341 1341/1690/1365
f 1149/1443/1171 1308/1649/1332 1355/1708/1379
f 1232/1545/1256 1324/1669/1348 1068/1352/1090
f 1131/1729/1153 1140/1730/1162 1170/1731/1192
f 1162/1458/1184 1333/1681/1357 1163/1459/1185
f 1163/1459/1185 1272/1597/1296 1331/1679/1355
f 1319/1664/1343 1166/1462/1188 1326/1671/1350
f 1248/1567/1272 1235/1548/1259 1147/1441/1169
f 938/1146/960 1301/1640/1325 939/1147/961
f 1153/1447/1175 1365/1732/1389 1225/1537/1249
f 1170/1508/1192 1132/1423/1154 1131/1422/1153
f 1256/1577/1280 1348/1699/1372 1166/1462/1188
f 1180/1477/1202 1251/1733/1275 1181/1478/1203
f 843/1043/865 845/1045/867 846/1046/868
f 1121/1412/1143 1366/1734/1390 1100/1391/1122
f 1223/1639/1245 1204/1505/1226 1192/1490/1214
f 973/1195/995 1060/1341/1082 975/1199/997
f 1260/1581/1284 1144/1438/1166 1257/1578/1281
f 853/1053/875 854/1054/876 1204/1562/1226
f 1367/1735/1391 1366/1734/1390 1121/1412/1143
f 1368/1736/1392 1092/1724/1114 1224/1737/1248
f 1368/1736/1392 1224/1737/1248 1224/1738/1393
f 1368/1736/1392 1224/1738/1393 1224/1739/1394
f 1323/1668/1347 1369/1740/1395 1250/1673/1274
f 1231/1543/1255 1331/1679/1355 1189/1487/1211
f 1241/1596/1265 1297/1741/1321 1344/1695/1368
f 1370/1742/1396 1100/1391/1122 1366/1734/1390
f 1247/1566/1271 1060/1341/1082 1072/1358/1094
f 1113/1404/1135 1112/1403/1134 1295/1631/1319
f 1135/1426/1157 1138/1652/1160 1131/1422/1153
f 878/1080/900 1063/1345/1085 1293/1625/1317
f 1293/1625/1317 879/1081/901 878/1080/900
f 1337/1686/1361 1139/1647/1161 1191/1489/1213
f 1337/1686/1361 1371/1743/1397 1307/1648/1331
f 1068/1352/1090 1350/1701/1374 1232/1545/1256
f 1068/1352/1090 1056/1328/1078 1350/1701/1374
f 1250/1570/1274 1369/1744/1395 1156/1451/1178
f 1246/1565/1270 1174/1471/1196 1212/1516/1234
f 1232/1545/1256 1325/1670/1349 1324/1669/1348
f 1293/1625/1317 1063/1345/1085 1276/1601/1300
f 1216/1745/1238 1223/1639/1245 1269/1592/1293
f 1319/1664/1343 1307/1648/1331 1372/1746/1398
f 1309/1650/1333 1345/1696/1369 1344/1695/1368
f 1208/1590/1230 1220/1525/1242 1268/1591/1292
f 1307/1648/1331 1373/1747/1399 1372/1746/1398
f 1136/1427/1158 1218/1522/1240 1137/1428/1159
f 1273/1598/1297 1374/1748/1400 1311/1653/1335
f 1292/1624/1316 1296/1634/1320 1375/1749/1401
f 1376/1750/1402 1267/1751/1291 1377/1752/1403
f 1341/1690/1365 1340/1689/1364 1354/1753/1378
f 1113/1404/1135 1295/1631/1319 1095/1633/1117
f 1267/1751/1291 1190/1754/1212 1377/1752/1403
f 1072/1358/1094 1012/1253/1034 1247/1566/1271
f 1357/1710/1381 1169/1509/1191 1171/1654/1193
f 1292/1624/1316 1375/1749/1401 1378/1755/1404
f 1256/1577/1280 1260/1581/1284 1257/1578/1281
f 1133/1627/1155 1333/1691/1357 1162/1703/1184
f 1324/1669/1348 1323/1668/1347 1284/1672/1308
f 1301/1640/1325 938/1146/960 1196/1595/1218
f 979/1203/1001 1074/1361/1096 1222/1529/1244
f 1092/1724/1114 1368/1736/1392 1211/1514/1233
f 1276/1601/1300 1063/1345/1085 1275/1600/1299
f 1269/1756/1293 1376/1750/1402 1377/1752/1403
f 1365/1757/1389 1281/1606/1305 1206/1507/1228
f 1168/1464/1190 1053/1324/1075 1020/1265/1042
f 1106/1397/1128 1261/1582/1285 1260/1581/1284
f 1131/1422/1153 1130/1421/1152 1279/1604/1303
f 1342/1693/1366 1379/1758/1405 1253/1573/1277
f 1166/1462/1188 1348/1699/1372 1326/1671/1350
f 1130/1421/1152 1281/1606/1305 1240/1759/1264
f 1368/1736/1392 1104/1515/1126 1211/1514/1233
f 1272/1597/1296 1256/1577/1280 1331/1679/1355
f 1120/1411/1142 1227/1539/1251 1380/1760/1406
f 1311/1653/1335 1357/1710/1381 1171/1654/1193
f 1337/1686/1361 1339/1688/1363 1381/1761/1407
f 1382/1762/1408 1341/1690/1365 1354/1753/1378
f 1311/1653/1335 1374/1748/1400 1296/1634/1320
f 934/1142/956 1086/1375/1108 1263/1584/1287
f 1001/1272/1023 963/1177/985 962/1176/984
f 1204/1505/1226 1193/1491/1215 1192/1490/1214
f 1238/1551/1262 1120/1411/1142 1122/1413/1144
f 1359/1713/1383 1220/1525/1242 1351/1702/1375
f 1368/1736/1392 1102/1453/1124 1104/1515/1126
f 1236/1549/1260 1336/1685/1360 1147/1441/1169
f 1212/1516/1234 1343/1694/1367 1246/1565/1270
f 1158/1454/1180 1142/1435/1164 1097/1434/1119
f 1205/1506/1227 1338/1687/1362 1337/1686/1361
f 1162/1458/1184 1164/1460/1186 1091/1658/1113
f 1383/1763/1409 1369/1740/1395 1323/1668/1347
f 1261/1582/1285 1106/1397/1128 1105/1396/1127
f 1316/1661/1340 1239/1553/1263 1150/1552/1172
f 1205/1506/1227 1282/1608/1306 1338/1687/1362
f 1253/1573/1277 866/1067/888 865/1066/887
f 1320/1665/1344 1201/1502/1223 1384/1764/1410
f 1201/1502/1223 1288/1620/1312 1384/1764/1410
f 1179/1476/1201 1301/1640/1325 1215/1519/1237
f 1007/1329/1029 1190/1488/1212 950/1162/972
f 928/1136/950 1239/1553/1263 1379/1758/1405
f 1372/1746/1398 1385/1765/1411 1167/1463/1189
f 1130/1421/1152 1267/1751/1291 1376/1750/1402
f 1227/1539/1251 1226/1538/1250 1347/1698/1371
f 1386/1766/1412 1105/1396/1127 1107/1398/1129
f 1167/1463/1189 1385/1765/1411 1285/1617/1309
f 1101/1392/1123 1180/1641/1202 1184/1481/1206
f 1263/1767/1287 1208/1590/1230 1264/1589/1288
f 928/1136/950 1342/1693/1366 865/1066/887
f 1090/1725/1112 1134/1425/1156 1133/1424/1155
f 1297/1741/1321 1299/1768/1323 1344/1695/1368
f 1118/1409/1140 1168/1464/1190 1151/1445/1173
f 1333/1681/1357 1260/1581/1284 1272/1597/1296
f 1378/1755/1404 1387/1769/1413 1292/1624/1316
f 1134/1425/1156 1273/1598/1297 1135/1426/1157
f 1263/1584/1287 1246/1565/1270 1343/1694/1367
f 1006/1243/1028 1190/1754/1212 1007/1244/1029
f 1240/1759/1264 1281/1606/1305 1365/1757/1389
f 1372/1746/1398 1167/1463/1189 1166/1462/1188
f 1110/1401/1132 1225/1721/1249 1365/1757/1389
f 1353/1714/1377 1359/1713/1383 1351/1702/1375
f 1333/1681/1357 1272/1597/1296 1163/1459/1185
f 1376/1750/1402 1279/1604/1303 1130/1421/1152
f 1319/1664/1343 1372/1746/1398 1166/1462/1188
f 845/1045/867 844/1044/866 1262/1583/1286
f 1255/1576/1279 1253/1573/1277 1379/1758/1405
f 1240/1554/1264 1153/1447/1175 1151/1445/1173
f 1291/1623/1315 1129/1420/1151 1357/1710/1381
f 1280/1605/1304 1314/1657/1338 1302/1642/1326
f 1365/1757/1389 1169/1509/1191 1110/1401/1132
f 844/1044/866 939/1147/961 1262/1583/1286
f 1336/1685/1360 1258/1579/1282 1147/1441/1169
f 1355/1708/1379 1308/1649/1332 1388/1770/1414
f 1207/1510/1229 1209/1512/1231 1212/1516/1234
f 1145/1439/1167 1147/1441/1169 1258/1579/1282
f 1311/1653/1335 1296/1634/1320 1291/1623/1315
f 1178/1475/1200 1238/1551/1262 1262/1583/1286
f 1277/1602/1301 1133/1424/1155 1135/1426/1157
f 1116/1407/1138 994/1226/1016 1114/1405/1136
f 1376/1771/1402 1386/1772/1412 1279/1610/1303
f 998/1232/1020 1119/1410/1141 1188/1485/1210
f 1142/1544/1164 1164/1460/1186 1231/1543/1255
f 1293/1625/1317 1276/1601/1300 1314/1657/1338
f 1247/1566/1271 1125/1416/1147 1275/1600/1299
f 1213/1517/1235 1271/1594/1295 1344/1695/1368
f 1150/1552/1172 1340/1689/1364 1316/1661/1340
f 1231/1543/1255 1189/1487/1211 1128/1419/1150
f 1293/1625/1317 1314/1657/1338 1280/1605/1304
f 1245/1564/1269 1246/1565/1270 1086/1375/1108
f 1085/1374/1107 1188/1485/1210 1172/1468/1194
f 1208/1590/1230 1263/1767/1287 1209/1773/1231
f 1238/1551/1262 845/1045/867 1262/1583/1286
f 1286/1618/1310 1384/1764/1410 1288/1620/1312
f 1300/1638/1324 1237/1550/1261 1313/1656/1337
f 1342/1693/1366 928/1136/950 1379/1758/1405
f 898/1104/920 879/1081/901 1294/1626/1318
f 1263/1584/1287 1343/1694/1367 1209/1512/1231
f 1374/1748/1400 1274/1599/1298 1389/1774/1415
f 1274/1599/1298 1145/1439/1167 1389/1774/1415
f 1273/1598/1297 1274/1599/1298 1374/1748/1400
f 1334/1682/1358 1390/1775/1416 1359/1713/1383
f 1344/1695/1368 1346/1697/1370 1309/1650/1333
f 1313/1656/1337 1320/1665/1344 1384/1764/1410
f 1318/1663/1342 1340/1776/1364 1150/1444/1172
f 1274/1599/1298 1146/1440/1168 1145/1439/1167
f 1163/1459/1185 1331/1679/1355 1164/1460/1186
f 1185/1482/1207 1184/1481/1206 1187/1484/1209
f 1301/1640/1325 1196/1595/1218 1271/1594/1295
f 1153/1447/1175 1240/1554/1264 1365/1732/1389
f 1216/1777/1238 1269/1756/1293 1377/1752/1403
f 1207/1510/1229 1212/1516/1234 1322/1778/1346
f 1347/1698/1371 1391/1779/1417 1227/1539/1251
f 1006/1243/1028 1216/1777/1238 1190/1754/1212
f 1357/1710/1381 1129/1420/1151 1169/1509/1191
f 1268/1591/1292 1390/1775/1416 1334/1682/1358
f 1376/1780/1402 1269/1592/1293 1386/1766/1412
f 1242/1558/1266 1116/1557/1138 1205/1506/1227
f 1134/1425/1156 1211/1514/1233 1244/1561/1268
f 1255/1576/1279 1392/1781/1418 1254/1574/1278
f 1111/1782/1133 1349/1783/1373 1186/1530/1208
f 1210/1513/1232 1183/1784/1205 1248/1567/1272
f 1008/1247/1030 853/1053/875 1006/1254/1028
f 1335/1684/1359 1363/1723/1387 1198/1497/1220
f 977/1201/999 1324/1669/1348 978/1202/1000
f 1359/1713/1383 1390/1775/1416 1268/1591/1292
f 1334/1682/1358 1264/1589/1288 1268/1591/1292
f 1112/1403/1134 934/1615/956 1334/1705/1358
f 1393/1785/1419 1394/1786/1420 1395/1787/1421
f 1241/1556/1265 1195/1493/1217 1297/1635/1321
f 1244/1561/1268 1210/1513/1232 1248/1567/1272
f 1190/1754/1212 1216/1777/1238 1377/1752/1403
f 994/1226/1016 854/1054/876 1044/1311/1066
f 1205/1506/1227 1116/1557/1138 1282/1608/1306
f 1290/1622/1314 1325/1670/1349 1358/1711/1382
f 1371/1743/1397 1337/1686/1361 1381/1761/1407
f 1142/1435/1164 1128/1788/1150 1093/1433/1115
f 1068/1352/1090 1324/1669/1348 977/1201/999
f 1211/1514/1233 1210/1513/1232 1244/1561/1268
f 1120/1411/1142 1367/1735/1391 1121/1412/1143
f 1214/1518/1236 1347/1698/1371 1226/1538/1250
f 1363/1722/1387 1336/1685/1360 1266/1587/1290
f 1396/1789/1422 1373/1747/1399 1397/1790/1423
f 1095/1633/1117 1101/1791/1123 1185/1630/1207
f 1265/1712/1289 1353/1714/1377 1351/1702/1375
f 1396/1789/1422 1372/1746/1398 1373/1747/1399
f 1285/1617/1309 1385/1765/1411 1286/1618/1310
f 1117/1659/1139 1158/1726/1180 1224/1792/1424
f 1117/1659/1139 1224/1792/1424 1224/1793/1425
f 1117/1659/1139 1224/1793/1425 1224/1794/1246
f 1385/1765/1411 1398/1795/1426 1286/1618/1310
f 1304/1644/1328 1399/1796/1427 1303/1643/1327
f 1085/1374/1107 998/1232/1020 1188/1485/1210
f 1206/1507/1228 1169/1509/1191 1365/1757/1389
f 1361/1797/1385 1353/1714/1377 1265/1712/1289
f 1296/1634/1320 1389/1774/1415 1375/1749/1401
f 1359/1713/1383 1268/1591/1292 1220/1525/1242
f 1307/1648/1331 1371/1743/1397 1373/1747/1399
f 1294/1626/1318 879/1081/901 1293/1625/1317
f 1235/1798/1259 1361/1797/1385 1265/1712/1289
f 1303/1643/1327 1399/1796/1427 1332/1680/1356
f 1278/1603/1302 1277/1602/1301 1135/1426/1157
f 1325/1670/1349 1290/1622/1314 1330/1799/1354
f 933/1141/955 898/1104/920 934/1142/956
f 1040/1305/1062 1400/1800/1428 1401/1801/1429
f 1323/1668/1347 1325/1670/1349 1330/1799/1354
f 1329/1802/1353 1402/1803/1430 1403/1804/1431
f 1134/1425/1156 1243/1560/1267 1273/1598/1297
f 1158/1454/1180 1102/1453/1124 1224/1739/1432
f 1158/1454/1180 1224/1739/1432 1224/1739/1433
f 1158/1454/1180 1224/1739/1433 1224/1739/1424
f 1215/1519/1237 1301/1640/1325 1271/1594/1295
f 1102/1453/1124 1368/1736/1392 1224/1739/1394
f 1102/1453/1124 1224/1739/1394 1224/1739/1434
f 1102/1453/1124 1224/1739/1434 1224/1739/1432
f 1001/1235/1023 985/1211/1007 1150/1444/1172
f 928/1136/950 963/1177/985 1239/1553/1263
f 1402/1803/1430 1290/1622/1314 1404/1805/1435
f 1361/1797/1385 1235/1798/1259 1183/1480/1205
f 1137/1428/1159 1300/1638/1324 1180/1641/1202
f 854/1054/876 994/1226/1016 1242/1563/1266
f 1358/1711/1382 1234/1547/1258 1290/1622/1314
f 1205/1506/1227 1337/1686/1361 1193/1491/1215
f 1248/1567/1272 1183/1784/1205 1235/1548/1259
f 1156/1451/1178 1405/1806/1436 1406/1807/1437
f 1284/1614/1308 1222/1529/1244 1074/1361/1096
f 963/1177/985 1001/1272/1023 1239/1553/1263
f 1352/1704/1376 1091/1380/1113 1090/1379/1112
f 1186/1530/1208 980/1204/1002 1111/1782/1133
f 1407/1808/1438 1335/1684/1359 1197/1496/1219
f 1364/1728/1388 1392/1781/1418 1317/1662/1341
f 980/1204/1002 932/1140/954 1111/1782/1133
f 1389/1774/1415 1408/1809/1439 1375/1749/1401
f 1328/1810/1352 1330/1799/1354 1290/1622/1314
f 1338/1811/1362 1362/1812/1386 1339/1813/1363
f 942/1153/964 1076/1365/1098 1029/1287/1051
f 1086/1375/1108 1246/1565/1270 1263/1584/1287
f 1164/1460/1186 1331/1679/1355 1231/1543/1255
f 1269/1592/1293 1223/1639/1245 1270/1593/1294
f 1120/1411/1142 1380/1760/1406 1367/1735/1391
f 1168/1464/1190 1118/1409/1140 1053/1324/1075
f 1090/1379/1112 1133/1627/1155 1352/1704/1376
f 1354/1707/1378 1355/1708/1379 1394/1786/1420
f 1065/1347/1087 846/1046/868 845/1045/867
f 1166/1462/1188 1165/1461/1187 1189/1487/1211
f 1408/1809/1439 1145/1439/1167 1259/1580/1283
f 1304/1644/1328 1302/1642/1326 1125/1416/1147
f 1217/1521/1239 1087/1376/1109 1029/1287/1051
f 1107/1611/1129 1279/1610/1303 1386/1772/1412
f 1244/1561/1268 1243/1560/1267 1134/1425/1156
f 1281/1606/1305 1130/1421/1152 1132/1423/1154
f 1373/1747/1399 1371/1743/1397 1397/1790/1423
f 1217/1521/1239 1088/1377/1110 1087/1376/1109
f 1097/1386/1119 1098/1388/1120 1102/1393/1124
f 1335/1684/1359 1407/1808/1438 1363/1723/1387
f 1407/1814/1438 1336/1685/1360 1363/1722/1387
f 1256/1577/1280 1143/1437/1165 1348/1699/1372
f 1122/1413/1144 1121/1412/1143 1230/1542/1254
f 1131/1729/1153 1138/1815/1160 1140/1730/1162
f 1053/1324/1075 1119/1410/1141 998/1232/1020
f 1386/1766/1412 1269/1592/1293 1105/1396/1127
f 1350/1701/1374 1233/1546/1257 1232/1545/1256
f 1262/1583/1286 1179/1476/1201 1178/1475/1200
f 1247/1566/1271 1012/1253/1034 1047/1317/1069
f 1380/1760/1406 1227/1539/1251 1391/1779/1417
f 1396/1789/1422 1385/1765/1411 1372/1746/1398
f 1396/1789/1422 1398/1795/1426 1385/1765/1411
f 1297/1635/1321 1195/1493/1217 1203/1504/1225
f 1185/1630/1207 1113/1404/1135 1095/1633/1117
f 1409/1816/1440 1258/1579/1282 1336/1685/1360
f 1410/1817/1441 1411/1818/1442 1412/1819/1443
f 1296/1634/1320 1374/1748/1400 1389/1774/1415
f 1350/1701/1374 1413/1820/1444 1414/1821/1445
f 1415/1822/1446 1416/1823/1447 1417/1824/1448
f 1375/1749/1401 1408/1809/1439 1259/1580/1283
f 1251/1733/1275 1195/1825/1217 1181/1478/1203
f 1418/1826/1449 1419/1827/1450 1420/1828/1451
f 1336/1685/1360 1421/1829/1452 1409/1816/1440
f 1101/1392/1123 1094/1383/1116 1136/1427/1158
f 1295/1830/1319 1183/1480/1205 1103/1394/1125
f 1422/1831/1453 1423/1832/1454 1424/1833/1455
f 1415/1822/1446 1425/1834/1456 1426/1835/1457
f 1094/1383/1116 1128/1419/1150 1127/1418/1149
f 1427/1836/1458 1428/1837/1459 1429/1838/1460
f 1430/1839/1461 1431/1840/1462 1432/1841/1463
f 1203/1504/1225 1160/1456/1182 1297/1635/1321
f 1433/1842/1464 1434/1843/1465 1435/1844/1466
f 1202/1503/1224 1141/1432/1163 1126/1417/1148
f 1202/1503/1224 1126/1417/1148 1165/1461/1187
f 1210/1513/1232 1104/1515/1126 1183/1784/1205
f 1135/1426/1157 1273/1598/1297 1138/1652/1160
f 1436/1845/1467 1426/1835/1457 1425/1834/1456
f 1437/1846/1468 1438/1847/1469 1439/1848/1470
f 1371/1743/1397 1381/1761/1407 1397/1790/1423
f 903/1109/925 866/1067/888 1069/1353/1091
f 1145/1439/1167 1408/1809/1439 1389/1774/1415
f 1300/1638/1324 1161/1457/1183 1203/1504/1225
f 1318/1663/1342 1149/1443/1171 1355/1708/1379
f 1094/1383/1116 1127/1418/1149 1141/1432/1163
f 1136/1427/1158 1141/1432/1163 1218/1522/1240
f 1440/1849/1471 1441/1850/1472 1442/1851/1473
f 1318/1852/1342 1354/1753/1378 1340/1689/1364
f 1004/1239/1026 1003/1238/1025 1443/1853/1474
f 1444/1854/1475 1445/1855/1476 805/1005/827
f 1094/1383/1116 1141/1432/1163 1136/1427/1158
f 1413/1820/1444 1420/1828/1451 1414/1821/1445
f 1329/1676/1353 1446/1856/1477 1383/1857/1409
f 1441/1850/1472 1447/1858/1478 1448/1859/1479
f 1440/1849/1471 1447/1858/1478 1441/1850/1472
f 1449/1860/1480 1450/1861/1481 1451/1862/1482
f 1183/1480/1205 1295/1830/1319 1361/1797/1385
f 1452/1863/1483 1453/1864/1484 1454/1865/1485
f 1453/1864/1484 1455/1866/1486 1456/1867/1487
f 1425/1834/1456 1415/1822/1446 1417/1824/1448
f 972/1193/994 971/1192/993 990/1220/1012
f 1180/1641/1202 1101/1392/1123 1137/1428/1159
f 1323/1668/1347 1330/1799/1354 1383/1763/1409
f 1285/1617/1309 1287/1619/1311 1200/1501/1222
f 1453/1864/1484 1456/1867/1487 1454/1865/1485
f 1253/1573/1277 1457/1868/1488 866/1067/888
f 1284/1614/1308 1250/1570/1274 1222/1529/1244
f 1157/1452/1179 1156/1451/1178 1228/1540/1252
f 1056/1328/1078 961/1175/983 970/1191/992
f 805/1005/827 991/1221/1013 1444/1854/1475
f 978/1297/1000 1324/1727/1348 1283/1613/1307
f 1458/1869/1489 1459/1870/1490 1460/1871/1491
f 1392/1781/1418 1364/1728/1388 1254/1574/1278
f 1461/1872/1492 1459/1870/1490 1038/1300/1060
f 1451/1873/1482 1450/1874/1481 1462/1875/1493
f 1252/1572/1276 1463/1876/1494 1457/1868/1488
f 1220/1525/1242 1182/1498/1204 1198/1497/1220
f 1464/1877/1495 1465/1878/1496 1466/1879/1497
f 926/1134/948 1467/1880/1498 1468/1881/1499
f 1239/1553/1263 1317/1662/1341 1379/1758/1405
f 1317/1662/1341 1392/1781/1418 1379/1758/1405
f 1466/1879/1497 1469/1882/1500 1464/1877/1495
f 1069/1353/1091 1463/1876/1494 1040/1305/1062
f 1470/1883/1501 1471/1884/1502 1472/1885/1503
f 1473/1886/1504 926/1134/948 1468/1881/1499
f 1379/1758/1405 1392/1781/1418 1255/1576/1279
f 1470/1887/1501 1472/1888/1503 1474/1889/1505
f 870/1890/892 1004/1239/1026 1443/1853/1474
f 1355/1708/1379 1388/1770/1414 1395/1787/1421
f 1442/1851/1473 1475/1891/1506 1453/1864/1484
f 1476/1892/1507 1477/1893/1508 1478/1894/1509
f 1479/1895/1510 1465/1878/1496 1046/1315/1068
f 1369/1744/1395 1383/1857/1409 1156/1451/1178
f 1480/1896/1511 1473/1886/1504 1481/1897/1512
f 1355/1708/1379 1395/1787/1421 1394/1786/1420
f 1482/1898/1513 1474/1889/1505 1472/1888/1503
f 1479/1895/1510 1483/1899/1514 1484/1900/1515
f 1485/1901/1516 1486/1902/1517 1487/1903/1518
f 1488/1904/1519 1489/1905/1520 1490/1906/1521
f 1491/1907/1522 1492/1908/1523 1493/1909/1524
f 1494/1910/1525 1495/1911/1526 1496/1912/1527
f 1497/1913/1528 1498/1914/1529 1499/1915/1530
f 1464/1877/1495 1448/1916/1479 1500/1917/1531
f 1501/1918/1532 1502/1919/1533 1503/1920/1534
f 1503/1920/1534 1502/1919/1533 1504/1921/1535
f 1503/1920/1534 1504/1921/1535 1505/1922/1536
f 1252/1572/1276 1506/1923/1537 1040/1305/1062
f 1507/1924/1538 1508/1925/1539 1509/1926/1540
f 1510/1927/1541 1511/1928/1542 829/1029/851
f 1471/1884/1502 1485/1901/1516 1487/1903/1518
f 1475/1891/1506 1455/1866/1486 1453/1864/1484
f 1512/1929/1543 906/1112/928 1037/1299/1059
f 1484/1900/1515 1465/1878/1496 1479/1895/1510
f 1513/1930/1544 1436/1845/1467 1514/1931/1545
f 1492/1908/1523 1515/1932/1546 1493/1909/1524
f 1516/1933/1547 1517/1934/1548 1228/1540/1252
f 1518/1935/1549 1519/1936/1550 1520/1937/1551
f 1521/1938/1552 1522/1939/1553 1523/1940/1554
f 1524/1941/1555 1499/1915/1530 1498/1914/1529
f 1466/1879/1497 1465/1878/1496 1484/1900/1515
f 1525/1942/1556 1503/1920/1534 1505/1922/1536
f 1462/1875/1493 1482/1943/1513 1526/1944/1557
f 1527/1945/1558 1528/1946/1559 1306/1646/1330
f 1529/1947/1560 1530/1948/1561 1531/1949/1562
f 1532/1950/1563 1533/1951/1564 1534/1952/1565
f 1535/1953/1566 1452/1863/1483 1289/1621/1313
f 1517/1934/1548 1516/1933/1547 1536/1954/1567
f 1347/1698/1371 1537/1955/1568 1538/1956/1569
f 1515/1932/1546 1539/1957/1570 1493/1909/1524
f 1515/1932/1546 1540/1958/1571 1539/1957/1570
f 1364/1728/1388 1541/1959/1572 1254/1574/1278
f 1542/1960/1573 1543/1961/1574 1526/1944/1557
f 1544/1962/1575 1545/1963/1576 1460/1871/1491
f 1003/1238/1025 1031/1289/1053 1443/1853/1474
f 1544/1962/1575 1546/1964/1577 1545/1963/1576
f 1419/1827/1450 1547/1965/1578 1548/1966/1579
f 1312/1655/1336 1549/1967/1580 1550/1968/1581
f 1525/1942/1556 1551/1969/1582 1503/1920/1534
f 1468/1881/1499 1552/1970/1583 1473/1886/1504
f 816/1016/838 1459/1870/1490 1458/1869/1489
f 1537/1955/1568 1347/1698/1371 1346/1697/1370
f 1347/1698/1371 1553/1971/1584 1391/1779/1417
f 1494/1910/1525 1552/1970/1583 1468/1881/1499
f 972/1193/994 990/1220/1012 1447/1858/1478
f 1443/1972/1474 1031/1973/1053 1554/1974/1585
f 1403/1804/1431 1402/1803/1430 1555/1975/1586
f 1443/1853/1474 1556/1976/1587 1557/1977/1588
f 1441/1850/1472 1448/1859/1479 1558/1978/1589
f 1033/1291/1055 1559/1979/1590 1493/1909/1524
f 1560/1980/1591 1561/1981/1592 1562/1982/1593
f 1483/1899/1514 1557/1983/1588 1563/1984/1594
f 1446/1856/1477 1564/1985/1595 1405/1806/1436
f 1556/1976/1587 1563/1986/1594 1557/1977/1588
f 1565/1987/1596 1566/1988/1597 1567/1989/1598
f 1401/1801/1429 1400/1800/1428 1428/1837/1459
f 1547/1965/1578 1442/1851/1473 1453/1864/1484
f 1452/1863/1483 1535/1953/1566 1548/1966/1579
f 1452/1863/1483 1548/1966/1579 1547/1965/1578
f 1383/1857/1409 1330/1677/1354 1329/1676/1353
f 1428/1837/1459 1400/1800/1428 1429/1838/1460
f 1463/1876/1494 1069/1353/1091 866/1067/888
f 1567/1989/1598 1568/1990/1599 1569/1991/1600
f 1540/1958/1571 1570/1992/1601 1539/1957/1570
f 1462/1875/1493 805/1005/827 1445/1855/1476
f 1571/1993/1602 1572/1994/1603 1573/1995/1604
f 1290/1622/1314 1289/1621/1313 1404/1805/1435
f 1557/1983/1588 1483/1899/1514 868/1069/890
f 1574/1996/1605 1023/1274/1045 1024/1275/1046
f 1575/1997/1606 1576/1998/1607 1577/1999/1608
f 1023/1274/1045 1574/1996/1605 1048/1318/1070
f 1578/2000/1609 1482/1943/1513 1462/1875/1493
f 1486/1902/1517 1506/1923/1537 1579/2001/1610
f 1443/1972/1474 1554/1974/1585 1580/2002/1611
f 1463/1876/1494 866/1067/888 1457/1868/1488
f 1535/1953/1566 1350/1701/1374 1414/1821/1445
f 1438/1847/1469 1437/1846/1468 1581/2003/1612
f 1549/1967/1580 1582/2004/1613 1550/1968/1581
f 1490/1906/1521 1572/1994/1603 1583/2005/1614
f 1228/1540/1252 1156/1451/1178 1406/1807/1437
f 1367/1735/1391 1584/2006/1615 1585/2007/1616
f 1541/1959/1572 1573/1995/1604 1586/2008/1617
f 1573/1995/1604 1572/1994/1603 1489/1905/1520
f 1587/2009/1618 1588/2010/1619 1589/2011/1620
f 970/1191/992 1350/1701/1374 1056/1328/1078
f 1590/2012/1621 1530/1948/1561 1591/2013/1622
f 1592/2014/1623 1579/2001/1610 1506/1923/1537
f 1401/1801/1429 1010/1249/1032 1040/1305/1062
f 1538/1956/1569 1553/1971/1584 1347/1698/1371
f 1028/1286/1050 1010/1249/1032 1401/1801/1429
f 1437/1846/1468 1478/1894/1509 1581/2003/1612
f 1089/1378/1111 1593/2015/1624 1594/2016/1625
f 1089/1378/1111 1595/2017/1626 1593/2015/1624
f 1590/2012/1621 1531/1949/1562 1530/1948/1561
f 1033/1291/1055 816/1016/838 1458/1869/1489
f 1458/1869/1489 1460/1871/1491 1545/1963/1576
f 805/1005/827 1462/1875/1493 1450/1874/1481
f 1596/2018/1627 1451/1873/1482 1462/1875/1493
f 1580/2002/1611 1556/2019/1587 1443/1972/1474
f 1597/2020/1628 1229/1541/1253 1539/1957/1570
f 1040/1305/1062 1506/1923/1537 1400/1800/1428
f 1598/2021/1629 1523/1940/1554 1522/1939/1553
f 1599/2022/1630 1600/2023/1631 1601/2024/1632
f 1531/1949/1562 1590/2012/1621 1602/2025/1633
f 1603/2026/1634 1524/2027/1555 1518/1935/1549
f 1229/1541/1253 1597/2020/1628 1604/2028/1635
f 1581/2003/1612 1478/1894/1509 1605/2029/1636
f 868/1069/890 1479/1895/1510 1046/1315/1068
f 1606/2030/1637 1607/2031/1638 1608/2032/1639
f 1580/2033/1611 1554/2034/1585 1576/1998/1607
f 1533/1951/1564 1609/2035/1640 1534/1952/1565
f 1610/2036/1641 1498/2037/1529 1611/2038/1642
f 1420/1828/1451 1548/1966/1579 1414/1821/1445
f 1595/2017/1626 1310/1651/1334 1593/2015/1624
f 1612/2039/1643 1508/1925/1539 1561/1981/1592
f 1059/1333/1081 1450/1861/1481 1024/1275/1046
f 1467/1880/1498 907/1113/929 1468/1881/1499
f 1451/1862/1482 1520/1937/1551 1449/1860/1480
f 1052/1323/1074 1080/1369/1102 1613/2040/1644
f 1461/1872/1492 1614/2041/1645 1615/2042/1646
f 1468/1881/1499 907/1113/929 1494/1910/1525
f 1520/1937/1551 1519/1936/1550 1449/1860/1480
f 1616/2043/1647 1458/1869/1489 1545/1963/1576
f 1617/2044/1648 1606/2030/1637 1608/2032/1639
f 1420/1828/1451 1419/1827/1450 1548/1966/1579
f 1596/2045/1627 1497/2046/1528 1499/2047/1530
f 1559/1979/1590 1458/1869/1489 1616/2043/1647
f 926/1134/948 1473/1886/1504 1510/1927/1541
f 1614/2041/1645 1228/1540/1252 1615/2042/1646
f 1618/2048/1649 1524/1941/1555 1603/2049/1634
f 1619/2050/1650 1620/2051/1651 1621/2052/1652
f 1622/2053/1653 1623/2054/1654 1085/1374/1107
f 1552/1970/1583 1494/1910/1525 1496/1912/1527
f 1624/2055/1655 1594/2016/1625 1593/2015/1624
f 1624/2055/1655 1577/1999/1608 1594/2016/1625
f 1452/1863/1483 1404/1805/1435 1289/1621/1313
f 1332/1680/1356 1549/1967/1580 1312/1655/1336
f 1522/1939/1553 1521/1938/1552 1625/2056/1656
f 1518/1935/1549 1524/2027/1555 1527/1945/1558
f 1626/2057/1657 1627/2058/1658 1628/2059/1659
f 1597/2020/1628 1629/2060/1660 1604/2028/1635
f 1630/2061/1661 1631/2062/1662 1632/2063/1663
f 1633/2064/1664 1587/2009/1618 1589/2011/1620
f 1175/1472/1197 1312/1655/1336 1550/1968/1581
f 868/1069/890 1483/1899/1514 1479/1895/1510
f 1634/2065/1665 1582/2004/1613 1332/1680/1356
f 1588/2066/1619 1635/2067/1666 1589/2068/1620
f 1588/2010/1619 1607/2031/1638 1635/2069/1666
f 1310/1651/1334 1100/1391/1122 1370/1742/1396
f 1636/2070/1667 1084/1373/1106 1612/2039/1643
f 1540/1958/1571 1515/1932/1546 1637/2071/1668
f 1176/1473/1198 1175/1472/1197 1550/1968/1581
f 1529/1947/1560 1552/1970/1583 1496/1912/1527
f 1364/1728/1388 1571/1993/1602 1541/1959/1572
f 1052/1323/1074 1613/2040/1644 1308/1649/1332
f 1370/1742/1396 1585/2007/1616 1638/2072/1669
f 1446/1856/1477 1329/1676/1353 1564/1985/1595
f 1564/1985/1595 1329/1676/1353 1403/2073/1431
f 1639/2074/1670 1640/2075/1671 1638/2072/1669
f 1591/2013/1622 1641/2076/1672 1642/2077/1673
f 1624/2055/1655 1640/2075/1671 1639/2074/1670
f 1643/2078/1674 1644/2079/1675 1645/2080/1676
f 1395/1787/1421 1646/2081/1677 1647/2082/1678
f 1538/1956/1569 1625/2056/1656 1521/1938/1552
f 1566/1988/1597 1528/1946/1559 1567/1989/1598
f 1568/1990/1599 1527/1945/1558 1524/2027/1555
f 1413/1820/1444 970/1191/992 1418/1826/1449
f 1045/1314/1067 1648/2083/1679 1539/1957/1570
f 1511/1928/1542 1080/1369/1102 829/1029/851
f 1649/2084/1680 1476/1892/1507 1650/2085/1681
f 1045/1314/1067 1033/1291/1055 1648/2083/1679
f 1494/1910/1525 906/1112/928 1512/1929/1543
f 1252/1572/1276 1254/1574/1278 1651/2086/1682
f 1652/2087/1683 1552/1970/1583 1529/1947/1560
f 1640/2075/1671 1624/2055/1655 1593/2015/1624
f 1653/2088/1684 1654/2089/1685 1641/2076/1672
f 1561/1981/1592 1655/2090/1686 1656/2091/1687
f 1550/1968/1581 1657/2092/1688 1176/1473/1198
f 1561/1981/1592 1627/2058/1658 1562/1982/1593
f 1452/1863/1483 1547/1965/1578 1453/1864/1484
f 1572/1994/1603 1658/2093/1689 1659/2094/1690
f 1519/1936/1550 1024/1275/1046 1449/1860/1480
f 1332/1680/1356 1582/2004/1613 1549/1967/1580
f 1640/2075/1671 1593/2015/1624 1310/1651/1334
f 1455/1866/1486 1475/1891/1506 1438/1847/1469
f 1660/2095/1691 1591/2013/1622 1642/2077/1673
f 1077/1366/1099 1661/2096/1692 1078/1367/1100
f 1510/1927/1541 829/1029/851 828/1028/850
f 1567/1989/1598 1569/1991/1600 1662/2097/1693
f 1565/1987/1596 1567/1989/1598 1662/2097/1693
f 1648/2083/1679 1033/1291/1055 1493/1909/1524
f 1423/1832/1454 1077/1366/1099 1424/1833/1455
f 1575/1997/1606 1577/1999/1608 1663/2098/1694
f 1526/1944/1557 1543/1961/1574 1664/2099/1695
f 1665/2100/1696 1538/1956/1569 1521/1938/1552
f 1644/2079/1675 1480/1896/1511 1481/1897/1512
f 1666/2101/1697 1485/2102/1516 1474/1889/1505
f 1528/1946/1559 1667/2103/1698 1668/2104/1699
f 1253/1573/1277 1252/1572/1276 1457/1868/1488
f 1401/1801/1429 1428/1837/1459 1028/1286/1050
f 1080/1369/1102 1510/1927/1541 1613/2040/1644
f 1630/2061/1661 1077/1366/1099 1669/2105/1700
f 1670/2106/1701 1671/2107/1702 1672/2108/1703
f 1299/1768/1323 1673/2109/1704 1346/1697/1370
f 979/1203/1001 1674/2110/1705 1058/1331/1080
f 1675/2111/1706 1596/2018/1627 1462/1875/1493
f 1676/2112/1707 1382/2113/1408 1354/1707/1378
f 1512/1929/1543 1037/1299/1059 1495/1911/1526
f 1370/1742/1396 1366/1734/1390 1367/1735/1391
f 1617/2044/1648 1608/2032/1639 1677/2114/1708
f 1678/2115/1709 1679/2116/1710 1680/2117/1711
f 1322/2118/1346 1356/2119/1380 1681/2120/1712
f 1082/1371/1104 1424/1833/1455 1682/2121/1713
f 1627/2058/1658 1619/2050/1650 1562/1982/1593
f 1442/1851/1473 1441/1850/1472 1558/1978/1589
f 1077/1366/1099 1423/1832/1454 1669/2105/1700
f 1586/2008/1617 1254/1574/1278 1541/1959/1572
f 1473/1886/1504 1652/2087/1683 1481/1897/1512
f 1683/2122/1714 1534/1952/1565 1684/2123/1715
f 1558/1978/1589 1448/1859/1479 1438/1847/1469
f 1685/2124/1716 1073/1360/1095 1623/2054/1654
f 1685/2124/1716 1623/2054/1654 1686/2125/1717
f 1316/1661/1340 1340/1689/1364 1317/1662/1341
f 1674/2110/1705 979/1203/1001 1221/1528/1243
f 1687/2126/1718 1688/2127/1719 1689/2128/1720
f 1690/2129/1721 1601/2024/1632 1691/2130/1722
f 1692/2131/1723 1606/2030/1637 1617/2044/1648
f 1607/2031/1638 1606/2030/1637 1635/2069/1666
f 1693/2132/1724 1563/1986/1594 1556/1976/1587
f 1684/2123/1715 1534/1952/1565 1609/2035/1640
f 1597/2020/1628 1539/1957/1570 1570/1992/1601
f 1588/2010/1619 1608/2032/1639 1607/2031/1638
f 1569/1991/1600 1498/2037/1529 1610/2036/1641
f 1694/2133/1725 1400/1800/1428 1506/1923/1537
f 1665/2100/1696 1523/1940/1554 1695/2134/1726
f 1080/1369/1102 1511/1928/1542 1510/1927/1541
f 1528/1946/1559 1696/2135/1727 1667/2103/1698
f 1252/1572/1276 1040/1305/1062 1463/1876/1494
f 1564/1985/1595 1403/2073/1431 1697/2136/1728
f 1687/2137/1718 1689/2138/1720 1659/2094/1690
f 1403/1804/1431 1555/1975/1586 1697/2139/1728
f 1698/2140/1729 1699/2141/1730 1531/1949/1562
f 1700/2142/1731 1644/2079/1675 1481/1897/1512
f 1701/2143/1732 1702/2144/1733 1564/1985/1595
f 1482/1943/1513 1472/1885/1503 1542/1960/1573
f 1651/2086/1682 1703/2145/1734 1506/1923/1537
f 1564/1985/1595 1702/2144/1733 1704/2146/1735
f 1669/2105/1700 1631/2062/1662 1630/2061/1661
f 1433/2147/1464 1684/2148/1715 1705/2149/1736
f 1612/2039/1643 1561/1981/1592 1560/1980/1591
f 828/1028/850 926/1134/948 1510/1927/1541
f 1506/1923/1537 1703/2145/1734 1592/2014/1623
f 1051/1322/1073 1080/1369/1102 1052/1323/1074
f 1690/2129/1721 1706/2150/1737 1599/2022/1630
f 1469/1882/1500 1707/2151/1738 1437/2152/1468
f 1531/1949/1562 1699/2141/1730 1652/2087/1683
f 1554/2034/1585 1594/2016/1625 1576/1998/1607
f 1624/2055/1655 1663/2098/1694 1577/1999/1608
f 1691/2130/1722 1657/2092/1688 1690/2129/1721
f 1474/1889/1505 1578/2153/1609 1666/2101/1697
f 1583/2005/1614 1488/1904/1519 1490/1906/1521
f 1428/1837/1459 1062/1344/1084 1028/1286/1050
f 1058/1331/1080 1708/2154/1739 850/1050/872
f 1445/1855/1476 1709/2155/1740 1578/2000/1609
f 1605/2029/1636 1478/1894/1509 1477/1893/1508
f 1710/2156/1741 1693/2157/1724 1556/2019/1587
f 1482/1943/1513 1542/1960/1573 1526/1944/1557
f 1346/1697/1370 1625/2056/1656 1537/1955/1568
f 1666/2158/1697 1709/2155/1740 1427/1836/1458
f 1711/2159/1742 1496/1912/1527 1495/1911/1526
f 1710/2156/1741 1556/2019/1587 1502/1919/1533
f 1652/2087/1683 1529/1947/1560 1531/1949/1562
f 1575/1997/1606 1712/2160/1743 1713/2161/1744
f 1485/2162/1516 1471/2163/1502 1474/2164/1505
f 1657/2092/1688 1691/2130/1722 1681/2165/1712
f 1466/1879/1497 1484/1900/1515 1469/1882/1500
f 1714/2166/1745 1538/1956/1569 1665/2100/1696
f 1341/1690/1365 1382/1762/1408 1687/2137/1718
f 1473/1886/1504 1480/1896/1511 1510/1927/1541
f 1618/2048/1649 1603/2049/1634 1596/2018/1627
f 1685/2124/1716 1495/1911/1526 1037/1299/1059
f 1715/2167/1746 1623/2054/1654 1622/2053/1653
f 1632/2063/1663 1631/2062/1662 1716/2168/1747
f 1630/2061/1661 1661/2096/1692 1077/1366/1099
f 1480/1896/1511 1646/2081/1677 1510/1927/1541
f 1469/1882/1500 1484/1900/1515 1693/2169/1724
f 1615/2042/1646 1544/1962/1575 1460/1871/1491
f 1640/2075/1671 1310/1651/1334 1370/1742/1396
f 1388/1770/1414 1646/2081/1677 1395/1787/1421
f 814/1014/836 1017/1260/1039 1022/1270/1044
f 1518/1935/1549 1574/1996/1605 1519/1936/1550
f 1597/2170/1748 1629/2171/1749 1622/2172/1750
f 1234/1547/1258 1350/1701/1374 1535/1953/1566
f 850/1050/872 1708/2154/1739 1038/1300/1060
f 1640/2075/1671 1370/1742/1396 1638/2072/1669
f 1575/1997/1606 1663/2098/1694 1717/2173/1751
f 1629/2060/1660 1597/2020/1628 1718/2174/1752
f 1578/2000/1609 1709/2155/1740 1666/2158/1697
f 1445/1855/1476 1578/2000/1609 1462/1875/1493
f 1518/1935/1549 1520/1937/1551 1603/2026/1634
f 1439/1848/1470 1438/1847/1469 1448/1859/1479
f 1370/1742/1396 1367/1735/1391 1585/2007/1616
f 1719/2175/1753 1699/2141/1730 1698/2140/1729
f 1629/2060/1660 1718/2174/1752 1720/2176/1754
f 1418/1826/1449 1440/1849/1471 1419/1827/1450
f 1529/1947/1560 1496/1912/1527 1711/2159/1742
f 1073/1360/1095 1685/2124/1716 1037/1299/1059
f 1693/2169/1724 1484/1900/1515 1483/1899/1514
f 1603/2026/1634 1520/1937/1551 1451/1862/1482
f 1495/1911/1526 1685/2124/1716 1686/2125/1717
f 1538/1956/1569 1537/1955/1568 1625/2056/1656
f 1024/1275/1046 1519/1936/1550 1574/1996/1605
f 1022/2177/1044 1464/1877/1495 1500/1917/1531
f 1721/2178/1755 1575/1997/1606 1717/2173/1751
f 1471/2163/1502 1470/2179/1501 1474/2164/1505
f 1176/1473/1198 1657/2092/1688 1356/1709/1380
f 1522/1939/1553 1722/2180/1756 1598/2021/1629
f 1711/2159/1742 1495/1911/1526 1686/2125/1717
f 1618/2048/1649 1596/2018/1627 1499/1915/1530
f 1430/1839/1461 1432/1841/1463 1723/2181/1757
f 1423/1832/1454 1724/2182/1758 1669/2105/1700
f 1451/1873/1482 1596/2018/1627 1603/2049/1634
f 1681/2165/1712 1356/1709/1380 1657/2092/1688
f 1469/2183/1500 1437/1846/1468 1439/1848/1470
f 1675/2111/1706 1664/2099/1695 1596/2018/1627
f 1698/2140/1729 1531/1949/1562 1602/2025/1633
f 1069/1353/1091 1040/1305/1062 1039/1304/1061
f 1328/1810/1352 1290/1622/1314 1402/1803/1430
f 1341/1690/1365 1687/2137/1718 1364/1728/1388
f 1683/2122/1714 1684/2123/1715 1433/1842/1464
f 1527/1945/1558 1574/1996/1605 1518/1935/1549
f 1458/1869/1489 1559/1979/1590 1033/1291/1055
f 1502/1919/1533 1556/2019/1587 1504/1921/1535
f 1486/1902/1517 1485/1901/1516 1694/2133/1725
f 1669/2184/1700 1724/2185/1758 1725/2186/1759
f 1450/1874/1481 1059/2187/1081 805/1005/827
f 1618/2048/1649 1499/1915/1530 1524/1941/1555
f 1393/1785/1419 1395/1787/1421 1647/2082/1678
f 1449/1860/1480 1024/1275/1046 1450/1861/1481
f 1636/2070/1667 1422/1831/1453 1424/1833/1455
f 990/2188/1012 1022/2177/1044 1500/1917/1531
f 1726/2189/1760 1609/2190/1640 1432/2191/1463
f 1329/1676/1353 1328/1675/1352 1402/2192/1430
f 1727/2193/1761 1728/2194/1762 1729/2195/1763
f 1730/2196/1764 1729/2197/1763 1728/2198/1762
f 1228/1540/1252 1406/1807/1437 1516/1933/1547
f 1504/1921/1535 1556/2019/1587 1580/2002/1611
f 1529/1947/1560 1711/2159/1742 1686/2125/1717
f 1705/2149/1736 1609/2190/1640 1726/2189/1760
f 1461/1872/1492 1708/2154/1739 1058/1331/1080
f 1418/1826/1449 970/1191/992 972/1193/994
f 1418/1826/1449 972/1193/994 1440/1849/1471
f 1616/2043/1647 1491/1907/1522 1559/1979/1590
f 1644/2079/1675 1731/2199/1765 1645/2080/1676
f 1480/1896/1511 1643/2078/1674 1646/2081/1677
f 1723/2181/1757 1632/2063/1663 1430/1839/1461
f 1615/2042/1646 1228/1540/1252 1517/1934/1548
f 1478/1894/1509 1437/1846/1468 1476/1892/1507
f 1716/2168/1747 1430/1839/1461 1632/2063/1663
f 1058/1331/1080 1674/2110/1705 1461/1872/1492
f 1732/2200/1766 1627/2058/1658 1626/2057/1657
f 1650/2085/1681 1476/1892/1507 1437/1846/1468
f 1733/2201/1767 1530/1948/1561 1715/2167/1746
f 1550/1968/1581 1690/2129/1721 1657/2092/1688
f 1473/1886/1504 1552/1970/1583 1652/2087/1683
f 1308/1649/1332 1613/2040/1644 1388/1770/1414
f 1155/1450/1177 1228/1540/1252 1614/2041/1645
f 970/1191/992 1413/1820/1444 1350/1701/1374
f 1574/1996/1605 1527/1945/1558 1048/1318/1070
f 1482/1898/1513 1578/2153/1609 1474/1889/1505
f 1488/1904/1519 1734/2202/1768 1735/2203/1769
f 1504/2204/1535 1580/2033/1611 1736/2205/1770
f 1529/1947/1560 1686/2125/1717 1530/1948/1561
f 1694/2133/1725 1429/1838/1460 1400/1800/1428
f 1734/2202/1768 1587/2206/1618 1735/2203/1769
f 1448/1916/1479 1464/1877/1495 1439/2207/1470
f 1461/1872/1492 1615/2042/1646 1460/1871/1491
f 1388/1770/1414 1613/2040/1644 1646/2081/1677
f 1686/2125/1717 1623/2054/1654 1715/2167/1746
f 1679/2116/1710 1737/2208/1771 1738/2209/1772
f 1580/2033/1611 1576/1998/1607 1736/2205/1770
f 1658/2093/1689 1364/1728/1388 1687/2137/1718
f 1464/1877/1495 1469/1882/1500 1439/2207/1470
f 1510/1927/1541 1646/2081/1677 1613/2040/1644
f 1739/2210/1773 1736/2205/1770 1576/1998/1607
f 1485/1901/1516 1666/2158/1697 1429/1838/1460
f 1740/2211/1774 1608/2032/1639 1393/1785/1419
f 1658/2093/1689 1687/2137/1718 1659/2094/1690
f 1504/1921/1535 1736/2212/1770 1505/1922/1536
f 1619/2050/1650 1627/2058/1658 1732/2200/1766
f 1723/2181/1757 1609/2035/1640 1533/1951/1564
f 1741/2213/1775 1733/2201/1767 1715/2167/1746
f 1156/1451/1178 1383/1857/1409 1405/1806/1436
f 1530/1948/1561 1686/2125/1717 1715/2167/1746
f 869/1070/891 1004/1246/1026 870/1071/892
f 1486/1902/1517 1579/2001/1610 1742/2214/1776
f 1590/2012/1621 1591/2013/1622 1602/2025/1633
f 1572/1994/1603 1659/2094/1690 1583/2005/1614
f 1446/1856/1477 1405/1806/1436 1383/1857/1409
f 1597/2020/1628 1570/1992/1601 1718/2174/1752
f 1694/2133/1725 1485/1901/1516 1429/1838/1460
f 1676/2112/1707 1689/2128/1720 1382/2113/1408
f 1743/2215/1777 1481/1897/1512 1652/2087/1683
f 1557/1983/1588 868/1069/890 870/1071/892
f 1739/2210/1773 1576/1998/1607 1713/2161/1744
f 1689/2138/1720 1587/2206/1618 1659/2094/1690
f 1723/2181/1757 1744/2216/1778 1632/2063/1663
f 1745/2217/1779 1690/2129/1721 1550/1968/1581
f 1234/1547/1258 1535/1953/1566 1289/1621/1313
f 1523/1940/1554 1665/2100/1696 1521/1938/1552
f 1017/1316/1039 1046/1315/1068 1022/2177/1044
f 1651/2086/1682 1586/2008/1617 1703/2145/1734
f 1746/2218/1780 1570/1992/1601 1540/1958/1571
f 1393/1785/1419 1676/2112/1707 1394/1786/1420
f 926/1134/948 907/1113/929 1467/1880/1498
f 1587/2206/1618 1583/2005/1614 1659/2094/1690
f 1548/1966/1579 1535/1953/1566 1414/1821/1445
f 1746/2218/1780 1720/2176/1754 1718/2174/1752
f 1046/1315/1068 1465/1878/1496 1022/2177/1044
f 1675/2111/1706 1462/1875/1493 1526/1944/1557
f 1498/2037/1529 1568/1990/1599 1524/2027/1555
f 1694/2133/1725 1506/1923/1537 1486/1902/1517
f 1560/1980/1591 1562/1982/1593 1410/1817/1441
f 1647/2082/1678 1646/2081/1677 1643/2078/1674
f 1221/1528/1243 1614/2041/1645 1674/2110/1705
f 1675/2111/1706 1526/1944/1557 1664/2099/1695
f 991/1221/1013 1062/1344/1084 1444/1854/1475
f 1747/2219/1781 1748/2220/1782 1553/1971/1584
f 1693/2157/1724 1710/2156/1741 1650/2085/1681
f 1616/2043/1647 1749/2221/1783 1492/1908/1523
f 1616/2043/1647 1492/1908/1523 1491/1907/1522
f 1674/2110/1705 1614/2041/1645 1461/1872/1492
f 1433/2147/1464 1705/2149/1736 1434/2222/1465
f 1494/1910/1525 1512/1929/1543 1495/1911/1526
f 1636/2070/1667 1612/2039/1643 1750/2223/1784
f 1031/1289/1053 1199/1500/1221 1554/2034/1585
f 1030/1288/1052 1087/1376/1109 1199/1500/1221
f 1442/1851/1473 1558/1978/1589 1475/1891/1506
f 1444/1854/1475 1427/1836/1458 1709/2155/1740
f 1750/2223/1784 1422/1831/1453 1636/2070/1667
f 1394/1786/1420 1676/2112/1707 1354/1707/1378
f 1704/2146/1735 1516/1933/1547 1406/1807/1437
f 1405/1806/1436 1704/2146/1735 1406/1807/1437
f 1560/1980/1591 1422/1831/1453 1750/2223/1784
f 1393/1785/1419 1587/2009/1618 1689/2128/1720
f 1527/1945/1558 1567/1989/1598 1528/1946/1559
f 1434/2222/1465 1705/2149/1736 1751/2224/1785
f 1699/2141/1730 1743/2215/1777 1652/2087/1683
f 1440/1849/1471 972/1193/994 1447/1858/1478
f 1419/1827/1450 1440/1849/1471 1442/1851/1473
f 1752/2225/1786 1638/2072/1669 1585/2007/1616
f 1305/1645/1329 1194/1492/1216 1048/1318/1070
f 1539/1957/1570 1229/1541/1253 1045/1314/1067
f 1602/2025/1633 1591/2013/1622 1698/2140/1729
f 1382/2113/1408 1688/2127/1719 1687/2126/1718
f 1437/2152/1468 1707/2151/1738 1650/2226/1681
f 1465/1878/1496 1464/1877/1495 1022/2177/1044
f 1664/2227/1695 1497/2046/1528 1596/2045/1627
f 815/1015/837 1038/1300/1060 1459/1870/1490
f 1650/2226/1681 1707/2151/1738 1693/2169/1724
f 907/1113/929 906/1112/928 1494/1910/1525
f 1753/2228/1787 1650/2085/1681 1710/2156/1741
f 1572/1994/1603 1490/1906/1521 1489/1905/1520
f 815/1015/837 1459/1870/1490 816/1016/838
f 1382/2113/1408 1689/2128/1720 1688/2127/1719
f 1447/1858/1478 990/1220/1012 1448/1859/1479
f 1558/1978/1589 1438/1847/1469 1475/1891/1506
f 1427/1836/1458 1062/1344/1084 1428/1837/1459
f 1419/1827/1450 1442/1851/1473 1547/1965/1578
f 1666/2158/1697 1427/1836/1458 1429/1838/1460
f 1500/1917/1531 1448/1916/1479 990/2188/1012
f 1644/2079/1675 1700/2142/1731 1731/2199/1765
f 1506/1923/1537 1252/1572/1276 1651/2086/1682
f 1155/1450/1177 1614/2041/1645 1221/1528/1243
f 1299/1768/1323 1346/1697/1370 1344/1695/1368
f 1747/2219/1781 1553/1971/1584 1754/2229/1788
f 1658/2093/1689 1572/1994/1603 1571/1993/1602
f 1643/2078/1674 1480/1896/1511 1644/2079/1675
f 1489/1905/1520 1586/2008/1617 1573/1995/1604
f 1557/1977/1588 870/1890/892 1443/1853/1474
f 1418/1826/1449 1420/1828/1451 1413/1820/1444
f 1668/2104/1699 1306/1646/1330 1528/1946/1559
f 1459/1870/1490 1461/1872/1492 1460/1871/1491
f 1710/2156/1741 1502/1919/1533 1501/1918/1532
f 1560/1980/1591 1410/1817/1441 1412/1819/1443
f 1754/2229/1788 1553/1971/1584 1755/2230/1789
f 1563/1984/1594 1693/2169/1724 1483/1899/1514
f 804/1004/826 991/1221/1013 805/1005/827
f 1661/2096/1692 1630/2061/1661 1632/2063/1663
f 1588/2010/1619 1393/1785/1419 1608/2032/1639
f 1623/2054/1654 1073/1360/1095 1081/1370/1103
f 1427/1836/1458 1444/1854/1475 1062/1344/1084
f 1568/1990/1599 1498/2037/1529 1569/1991/1600
f 1742/2214/1776 1579/2001/1610 1592/2014/1623
f 1507/1924/1538 1655/2090/1686 1508/1925/1539
f 1254/1574/1278 1586/2008/1617 1651/2086/1682
f 1472/1885/1503 1471/1884/1502 1487/1903/1518
f 1756/2231/1790 1585/2007/1616 1748/2220/1782
f 1305/1645/1329 1048/1318/1070 1527/1945/1558
f 1709/2155/1740 1445/1855/1476 1444/1854/1475
f 1585/2007/1616 1584/2006/1615 1748/2220/1782
f 1655/2090/1686 1561/1981/1592 1508/1925/1539
f 1707/2151/1738 1469/1882/1500 1693/2169/1724
f 1391/1779/1417 1584/2006/1615 1380/1760/1406
f 1356/1709/1380 1322/1778/1346 1212/1516/1234
f 1725/2186/1759 1631/2232/1662 1669/2184/1700
f 1461/1872/1492 1038/1300/1060 1708/2154/1739
f 1577/1999/1608 1576/1998/1607 1594/2016/1625
f 1517/1934/1548 1544/1962/1575 1615/2042/1646
f 1757/2233/1791 1758/2234/1792 1759/2235/1793
f 1305/1645/1329 1527/1945/1558 1306/1646/1330
f 1742/2214/1776 1758/2234/1792 1757/2233/1791
f 1564/1985/1595 1704/2146/1735 1405/1806/1436
f 1658/2093/1689 1571/1993/1602 1364/1728/1388
f 1760/2236/1794 1761/2237/1795 1542/1960/1573
f 1575/1997/1606 1713/2161/1744 1576/1998/1607
f 1762/2238/1796 1542/1960/1573 1761/2237/1795
f 1525/1942/1556 1505/1922/1536 1763/2239/1797
f 1736/2212/1770 1763/2239/1797 1505/1922/1536
f 1587/2206/1618 1734/2202/1768 1583/2005/1614
f 1641/2076/1672 1733/2201/1767 1741/2213/1775
f 1764/2240/1798 1765/2241/1799 1611/2038/1642
f 1391/1779/1417 1553/1971/1584 1584/2006/1615
f 1763/2242/1797 1766/2243/1800 1767/2244/1801
f 1768/2245/1802 1766/2243/1800 1763/2242/1797
f 1081/1370/1103 1085/1374/1107 1623/2054/1654
f 1769/2246/1803 1770/2247/1804 1771/2248/1805
f 1772/2249/1806 1771/2248/1805 1770/2247/1804
f 1704/2250/1735 1772/2249/1806 1770/2247/1804
f 1704/2146/1735 1770/2251/1804 1516/1933/1547
f 1769/2252/1803 1771/2253/1805 1536/1954/1567
f 1114/1405/1136 1229/1541/1253 1604/2028/1635
f 1605/2029/1636 1773/2254/1807 1455/1866/1486
f 1410/1817/1441 1619/2050/1650 1411/1818/1442
f 1755/2230/1789 1714/2166/1745 1695/2134/1726
f 1714/2166/1745 1665/2100/1696 1695/2134/1726
f 1595/2017/1626 1089/1378/1111 1310/1651/1334
f 1306/1646/1330 1668/2104/1699 1194/1492/1216
f 1774/2255/1808 1775/2256/1809 1776/2257/1810
f 1714/2166/1745 1553/1971/1584 1538/1956/1569
f 1771/2248/1805 1772/2249/1806 1777/2258/1811
f 1701/2143/1732 1697/2136/1728 1778/2259/1812
f 1546/1964/1577 1779/2260/1813 1780/2261/1814
f 1779/2260/1813 1771/2253/1805 1780/2261/1814
f 1781/2262/1815 1649/2084/1680 1782/2263/1816
f 1530/1948/1561 1733/2201/1767 1591/2013/1622
f 1783/2264/1817 1784/2265/1818 1785/2266/1819
f 1771/2248/1805 1777/2258/1811 1780/2267/1814
f 1546/1964/1577 1780/2261/1814 1786/2268/1820
f 1701/2143/1732 1564/1985/1595 1697/2136/1728
f 1782/2263/1816 1649/2084/1680 1787/2269/1821
f 1764/2240/1798 1611/2038/1642 1788/2270/1822
f 1780/2261/1814 1777/2271/1811 1789/2272/1823
f 1641/2076/1672 1790/2273/1824 1642/2077/1673
f 1697/2136/1728 1791/2274/1825 1778/2259/1812
f 1697/2139/1728 1555/1975/1586 1791/2275/1825
f 1755/2230/1789 1553/1971/1584 1714/2166/1745
f 1792/2276/1826 1793/2277/1827 1794/2278/1828
f 1676/2112/1707 1393/1785/1419 1689/2128/1720
f 1199/1500/1221 1089/1378/1111 1594/2016/1625
f 1393/1785/1419 1588/2010/1619 1587/2009/1618
f 1581/2003/1612 1605/2029/1636 1438/1847/1469
f 1412/1819/1443 1423/1832/1454 1422/1831/1453
f 1438/1847/1469 1605/2029/1636 1455/1866/1486
f 1346/1697/1370 1673/2109/1704 1625/2056/1656
f 1527/1945/1558 1568/1990/1599 1567/1989/1598
f 1795/2279/1829 1796/2280/1830 1758/2234/1792
f 1762/2238/1796 1761/2237/1795 1797/2281/1831
f 1584/2006/1615 1553/1971/1584 1748/2220/1782
f 1759/2235/1793 1796/2280/1830 1798/2282/1832
f 1793/2277/1827 1792/2276/1826 1799/2283/1833
f 1487/1903/1518 1742/2214/1776 1757/2233/1791
f 1743/2215/1777 1700/2142/1731 1481/1897/1512
f 1796/2280/1830 1800/2284/1834 1798/2282/1832
f 1764/2240/1798 1788/2270/1822 1801/2285/1835
f 1802/2286/1836 1489/1905/1520 1803/2287/1837
f 1804/2288/1838 1805/2289/1839 1787/2269/1821
f 1806/2290/1840 1807/2291/1841 1783/2264/1817
f 1733/2201/1767 1641/2076/1672 1591/2013/1622
f 1751/2224/1785 1808/2292/1842 1809/2293/1843
f 1810/2294/1844 1811/2295/1845 1812/2296/1846
f 1671/2297/1702 1716/2298/1747 1631/2232/1662
f 1648/2083/1679 1493/1909/1524 1539/1957/1570
f 1571/1993/1602 1573/1995/1604 1541/1959/1572
f 1199/1500/1221 1594/2016/1625 1554/2034/1585
f 1734/2202/1768 1488/1904/1519 1583/2005/1614
f 1380/1760/1406 1584/2006/1615 1367/1735/1391
f 1649/2084/1680 1781/2262/1815 1813/2299/1847
f 1811/2300/1845 1814/2301/1848 1815/2302/1849
f 1815/2302/1849 1814/2301/1848 1816/2303/1850
f 1817/2304/1851 1749/2221/1783 1616/2043/1647
f 1699/2141/1730 1719/2175/1753 1818/2305/1852
f 1741/2213/1775 1653/2088/1684 1641/2076/1672
f 1431/2306/1462 1726/2189/1760 1432/2191/1463
f 1819/2307/1853 1820/2308/1854 1821/2309/1855
f 1806/2290/1840 1783/2264/1817 1785/2266/1819
f 1822/2310/1856 1823/2311/1857 1815/2302/1849
f 1746/2218/1780 1718/2174/1752 1570/1992/1601
f 1493/1909/1524 1559/1979/1590 1491/1907/1522
f 1813/2299/1847 1605/2029/1636 1477/1893/1508
f 1173/1470/1195 1109/1469/1131 1249/1568/1273
f 1788/2270/1822 1824/2312/1858 1801/2285/1835
f 1690/2129/1721 1599/2022/1630 1601/2024/1632
f 1746/2218/1780 1540/1958/1571 1825/2313/1859
f 1826/2314/1860 1827/2315/1861 1828/2316/1862
f 1776/2257/1810 1456/1867/1487 1774/2255/1808
f 1540/1958/1571 1637/2071/1668 1825/2313/1859
f 1742/2214/1776 1487/1903/1518 1486/1902/1517
f 1829/2317/1863 1830/2318/1864 1831/2319/1865
f 1832/2320/1866 1833/2321/1867 1816/2303/1850
f 1749/2221/1783 1834/2322/1868 1492/1908/1523
f 1825/2313/1859 1637/2071/1668 1835/2323/1869
f 1832/2320/1866 1816/2303/1850 1836/2324/1870
f 1455/1866/1486 1774/2255/1808 1456/1867/1487
f 1832/2320/1866 1836/2324/1870 1837/2325/1871
f 1838/2326/1872 1839/2327/1873 1840/2328/1874
f 1841/2329/1875 1677/2114/1708 1740/2211/1774
f 1829/2317/1863 1831/2319/1865 1842/2330/1876
f 1843/2331/1877 1844/2332/1878 1845/2333/1879
f 1664/2227/1695 1797/2334/1831 1497/2046/1528
f 1846/2335/1880 1339/1813/1363 1362/1812/1386
f 1847/2336/1881 1339/1813/1363 1846/2335/1880
f 1848/2337/1882 1849/2338/1883 1850/2339/1884
f 1851/2340/1885 1852/2341/1886 1853/2342/1887
f 1854/2343/1888 1820/2308/1854 1855/2344/1889
f 1856/2345/1890 1857/2346/1891 1858/2347/1892
f 1847/2348/1881 1859/2349/1893 1860/2350/1894
f 1861/2351/1895 1843/2331/1877 1845/2333/1879
f 1762/2238/1796 1543/1961/1574 1542/1960/1573
f 1862/2352/1896 1841/2329/1875 1645/2080/1676
f 1797/2334/1831 1664/2227/1695 1543/2353/1574
f 1863/2354/1897 1864/2355/1898 1865/2356/1899
f 1827/2315/1861 1719/2175/1753 1828/2316/1862
f 1797/2281/1831 1761/2237/1795 1866/2357/1900
f 1858/2347/1892 1867/2358/1901 1868/2359/1902
f 1699/2141/1730 1818/2305/1852 1743/2215/1777
f 1411/1818/1442 1621/2052/1652 1869/2360/1903
f 1870/2361/1904 1871/2362/1905 1872/2363/1906
f 1670/2364/1701 1873/2365/1907 1874/2366/1908
f 1875/2367/1909 1876/2368/1910 1384/1764/1410
f 1877/2369/1911 1878/2370/1912 1879/2371/1913
f 1866/2357/1900 1761/2237/1795 1880/2372/1914
f 1846/2373/1880 1859/2349/1893 1847/2348/1881
f 1881/2374/1915 1858/2347/1892 1857/2346/1891
f 1866/2375/1900 1882/2376/1916 1797/2334/1831
f 1423/1832/1454 1411/1818/1442 1724/2182/1758
f 1883/2377/1917 1884/2378/1918 1821/2309/1855
f 1600/2023/1631 1885/2379/1919 1886/2380/1920
f 1802/2286/1836 1586/2008/1617 1489/1905/1520
f 1298/1636/1322 1327/1674/1351 1887/2381/1921
f 1754/2229/1788 1755/2230/1789 1888/2382/1922
f 1889/2383/1923 1846/2373/1880 1720/2384/1754
f 1477/1893/1508 1476/1892/1507 1813/2299/1847
f 1726/2189/1760 1751/2224/1785 1705/2149/1736
f 1605/2029/1636 1813/2299/1847 1890/2385/1924
f 1891/2386/1925 1892/2387/1926 1855/2388/1889
f 1889/2383/1923 1893/2389/1927 1846/2373/1880
f 1894/2390/1928 1895/2391/1929 1839/2327/1873
f 1888/2382/1922 1755/2230/1789 1896/2392/1930
f 1286/1618/1310 1853/2342/1887 1852/2341/1886
f 1681/2165/1712 1691/2130/1722 1872/2393/1906
f 1551/1969/1582 1787/2269/1821 1753/2228/1787
f 1703/2145/1734 1586/2008/1617 1802/2286/1836
f 1649/2084/1680 1650/2085/1681 1753/2228/1787
f 1622/2053/1653 1085/1374/1107 1897/2394/1931
f 1411/1818/1442 1619/2050/1650 1621/2052/1652
f 1555/1975/1586 1898/2395/1932 1791/2275/1825
f 1407/1808/1438 1899/2396/1933 1900/2397/1934
f 1753/2228/1787 1787/2269/1821 1649/2084/1680
f 1820/2308/1854 1901/2398/1935 1864/2355/1898
f 1841/2329/1875 1862/2352/1896 1677/2114/1708
f 1555/1975/1586 1404/1805/1435 1902/2399/1936
f 1402/1803/1430 1404/1805/1435 1555/1975/1586
f 1813/2299/1847 1476/1892/1507 1649/2084/1680
f 1627/2058/1658 1561/1981/1592 1656/2091/1687
f 1767/2400/1801 1903/2401/1937 1805/2289/1839
f 1904/2402/1938 1805/2289/1839 1903/2401/1937
f 1258/1579/1282 1905/2403/1939 1895/2391/1929
f 1724/2182/1758 1869/2360/1903 1725/2404/1759
f 1698/2140/1729 1828/2316/1862 1719/2175/1753
f 1901/2398/1935 1906/2405/1940 1907/2406/1941
f 1908/2407/1942 1909/2408/1943 1896/2392/1930
f 1910/2409/1944 1897/2394/1931 1085/1374/1107
f 1908/2407/1942 1911/2410/1945 1909/2408/1943
f 1912/2411/1946 1913/2412/1947 1867/2358/1901
f 1629/2413/1660 1154/2414/1176 1604/2415/1635
f 1454/1865/1485 1775/2256/1809 1902/2399/1936
f 1897/2394/1931 1914/2416/1948 1741/2213/1775
f 1915/2417/1949 1407/1814/1438 1900/2418/1934
f 1656/2091/1687 1628/2059/1659 1627/2058/1658
f 1916/2419/1950 1876/2368/1910 1917/2420/1951
f 1918/2421/1952 1896/2392/1930 1909/2408/1943
f 1384/1764/1410 1919/2422/1953 1875/2367/1909
f 1848/2337/1882 1850/2339/1884 1920/2423/1954
f 1562/1982/1593 1619/2050/1650 1410/1817/1441
f 1154/2414/1176 1720/2384/1754 1921/2424/1955
f 1922/2425/1956 1923/2426/1957 1882/2376/1916
f 1837/2325/1871 1924/2427/1958 1925/2428/1959
f 1926/2429/1960 1927/2430/1961 1928/2431/1962
f 1804/2288/1838 1767/2400/1801 1805/2289/1839
f 1929/2432/1963 1844/2332/1878 1881/2433/1915
f 1930/2434/1964 1931/2435/1965 1883/2377/1917
f 1879/2371/1913 1878/2370/1912 1932/2436/1966
f 1924/2427/1958 1896/2392/1930 1918/2421/1952
f 1933/2437/1967 1895/2391/1929 1905/2403/1939
f 1892/2387/1926 1934/2438/1968 1935/2439/1969
f 1905/2403/1939 1936/2440/1970 1937/2441/1971
f 1703/2145/1734 1938/2442/1972 1592/2014/1623
f 1939/2443/1973 1899/2396/1933 1321/1666/1345
f 1885/2379/1919 1940/2444/1974 1941/2445/1975
f 1942/2446/1976 1936/2440/1970 1943/2447/1977
f 1944/2448/1978 1945/2449/1979 1946/2450/1980
f 1902/2399/1936 1775/2256/1809 1947/2451/1981
f 1877/2369/1911 1930/2434/1964 1948/2452/1982
f 1857/2346/1891 1914/2416/1948 1897/2394/1931
f 1660/2095/1691 1698/2140/1729 1591/2013/1622
f 1900/2397/1934 1899/2396/1933 1949/2453/1983
f 1762/2238/1796 1797/2281/1831 1543/1961/1574
f 1840/2328/1874 1839/2327/1873 1950/2454/1984
f 1641/2076/1672 1654/2089/1685 1790/2273/1824
f 1492/2455/1523 1834/2456/1868 1951/2457/1985
f 1839/2327/1873 1933/2437/1967 1950/2454/1984
f 1487/1903/1518 1542/1960/1573 1472/1885/1503
f 1387/1769/1413 1378/1755/1404 1952/2458/1986
f 1910/2409/1944 1173/1470/1195 1857/2346/1891
f 1740/2211/1774 1677/2114/1708 1608/2032/1639
f 1523/1940/1554 1953/2459/1987 1695/2134/1726
f 1795/2279/1829 1800/2284/1834 1796/2280/1830
f 1869/2360/1903 1672/2108/1703 1725/2404/1759
f 1927/2430/1961 1954/2460/1988 1872/2363/1906
f 1955/2461/1989 1956/2462/1990 1957/2463/1991
f 1958/2464/1992 1911/2410/1945 1598/2021/1629
f 1839/2327/1873 1895/2391/1929 1933/2437/1967
f 1959/2465/1993 1960/2466/1994 1785/2266/1819
f 1767/2244/1801 1766/2243/1800 1903/2467/1937
f 1961/2468/1995 1654/2089/1685 1868/2359/1902
f 1407/1814/1438 1962/2469/1996 1336/1685/1360
f 1621/2052/1652 1963/2470/1997 1869/2360/1903
f 1964/2471/1998 1965/2472/1999 1966/2473/2000
f 1492/1908/1523 1951/2474/1985 1515/1932/1546
f 1515/1932/1546 1951/2474/1985 1637/2071/1668
f 1597/2475/1748 1622/2476/1750 1897/2477/2001
f 1834/2456/1868 1967/2478/2002 1968/2479/2003
f 1629/2480/1749 1597/2475/1748 1897/2477/2001
f 1892/2387/1926 1935/2439/1969 1969/2481/2004
f 1834/2456/1868 1968/2479/2003 1951/2457/1985
f 1970/2482/2005 1637/2071/1668 1951/2474/1985
f 1787/2269/1821 1551/1969/1582 1804/2288/1838
f 1954/2483/1988 1939/2443/1973 1321/1666/1345
f 1971/2484/2006 1862/2352/1896 1794/2278/1828
f 1972/2485/2007 1944/2448/1978 1973/2486/2008
f 1804/2288/1838 1551/1969/1582 1767/2400/1801
f 1677/2114/1708 1862/2352/1896 1971/2484/2006
f 1706/2150/1737 1885/2379/1919 1599/2022/1630
f 1974/2487/2009 1975/2488/2010 1851/2340/1885
f 1660/2095/1691 1976/2489/2011 1698/2140/1729
f 1977/2490/2012 1929/2491/1963 1249/1568/1273
f 1327/1674/1351 1916/2419/1950 1887/2381/1921
f 1912/2411/1946 1881/2374/1915 1844/2492/1878
f 1902/2399/1936 1947/2451/1981 1555/1975/1586
f 1739/2210/1773 1713/2161/1744 1763/2242/1797
f 1978/2493/2013 1979/2494/2014 1860/2350/1894
f 1939/2443/1973 1926/2495/1960 1949/2453/1983
f 1860/2350/1894 1979/2494/2014 1980/2496/2015
f 1927/2497/1961 1939/2443/1973 1954/2483/1988
f 1907/2406/1941 1865/2356/1899 1864/2355/1898
f 1953/2459/1987 1523/1940/1554 1598/2021/1629
f 1981/2498/2016 1882/2376/1916 1923/2426/1957
f 1722/2180/1756 1982/2499/2017 1598/2021/1629
f 1360/1717/1384 1983/2500/2018 1249/1715/1273
f 1920/2423/1954 1984/2501/2019 1848/2337/1882
f 1434/1843/1465 1985/2502/2020 1986/2503/2021
f 1952/2458/1986 1987/2504/2022 1988/2505/2023
f 1575/1997/1606 1721/2178/1755 1712/2160/1743
f 1736/2205/1770 1739/2210/1773 1763/2242/1797
f 1942/2446/1976 1943/2447/1977 1989/2506/2024
f 1946/2450/1980 1973/2486/2008 1944/2448/1978
f 1820/2308/1854 1864/2355/1898 1821/2309/1855
f 1922/2425/1956 1866/2375/1900 1923/2426/1957
f 1900/2418/1934 1949/2507/1983 1990/2508/2025
f 1897/2394/1931 1741/2213/1775 1622/2053/1653
f 1962/2469/1996 1421/1829/1452 1336/1685/1360
f 1859/2349/1893 1978/2493/2013 1860/2350/1894
f 1760/2236/1794 1759/2235/1793 1991/2509/2026
f 1625/2056/1656 1673/2109/1704 1522/1939/1553
f 1955/2461/1989 1808/2292/1842 1751/2224/1785
f 1551/1969/1582 1710/2156/1741 1501/1918/1532
f 1551/2510/1582 1525/2511/1556 1767/2244/1801
f 1842/2330/1876 1992/2512/2027 1793/2277/1827
f 1958/2464/1992 1993/2513/2028 1911/2410/1945
f 1994/2514/2029 1407/1814/1438 1915/2417/1949
f 1995/2515/2030 1996/2516/2031 1997/2517/2032
f 1867/2358/1901 1913/2412/1947 1868/2359/1902
f 1998/2518/2033 1962/2469/1996 1994/2514/2029
f 1952/2458/1986 1944/2448/1978 1999/2519/2034
f 1989/2506/2024 1936/2440/1970 1942/2446/1976
f 1827/2315/1861 1830/2318/1864 1829/2317/1863
f 1662/2097/1693 1569/1991/1600 1765/2241/1799
f 1949/2453/1983 1926/2495/1960 2000/2520/2035
f 2001/2521/2036 1642/2077/1673 2002/2522/2037
f 1404/1805/1435 1452/1863/1483 1902/2399/1936
f 1455/1866/1486 1773/2254/1807 1774/2255/1808
f 1911/2410/1945 1993/2513/2028 1909/2408/1943
f 1826/2314/1860 1830/2318/1864 1827/2315/1861
f 2003/2523/2038 1887/2381/1921 2004/2524/2039
f 1899/2396/1933 1197/1496/1219 1916/2525/1950
f 1855/2388/1889 2005/2526/2040 2006/2527/2041
f 1830/2318/1864 2007/2528/2042 2008/2529/2043
f 1456/1867/1487 1776/2257/1810 1454/1865/1485
f 2009/2530/2044 2010/2531/2045 2011/2532/2046
f 1768/2245/1802 1903/2467/1937 1766/2243/1800
f 1768/2245/1802 1823/2311/1857 1903/2467/1937
f 1977/2533/2012 1861/2351/1895 1845/2333/1879
f 1396/1789/1422 1397/1790/1423 2012/2534/2047
f 1977/2490/2012 1249/1568/1273 1983/2535/2018
f 1977/2533/2012 1845/2333/1879 1929/2432/1963
f 1321/1666/1345 1899/2396/1933 1916/2525/1950
f 1865/2356/1899 2013/2536/2048 1863/2354/1897
f 2014/2537/2049 1717/2173/1751 1663/2098/1694
f 1773/2254/1807 1605/2029/1636 1890/2385/1924
f 2015/2538/2050 2016/2539/2051 2017/2540/2052
f 2018/2541/2053 1995/2515/2030 1997/2517/2032
f 2019/2542/2054 2020/2543/2055 2021/2544/2056
f 1197/1496/1219 1899/2396/1933 1407/1808/1438
f 1826/2314/1860 1828/2316/1862 2022/2545/2057
f 1653/2088/1684 1858/2347/1892 1868/2359/1902
f 2023/2546/2058 1498/2037/1529 1497/2046/1528
f 1941/2445/1975 2024/2547/2059 2025/2548/2060
f 1624/2549/1655 2014/2550/2049 1663/2551/1694
f 1830/2318/1864 2008/2529/2043 1831/2319/1865
f 1923/2426/1957 2026/2552/2061 1981/2498/2016
f 2020/2543/2055 1996/2516/2031 1937/2441/1971
f 1624/2549/1655 2027/2553/2062 2014/2550/2049
f 2028/2554/2063 2029/2555/2064 2030/2556/2065
f 1864/2355/1898 2031/2557/2066 1821/2309/1855
f 1999/2519/2034 1944/2448/1978 1861/2351/1895
f 2032/2558/2067 1998/2518/2033 1994/2514/2029
f 2033/2559/2068 2034/2560/2069 1975/2488/2010
f 1393/1785/1419 1647/2082/1678 1740/2211/1774
f 1957/2463/1991 1808/2292/1842 1955/2461/1989
f 1998/2518/2033 2032/2558/2067 2035/2561/2070
f 2036/2562/2071 1860/2563/1894 1381/2564/1407
f 1874/2366/1908 1431/2306/1462 1430/2565/1461
f 1889/2383/1923 2037/2566/2072 1893/2389/1927
f 1710/2156/1741 1551/1969/1582 1753/2228/1787
f 1724/2182/1758 1411/1818/1442 1869/2360/1903
f 1629/2413/1660 1720/2384/1754 1154/2414/1176
f 2038/2567/2073 1378/1755/1404 1375/1749/1401
f 1952/2458/1986 2039/2568/2074 1944/2448/1978
f 1895/2391/1929 1259/1580/1283 1258/1579/1282
f 1976/2489/2011 1660/2095/1691 2040/2569/2075
f 2041/2570/2076 2042/2571/2077 2043/2572/2078
f 1704/2250/1735 1702/2573/1733 2044/2574/2079
f 2022/2545/2057 1976/2489/2011 2045/2575/2080
f 1704/2250/1735 2044/2574/2079 1772/2249/1806
f 1889/2383/1923 2046/2576/2081 2037/2566/2072
f 2028/2554/2063 2033/2559/2068 2029/2555/2064
f 2046/2576/2081 1889/2383/1923 2047/2577/2082
f 1874/2366/1908 1873/2365/1907 1431/2306/1462
f 1774/2255/1808 1850/2339/1884 1775/2256/1809
f 1980/2496/2015 2012/2534/2047 1397/1790/1423
f 1980/2496/2015 1397/1790/1423 1381/1761/1407
f 1989/2506/2024 1937/2441/1971 1936/2440/1970
f 1869/2578/1903 1670/2364/1701 1672/2579/1703
f 2034/2560/2069 2048/2580/2083 1975/2488/2010
f 2049/2581/2084 1815/2302/1849 1823/2311/1857
f 1850/2339/1884 1774/2255/1808 1773/2254/1807
f 1962/2469/1996 1407/1814/1438 1994/2514/2029
f 1966/2473/2000 2050/2582/2085 1964/2471/1998
f 1946/2450/1980 1945/2449/1979 2051/2583/2086
f 1983/2500/2018 1988/2505/2023 1977/2533/2012
f 2051/2583/2086 2052/2584/2087 2053/2585/2088
f 2012/2534/2047 1980/2496/2015 1853/2342/1887
f 2052/2584/2087 1997/2517/2032 2053/2585/2088
f 1988/2505/2023 1999/2519/2034 1977/2533/2012
f 1924/2427/1958 1918/2421/1952 2054/2586/2089
f 1912/2411/1946 1844/2492/1878 2055/2587/2090
f 2052/2584/2087 2051/2583/2086 1945/2449/1979
f 1952/2458/1986 2018/2541/2053 2039/2568/2074
f 1698/2140/1729 1976/2489/2011 1828/2316/1862
f 1918/2421/1952 1909/2408/1943 1993/2513/2028
f 1798/2282/1832 1991/2509/2026 1759/2235/1793
f 1979/2494/2014 2029/2555/2064 1974/2487/2009
f 2029/2555/2064 2033/2559/2068 1974/2487/2009
f 1812/2588/1846 1811/2300/1845 2049/2581/2084
f 1981/2498/2016 2023/2546/2058 1882/2376/1916
f 1647/2082/1678 1841/2329/1875 1740/2211/1774
f 1525/2511/1556 1763/2242/1797 1767/2244/1801
f 1599/2022/1630 1885/2379/1919 1600/2023/1631
f 1967/2478/2002 2056/2589/2091 1968/2479/2003
f 2051/2583/2086 2057/2590/2092 1946/2450/1980
f 1936/2440/1970 2035/2561/2070 2058/2591/2093
f 1713/2161/1744 1768/2245/1802 1763/2242/1797
f 1645/2080/1676 1799/2283/1833 1794/2278/1828
f 1396/1789/1422 2012/2534/2047 1398/1795/1426
f 2059/2592/2094 2041/2593/2076 2043/2594/2078
f 1857/2346/1891 1173/1470/1195 1249/1568/1273
f 1773/2254/1807 1890/2385/1924 2060/2595/2095
f 1782/2263/1816 1890/2385/1924 1781/2262/1815
f 1952/2458/1986 1840/2328/1874 1995/2515/2030
f 1431/2306/1462 1873/2365/1907 1955/2461/1989
f 1976/2489/2011 2040/2569/2075 2045/2575/2080
f 1452/1863/1483 1454/1865/1485 1902/2399/1936
f 2007/2528/2042 2061/2596/2096 2008/2529/2043
f 1970/2482/2005 1835/2323/1869 1637/2071/1668
f 1953/2459/1987 1908/2407/1942 1695/2134/1726
f 2062/2597/2097 2059/2592/2094 2050/2598/2085
f 1569/1991/1600 1610/2036/1641 1765/2241/1799
f 1782/2263/1816 2063/2599/2098 1890/2385/1924
f 1964/2471/1998 2050/2582/2085 2059/2600/2094
f 2064/2601/2099 1958/2464/1992 2065/2602/2100
f 2049/2581/2084 1811/2300/1845 1815/2302/1849
f 1765/2241/1799 1610/2036/1641 1611/2038/1642
f 1858/2347/1892 1653/2088/1684 1856/2345/1890
f 1487/1903/1518 1757/2233/1791 1542/1960/1573
f 1894/2390/1928 2038/2567/2073 1375/1749/1401
f 1924/2427/1958 2054/2586/2089 1925/2428/1959
f 1742/2214/1776 1592/2014/1623 1758/2234/1792
f 1825/2313/1859 1835/2323/1869 2066/2603/2101
f 2061/2596/2096 2007/2528/2042 1807/2291/1841
f 2036/2562/2071 1381/2564/1407 1339/1813/1363
f 2013/2536/2048 2067/2604/2102 2031/2557/2066
f 1546/1964/1577 2068/2605/2103 1545/1963/1576
f 1755/2230/1789 1908/2407/1942 1896/2392/1930
f 2013/2536/2048 2017/2540/2052 2067/2604/2102
f 1755/2230/1789 1695/2134/1726 1908/2407/1942
f 1759/2235/1793 1760/2236/1794 1757/2233/1791
f 1868/2359/1902 1654/2089/1685 1653/2088/1684
f 1777/2271/1811 1772/2606/1806 1789/2272/1823
f 1947/2451/1981 1775/2256/1809 1849/2338/1883
f 2055/2587/2090 1913/2412/1947 1912/2411/1946
f 2054/2586/2089 1918/2421/1952 2069/2607/2104
f 1953/2459/1987 1911/2410/1945 1908/2407/1942
f 1757/2233/1791 1760/2236/1794 1542/1960/1573
f 2070/2608/2105 2071/2609/2106 2072/2610/2107
f 1723/2181/1757 1432/1841/1463 1609/2035/1640
f 1731/2199/1765 1700/2142/1731 2073/2611/2108
f 1717/2173/1751 1812/2588/1846 1721/2178/1755
f 1498/2037/1529 2023/2546/2058 1981/2498/2016
f 1993/2513/2028 1958/2464/1992 2069/2607/2104
f 2048/2580/2083 2074/2612/2109 2075/2613/2110
f 1849/2338/1883 1775/2256/1809 1850/2339/1884
f 2076/2614/2111 1360/1717/1384 1292/1624/1316
f 1918/2421/1952 1993/2513/2028 2069/2607/2104
f 1814/2301/1848 1811/2300/1845 2077/2615/2112
f 1592/2014/1623 1795/2279/1829 1758/2234/1792
f 2078/2616/2113 1925/2428/1959 2054/2586/2089
f 1981/2498/2016 1788/2270/1822 1611/2038/1642
f 1292/1624/1316 1387/1769/1413 2076/2614/2111
f 2032/2558/2067 1915/2417/1949 1990/2508/2025
f 1981/2498/2016 2026/2552/2061 1788/2270/1822
f 1454/1865/1485 1776/2257/1810 1775/2256/1809
f 1555/1975/1586 1947/2451/1981 1898/2395/1932
f 1818/2305/1852 2079/2617/2114 2080/2618/2115
f 1622/2172/1750 1629/2171/1749 1897/2619/2001
f 1916/2419/1950 1917/2420/1951 2004/2524/2039
f 2045/2575/2080 2081/2620/2116 2022/2545/2057
f 1900/2418/1934 1990/2508/2025 1915/2417/1949
f 2052/2584/2087 1945/2449/1979 2018/2541/2053
f 2052/2584/2087 2018/2541/2053 1997/2517/2032
f 1712/2160/1743 1768/2245/1802 1713/2161/1744
f 1782/2263/1816 1787/2269/1821 1805/2289/1839
f 2053/2585/2088 1997/2517/2032 2019/2542/2054
f 2014/2537/2049 1812/2588/1846 1717/2173/1751
f 2019/2542/2054 1997/2517/2032 1996/2516/2031
f 1720/2176/1754 1746/2218/1780 2047/2621/2082
f 2034/2560/2069 2074/2612/2109 2048/2580/2083
f 1967/2478/2002 1786/2622/1820 2056/2589/2091
f 1817/2304/1851 1545/1963/1576 2068/2605/2103
f 1725/2404/1759 1672/2108/1703 1671/2107/1702
f 1786/2268/1820 2082/2623/2117 2056/2624/2091
f 1979/2494/2014 1851/2340/1885 1853/2342/1887
f 1976/2489/2011 2022/2545/2057 1828/2316/1862
f 2005/2625/2040 1884/2378/1918 2083/2626/2118
f 2040/2569/2075 1660/2095/1691 2001/2521/2036
f 2019/2542/2054 2021/2544/2056 2053/2585/2088
f 1897/2394/1931 1910/2409/1944 1857/2346/1891
f 2019/2542/2054 1996/2516/2031 2020/2543/2055
f 1927/2497/1961 1926/2495/1960 1939/2443/1973
f 2084/2627/2119 2001/2521/2036 2002/2522/2037
f 2026/2552/2061 1824/2312/1858 1788/2270/1822
f 1947/2451/1981 1849/2338/1883 1898/2395/1932
f 1670/2364/1701 1869/2578/1903 1963/2628/1997
f 1817/2304/1851 2068/2605/2103 1967/2629/2002
f 1971/2484/2006 1794/2278/1828 2085/2630/2120
f 1817/2304/1851 1967/2629/2002 1834/2322/1868
f 2086/2631/2121 1825/2313/1859 2066/2603/2101
f 1670/2364/1701 1963/2628/1997 2087/2632/2122
f 1642/2077/1673 2001/2521/2036 1660/2095/1691
f 1789/2272/1823 1772/2606/1806 2082/2623/2117
f 1794/2278/1828 1793/2277/1827 2085/2630/2120
f 1258/1579/1282 1409/1816/1440 2035/2561/2070
f 1953/2459/1987 1598/2021/1629 1911/2410/1945
f 1927/2430/1961 1872/2363/1906 2088/2633/2123
f 1818/2305/1852 1719/2175/1753 1827/2315/1861
f 2044/2574/2079 2082/2634/2117 1772/2249/1806
f 2089/2635/2124 2090/2636/2125 2007/2528/2042
f 2022/2545/2057 2081/2620/2116 2089/2635/2124
f 1921/2637/1955 1115/1406/1137 1154/1449/1176
f 1773/2254/1807 2060/2595/2095 1850/2339/1884
f 1875/2367/1909 2091/2638/2126 1917/2420/1951
f 1115/1406/1137 1921/2637/1955 2092/2639/2127
f 2093/2640/2128 1809/2293/1843 2094/2641/2129
f 1854/2343/1888 1969/2642/2004 1901/2398/1935
f 1115/1406/1137 2092/2639/2127 1362/1812/1386
f 1758/2234/1792 1796/2280/1830 1759/2235/1793
f 2095/2643/2130 2096/2644/2131 2097/2645/2132
f 2081/2620/2116 2045/2575/2080 2040/2569/2075
f 1786/2268/1820 1789/2272/1823 2082/2623/2117
f 2098/2646/2133 1831/2319/1865 2099/2647/2134
f 1861/2351/1895 1977/2533/2012 1999/2519/2034
f 1862/2352/1896 1645/2080/1676 1794/2278/1828
f 1890/2385/1924 1813/2299/1847 1781/2262/1815
f 1826/2314/1860 2022/2545/2057 2089/2635/2124
f 2092/2639/2127 1846/2335/1880 1362/1812/1386
f 2006/2527/2041 1891/2386/1925 1855/2388/1889
f 1721/2178/1755 1768/2245/1802 1712/2160/1743
f 2060/2595/2095 1920/2423/1954 1850/2339/1884
f 2100/2648/2135 2089/2635/2124 2081/2620/2116
f 2001/2521/2036 2081/2620/2116 2040/2569/2075
f 1905/2403/1939 1258/1579/1282 2035/2561/2070
f 1375/1749/1401 1259/1580/1283 1894/2390/1928
f 2099/2647/2134 1831/2319/1865 2008/2529/2043
f 1890/2385/1924 1920/2423/1954 2060/2595/2095
f 1743/2215/1777 1818/2305/1852 2080/2618/2115
f 1643/2078/1674 1645/2080/1676 1647/2082/1678
f 1751/2224/1785 1726/2189/1760 1431/2306/1462
f 1943/2447/1977 2020/2543/2055 1989/2506/2024
f 1387/1769/1413 1988/2505/2023 1983/2500/2018
f 1616/2043/1647 1545/1963/1576 1817/2304/1851
f 2032/2558/2067 1994/2514/2029 1915/2417/1949
f 1879/2371/1913 2072/2610/2107 2071/2609/2106
f 1797/2334/1831 2023/2546/2058 1497/2046/1528
f 2100/2648/2135 2090/2636/2125 2089/2635/2124
f 2100/2648/2135 1807/2291/1841 2090/2636/2125
f 1858/2347/1892 1912/2411/1946 1867/2358/1901
f 2061/2596/2096 1807/2291/1841 2101/2649/2136
f 1501/1918/1532 1503/1920/1534 1551/1969/1582
f 2008/2529/2043 2061/2596/2096 2099/2647/2134
f 2067/2604/2102 2017/2540/2052 2016/2539/2051
f 2073/2611/2108 1799/2283/1833 1731/2199/1765
f 1948/2452/1982 2067/2604/2102 2016/2539/2051
f 2038/2567/2073 1894/2390/1928 1838/2326/1872
f 2079/2617/2114 2102/2650/2137 2080/2618/2115
f 1879/2371/1913 2071/2609/2106 1877/2369/1911
f 1920/2423/1954 1890/2385/1924 1984/2501/2019
f 1721/2178/1755 2049/2581/2084 1768/2245/1802
f 2063/2599/2098 1805/2289/1839 2103/2651/2138
f 1671/2297/1702 1670/2364/1701 1716/2298/1747
f 2104/2652/2139 2072/2610/2107 2096/2644/2131
f 2096/2644/2131 2072/2610/2107 1879/2371/1913
f 1955/2461/1989 1751/2224/1785 1431/2306/1462
f 2102/2650/2137 1829/2317/1863 1842/2330/1876
f 1983/2500/2018 2076/2614/2111 1387/1769/1413
f 2079/2617/2114 1827/2315/1861 1829/2317/1863
f 1858/2347/1892 1881/2374/1915 1912/2411/1946
f 1923/2426/1957 2105/2653/2140 2026/2552/2061
f 1434/1843/1465 1986/2503/2021 2106/2654/2141
f 1680/2117/1711 1679/2116/1710 2107/2655/2142
f 2107/2655/2142 2108/2656/2143 1680/2117/1711
f 2081/2620/2116 2001/2521/2036 2100/2648/2135
f 1749/2221/1783 1817/2304/1851 1834/2322/1868
f 2023/2546/2058 1797/2334/1831 1882/2376/1916
f 1905/2403/1939 2035/2561/2070 1936/2440/1970
f 1851/2340/1885 1979/2494/2014 1974/2487/2009
f 1988/2505/2023 1987/2504/2022 1999/2519/2034
f 1611/2038/1642 1498/2037/1529 1981/2498/2016
f 2073/2611/2108 1700/2142/1731 1743/2215/1777
f 1546/1964/1577 1967/2629/2002 2068/2605/2103
f 1840/2328/1874 1996/2516/2031 1995/2515/2030
f 1806/2290/1840 2101/2649/2136 1807/2291/1841
f 2031/2557/2066 1864/2355/1898 1863/2354/1897
f 2006/2527/2041 2109/2657/2144 2110/2658/2145
f 1863/2354/1897 2013/2536/2048 2031/2557/2066
f 2087/2632/2122 2111/2659/2146 1956/2462/1990
f 1991/2509/2026 1761/2237/1795 1760/2236/1794
f 2009/2530/2044 2011/2532/2046 2112/2660/2147
f 1943/2447/1977 1936/2440/1970 2058/2591/2093
f 2113/2661/2148 2026/2552/2061 2105/2653/2140
f 2093/2640/2128 2094/2641/2129 2114/2662/2149
f 1298/1636/1322 1160/1456/1182 1327/1674/1351
f 1721/2178/1755 1812/2588/1846 2049/2581/2084
f 1546/1964/1577 1786/2268/1820 1967/2629/2002
f 1645/2080/1676 1841/2329/1875 1647/2082/1678
f 1938/2442/1972 1795/2279/1829 1592/2014/1623
f 1819/2307/1853 1821/2309/1855 1884/2378/1918
f 1743/2215/1777 2102/2650/2137 2073/2611/2108
f 1604/2415/1635 1154/2414/1176 1114/2663/1136
f 1891/2386/1925 2115/2664/2150 2116/2665/2151
f 1874/2366/1908 1716/2298/1747 1670/2364/1701
f 2036/2562/2071 1847/2336/1881 1860/2563/1894
f 1860/2350/1894 1980/2496/2015 1381/1761/1407
f 1948/2452/1982 1932/2436/1966 1878/2370/1912
f 1879/2371/1913 2097/2645/2132 2096/2644/2131
f 1857/2346/1891 1249/1568/1273 1881/2374/1915
f 1560/1980/1591 1750/2223/1784 1612/2039/1643
f 1299/1637/1323 1298/1636/1322 1887/2381/1921
f 1881/2374/1915 1249/1568/1273 1929/2491/1963
f 1882/2376/1916 1866/2375/1900 1922/2425/1956
f 1411/1818/1442 1423/1832/1454 1412/1819/1443
f 2117/2666/2152 1761/2237/1795 1991/2509/2026
f 1172/1468/1194 1173/1470/1195 1085/1374/1107
f 1808/2292/1842 2094/2641/2129 1809/2293/1843
f 1819/2307/1853 1884/2378/1918 2005/2625/2040
f 1434/2222/1465 1751/2224/1785 1809/2293/1843
f 1952/2458/1986 1999/2519/2034 1987/2504/2022
f 2118/2667/2153 2119/2668/2154 1898/2395/1932
f 1907/2406/1941 1864/2355/1898 1901/2398/1935
f 1968/2669/2003 1970/2482/2005 1951/2474/1985
f 2120/2670/2155 1968/2479/2003 2056/2589/2091
f 1855/2344/1889 1820/2308/1854 1819/2307/1853
f 1360/1717/1384 2076/2614/2111 1983/2500/2018
f 1838/2326/1872 1378/1755/1404 2038/2567/2073
f 1516/1933/1547 1769/2252/1803 1536/1954/1567
f 2037/2566/2072 2028/2554/2063 2030/2556/2065
f 2067/2604/2102 1821/2309/1855 2031/2557/2066
f 2079/2617/2114 1829/2317/1863 2102/2650/2137
f 1840/2328/1874 1950/2454/1984 1996/2516/2031
f 2121/2671/2156 1835/2672/1869 1970/2673/2005
f 1794/2278/1828 1799/2283/1833 1792/2276/1826
f 1890/2385/1924 2063/2599/2098 1984/2501/2019
f 2100/2648/2135 2084/2627/2119 1807/2291/1841
f 1888/2382/1922 1924/2427/1958 2122/2674/2157
f 1716/2298/1747 1874/2366/1908 1430/2565/1461
f 1888/2382/1922 1896/2392/1930 1924/2427/1958
f 1891/2386/1925 2006/2527/2041 2115/2664/2150
f 1837/2325/1871 2122/2674/2157 1924/2427/1958
f 1743/2215/1777 2080/2618/2115 2102/2650/2137
f 2086/2631/2121 2066/2603/2101 2123/2675/2158
f 2089/2635/2124 2007/2528/2042 2124/2676/2159
f 2125/2677/2160 2066/2603/2101 1835/2323/1869
f 1830/2318/1864 1826/2314/1860 2089/2635/2124
f 2084/2627/2119 1783/2264/1817 1807/2291/1841
f 2092/2678/2127 1720/2384/1754 1846/2373/1880
f 1783/2264/1817 2084/2627/2119 2002/2522/2037
f 1544/1962/1575 1517/1934/1548 1779/2260/1813
f 2126/2679/2161 1966/2473/2000 1965/2472/1999
f 1409/1816/1440 1421/1829/1452 2035/2561/2070
f 2127/2680/2162 1628/2681/1659 2128/2682/2163
f 1830/2318/1864 2089/2635/2124 2124/2676/2159
f 2124/2676/2159 2007/2528/2042 1830/2318/1864
f 1536/1954/1567 1779/2260/1813 1517/1934/1548
f 1780/2261/1814 1789/2272/1823 1786/2268/1820
f 1894/2390/1928 1259/1580/1283 1895/2391/1929
f 1769/2252/1803 1516/1933/1547 1770/2251/1804
f 1852/2341/1886 2009/2530/2044 2129/2683/2164
f 2062/2684/2097 2042/2571/2077 2041/2570/2076
f 1917/2420/1951 1876/2368/1910 1875/2367/1909
f 1645/2080/1676 1731/2199/1765 1799/2283/1833
f 1898/2395/1932 1849/2338/1883 2118/2667/2153
f 1955/2461/1989 1873/2365/1907 1956/2462/1990
f 2002/2522/2037 1784/2265/1818 1783/2264/1817
f 2005/2625/2040 1855/2344/1889 1819/2307/1853
f 2028/2554/2063 2034/2560/2069 2033/2559/2068
f 1812/2296/1846 2014/2550/2049 1810/2294/1844
f 2102/2650/2137 1799/2283/1833 2073/2611/2108
f 1321/1666/1345 1916/2525/1950 1182/1498/1204
f 1805/2289/1839 2063/2599/2098 1782/2263/1816
f 1921/2424/1955 1720/2384/1754 2092/2678/2127
f 1887/2381/1921 2003/2523/2038 2130/2685/2165
f 2063/2599/2098 2131/2686/2166 1984/2501/2019
f 1818/2305/1852 1827/2315/1861 2079/2617/2114
f 1916/2419/1950 1327/1674/1351 1182/1479/1204
f 1173/1470/1195 1910/2409/1944 1085/1374/1107
f 1793/2277/1827 2102/2650/2137 1842/2330/1876
f 1653/2088/1684 1741/2213/1775 1856/2345/1890
f 2121/2671/2156 1968/2479/2003 2120/2670/2155
f 2121/2671/2156 1970/2673/2005 1968/2479/2003
f 1768/2245/1802 2049/2581/2084 1823/2311/1857
f 1985/2502/2020 1434/1843/1465 1809/2687/1843
f 1998/2518/2033 2035/2561/2070 1421/1829/1452
f 2121/2688/2156 2125/2677/2160 1835/2323/1869
f 1771/2253/1805 1779/2260/1813 1536/1954/1567
f 2044/2574/2079 2132/2689/2167 2133/2690/2168
f 2121/2671/2156 2044/2574/2079 2133/2690/2168
f 1933/2437/1967 1905/2403/1939 1937/2441/1971
f 1962/2469/1996 1998/2518/2033 1421/1829/1452
f 1887/2381/1921 2130/2685/2165 1299/1637/1323
f 2134/2691/2169 1923/2692/1957 1866/2357/1900
f 1799/2283/1833 2102/2650/2137 1793/2277/1827
f 1546/1964/1577 1544/1962/1575 1779/2260/1813
f 2135/2693/2170 2136/2694/2171 2137/2695/2172
f 1893/2389/1927 1859/2349/1893 1846/2373/1880
f 2100/2648/2135 2001/2521/2036 2084/2627/2119
f 2125/2677/2160 2123/2675/2158 2066/2603/2101
f 1853/2342/1887 1398/1795/1426 2012/2534/2047
f 1853/2342/1887 1286/1618/1310 1398/1795/1426
f 1807/2291/1841 2007/2528/2042 2090/2636/2125
f 1741/2213/1775 1914/2416/1948 1856/2345/1890
f 1384/1764/1410 1876/2368/1910 1313/1656/1337
f 2072/2610/2107 2135/2693/2170 2137/2695/2172
f 1197/1678/1219 1313/1656/1337 1876/2368/1910
f 2006/2527/2041 2005/2526/2040 2109/2657/2144
f 1964/2471/1998 2112/2660/2147 2011/2532/2046
f 1877/2369/1911 1948/2452/1982 1878/2370/1912
f 1725/2186/1759 1671/2297/1702 1631/2232/1662
f 2138/2696/2173 2139/2697/2174 2140/2698/2175
f 1893/2389/1927 2030/2556/2065 1859/2349/1893
f 2077/2699/2112 1811/2295/1845 1810/2294/1844
f 1821/2309/1855 2067/2604/2102 1948/2452/1982
f 1622/2053/1653 1741/2213/1775 1715/2167/1746
f 2141/2700/2176 2142/2701/2177 2128/2702/2163
f 1856/2345/1890 1914/2416/1948 1857/2346/1891
f 1706/2150/1737 1940/2444/1974 1885/2379/1919
f 2109/2703/2144 2083/2626/2118 2143/2704/2178
f 2130/2685/2165 1673/2705/1704 1299/1637/1323
f 2144/2706/2179 2145/2707/2180 1870/2361/1904
f 1814/2301/1848 2077/2615/2112 1816/2303/1850
f 1670/2364/1701 2087/2632/2122 1873/2365/1907
f 1929/2432/1963 1845/2333/1879 1844/2332/1878
f 2077/2615/2112 1836/2324/1870 1816/2303/1850
f 1876/2368/1910 1916/2419/1950 1197/1678/1219
f 2130/2685/2165 2146/2708/2181 1673/2705/1704
f 2108/2709/2143 2147/2710/2182 2142/2711/2177
f 1821/2309/1855 1930/2434/1964 1883/2377/1917
f 1286/1618/1310 1852/2341/1886 2129/2683/2164
f 2077/2615/2112 2148/2712/2183 1836/2324/1870
f 2149/2713/2184 2028/2554/2063 2037/2566/2072
f 1893/2389/1927 2037/2566/2072 2030/2556/2065
f 1387/1769/1413 1952/2458/1986 1988/2505/2023
f 2138/2696/2173 2140/2698/2175 2150/2714/2185
f 1286/1618/1310 1919/2422/1953 1384/1764/1410
f 1944/2448/1978 2039/2568/2074 1945/2449/1979
f 1916/2419/1950 2004/2524/2039 1887/2381/1921
f 2151/2715/2186 2152/2716/2187 2153/2717/2188
f 2026/2552/2061 2113/2661/2148 1824/2312/1858
f 1980/2496/2015 1979/2494/2014 1853/2342/1887
f 2154/2718/2189 2083/2626/2118 1884/2378/1918
f 2155/2719/2190 2156/2720/2191 2157/2721/2192
f 2158/2722/2193 2159/2723/2194 2160/2724/2195
f 2161/2725/2196 2162/2726/2197 2163/2727/2198
f 2018/2541/2053 1945/2449/1979 2039/2568/2074
f 2164/2728/2199 2165/2729/2200 2166/2730/2201
f 2009/2530/2044 1852/2341/1886 2010/2531/2045
f 1851/2340/1885 2048/2580/2083 2075/2613/2110
f 2109/2703/2144 2005/2625/2040 2083/2626/2118
f 2167/2731/2202 2168/2732/2203 2169/2733/2204
f 2137/2695/2172 2136/2694/2171 2170/2734/2205
f 2171/2735/2206 2172/2736/2207 2173/2737/2208
f 1956/2462/1990 1873/2365/1907 2087/2632/2122
f 2174/2738/2209 2175/2739/2210 2176/2740/2211
f 2152/2716/2187 2177/2741/2212 2153/2717/2188
f 1949/2507/1983 2000/2742/2035 1990/2508/2025
f 2170/2734/2205 2139/2697/2174 2138/2696/2173
f 2162/2726/2197 1960/2466/1994 1959/2465/1993
f 2070/2608/2105 2072/2610/2107 2178/2743/2213
f 1729/2744/1763 1730/2745/1764 2179/2746/2214
f 1729/2744/1763 2179/2746/2214 2180/2747/2215
f 1852/2341/1886 1851/2340/1885 2010/2531/2045
f 1729/2748/1763 2180/2749/2215 1727/2750/1761
f 2181/2751/2216 2182/2752/2217 2171/2735/2206
f 2173/2737/2208 2181/2751/2216 2171/2735/2206
f 2171/2735/2206 2183/2753/2218 2172/2736/2207
f 1673/2109/1704 2146/2754/2181 1522/1939/1553
f 2184/2755/2219 2185/2756/2220 2186/2757/2221
f 2187/2758/2222 2188/2759/2223 2164/2728/2199
f 1681/2120/1712 1872/2363/1906 1322/2118/1346
f 2189/2760/2224 2190/2761/2225 2191/2762/2226
f 2156/2720/2191 2192/2763/2227 2058/2591/2093
f 2173/2737/2208 2172/2736/2207 2193/2764/2228
f 2129/2683/2164 1919/2422/1953 1286/1618/1310
f 2137/2695/2172 2138/2696/2173 2072/2610/2107
f 2164/2728/2199 2188/2759/2223 2194/2765/2229
f 1972/2485/2007 1861/2351/1895 1944/2448/1978
f 1894/2390/1928 1839/2327/1873 1838/2326/1872
f 2062/2597/2097 2041/2593/2076 2059/2592/2094
f 1844/2332/1878 1843/2331/1877 2195/2766/2230
f 2196/2767/2231 2197/2768/2232 2198/2769/2233
f 1182/1498/1204 1207/1524/1229 1321/1666/1345
f 1339/1813/1363 1847/2336/1881 2036/2562/2071
f 1996/2516/2031 1950/2454/1984 1937/2441/1971
f 1877/2369/1911 2071/2609/2106 1930/2434/1964
f 1937/2441/1971 1950/2454/1984 1933/2437/1967
f 2199/2770/2234 2070/2608/2105 2200/2771/2235
f 2138/2696/2173 2178/2743/2213 2072/2610/2107
f 1322/2118/1346 1872/2363/1906 1954/2460/1988
f 1969/2642/2004 1854/2343/1888 1892/2772/1926
f 1919/2422/1953 2009/2530/2044 1875/2367/1909
f 1935/2439/1969 2201/2773/2236 2202/2774/2237
f 1859/2349/1893 2030/2556/2065 2029/2555/2064
f 1859/2349/1893 2029/2555/2064 1978/2493/2013
f 1978/2493/2013 2029/2555/2064 1979/2494/2014
f 1871/2362/1905 2203/2775/2238 2088/2633/2123
f 1928/2431/1962 2088/2633/2123 2203/2775/2238
f 1720/2384/1754 2047/2577/2082 1889/2383/1923
f 2157/2721/2192 2204/2776/2239 2155/2719/2190
f 1820/2308/1854 1854/2343/1888 1901/2398/1935
f 2205/2777/2240 2206/2778/2241 2204/2779/2239
f 1892/2772/1926 1854/2343/1888 1855/2344/1889
f 1941/2445/1975 2025/2548/2060 1886/2380/1920
f 2009/2530/2044 2112/2660/2147 1875/2367/1909
f 2207/2780/2242 2046/2576/2081 2047/2577/2082
f 1931/2435/1965 1930/2434/1964 2071/2609/2106
f 2153/2717/2188 2208/2781/2243 2151/2715/2186
f 2209/2782/2244 2210/2783/2245 2196/2767/2231
f 2196/2767/2231 2210/2783/2245 2197/2768/2232
f 1870/2784/1904 1872/2393/1906 1691/2130/1722
f 1883/2377/1917 1931/2435/1965 2199/2770/2234
f 2057/2590/2092 2051/2583/2086 2151/2715/2186
f 2211/2785/2246 2212/2786/2247 2213/2787/2248
f 2108/2709/2143 2107/2788/2142 2147/2710/2182
f 2214/2789/2249 2215/2790/2250 1935/2439/1969
f 2129/2683/2164 2009/2530/2044 1919/2422/1953
f 2091/2638/2126 1875/2367/1909 2112/2660/2147
f 1928/2791/1962 2203/2792/2238 2204/2776/2239
f 2153/2793/2188 2167/2731/2202 2208/2794/2243
f 2215/2790/2250 2201/2773/2236 1935/2439/1969
f 2043/2795/2078 1964/2471/1998 2059/2600/2094
f 2167/2731/2202 2169/2733/2204 2208/2794/2243
f 2216/2796/2251 2217/2797/2252 2218/2798/2253
f 2219/2799/2254 2169/2733/2204 2168/2732/2203
f 1952/2458/1986 1378/1755/1404 1840/2328/1874
f 1691/2130/1722 1601/2024/1632 1870/2784/1904
f 2143/2704/2178 2083/2626/2118 2154/2718/2189
f 2204/2779/2239 2203/2775/2238 2205/2777/2240
f 1975/2488/2010 1974/2487/2009 2033/2559/2068
f 2220/2800/2255 2221/2801/2256 2222/2802/2257
f 2051/2583/2086 2152/2716/2187 2151/2715/2186
f 2202/2774/2237 1969/2481/2004 1935/2439/1969
f 2034/2560/2069 2149/2713/2184 2074/2612/2109
f 2223/2803/2258 2224/2804/2259 2225/2805/2260
f 1884/2378/1918 2226/2806/2261 2227/2807/2262
f 2223/2803/2258 1913/2412/1947 2224/2804/2259
f 2149/2713/2184 2173/2737/2208 2074/2612/2109
f 1939/2443/1973 1949/2453/1983 1899/2396/1933
f 1884/2378/1918 2227/2807/2262 2154/2718/2189
f 2228/2808/2263 1958/2464/1992 1598/2021/1629
f 2229/2809/2264 2230/2810/2265 2231/2811/2266
f 2232/2812/2267 2229/2813/2264 2184/2755/2219
f 1838/2326/1872 1840/2328/1874 1378/1755/1404
f 2233/2814/2268 2146/2815/2181 2130/2816/2165
f 2234/2817/2269 2235/2818/2270 2236/2819/2271
f 2214/2789/2249 1935/2439/1969 1934/2438/1968
f 2237/2820/2272 2235/2818/2270 2234/2817/2269
f 2238/2821/2273 2004/2524/2039 2239/2822/2274
f 1821/2309/1855 1948/2452/1982 1930/2434/1964
f 1931/2435/1965 2070/2608/2105 2199/2770/2234
f 2226/2806/2261 1883/2377/1917 2199/2770/2234
f 2050/2823/2085 2042/2571/2077 2062/2684/2097
f 1321/2824/1345 1322/2118/1346 1954/2460/1988
f 1952/2458/1986 1995/2515/2030 2018/2541/2053
f 2240/2825/2275 2241/2826/2276 2242/2827/2277
f 2243/2828/2278 2244/2829/2279 1696/2135/1727
f 1901/2398/1935 2245/2830/2280 1906/2405/1940
f 2245/2830/2280 1901/2398/1935 1969/2642/2004
f 2043/2795/2078 2091/2638/2126 2112/2660/2147
f 2071/2609/2106 2070/2608/2105 1931/2435/1965
f 2072/2610/2107 2104/2652/2139 2135/2693/2170
f 2138/2696/2173 2137/2695/2172 2170/2734/2205
f 2050/2823/2085 2246/2831/2281 2042/2571/2077
f 2042/2832/2077 2246/2833/2281 2164/2728/2199
f 2112/2660/2147 1964/2471/1998 2043/2795/2078
f 1565/1987/1596 1662/2097/1693 1566/1988/1597
f 2247/2834/2282 2248/2835/2283 2249/2836/2284
f 2250/2837/2285 2251/2838/2286 2252/2839/2287
f 2207/2840/2242 2253/2841/2288 2254/2842/2289
f 2027/2553/2062 1624/2549/1655 2255/2843/2290
f 2107/2655/2142 1679/2116/1710 1738/2209/1772
f 2256/2844/2291 1752/2225/1786 1747/2219/1781
f 1638/2072/1669 2257/2845/2292 1639/2074/1670
f 1883/2377/1917 2226/2806/2261 1884/2378/1918
f 2209/2782/2244 2196/2767/2231 2258/2846/2293
f 2024/2547/2059 1941/2445/1975 1940/2444/1974
f 2024/2547/2059 1940/2444/1974 2259/2847/2294
f 2144/2848/2179 1870/2784/1904 1601/2024/1632
f 2167/2731/2202 2153/2793/2188 2212/2849/2247
f 2260/2850/2295 2261/2851/2296 2262/2852/2297
f 2050/2582/2085 1966/2473/2000 2247/2834/2282
f 2126/2679/2161 2247/2834/2282 1966/2473/2000
f 2235/2818/2270 2237/2820/2272 2242/2827/2277
f 2141/2700/2176 2108/2656/2143 2142/2701/2177
f 2263/2853/2298 1737/2208/1771 2264/2854/2299
f 2130/2816/2165 2265/2855/2300 2233/2814/2268
f 2239/2822/2274 1917/2420/1951 2091/2638/2126
f 2212/2856/2247 2211/2857/2246 2236/2819/2271
f 2162/2726/2197 2161/2725/2196 2266/2858/2301
f 2181/2751/2216 2173/2737/2208 2267/2859/2302
f 2268/2860/2303 2115/2664/2150 2269/2861/2304
f 2198/2769/2233 1982/2862/2017 2270/2863/2305
f 2247/2834/2282 2126/2679/2161 2075/2613/2110
f 1917/2420/1951 2239/2822/2274 2004/2524/2039
f 2271/2864/2306 2259/2847/2294 2272/2865/2307
f 2273/2866/2308 2113/2661/2148 2274/2867/2309
f 2275/2868/2310 2229/2869/2264 2276/2870/2311
f 2277/2871/2312 2278/2872/2313 2279/2873/2314
f 2280/2874/2315 1784/2265/1818 1790/2273/1824
f 2281/2875/2316 2282/2876/2317 2283/2877/2318
f 2284/2878/2319 2285/2879/2320 2286/2880/2321
f 2147/2710/2182 2287/2881/2322 2220/2800/2255
f 2288/2882/2323 2289/2883/2324 2244/2829/2279
f 1836/2324/1870 2290/2884/2325 1837/2325/1871
f 2291/2885/2326 2292/2886/2327 2145/2707/2180
f 2293/2887/2328 2294/2888/2329 2295/2889/2330
f 2192/2763/2227 2156/2720/2191 2155/2719/2190
f 1638/2072/1669 1752/2225/1786 2257/2845/2292
f 2020/2543/2055 2296/2890/2331 2021/2544/2056
f 1566/1988/1597 1662/2097/1693 2297/2891/2332
f 2144/2848/2179 1886/2380/1920 2298/2892/2333
f 1990/2508/2025 2299/2893/2334 2300/2894/2335
f 2225/2805/2260 2301/2895/2336 1790/2273/1824
f 2302/2896/2337 2303/2897/2338 2304/2898/2339
f 2305/2899/2340 2306/2900/2341 2259/2847/2294
f 2307/2901/2342 1824/2312/1858 1810/2902/1844
f 1784/2265/1818 2280/2874/2315 1959/2465/1993
f 2308/2903/2343 1785/2266/1819 1960/2466/1994
f 2296/2890/2331 2309/2904/2344 2021/2544/2056
f 2266/2905/2301 2161/2906/2196 2310/2907/2345
f 2303/2897/2338 2302/2896/2337 2251/2908/2286
f 2288/2882/2323 2311/2909/2346 2289/2883/2324
f 2115/2664/2150 2006/2527/2041 2269/2861/2304
f 2312/2910/2347 2186/2757/2221 2217/2797/2252
f 1600/2023/1631 1886/2380/1920 1601/2024/1632
f 2279/2873/2314 2278/2872/2313 1943/2447/1977
f 1582/2004/1613 2311/2909/2346 2313/2911/2348
f 2314/2912/2349 2315/2913/2350 2316/2914/2351
f 2152/2716/2187 2051/2583/2086 2309/2904/2344
f 2091/2638/2126 2043/2795/2078 2239/2822/2274
f 2312/2915/2347 2159/2916/2194 2186/2917/2221
f 2256/2844/2291 1747/2219/1781 1754/2229/1788
f 2311/2909/2346 2317/2918/2352 2313/2911/2348
f 2285/2919/2320 2318/2920/2353 2319/2921/2354
f 2280/2874/2315 1790/2273/1824 2301/2895/2336
f 2237/2820/2272 2320/2922/2355 2242/2827/2277
f 2321/2923/2356 2322/2924/2357 2323/2925/2358
f 2255/2926/2290 2257/2845/2292 2324/2927/2359
f 1810/2902/1844 1824/2312/1858 2113/2661/2148
f 2323/2928/2358 1803/2287/1837 1489/1905/1520
f 1871/2362/1905 2292/2886/2327 2325/2929/2360
f 2186/2930/2221 2229/2809/2264 2232/2931/2267
f 2326/2932/2361 2327/2933/2362 2328/2934/2363
f 2329/2935/2364 2322/2924/2357 2330/2936/2365
f 2331/2937/2366 2332/2938/2367 2290/2939/2325
f 2333/2940/2368 2334/2941/2369 1662/2097/1693
f 2169/2942/2204 2335/2943/2370 2208/2781/2243
f 1654/2089/1685 1961/2468/1995 1790/2273/1824
f 2336/2944/2371 2337/2945/2372 2338/2946/2373
f 2313/2911/2348 2317/2918/2352 2339/2947/2374
f 2070/2608/2105 2178/2743/2213 2200/2771/2235
f 2178/2743/2213 2340/2948/2375 2200/2771/2235
f 2144/2848/2179 2298/2892/2333 2341/2949/2376
f 2306/2900/2341 2305/2899/2340 2342/2950/2377
f 2025/2548/2060 2159/2916/2194 2312/2915/2347
f 1582/2004/1613 2339/2947/2374 1550/1968/1581
f 2306/2900/2341 2342/2950/2377 2343/2951/2378
f 2322/2924/2357 2344/2952/2379 2345/2953/2380
f 2320/2922/2355 2346/2954/2381 2347/2955/2382
f 2348/2956/2383 2250/2957/2285 2349/2958/2384
f 2350/2959/2385 2229/2869/2264 2231/2960/2266
f 2349/2958/2384 2250/2957/2285 2252/2961/2287
f 2226/2806/2261 2340/2948/2375 2351/2962/2386
f 2032/2558/2067 2300/2894/2335 2058/2591/2093
f 2316/2963/2351 2315/2964/2350 2352/2965/2387
f 2346/2954/2381 2320/2922/2355 2353/2966/2388
f 2226/2806/2261 2351/2962/2386 2227/2807/2262
f 2178/2743/2213 2351/2962/2386 2340/2948/2375
f 2148/2967/2183 2331/2937/2366 2290/2939/2325
f 2046/2576/2081 2254/2968/2289 2354/2969/2389
f 2207/2840/2242 2047/2621/2082 2086/2631/2121
f 2037/2566/2072 2354/2969/2389 2355/2970/2390
f 1756/2231/1790 1752/2225/1786 1585/2007/1616
f 2343/2951/2378 2024/2547/2059 2306/2900/2341
f 2356/2971/2391 1566/1988/1597 2297/2891/2332
f 1628/2059/1659 2141/2700/2176 2128/2702/2163
f 1803/2972/1837 2357/2973/2392 1802/2974/1836
f 2358/2975/2393 2359/2976/2394 2360/2977/2395
f 2352/2978/2387 2315/2913/2350 2361/2979/2396
f 2313/2911/2348 2339/2947/2374 1582/2004/1613
f 2353/2966/2388 2362/2980/2397 2346/2954/2381
f 2167/2981/2202 2363/2982/2398 2161/2983/2196
f 1913/2412/1947 2195/2984/2230 2224/2804/2259
f 2364/2985/2399 2288/2882/2323 2332/2986/2367
f 2365/2987/2400 2262/2852/2297 2261/2851/2296
f 2332/2986/2367 2331/2988/2366 2364/2985/2399
f 2024/2547/2059 2366/2989/2401 2025/2548/2060
f 2024/2547/2059 2343/2951/2378 2366/2989/2401
f 2257/2845/2292 2367/2990/2402 2324/2927/2359
f 2258/2846/2293 2198/2769/2233 2270/2863/2305
f 2296/2890/2331 2020/2543/2055 1943/2447/1977
f 1617/2991/1648 2368/2992/2403 1692/2993/1723
f 2340/2948/2375 2226/2806/2261 2199/2770/2234
f 2369/2994/2404 2370/2995/2405 2297/2891/2332
f 2371/2996/2406 2235/2818/2270 2372/2997/2407
f 2365/2987/2400 2159/2723/2194 2366/2998/2401
f 2303/2897/2338 2259/2847/2294 2373/2999/2408
f 2372/2997/2407 2235/2818/2270 2242/2827/2277
f 2345/2953/2380 2330/2936/2365 2322/2924/2357
f 2334/2941/2369 2369/2994/2404 2297/2891/2332
f 2167/2981/2202 2212/2856/2247 2374/3000/2409
f 2199/2770/2234 2200/2771/2235 2340/2948/2375
f 2155/2719/2190 2204/2776/2239 2206/3001/2241
f 2267/2859/2302 2375/3002/2410 2181/2751/2216
f 2284/3003/2319 2319/2921/2354 2376/3004/2411
f 2216/3005/2251 2184/3006/2219 2275/2868/2310
f 2377/3007/2412 2378/3008/2413 2357/3009/2392
f 2319/3010/2354 2286/3011/2321 2285/3012/2320
f 2376/3004/2411 2319/2921/2354 2318/2920/2353
f 2074/2612/2109 2173/2737/2208 2248/2835/2283
f 2303/2897/2338 2379/3013/2414 2259/2847/2294
f 2316/2914/2351 2380/3014/2415 2314/2912/2349
f 2381/3015/2416 2380/3014/2415 2316/2914/2351
f 2345/2953/2380 2344/2952/2379 2382/3016/2417
f 2310/2907/2345 2161/2906/2196 2383/3017/2418
f 2243/2828/2278 2370/2995/2405 2244/2829/2279
f 2341/2949/2376 2298/2892/2333 2312/2915/2347
f 2238/2821/2273 2003/2523/2038 2004/2524/2039
f 2384/3018/2419 2239/2822/2274 2385/3019/2420
f 1871/2362/1905 2325/2929/2360 2203/2775/2238
f 1639/2074/1670 2255/2926/2290 1624/2055/1655
f 1837/2325/1871 2367/2990/2402 2122/2674/2157
f 1943/2447/1977 2278/2872/2313 2296/2890/2331
f 1961/2468/1995 1868/2359/1902 2223/2803/2258
f 2284/3003/2319 2286/3020/2321 2319/2921/2354
f 1868/2359/1902 1913/2412/1947 2223/2803/2258
f 2065/2602/2100 1958/2464/1992 2228/2808/2263
f 2379/3013/2414 2303/2897/2338 2251/2908/2286
f 2353/2966/2388 2320/2922/2355 2237/2820/2272
f 2341/3021/2376 2312/2910/2347 2205/2777/2240
f 2309/2904/2344 2213/2787/2248 2152/2716/2187
f 2249/3022/2284 2187/3023/2222 2246/2831/2281
f 2248/2835/2283 2187/2758/2222 2249/2836/2284
f 2122/2674/2157 1752/2225/1786 2256/2844/2291
f 2213/2787/2248 2309/2904/2344 2296/2890/2331
f 1965/2472/1999 2011/2532/2046 2126/2679/2161
f 2161/2906/2196 2174/3024/2209 2383/3017/2418
f 2048/2580/2083 1851/2340/1885 1975/2488/2010
f 2161/2983/2196 2363/2982/2398 2175/3025/2210
f 2258/2846/2293 2196/2767/2231 2198/2769/2233
f 2195/2984/2230 1843/3026/1877 2386/3027/2421
f 2366/2989/2401 2159/2916/2194 2025/2548/2060
f 1756/2231/1790 1747/2219/1781 1752/2225/1786
f 2280/2874/2315 2301/2895/2336 1959/2465/1993
f 2387/3028/2422 2388/3029/2423 2389/3030/2424
f 2144/2706/2179 2291/2885/2326 2145/2707/2180
f 2291/2885/2326 2325/2929/2360 2292/2886/2327
f 2184/3006/2219 2216/3005/2251 2218/3031/2253
f 2370/2995/2405 2288/2882/2323 2244/2829/2279
f 2240/2825/2275 2320/2922/2355 2347/2955/2382
f 2299/2893/2334 1990/2508/2025 1928/2791/1962
f 2127/2680/2162 2128/2682/2163 2390/3032/2425
f 2364/2985/2399 2304/2898/2339 2288/2882/2323
f 1943/2447/1977 2058/2591/2093 2192/2763/2227
f 2160/2724/2195 2159/2723/2194 2365/2987/2400
f 2304/2898/2339 2391/3033/2426 2288/2882/2323
f 2392/3034/2427 2390/3032/2425 2128/2682/2163
f 2357/3009/2392 2378/3008/2413 1802/2286/1836
f 2279/2873/2314 2393/3035/2428 2353/3036/2388
f 2152/2716/2187 2213/2787/2248 2177/2741/2212
f 2347/2955/2382 2346/2954/2381 2293/2887/2328
f 2394/3037/2429 2395/3038/2430 2396/3039/2431
f 2241/2826/2276 2395/3038/2430 2394/3037/2429
f 2379/3013/2414 2397/3040/2432 2259/2847/2294
f 2393/3035/2428 2279/2873/2314 2192/2763/2227
f 2322/2924/2357 2329/2935/2364 2398/3041/2433
f 2043/2795/2078 2166/2730/2201 2385/3019/2420
f 2184/2755/2219 2218/2798/2253 2185/2756/2220
f 2397/3040/2432 2379/3013/2414 2399/3042/2434
f 2255/2926/2290 2400/3043/2435 2027/3044/2062
f 2388/3029/2423 2387/3028/2422 2391/3033/2426
f 1737/3045/1771 2336/3046/2371 1738/3047/1772
f 2246/2831/2281 2050/2823/2085 2249/3022/2284
f 2262/3048/2297 2305/2899/2340 2349/2958/2384
f 2384/3018/2419 2401/3049/2436 2402/3050/2437
f 1785/2266/1819 1784/2265/1818 1959/2465/1993
f 2074/2612/2109 2247/2834/2282 2075/2613/2110
f 1973/2486/2008 2335/2943/2370 1972/2485/2007
f 2290/2884/2325 2367/2990/2402 1837/2325/1871
f 2397/3040/2432 2305/2899/2340 2259/2847/2294
f 2147/2710/2182 2220/2800/2255 2142/2711/2177
f 2165/2729/2200 2403/3051/2438 2404/3052/2439
f 2405/3053/2440 1722/2180/1756 2146/2754/2181
f 2305/2899/2340 2397/3040/2432 2399/3042/2434
f 2042/2571/2077 2164/3054/2199 2043/2572/2078
f 2316/2963/2351 2352/2965/2387 2381/3055/2416
f 2405/3056/2440 2146/2815/2181 2406/3057/2441
f 2335/2943/2370 1973/2486/2008 2057/2590/2092
f 2407/3058/2442 2380/3014/2415 2381/3015/2416
f 2320/2922/2355 2240/2825/2275 2242/2827/2277
f 2408/3059/2443 2376/3004/2411 2409/3060/2444
f 2113/2661/2148 2273/2866/2308 1810/2902/1844
f 2347/2955/2382 2293/2887/2328 2295/2889/2330
f 1810/2902/1844 2273/2866/2308 2410/3061/2445
f 1784/2265/1818 1642/2077/1673 1790/2273/1824
f 1752/2225/1786 2122/2674/2157 2367/2990/2402
f 2402/3050/2437 2401/3049/2436 2258/3062/2293
f 2247/2834/2282 2074/2612/2109 2248/2835/2283
f 2324/3063/2359 2290/2939/2325 2332/2938/2367
f 2324/2927/2359 2332/3064/2367 2400/3043/2435
f 2233/2814/2268 2402/3065/2437 2411/3066/2446
f 2400/3043/2435 2255/2926/2290 2324/2927/2359
f 2407/3058/2442 2412/3067/2447 2158/2722/2193
f 2207/2840/2242 2086/2631/2121 2123/2675/2158
f 1825/2313/1859 2086/2631/2121 1746/2218/1780
f 2386/3027/2421 2168/2732/2203 2413/3068/2448
f 2414/3069/2449 2415/3070/2450 2176/3071/2211
f 2047/2621/2082 1746/2218/1780 2086/2631/2121
f 1961/2468/1995 2225/2805/2260 1790/2273/1824
f 2332/2986/2367 2288/2882/2323 2370/2995/2405
f 2402/3050/2437 2258/3062/2293 2411/3072/2446
f 2396/3073/2431 2395/3074/2430 2416/3075/2451
f 2332/2986/2367 2370/2995/2405 2417/3076/2452
f 2153/2717/2188 2177/2741/2212 2212/2786/2247
f 2168/3077/2203 1843/2331/1877 2219/3078/2254
f 2395/3074/2430 2418/3079/2453 2416/3075/2451
f 2247/2834/2282 2249/2836/2284 2050/2582/2085
f 2251/2838/2286 2302/3080/2337 2252/2839/2287
f 2186/2930/2221 2159/2723/2194 2282/2876/2317
f 1832/2320/1866 1837/2325/1871 2419/3081/2454
f 2186/2757/2221 2218/2798/2253 2217/2797/2252
f 2150/2714/2185 2178/2743/2213 2138/2696/2173
f 1943/2447/1977 2192/2763/2227 2279/2873/2314
f 1696/2135/1727 1566/1988/1597 2420/3082/2455
f 2160/2724/2195 2380/3014/2415 2158/2722/2193
f 1961/2468/1995 2223/2803/2258 2225/2805/2260
f 2020/2543/2055 1937/2441/1971 1989/2506/2024
f 2239/2822/2274 2384/3018/2419 2238/2821/2273
f 2311/2909/2346 2387/3028/2422 2317/2918/2352
f 2421/3083/2456 2422/3084/2457 2423/3085/2458
f 2393/3035/2428 2192/2763/2227 2275/2868/2310
f 2295/2889/2330 2294/2888/2329 2424/3086/2459
f 2384/3018/2419 2385/3019/2420 2401/3049/2436
f 2276/2870/2311 2393/3035/2428 2275/2868/2310
f 2301/2895/2336 2225/2805/2260 2425/3087/2460
f 2406/3057/2441 2270/2863/2305 2405/3056/2440
f 2046/2576/2081 2354/2969/2389 2037/2566/2072
f 2175/3025/2210 2363/2982/2398 2426/3088/2461
f 2276/2870/2311 2362/3089/2397 2393/3035/2428
f 2342/2950/2377 2262/3048/2297 2343/2951/2378
f 1765/2241/1799 2333/2940/2368 1662/2097/1693
f 2032/2558/2067 1990/2508/2025 2300/2894/2335
f 2342/2950/2377 2305/2899/2340 2262/3048/2297
f 2236/2819/2271 2235/2818/2270 2371/2996/2406
f 1888/2382/1922 2122/2674/2157 2256/2844/2291
f 2368/2992/2403 1617/2991/1648 2327/2933/2362
f 2055/2587/2090 2195/2984/2230 1913/2412/1947
f 2339/2947/2374 1745/2217/1779 1550/1968/1581
f 2240/2825/2275 2347/2955/2382 2395/3038/2430
f 1754/2229/1788 1888/2382/1922 2256/2844/2291
f 2236/2819/2271 2285/2879/2320 2212/2856/2247
f 2312/2910/2347 2217/2797/2252 2206/2778/2241
f 2010/2531/2045 2126/2679/2161 2011/2532/2046
f 2270/2863/2305 1982/2862/2017 2405/3056/2440
f 2341/3021/2376 2325/2929/2360 2291/2885/2326
f 2288/2882/2323 2387/3028/2422 2311/2909/2346
f 2427/3090/2462 1124/1415/1146 1668/2104/1699
f 2241/2826/2276 2240/2825/2275 2395/3038/2430
f 2296/2890/2331 2211/2785/2246 2213/2787/2248
f 2391/3033/2426 2428/3091/2463 2388/3029/2423
f 1861/2351/1895 2335/2943/2370 1843/2331/1877
f 1851/2340/1885 2075/2613/2110 2010/2531/2045
f 2212/2856/2247 2429/3092/2464 2374/3000/2409
f 2128/2682/2163 2142/2711/2177 2220/2800/2255
f 2275/2868/2310 2184/3006/2219 2229/2869/2264
f 2430/3093/2465 2326/3094/2361 2328/3095/2363
f 2282/2876/2317 2229/2809/2264 2186/2930/2221
f 1701/2143/1732 2431/3096/2466 1702/2144/1733
f 2413/3068/2448 2163/2727/2198 2425/3087/2460
f 2010/2531/2045 2075/2613/2110 2126/2679/2161
f 2347/2955/2382 2295/2889/2330 2395/3038/2430
f 1667/2103/1698 2432/3097/2467 2433/3098/2468
f 1928/2791/1962 2204/2776/2239 2157/2721/2192
f 2434/3099/2469 2435/3100/2470 2436/3101/2471
f 2336/2944/2371 2437/3102/2472 2337/2945/2372
f 2412/3067/2447 2407/3058/2442 2381/3015/2416
f 2173/2737/2208 2193/2764/2228 2248/2835/2283
f 2198/2769/2233 2228/3103/2263 1982/2862/2017
f 1304/1644/1328 1124/1415/1146 2427/3090/2462
f 2228/2808/2263 1598/2021/1629 1982/2499/2017
f 2324/3063/2359 2367/3104/2402 2290/2939/2325
f 2438/3105/2473 2430/3093/2465 2328/3095/2363
f 2380/3014/2415 2365/2987/2400 2314/2912/2349
f 2248/2835/2283 2193/2764/2228 2187/2758/2222
f 2365/2987/2400 2380/3014/2415 2160/2724/2195
f 2439/3106/2474 2294/2888/2329 2350/3107/2385
f 2357/2973/2392 2322/2924/2357 2398/3041/2433
f 2225/2805/2260 2224/2804/2259 2425/3087/2460
f 2317/2918/2352 2387/3028/2422 2389/3030/2424
f 2401/3049/2436 2385/3019/2420 2166/2730/2201
f 2272/2865/2307 1745/2217/1779 2317/2918/2352
f 2207/2840/2242 2254/2842/2289 2046/3108/2081
f 2401/3109/2436 2209/2782/2244 2258/2846/2293
f 2387/3028/2422 2288/2882/2323 2391/3033/2426
f 2339/2947/2374 2317/2918/2352 1745/2217/1779
f 2055/2587/2090 1844/2492/1878 2195/2984/2230
f 2395/3074/2430 2295/3110/2330 2418/3079/2453
f 2217/2797/2252 2216/2796/2251 2206/2778/2241
f 2384/3018/2419 2440/3111/2475 2238/2821/2273
f 1927/2430/1961 2088/2633/2123 1928/2431/1962
f 1488/1904/1519 1735/2203/1769 1489/1905/1520
f 2299/2893/2334 1928/2791/1962 2157/2721/2192
f 2254/2968/2289 2441/3112/2476 2354/2969/2389
f 2380/3014/2415 2407/3058/2442 2158/2722/2193
f 2032/2558/2067 2058/2591/2093 2035/2561/2070
f 1738/2209/1772 2287/3113/2322 2107/2655/2142
f 2304/2898/2339 2373/2999/2408 2428/3091/2463
f 2271/2864/2306 2388/3029/2423 2373/2999/2408
f 2212/2856/2247 2285/2879/2320 2429/3092/2464
f 2357/2973/2392 2323/2925/2358 2322/2924/2357
f 2222/2802/2257 2221/2801/2256 2392/3034/2427
f 2412/3067/2447 2381/3015/2416 2442/3114/2477
f 2222/2802/2257 2392/3034/2427 2128/2682/2163
f 2443/3115/2478 2378/3008/2413 2377/3007/2412
f 2427/3090/2462 1399/1796/1427 1304/1644/1328
f 2307/2901/2342 2334/2941/2369 2333/2940/2368
f 2232/2812/2267 2184/2755/2219 2186/2757/2221
f 2345/2953/2380 2382/3016/2417 2444/3116/2479
f 2382/3016/2417 2344/2952/2379 2445/3117/2480
f 2155/3118/2190 2446/3119/2481 2275/3120/2310
f 2447/3121/2482 2318/2920/2353 2372/3122/2407
f 2271/2864/2306 2389/3030/2424 2388/3029/2423
f 2272/2865/2307 2317/2918/2352 2389/3030/2424
f 1737/2208/1771 2263/2853/2298 2336/3123/2371
f 2293/2887/2328 2276/3124/2311 2350/3107/2385
f 1886/2380/1920 2025/2548/2060 2298/2892/2333
f 2197/3125/2232 2448/3126/2483 2449/3127/2484
f 2161/2725/2196 2163/2727/2198 2168/2732/2203
f 2065/2602/2100 2228/2808/2263 2449/3128/2484
f 2450/3129/2485 2065/2602/2100 2449/3128/2484
f 2159/2723/2194 2158/2722/2193 2282/2876/2317
f 2163/2727/2198 2301/2895/2336 2425/3087/2460
f 1803/2972/1837 2323/2925/2358 2357/2973/2392
f 2425/3087/2460 2224/2804/2259 2413/3068/2448
f 2281/2875/2316 2451/3130/2486 2452/3131/2487
f 2336/3123/2371 2263/2853/2298 2453/3132/2488
f 2405/3053/2440 1982/2499/2017 1722/2180/1756
f 2271/2864/2306 2272/2865/2307 2389/3030/2424
f 2192/2763/2227 2155/2719/2190 2275/2868/2310
f 2283/3133/2318 2451/3134/2486 2281/3135/2316
f 2373/2999/2408 2304/2898/2339 2303/2897/2338
f 2276/2870/2311 2229/2869/2264 2350/2959/2385
f 2453/3136/2488 2454/3137/2489 2336/2944/2371
f 2413/3068/2448 2168/2732/2203 2163/2727/2198
f 2195/2984/2230 2386/3027/2421 2224/2804/2259
f 2307/2901/2342 2455/3138/2490 2334/2941/2369
f 2333/2940/2368 1801/2285/1835 2307/2901/2342
f 1667/2103/1698 2427/3090/2462 1668/2104/1699
f 2456/3139/2491 2149/2713/2184 2037/2566/2072
f 2161/2983/2196 2175/3025/2210 2174/3140/2209
f 2301/2895/2336 2163/2727/2198 1959/2465/1993
f 2279/2873/2314 2353/3036/2388 2277/2871/2312
f 2362/2980/2397 2276/3124/2311 2346/2954/2381
f 1861/2351/1895 1972/2485/2007 2335/2943/2370
f 2210/2783/2245 2448/3141/2483 2197/2768/2232
f 1885/2379/1919 1941/2445/1975 1886/2380/1920
f 1791/2275/1825 2457/3142/2492 2458/3143/2493
f 1778/2259/1812 1791/2274/1825 2459/3144/2494
f 2327/3145/2362 1617/2044/1648 1677/2114/1708
f 2300/2894/2335 2156/2720/2191 2460/3146/2495
f 2285/2879/2320 2236/2819/2271 2371/2996/2406
f 2346/2954/2381 2276/3124/2311 2293/2887/2328
f 2461/3147/2496 2281/2875/2316 2452/3131/2487
f 1601/2024/1632 1886/2380/1920 2144/2848/2179
f 1946/2450/1980 2057/2590/2092 1973/2486/2008
f 2440/3111/2475 2402/3050/2437 2265/3148/2300
f 2003/2523/2038 2265/3148/2300 2130/2685/2165
f 2325/2929/2360 2205/2777/2240 2203/2775/2238
f 2440/3111/2475 2384/3018/2419 2402/3050/2437
f 2253/2841/2288 2123/2675/2158 2462/3149/2497
f 2409/3060/2444 2376/3004/2411 2318/2920/2353
f 2207/2840/2242 2123/2675/2158 2253/2841/2288
f 2432/3097/2467 1696/2135/1727 2244/2829/2279
f 2368/2992/2403 2382/3016/2417 1692/2993/1723
f 2433/3098/2468 2432/3097/2467 2289/2883/2324
f 2211/2857/2246 2463/3150/2498 2234/2817/2269
f 2244/2829/2279 2289/2883/2324 2432/3097/2467
f 2169/2942/2204 2219/3078/2254 2335/2943/2370
f 2357/3009/2392 2398/3151/2433 2464/3152/2499
f 2003/2523/2038 2238/2821/2273 2440/3111/2475
f 2371/2996/2406 2318/3153/2353 2285/2879/2320
f 2234/2817/2269 2236/2819/2271 2211/2857/2246
f 2296/2890/2331 2278/2872/2313 2211/2785/2246
f 2197/3154/2232 2449/3128/2484 2228/2808/2263
f 2198/3155/2233 2197/3154/2232 2228/2808/2263
f 2258/2846/2293 2406/3057/2441 2233/2814/2268
f 1634/2065/1665 1332/1680/1356 1399/1796/1427
f 2233/2814/2268 2411/3066/2446 2258/2846/2293
f 2218/2798/2253 2186/2757/2221 2185/2756/2220
f 2230/2810/2265 2439/3106/2474 2231/2811/2266
f 2233/2814/2268 2265/2855/2300 2402/3065/2437
f 1965/2472/1999 1964/2471/1998 2011/2532/2046
f 2365/2987/2400 2261/2851/2296 2315/2913/2350
f 2027/3156/2062 2417/3076/2452 2455/3138/2490
f 1745/2217/1779 2272/2865/2307 1706/2150/1737
f 1735/2203/1769 2344/3157/2379 2323/2928/2358
f 2455/3138/2490 2417/3076/2452 2369/2994/2404
f 2386/3027/2421 2413/3068/2448 2224/2804/2259
f 1843/3026/1877 2168/2732/2203 2386/3027/2421
f 1745/2217/1779 1706/2150/1737 1690/2129/1721
f 2440/3111/2475 2265/3148/2300 2003/2523/2038
f 2294/2888/2329 2230/2810/2265 2465/3158/2500
f 2329/3159/2364 2464/3152/2499 2398/3151/2433
f 2382/3016/2417 2368/2992/2403 2444/3116/2479
f 2382/3016/2417 2445/3117/2480 1692/2993/1723
f 2162/3160/2197 2266/2905/2301 2466/3161/2501
f 1667/2103/1698 1634/2065/1665 2427/3090/2462
f 2326/3094/2361 2430/3093/2465 2467/3162/2502
f 1399/1796/1427 2427/3090/2462 1634/2065/1665
f 1701/2143/1732 1778/2259/1812 2431/3096/2466
f 2463/3150/2498 2278/3163/2313 2277/3164/2312
f 1810/2902/1844 2455/3138/2490 2307/2901/2342
f 1801/2285/1835 1824/2312/1858 2307/2901/2342
f 2365/2987/2400 2315/2913/2350 2314/2912/2349
f 2187/2758/2222 2164/2728/2199 2246/2833/2281
f 2341/3021/2376 2291/2885/2326 2144/2706/2179
f 2468/3165/2503 2372/2997/2407 2242/2827/2277
f 2417/3076/2452 2370/2995/2405 2369/2994/2404
f 2372/3122/2407 2318/2920/2353 2371/3166/2406
f 2014/2550/2049 2027/2553/2062 1810/2294/1844
f 1765/2241/1799 1764/2240/1798 1801/2285/1835
f 2335/2943/2370 2057/2590/2092 2151/2715/2186
f 2463/3150/2498 2237/2820/2272 2234/2817/2269
f 1125/1416/1147 1124/1415/1146 1304/1644/1328
f 2158/2722/2193 2412/3067/2447 2283/2877/2318
f 1706/2150/1737 2272/2865/2307 1940/2444/1974
f 2465/3158/2500 2469/3167/2504 2294/2888/2329
f 2409/3060/2444 2318/2920/2353 2470/3168/2505
f 2403/3051/2438 2165/2729/2200 2194/2765/2229
f 2433/3098/2468 2289/2883/2324 2311/2909/2346
f 1990/2508/2025 2000/2742/2035 1928/2791/1962
f 2463/3169/2498 2211/2785/2246 2278/2872/2313
f 2027/3156/2062 2455/3138/2490 1810/2902/1844
f 2164/2728/2199 2194/2765/2229 2165/2729/2200
f 2354/2969/2389 2441/3112/2476 2355/2970/2390
f 2471/3170/2506 2472/3171/2507 2473/3172/2508
f 2335/2943/2370 2219/3078/2254 1843/2331/1877
f 2210/3173/2245 2209/3174/2244 2404/3052/2439
f 2058/2591/2093 2300/2894/2335 2460/3146/2495
f 2165/2729/2200 2404/3052/2439 2209/3174/2244
f 2298/2892/2333 2025/2548/2060 2312/2915/2347
f 2460/3146/2495 2156/2720/2191 2058/2591/2093
f 1639/2074/1670 2257/2845/2292 2255/2926/2290
f 2295/3110/2330 2424/3175/2459 2418/3079/2453
f 2000/2742/2035 1926/3176/1960 1928/2791/1962
f 1635/2067/1666 1633/3177/1664 1589/2068/1620
f 2455/3138/2490 2369/2994/2404 2334/2941/2369
f 2363/2982/2398 2374/3000/2409 2429/3092/2464
f 2422/3084/2457 2421/3083/2456 2474/3178/2509
f 2282/2876/2317 2158/2722/2193 2283/2877/2318
f 2156/2720/2191 2299/2893/2334 2157/2721/2192
f 2463/3150/2498 2277/3164/2312 2353/2966/2388
f 2336/2944/2371 2454/3137/2489 2437/3102/2472
f 2363/2982/2398 2429/3092/2464 2426/3088/2461
f 2299/2893/2334 2156/2720/2191 2300/2894/2335
f 1872/2363/1906 1871/2362/1905 2088/2633/2123
f 2423/3085/2458 2422/3084/2457 2436/3179/2471
f 2257/2845/2292 1752/2225/1786 2367/2990/2402
f 2418/3079/2453 2424/3175/2459 2469/3180/2504
f 1668/2104/1699 1124/1415/1146 1194/1492/1216
f 1870/2361/1904 2292/2886/2327 1871/2362/1905
f 2148/2967/2183 2077/2699/2112 2331/2937/2366
f 1801/2285/1835 2333/2940/2368 1765/2241/1799
f 2429/3092/2464 2285/2879/2320 2284/2878/2319
f 2341/3021/2376 2205/2777/2240 2325/2929/2360
f 2145/2707/2180 2292/2886/2327 1870/2361/1904
f 2174/3024/2209 2475/3181/2510 2383/3017/2418
f 2474/3178/2509 2436/3179/2471 2422/3084/2457
f 2258/2846/2293 2270/2863/2305 2406/3057/2441
f 1633/2064/1664 1735/3182/1769 1587/2009/1618
f 2476/3183/2511 2429/3092/2464 2284/2878/2319
f 2445/3184/2480 1735/3182/1769 1633/2064/1664
f 2385/3019/2420 2239/2822/2274 2043/2795/2078
f 2326/2932/2361 2368/2992/2403 2327/2933/2362
f 2294/2888/2329 2469/3167/2504 2424/3086/2459
f 2266/2905/2301 2310/2907/2345 2477/3185/2512
f 2410/3186/2445 2077/2699/2112 1810/2294/1844
f 1522/1939/1553 2146/2754/2181 1722/2180/1756
f 2037/2566/2072 2355/2970/2390 2456/3139/2491
f 2077/2699/2112 2410/3186/2445 2331/2937/2366
f 1642/2077/1673 1784/2265/1818 2002/2522/2037
f 2149/2713/2184 2267/2859/2302 2173/2737/2208
f 2471/3187/2506 2478/3188/2513 2472/3189/2507
f 1528/1946/1559 1566/1988/1597 1696/2135/1727
f 2206/2778/2241 2275/3120/2310 2446/3119/2481
f 1692/2131/1723 1635/2069/1666 1606/2030/1637
f 2216/2796/2251 2275/3120/2310 2206/2778/2241
f 2372/3190/2407 2468/3191/2503 2447/3192/2482
f 2343/2951/2378 2262/3048/2297 2365/3193/2400
f 2343/3194/2378 2365/2987/2400 2366/2998/2401
f 2363/2982/2398 2167/2981/2202 2374/3000/2409
f 2165/2729/2200 2401/3049/2436 2166/2730/2201
f 2051/2583/2086 2053/2585/2088 2309/2904/2344
f 2162/2726/2197 1959/2465/1993 2163/2727/2198
f 2259/2847/2294 1940/2444/1974 2272/2865/2307
f 2379/3013/2414 2348/2956/2383 2399/3042/2434
f 2107/2788/2142 2287/2881/2322 2147/2710/2182
f 2401/3049/2436 2165/2729/2200 2209/3174/2244
f 2229/2809/2264 2281/2875/2316 2230/2810/2265
f 2456/3139/2491 2355/2970/2390 2441/3112/2476
f 2375/3002/2410 2456/3139/2491 2441/3112/2476
f 2237/2820/2272 2463/3150/2498 2353/2966/2388
f 2456/3139/2491 2267/2859/2302 2149/2713/2184
f 2332/2986/2367 2417/3076/2452 2400/3195/2435
f 2400/3195/2435 2417/3076/2452 2027/3156/2062
f 2146/2815/2181 2233/2814/2268 2406/3057/2441
f 2297/2891/2332 2243/2828/2278 2356/2971/2391
f 2461/3147/2496 2230/2810/2265 2281/2875/2316
f 2410/3186/2445 2364/3196/2399 2331/2937/2366
f 2456/3139/2491 2375/3002/2410 2267/2859/2302
f 1958/2464/1992 2064/2601/2099 2069/2607/2104
f 2439/3106/2474 2230/2810/2265 2294/2888/2329
f 2164/2728/2199 2166/2730/2201 2043/2795/2078
f 2113/2661/2148 2479/3197/2514 2274/2867/2309
f 2053/2585/2088 2021/2544/2056 2309/2904/2344
f 2470/3168/2505 2318/2920/2353 2447/3121/2482
f 2208/2781/2243 2335/2943/2370 2151/2715/2186
f 2393/3035/2428 2362/3089/2397 2353/3036/2388
f 2446/3119/2481 2155/3118/2190 2206/2778/2241
f 2282/2876/2317 2281/2875/2316 2229/2809/2264
f 1662/2097/1693 2334/2941/2369 2297/2891/2332
f 2034/2560/2069 2028/2554/2063 2149/2713/2184
f 2230/2810/2265 2461/3147/2496 2452/3131/2487
f 2472/3171/2507 2480/3198/2515 2481/3199/2516
f 2472/3171/2507 2481/3199/2516 2473/3172/2508
f 2174/2738/2209 2176/2740/2211 2415/3200/2450
f 2168/2732/2203 2167/2731/2202 2161/2725/2196
f 2311/2909/2346 1634/2065/1665 2433/3098/2468
f 2230/2810/2265 2452/3131/2487 2465/3158/2500
f 2251/2838/2286 2250/2837/2285 2379/3201/2414
f 2212/2786/2247 2177/2741/2212 2213/2787/2248
f 2274/2867/2309 2482/3202/2517 2273/2866/2308
f 2378/3008/2413 2483/3203/2518 1938/2442/1972
f 1848/2337/1882 2484/3204/2519 2485/3205/2520
f 2443/3206/2478 2377/3207/2412 2421/3083/2456
f 2344/3157/2379 2321/3208/2356 2323/2928/2358
f 1634/2065/1665 2311/2909/2346 1582/2004/1613
f 2205/2777/2240 2312/2910/2347 2206/2778/2241
f 2410/3061/2445 2273/2866/2308 2364/2985/2399
f 2231/2811/2266 2439/3106/2474 2350/3107/2385
f 2429/3092/2464 2476/3183/2511 2486/3209/2521
f 2472/3189/2507 2487/3210/2522 2480/3211/2515
f 2471/3187/2506 2488/3212/2523 2489/3213/2524
f 1634/2065/1665 1667/2103/1698 2433/3098/2468
f 1836/2324/1870 2148/2712/2183 2290/2884/2325
f 2490/3214/2525 2470/3168/2505 2447/3121/2482
f 2443/3206/2478 2421/3083/2456 2423/3085/2458
f 1880/2372/1914 2491/3215/2526 2492/3216/2527
f 2293/2887/2328 2350/3107/2385 2294/2888/2329
f 1778/2259/1812 2459/3144/2494 2431/3096/2466
f 2482/3202/2517 2274/2867/2309 2479/3197/2514
f 2493/3217/2528 2494/3218/2529 2495/3219/2530
f 2496/3220/2531 2085/2630/2120 2497/3221/2532
f 2498/3222/2533 2499/3223/2534 2500/3224/2535
f 2501/3225/2536 2502/3226/2537 2503/3227/2538
f 2504/3228/2539 2505/3229/2540 2506/3230/2541
f 2250/2957/2285 2348/2956/2383 2379/3013/2414
f 2485/3205/2520 2507/3231/2542 2508/3232/2543
f 2509/3233/2544 2510/3234/2545 2511/3235/2546
f 2512/3236/2547 1795/2279/1829 2483/3203/2518
f 2364/2985/2399 2273/2866/2308 2304/2898/2339
f 2513/3237/2548 2512/3236/2547 2483/3203/2518
f 2457/3142/2492 2508/3232/2543 2514/3238/2549
f 2473/3172/2508 2481/3199/2516 2467/3239/2502
f 2420/3082/2455 2243/2828/2278 1696/2135/1727
f 2024/2547/2059 2259/2847/2294 2306/2900/2341
f 1747/2219/1781 1756/2231/1790 1748/2220/1782
f 1692/2993/1723 1633/3177/1664 1635/2067/1666
f 2515/3240/2550 2498/3222/2533 2516/3241/2551
f 2517/3242/2552 2474/3178/2509 2518/3243/2553
f 2516/3241/2551 2498/3222/2533 2519/3244/2554
f 2443/3206/2478 2423/3085/2458 2520/3245/2555
f 2467/3239/2502 2438/3246/2473 2521/3247/2556
f 2459/3144/2494 1791/2274/1825 2458/3248/2493
f 2517/3242/2552 2480/3198/2515 2522/3249/2557
f 2482/3202/2517 2304/2898/2339 2273/2866/2308
f 2388/3029/2423 2428/3091/2463 2373/2999/2408
f 2523/3250/2558 2524/3251/2559 2525/3252/2560
f 1667/2103/1698 1696/2135/1727 2432/3097/2467
f 2523/3253/2558 2526/3254/2561 2524/3255/2559
f 2391/3033/2426 2304/2898/2339 2428/3091/2463
f 2297/2891/2332 2370/2995/2405 2243/2828/2278
f 2527/3256/2562 2528/3257/2563 2529/3258/2564
f 2528/3259/2563 2530/3260/2565 2529/3261/2564
f 2517/3262/2552 2518/3263/2553 2329/3159/2364
f 2530/3264/2565 2531/3265/2566 2532/3266/2567
f 2420/3082/2455 2356/2971/2391 2243/2828/2278
f 2529/3261/2564 2530/3260/2565 2533/3267/2568
f 1566/1988/1597 2356/2971/2391 2420/3082/2455
f 2534/3268/2569 2535/3269/2570 2536/3270/2571
f 2537/3271/2572 2525/3272/2560 2538/3273/2573
f 2326/2932/2361 2467/3239/2502 2481/3199/2516
f 2539/3274/2574 2532/3266/2567 2519/3244/2554
f 2349/2958/2384 2399/3042/2434 2348/2956/2383
f 2349/2958/2384 2305/2899/2340 2399/3042/2434
f 1971/3275/2006 2328/2934/2363 2327/2933/2362
f 2488/3212/2523 2471/3187/2506 2473/3276/2508
f 1791/2275/1825 2119/2668/2154 2457/3142/2492
f 1791/2275/1825 1898/2395/1932 2119/2668/2154
f 2054/2586/2089 2069/2607/2104 2078/2616/2113
f 2482/3202/2517 2302/2896/2337 2304/2898/2339
f 2493/3217/2528 2540/3277/2575 1984/2501/2019
f 2493/3217/2528 2541/3278/2576 2540/3277/2575
f 2488/3279/2523 2467/3239/2502 2521/3247/2556
f 1692/2993/1723 2445/3117/2480 1633/3177/1664
f 2538/3273/2573 2525/3272/2560 2524/3255/2559
f 2516/3280/2551 2542/3281/2577 2543/3282/2578
f 2488/3279/2523 2473/3172/2508 2467/3239/2502
f 2544/3283/2579 2545/3284/2580 2546/3285/2581
f 1735/3182/1769 2445/3184/2480 2344/3286/2379
f 2547/3287/2582 2548/3288/2583 2549/3289/2584
f 2550/3290/2585 2551/3291/2586 2552/3292/2587
f 2321/2923/2356 2344/2952/2379 2322/2924/2357
f 2553/3293/2588 2101/2649/2136 2552/3294/2587
f 1971/3275/2006 2085/3295/2120 2554/3296/2589
f 2513/3237/2548 2548/3288/2583 2547/3287/2582
f 2555/3297/2590 2556/3298/2591 2557/3299/2592
f 2558/3300/2593 2559/3301/2594 2560/3302/2595
f 2495/3303/2530 2494/3304/2529 2561/3305/2596
f 2513/3237/2548 2562/3306/2597 2563/3307/2598
f 2271/2864/2306 2373/2999/2408 2259/2847/2294
f 1735/2203/1769 2323/2928/2358 1489/1905/1520
f 1806/2290/1840 2308/2903/2343 2101/2649/2136
f 2489/3213/2524 2521/3308/2556 2534/3309/2569
f 2564/3310/2599 2565/3311/2600 2566/3312/2601
f 2357/3009/2392 2464/3152/2499 2377/3007/2412
f 2567/3313/2602 2568/3314/2603 2569/3315/2604
f 1831/2319/1865 2098/2646/2133 1842/2330/1876
f 2570/3316/2605 2132/2689/2167 2044/2574/2079
f 2570/3317/2605 2571/3318/2606 2132/3319/2167
f 2132/2689/2167 2571/3320/2606 2572/3321/2607
f 1822/2310/1856 2526/3322/2561 1823/2311/1857
f 1822/3323/1856 1816/3324/1850 2573/3325/2608
f 1822/2310/1856 1815/2302/1849 1816/2303/1850
f 2573/3325/2608 2526/3254/2561 1822/3323/1856
f 2326/2932/2361 2481/3199/2516 2368/2992/2403
f 2523/3253/2558 1823/3326/1857 2526/3254/2561
f 2444/3116/2479 2368/2992/2403 2481/3199/2516
f 2098/2646/2133 2574/3327/2609 2575/3328/2610
f 2560/3302/2595 2576/3329/2611 2577/3330/2612
f 2444/3116/2479 2481/3199/2516 2578/3331/2613
f 2125/3332/2160 2133/2690/2168 2569/3315/2604
f 2132/2689/2167 2579/3333/2614 2133/2690/2168
f 2580/3334/2615 2569/3315/2604 2133/2690/2168
f 2580/3334/2615 2133/2690/2168 2579/3333/2614
f 2581/3335/2616 2569/3315/2604 2580/3334/2615
f 2582/3336/2617 1925/2428/1959 2583/3337/2618
f 2557/3338/2592 2584/3339/2619 2555/3340/2590
f 2585/3341/2620 2586/3342/2621 2587/3343/2622
f 1849/2338/1883 1848/2337/1882 2588/3344/2623
f 2589/3345/2624 2590/3346/2625 2591/3347/2626
f 2592/3348/2627 2098/3349/2133 2593/3350/2628
f 1849/2338/1883 2588/3344/2623 2118/2667/2153
f 2078/2616/2113 2583/3337/2618 1925/2428/1959
f 2518/3243/2553 2474/3178/2509 2421/3083/2456
f 2548/3351/2583 2502/3226/2537 2594/3352/2629
f 2575/3328/2610 1842/2330/1876 2098/2646/2133
f 2595/3353/2630 2577/3330/2612 2576/3329/2611
f 2575/3328/2610 2596/3354/2631 2597/3355/2632
f 2430/3093/2465 2438/3105/2473 2467/3162/2502
f 2487/3356/2522 2436/3101/2471 2522/3357/2557
f 2329/3159/2364 2518/3263/2553 2464/3152/2499
f 2598/3358/2633 2599/3359/2634 2600/3360/2635
f 2601/3361/2636 2423/3362/2458 2602/3363/2637
f 2098/3349/2133 2603/3364/2638 2593/3350/2628
f 2604/3365/2639 2605/3366/2640 2606/3367/2641
f 2378/3008/2413 2443/3115/2478 2607/3368/2642
f 2595/3369/2630 2608/3370/2643 2577/3371/2612
f 2609/3372/2644 2610/3373/2645 2611/3374/2646
f 2512/3236/2547 2513/3237/2548 2612/3375/2647
f 2613/3376/2648 2614/3377/2649 2615/3378/2650
f 2616/3379/2651 2561/3305/2596 2494/3304/2529
f 2617/3380/2652 2587/3381/2622 2618/3382/2653
f 2550/3290/2585 2619/3383/2654 2620/3384/2655
f 2526/3254/2561 2621/3385/2656 2524/3255/2559
f 2528/3257/2563 2622/3386/2657 2530/3264/2565
f 2474/3178/2509 2517/3242/2552 2436/3179/2471
f 2489/3213/2524 2488/3212/2523 2521/3308/2556
f 1938/2442/1972 1703/2145/1734 1802/2286/1836
f 2554/3387/2589 2085/2630/2120 2623/3388/2658
f 2471/3187/2506 2624/3389/2659 2478/3188/2513
f 2063/2599/2098 2103/2651/2138 2131/2686/2166
f 2526/3254/2561 2625/3390/2660 2621/3385/2656
f 2526/3254/2561 2626/3391/2661 2625/3390/2660
f 2619/3383/2654 2627/3392/2662 2620/3384/2655
f 2509/3233/2544 2524/3255/2559 2621/3385/2656
f 2621/3385/2656 2625/3390/2660 2509/3233/2544
f 1904/2402/1938 1903/2401/1937 2505/3393/2540
f 2494/3304/2529 2628/3394/2663 2629/3395/2664
f 1984/2501/2019 2131/2686/2166 2493/3217/2528
f 2563/3307/2598 2562/3306/2597 2607/3368/2642
f 2481/3199/2516 2480/3198/2515 2578/3331/2613
f 2496/3220/2531 2497/3221/2532 2630/3396/2665
f 2496/3220/2531 2623/3388/2658 2085/2630/2120
f 2631/3397/2666 2509/3398/2544 2625/3399/2660
f 2478/3188/2513 2487/3210/2522 2472/3189/2507
f 2603/3400/2638 2553/3293/2588 2551/3401/2586
f 2587/3343/2622 2586/3342/2621 2618/3402/2653
f 2528/3257/2563 2527/3256/2562 2632/3403/2667
f 2599/3359/2634 2608/3370/2643 2633/3404/2668
f 2534/3405/2569 2521/3247/2556 2535/3406/2570
f 2509/3398/2544 2631/3397/2666 2634/3407/2669
f 2492/3408/2527 1923/2426/1957 2134/3409/2169
f 2635/3410/2670 2636/3411/2671 2637/3412/2672
f 2551/3401/2586 2553/3293/2588 2552/3294/2587
f 2587/3343/2622 2638/3413/2673 2585/3341/2620
f 2639/3414/2674 2554/3387/2589 2640/3415/2675
f 2459/3144/2494 2641/3416/2676 2604/3365/2639
f 2642/3417/2677 2643/3418/2678 2644/3419/2679
f 2480/3420/2515 2487/3356/2522 2522/3357/2557
f 2590/3421/2625 2589/3422/2624 2645/3423/2680
f 2119/2668/2154 2485/3205/2520 2508/3232/2543
f 2578/3331/2613 2330/2936/2365 2345/2953/2380
f 2600/3360/2635 2599/3359/2634 2633/3404/2668
f 2646/3424/2681 2647/3425/2682 2648/3426/2683
f 2480/3198/2515 2517/3242/2552 2578/3331/2613
f 2649/3427/2684 2622/3386/2657 2632/3403/2667
f 2613/3376/2648 2615/3378/2650 2650/3428/2685
f 2651/3429/2686 2652/3430/2687 2625/3399/2660
f 2653/3431/2688 2592/3348/2627 2654/3432/2689
f 2632/3403/2667 2622/3386/2657 2528/3257/2563
f 2648/3426/2683 2655/3433/2690 2646/3424/2681
f 2330/2936/2365 2517/3242/2552 2329/2935/2364
f 2558/3300/2593 2560/3302/2595 2656/3434/2691
f 2485/3205/2520 2484/3204/2519 2507/3231/2542
f 2636/3411/2671 2657/3435/2692 2658/3436/2693
f 2330/2936/2365 2578/3331/2613 2517/3242/2552
f 1880/2372/1914 1761/2237/1795 2117/2666/2152
f 2559/3301/2594 2659/3437/2694 2660/3438/2695
f 2661/3439/2696 2662/3440/2697 2663/3441/2698
f 2585/3442/2620 2638/3443/2673 2664/3444/2699
f 2616/3379/2651 2494/3304/2529 2629/3395/2664
f 2328/3095/2363 2554/3387/2589 2665/3445/2700
f 2510/3446/2545 2509/3447/2544 2666/3448/2701
f 2666/3449/2701 2509/3398/2544 2634/3407/2669
f 2667/3450/2702 2655/3451/2690 2668/3452/2703
f 2118/2667/2153 2588/3344/2623 2485/3205/2520
f 2669/3453/2704 2616/3379/2651 2629/3395/2664
f 2119/2668/2154 2508/3232/2543 2457/3142/2492
f 2670/3454/2705 2671/3455/2706 2672/3456/2707
f 2118/2667/2153 2485/3205/2520 2119/2668/2154
f 2596/3354/2631 2575/3328/2610 2574/3327/2609
f 1798/2282/1832 2512/3236/2547 2673/3457/2708
f 2103/2651/2138 1805/2289/1839 1904/2402/1938
f 2674/3458/2709 2675/3459/2710 2676/3460/2711
f 2459/3144/2494 2604/3365/2639 2431/3096/2466
f 2459/3144/2494 2458/3248/2493 2641/3416/2676
f 2345/2953/2380 2444/3116/2479 2578/3331/2613
f 2669/3453/2704 2629/3395/2664 2677/3461/2712
f 2678/3462/2713 2546/3285/2581 2620/3384/2655
f 2544/3463/2579 2546/3464/2581 2679/3465/2714
f 2680/3466/2715 2549/3289/2584 2681/3467/2716
f 2132/2689/2167 2572/3321/2607 2682/3468/2717
f 2132/2689/2167 2682/3468/2717 2579/3333/2614
f 2683/3469/2718 2661/3439/2696 2663/3441/2698
f 2629/3470/2664 2628/3471/2663 2684/3472/2719
f 2667/3473/2702 2646/3424/2681 2655/3433/2690
f 2685/3474/2720 2504/3475/2539 2686/3476/2721
f 2580/3334/2615 2579/3333/2614 2687/3477/2722
f 2684/3478/2719 2685/3479/2720 2677/3461/2712
f 2688/3480/2723 2689/3481/2724 2690/3482/2725
f 2677/3461/2712 2629/3395/2664 2684/3478/2719
f 1923/2426/1957 2492/3408/2527 2105/2653/2140
f 2680/3466/2715 1880/2372/1914 2117/2666/2152
f 2579/3333/2614 2691/3483/2726 2687/3477/2722
f 2682/3484/2717 2692/3485/2727 2691/3486/2726
f 2121/2671/2156 2120/2670/2155 2044/2574/2079
f 2537/3271/2572 2693/3487/2728 2694/3488/2729
f 2535/3406/2570 2639/3489/2674 2695/3490/2730
f 1677/2114/1708 1971/2484/2006 2327/3145/2362
f 2519/3244/2554 2498/3222/2533 2500/3224/2535
f 2658/3436/2693 2696/3491/2731 2636/3411/2671
f 2620/3384/2655 2627/3392/2662 2678/3462/2713
f 1793/2277/1827 1992/2512/2027 2085/2630/2120
f 2697/3492/2732 2606/3367/2641 2605/3366/2640
f 2698/3493/2733 2529/3261/2564 2491/3215/2526
f 2565/3311/2600 2609/3372/2644 2611/3374/2646
f 2496/3220/2531 2630/3396/2665 2660/3494/2695
f 2502/3226/2537 2548/3351/2583 2503/3227/2538
f 2636/3411/2671 2696/3491/2731 2637/3412/2672
f 2585/3341/2620 2699/3495/2734 2700/3496/2735
f 2674/3458/2709 2676/3460/2711 2701/3497/2736
f 2519/3244/2554 2500/3224/2535 2539/3274/2574
f 2692/3498/2727 2682/3468/2717 2572/3321/2607
f 2616/3499/2651 2702/3500/2737 2703/3501/2738
f 2704/3502/2739 2606/3367/2641 2697/3492/2732
f 2586/3342/2621 2585/3341/2620 2700/3496/2735
f 2704/3502/2739 2705/3503/2740 2606/3367/2641
f 2669/3504/2704 2670/3454/2705 2616/3499/2651
f 2691/3483/2726 2579/3333/2614 2682/3468/2717
f 2706/3505/2741 2651/3506/2686 2542/3507/2577
f 2596/3508/2631 2560/3302/2595 2597/3509/2632
f 2658/3436/2693 2707/3510/2742 2708/3511/2743
f 2547/3287/2582 2549/3289/2584 2680/3466/2715
f 2630/3396/2665 2597/3355/2632 2660/3494/2695
f 2653/3431/2688 2654/3432/2689 2709/3512/2744
f 2710/3513/2745 2711/3514/2746 2615/3515/2650
f 2585/3442/2620 2712/3516/2747 2699/3517/2734
f 2608/3370/2643 2713/3518/2748 2633/3404/2668
f 2691/3486/2726 2692/3485/2727 2714/3519/2749
f 2715/3520/2750 2716/3521/2751 2717/3522/2752
f 2491/3215/2526 2529/3261/2564 2533/3267/2568
f 2716/3521/2751 2718/3523/2753 2717/3522/2752
f 2719/3524/2754 2717/3525/2752 2718/3526/2753
f 2719/3524/2754 2718/3526/2753 2720/3527/2755
f 2719/3524/2754 2720/3527/2755 2721/3528/2756
f 2633/3404/2668 2713/3518/2748 2722/3529/2757
f 2718/3526/2753 2723/3530/2758 2720/3527/2755
f 2670/3454/2705 2702/3500/2737 2616/3499/2651
f 2718/3526/2753 2724/3531/2759 2723/3530/2758
f 2647/3425/2682 2646/3424/2681 2725/3532/2760
f 2125/2677/2160 2726/3533/2761 2462/3149/2497
f 2484/3204/2519 2540/3277/2575 2727/3534/2762
f 2540/3277/2575 2541/3278/2576 2727/3534/2762
f 2710/3535/2745 2615/3378/2650 2614/3377/2649
f 2709/3536/2744 2545/3537/2580 2713/3518/2748
f 2555/3340/2590 2584/3339/2619 2728/3538/2763
f 2729/3539/2764 2505/3229/2540 1903/2467/1937
f 2686/3540/2721 2609/3541/2644 2647/3542/2682
f 2673/3457/2708 2512/3236/2547 2612/3375/2647
f 2555/3297/2590 2563/3543/2598 2556/3298/2591
f 2677/3461/2712 2685/3479/2720 2730/3544/2765
f 2595/3369/2630 2709/3536/2744 2608/3370/2643
f 2686/3540/2721 2731/3545/2766 2685/3546/2720
f 2731/3545/2766 2730/3547/2765 2685/3546/2720
f 2725/3532/2760 2646/3424/2681 2732/3548/2767
f 2600/3360/2635 2633/3404/2668 2733/3549/2768
f 2686/3540/2721 2647/3542/2682 2731/3545/2766
f 2471/3187/2506 2489/3213/2524 2624/3389/2659
f 2664/3444/2699 2712/3516/2747 2585/3442/2620
f 2646/3424/2681 2706/3505/2741 2732/3548/2767
f 2657/3435/2692 2683/3550/2718 2658/3436/2693
f 2734/3551/2769 1904/3552/1938 2505/3553/2540
f 2610/3554/2645 2735/3555/2770 2622/3386/2657
f 2657/3435/2692 2661/3556/2696 2683/3550/2718
f 2552/3292/2587 2619/3383/2654 2550/3290/2585
f 2547/3287/2582 2117/2666/2152 2673/3457/2708
f 2612/3375/2647 2547/3287/2582 2673/3457/2708
f 2520/3245/2555 2556/3298/2591 2563/3543/2598
f 2736/3557/2771 2492/3558/2527 2499/3223/2534
f 2085/2630/2120 1992/2512/2027 2497/3221/2532
f 2667/3450/2702 2737/3559/2772 2738/3560/2773
f 2739/3561/2774 2738/3560/2773 2737/3559/2772
f 2545/3284/2580 2709/3512/2744 2654/3432/2689
f 2740/3562/2775 2741/3563/2776 2742/3564/2777
f 2680/3466/2715 2117/2666/2152 2547/3287/2582
f 2743/3565/2778 2649/3427/2684 2594/3352/2629
f 2744/3566/2779 2652/3567/2687 2651/3506/2686
f 2533/3267/2568 2530/3260/2565 2745/3568/2780
f 2604/3365/2639 2606/3367/2641 2746/3569/2781
f 2431/3096/2466 2604/3365/2639 2746/3569/2781
f 2743/3565/2778 2566/3570/2601 2649/3427/2684
f 2741/3571/2776 2747/3572/2782 2748/3573/2783
f 2741/3563/2776 2694/3574/2729 2747/3575/2782
f 2484/3204/2519 2727/3534/2762 2749/3576/2784
f 2103/2651/2138 1904/2402/1938 2734/3577/2769
f 2750/3578/2785 2650/3428/2685 2615/3378/2650
f 2555/3340/2590 2728/3538/2763 2751/3579/2786
f 2435/3580/2470 2434/3581/2469 2752/3582/2787
f 2530/3264/2565 2532/3266/2567 2745/3583/2780
f 2487/3210/2522 2753/3584/2788 2754/3585/2789
f 2755/3586/2790 2645/3423/2680 2589/3422/2624
f 2729/3539/2764 1903/2467/1937 1823/2311/1857
f 2729/3539/2764 1823/2311/1857 2523/3250/2558
f 2656/3434/2691 2560/3302/2595 2756/3587/2791
f 2698/3493/2733 2491/3215/2526 2680/3466/2715
f 2478/3188/2513 2624/3389/2659 2757/3588/2792
f 2735/3555/2770 2610/3554/2645 2531/3265/2566
f 2750/3578/2785 2615/3378/2650 2758/3589/2793
f 2759/3590/2794 2531/3591/2566 2609/3372/2644
f 2555/3297/2590 2503/3227/2538 2563/3543/2598
f 2757/3588/2792 2760/3592/2795 2761/3593/2796
f 2762/3594/2797 2763/3595/2798 2764/3596/2799
f 2609/3372/2644 2531/3591/2566 2610/3373/2645
f 2765/3597/2800 2766/3598/2801 2764/3596/2799
f 2757/3588/2792 2761/3593/2796 2767/3599/2802
f 2464/3152/2499 2518/3263/2553 2421/3600/2456
f 2532/3266/2567 2539/3274/2574 2745/3583/2780
f 2762/3594/2797 2764/3596/2799 2766/3598/2801
f 2527/3256/2562 2529/3258/2564 2698/3601/2733
f 2537/3271/2572 2511/3235/2546 2768/3602/2803
f 2105/2653/2140 2492/3408/2527 2769/3603/2804
f 2537/3271/2572 2768/3602/2803 2693/3487/2728
f 2531/3591/2566 2759/3590/2794 2519/3604/2554
f 2768/3602/2803 2511/3235/2546 2770/3605/2805
f 2503/3227/2538 2548/3351/2583 2563/3543/2598
f 2522/3249/2557 2436/3179/2471 2517/3242/2552
f 2504/3475/2539 2732/3606/2767 2686/3476/2721
f 2709/3536/2744 2713/3518/2748 2608/3370/2643
f 2559/3301/2594 2660/3438/2695 2597/3509/2632
f 2771/3607/2806 2751/3579/2786 2728/3538/2763
f 2493/3217/2528 2495/3219/2530 2541/3278/2576
f 2759/3590/2794 2772/3608/2807 2519/3604/2554
f 2464/3152/2499 2421/3600/2456 2377/3007/2412
f 2434/3099/2469 2436/3101/2471 2487/3356/2522
f 2607/3368/2642 2443/3115/2478 2520/3609/2555
f 2727/3610/2762 2773/3611/2808 2749/3612/2784
f 2774/3613/2809 2775/3614/2810 2776/3615/2811
f 2484/3204/2519 2749/3576/2784 2507/3231/2542
f 2587/3381/2622 2637/3616/2672 2777/3617/2812
f 2103/2651/2138 2628/3618/2663 2494/3218/2529
f 2777/3617/2812 2778/3619/2813 2664/3444/2699
f 2695/3490/2730 2589/3422/2624 2535/3406/2570
f 2774/3620/2809 2703/3501/2738 2763/3621/2798
f 2748/3573/2783 2747/3572/2782 2779/3622/2814
f 2780/3623/2815 2747/3624/2782 2693/3487/2728
f 2779/3625/2814 2747/3626/2782 2781/3627/2816
f 2747/3624/2782 2780/3623/2815 2781/3628/2816
f 2698/3493/2733 2680/3466/2715 2681/3467/2716
f 2679/3465/2714 2546/3464/2581 2678/3629/2713
f 2782/3630/2817 2783/3631/2818 2784/3632/2819
f 2690/3633/2725 2743/3565/2778 2751/3634/2786
f 2496/3220/2531 2660/3494/2695 2623/3388/2658
f 2658/3436/2693 2708/3511/2743 2696/3491/2731
f 2727/3610/2762 2785/3635/2820 2773/3611/2808
f 2635/3636/2670 2587/3381/2622 2661/3439/2696
f 2771/3607/2806 2786/3637/2821 2751/3579/2786
f 2690/3482/2725 2751/3579/2786 2786/3637/2821
f 2423/3085/2458 2556/3298/2591 2520/3245/2555
f 2773/3611/2808 2785/3635/2820 2776/3615/2811
f 2727/3638/2762 2541/3639/2576 2785/3640/2820
f 2787/3641/2822 2507/3231/2542 2775/3642/2810
f 2788/3643/2823 2753/3584/2788 2789/3644/2824
f 2787/3641/2822 2790/3645/2825 2507/3231/2542
f 1880/2372/1914 2134/2691/2169 1866/2357/1900
f 2438/3105/2473 2665/3445/2700 2639/3414/2674
f 2602/3363/2637 2423/3362/2458 2791/3646/2826
f 1992/2512/2027 2630/3396/2665 2497/3221/2532
f 2600/3360/2635 2792/3647/2827 2793/3648/2828
f 2536/3270/2571 2794/3649/2829 2795/3650/2830
f 2774/3613/2809 2787/3651/2822 2775/3614/2810
f 2536/3652/2571 2795/3653/2830 2534/3309/2569
f 2763/3621/2798 2703/3501/2738 2796/3654/2831
f 2795/3653/2830 2489/3213/2524 2534/3309/2569
f 2733/3549/2768 2792/3647/2827 2600/3360/2635
f 2505/3553/2540 2684/3472/2719 2628/3471/2663
f 2699/3495/2734 2797/3655/2832 2798/3656/2833
f 2712/3516/2747 2799/3657/2834 2699/3517/2734
f 2798/3656/2833 2800/3658/2835 2699/3495/2734
f 2513/3237/2548 2563/3307/2598 2548/3288/2583
f 2640/3415/2675 2554/3387/2589 2623/3388/2658
f 2785/3640/2820 2541/3639/2576 2561/3305/2596
f 2774/3613/2809 2763/3595/2798 2787/3651/2822
f 2574/3327/2609 2592/3659/2627 2576/3660/2611
f 2757/3588/2792 2624/3389/2659 2760/3592/2795
f 2753/3584/2788 2757/3588/2792 2767/3599/2802
f 2493/3217/2528 2131/2686/2166 2494/3218/2529
f 2763/3595/2798 2765/3597/2800 2764/3596/2799
f 2131/2686/2166 2103/2651/2138 2494/3218/2529
f 2712/3516/2747 2801/3661/2836 2797/3662/2832
f 2103/2651/2138 2734/3577/2769 2628/3618/2663
f 2633/3404/2668 2722/3529/2757 2802/3663/2837
f 2423/3085/2458 2557/3299/2592 2556/3298/2591
f 2592/3348/2627 2593/3350/2628 2654/3432/2689
f 2803/3664/2838 2601/3361/2636 2602/3363/2637
f 2804/3665/2839 2770/3605/2805 2510/3234/2545
f 2514/3238/2549 2805/3666/2840 2806/3667/2841
f 2574/3327/2609 2098/2646/2133 2592/3659/2627
f 2736/3668/2771 2769/3603/2804 2492/3408/2527
f 2751/3634/2786 2503/3227/2538 2555/3297/2590
f 2805/3666/2840 2514/3238/2549 2507/3231/2542
f 2805/3666/2840 2507/3231/2542 2790/3645/2825
f 2762/3594/2797 2805/3669/2840 2790/3670/2825
f 2762/3594/2797 2790/3670/2825 2787/3651/2822
f 2632/3403/2667 2594/3352/2629 2649/3427/2684
f 2645/3423/2680 2755/3586/2790 2807/3671/2842
f 2612/3375/2647 2513/3237/2548 2547/3287/2582
f 2628/3471/2663 2734/3551/2769 2505/3553/2540
f 2574/3672/2609 2576/3329/2611 2596/3508/2631
f 2808/3673/2843 2806/3667/2841 2805/3666/2840
f 2745/3583/2780 2500/3224/2535 2499/3223/2534
f 2762/3594/2797 2787/3651/2822 2763/3595/2798
f 2762/3594/2797 2809/3674/2844 2805/3669/2840
f 2762/3594/2797 2766/3598/2801 2809/3674/2844
f 2653/3431/2688 2576/3329/2611 2592/3348/2627
f 1880/2372/1914 2492/3216/2527 2134/2691/2169
f 2614/3377/2649 2797/3662/2832 2801/3661/2836
f 2767/3599/2802 2789/3644/2824 2753/3584/2788
f 2622/3386/2657 2649/3427/2684 2610/3554/2645
f 1991/2509/2026 1798/2282/1832 2673/3457/2708
f 2640/3415/2675 2623/3388/2658 2660/3494/2695
f 2438/3246/2473 2639/3489/2674 2535/3406/2570
f 2798/3656/2833 2810/3675/2845 2811/3676/2846
f 2599/3677/2634 2598/3678/2633 2756/3587/2791
f 2798/3656/2833 2750/3679/2785 2810/3675/2845
f 2458/3143/2493 2457/3142/2492 2806/3667/2841
f 2801/3680/2836 2812/3681/2847 2813/3682/2848
f 2813/3682/2848 2814/3683/2849 2815/3684/2850
f 2483/3203/2518 2378/3008/2413 2607/3368/2642
f 2632/3403/2667 2548/3351/2583 2594/3352/2629
f 2551/3401/2586 2593/3685/2628 2603/3400/2638
f 2514/3238/2549 2508/3232/2543 2507/3231/2542
f 2121/2671/2156 2133/2690/2168 2125/3332/2160
f 2680/3466/2715 2491/3215/2526 1880/2372/1914
f 2499/3223/2534 2816/3686/2851 2736/3557/2771
f 2661/3556/2696 2636/3411/2671 2635/3410/2670
f 2662/3687/2697 2624/3389/2659 2489/3213/2524
f 2649/3688/2684 2566/3312/2601 2610/3373/2645
f 2620/3384/2655 2654/3432/2689 2593/3350/2628
f 2662/3687/2697 2489/3213/2524 2795/3653/2830
f 2806/3667/2841 2457/3142/2492 2514/3238/2549
f 2533/3267/2568 2745/3568/2780 2491/3215/2526
f 2795/3653/2830 2794/3689/2829 2663/3690/2698
f 2795/3653/2830 2663/3690/2698 2662/3687/2697
f 2502/3226/2537 2743/3565/2778 2594/3352/2629
f 2507/3231/2542 2749/3576/2784 2775/3642/2810
f 2808/3691/2843 2805/3669/2840 2809/3674/2844
f 2535/3406/2570 2521/3247/2556 2438/3246/2473
f 2657/3435/2692 2636/3411/2671 2661/3556/2696
f 2728/3538/2763 2584/3339/2619 2817/3692/2852
f 2743/3565/2778 2502/3226/2537 2501/3225/2536
f 2593/3350/2628 2551/3291/2586 2620/3384/2655
f 2728/3538/2763 2817/3692/2852 2771/3607/2806
f 2435/3100/2470 2791/3646/2826 2436/3101/2471
f 1991/2509/2026 2673/3457/2708 2117/2666/2152
f 2806/3667/2841 2818/3693/2853 2458/3143/2493
f 2806/3667/2841 2808/3673/2843 2818/3693/2853
f 2819/3694/2854 2810/3675/2845 2750/3679/2785
f 2752/3582/2787 2820/3695/2855 2791/3696/2826
f 2613/3697/2648 2750/3679/2785 2798/3656/2833
f 2743/3698/2778 2821/3699/2856 2566/3312/2601
f 2438/3105/2473 2328/3095/2363 2665/3445/2700
f 1848/2337/1882 1984/2501/2019 2540/3277/2575
f 2435/3580/2470 2752/3582/2787 2791/3696/2826
f 1798/2282/1832 1800/2284/1834 1795/2279/1829
f 2101/2649/2136 2308/2903/2343 2619/3700/2654
f 2423/3362/2458 2436/3101/2471 2791/3646/2826
f 2667/3473/2702 2706/3505/2741 2646/3424/2681
f 2822/3701/2857 2823/3702/2858 1702/2144/1733
f 1702/2573/1733 2823/3703/2858 2044/2574/2079
f 2570/3317/2605 2044/3704/2079 2823/3702/2858
f 2431/3096/2466 2822/3701/2857 1702/2144/1733
f 2431/3096/2466 2746/3569/2781 2822/3701/2857
f 2822/3701/2857 2746/3569/2781 2570/3317/2605
f 2823/3702/2858 2822/3701/2857 2570/3317/2605
f 2120/2670/2155 2056/2589/2091 2082/2634/2117
f 2120/2670/2155 2082/2634/2117 2044/2574/2079
f 2697/3492/2732 2605/3366/2640 2824/3705/2859
f 2541/3639/2576 2495/3303/2530 2561/3305/2596
f 2704/3502/2739 2697/3492/2732 2825/3706/2860
f 2826/3707/2861 2676/3460/2711 2827/3708/2862
f 2545/3284/2580 2654/3432/2689 2620/3384/2655
f 2828/3709/2863 2824/3705/2859 2605/3366/2640
f 2752/3582/2787 2811/3676/2846 2820/3695/2855
f 2828/3710/2863 2458/3143/2493 2829/3711/2864
f 2615/3515/2650 2676/3460/2711 2758/3712/2793
f 2535/3269/2570 2589/3345/2624 2591/3347/2626
f 2659/3713/2694 2640/3415/2675 2660/3494/2695
f 2561/3714/2596 2776/3715/2811 2785/3716/2820
f 2704/3502/2739 2825/3706/2860 2705/3503/2740
f 2561/3714/2596 2703/3501/2738 2776/3715/2811
f 2830/3717/2865 2705/3718/2740 2825/3719/2860
f 2831/3720/2866 2705/3718/2740 2830/3717/2865
f 2598/3358/2633 2832/3721/2867 2590/3346/2625
f 2825/3722/2860 2697/3723/2732 2824/3724/2859
f 2791/3696/2826 2820/3695/2855 2602/3725/2637
f 2506/3230/2541 2505/3229/2540 2729/3539/2764
f 2825/3722/2860 2824/3724/2859 2833/3726/2868
f 2512/3236/2547 1798/2282/1832 1795/2279/1829
f 2826/3707/2861 2827/3708/2862 2711/3514/2746
f 2622/3386/2657 2735/3555/2770 2530/3264/2565
f 2709/3512/2744 2595/3353/2630 2653/3431/2688
f 2491/3215/2526 2745/3568/2780 2499/3727/2534
f 2689/3481/2724 2688/3480/2723 2834/3728/2869
f 2696/3491/2731 2708/3511/2743 2835/3729/2870
f 2797/3655/2832 2799/3730/2834 2712/3731/2747
f 2797/3655/2832 2699/3495/2734 2799/3730/2834
f 2722/3529/2757 2836/3732/2871 2837/3733/2872
f 2751/3634/2786 2501/3225/2536 2503/3227/2538
f 2616/3499/2651 2703/3501/2738 2561/3714/2596
f 2557/3338/2592 2423/3362/2458 2601/3361/2636
f 2820/3695/2855 2810/3675/2845 2602/3725/2637
f 2632/3734/2667 2549/3289/2584 2548/3288/2583
f 2562/3306/2597 2483/3203/2518 2607/3368/2642
f 2755/3586/2790 2659/3437/2694 2807/3671/2842
f 2828/3709/2863 2838/3735/2873 2824/3705/2859
f 2506/3736/2541 2729/3737/2764 2525/3272/2560
f 2773/3611/2808 2775/3614/2810 2749/3612/2784
f 2695/3490/2730 2755/3586/2790 2589/3422/2624
f 2595/3353/2630 2576/3329/2611 2653/3431/2688
f 2743/3565/2778 2501/3225/2536 2751/3634/2786
f 2755/3586/2790 2695/3490/2730 2639/3489/2674
f 2125/2677/2160 2462/3149/2497 2123/2675/2158
f 2782/3738/2817 2644/3419/2679 2643/3418/2678
f 2531/3265/2566 2530/3264/2565 2735/3555/2770
f 2619/3700/2654 2552/3294/2587 2101/2649/2136
f 2774/3620/2809 2776/3715/2811 2703/3501/2738
f 2776/3615/2811 2775/3614/2810 2773/3611/2808
f 2562/3306/2597 2513/3237/2548 2483/3203/2518
f 2676/3460/2711 2615/3515/2650 2827/3708/2862
f 2499/3727/2534 2492/3216/2527 2491/3215/2526
f 2531/3265/2566 2519/3244/2554 2532/3266/2567
f 2803/3739/2838 2602/3725/2637 2810/3675/2845
f 2575/3328/2610 1992/2512/2027 1842/2330/1876
f 2545/3537/2580 2544/3463/2579 2713/3518/2748
f 2759/3590/2794 2686/3476/2721 2772/3608/2807
f 2722/3529/2757 2837/3733/2872 2802/3663/2837
f 2686/3476/2721 2732/3606/2767 2772/3608/2807
f 2535/3269/2570 2591/3347/2626 2536/3270/2571
f 2798/3656/2833 2797/3655/2832 2613/3697/2648
f 2498/3222/2533 2816/3686/2851 2499/3223/2534
f 2549/3289/2584 2632/3734/2667 2681/3467/2716
f 2640/3740/2675 2659/3437/2694 2755/3586/2790
f 2839/3741/2874 2706/3505/2741 2667/3473/2702
f 2659/3437/2694 2559/3301/2594 2558/3300/2593
f 2685/3474/2720 2505/3553/2540 2504/3475/2539
f 2684/3472/2719 2505/3553/2540 2685/3474/2720
f 2607/3368/2642 2520/3609/2555 2563/3307/2598
f 2713/3518/2748 2544/3463/2579 2722/3529/2757
f 2645/3423/2680 2598/3678/2633 2590/3421/2625
f 2706/3505/2741 2744/3566/2779 2651/3506/2686
f 2098/2646/2133 2099/2647/2134 2603/3400/2638
f 2837/3733/2872 2836/3732/2871 2840/3742/2875
f 2566/3312/2601 2821/3699/2856 2564/3310/2599
f 2664/3444/2699 2801/3661/2836 2712/3516/2747
f 2836/3732/2871 2722/3529/2757 2544/3463/2579
f 2557/3338/2592 2601/3361/2636 2584/3339/2619
f 2642/3417/2677 2841/3743/2876 2834/3744/2869
f 2796/3654/2831 2842/3745/2877 2763/3621/2798
f 1802/2286/1836 2378/3008/2413 1938/2442/1972
f 2842/3745/2877 2765/3746/2800 2763/3621/2798
f 2703/3501/2738 2843/3747/2878 2796/3654/2831
f 2576/3329/2611 2560/3302/2595 2596/3508/2631
f 2700/3496/2735 2800/3658/2835 2788/3643/2823
f 2789/3644/2824 2700/3496/2735 2788/3643/2823
f 2545/3284/2580 2620/3384/2655 2546/3285/2581
f 2797/3662/2832 2614/3377/2649 2613/3376/2648
f 2588/3344/2623 1848/2337/1882 2485/3205/2520
f 2758/3712/2793 2844/3748/2879 2819/3694/2854
f 2813/3749/2848 2614/3377/2649 2801/3661/2836
f 2669/3453/2704 2677/3461/2712 2730/3544/2765
f 2642/3417/2677 2644/3419/2679 2841/3743/2876
f 2669/3453/2704 2730/3544/2765 2740/3750/2775
f 2750/3679/2785 2758/3712/2793 2819/3694/2854
f 2061/2596/2096 2101/2649/2136 2553/3293/2588
f 2786/3637/2821 2688/3480/2723 2690/3482/2725
f 2755/3586/2790 2639/3489/2674 2640/3740/2675
f 2670/3454/2705 2669/3504/2704 2740/3562/2775
f 2564/3310/2599 2690/3482/2725 2689/3481/2724
f 2648/3751/2683 2845/3752/2880 2846/3753/2881
f 2789/3644/2824 2767/3599/2802 2847/3754/2882
f 2553/3293/2588 2099/2647/2134 2061/2596/2096
f 2603/3400/2638 2099/2647/2134 2553/3293/2588
f 2839/3755/2874 2667/3450/2702 2738/3560/2773
f 1848/2337/1882 2540/3277/2575 2484/3204/2519
f 2740/3750/2775 2730/3544/2765 2848/3756/2883
f 2740/3562/2775 2848/3757/2883 2694/3574/2729
f 2487/3210/2522 2754/3585/2789 2434/3581/2469
f 2434/3581/2469 2754/3585/2789 2752/3582/2787
f 2525/3272/2560 2537/3271/2572 2506/3736/2541
f 2686/3476/2721 2759/3590/2794 2609/3372/2644
f 2506/3230/2541 2537/3758/2572 2848/3759/2883
f 2688/3480/2723 2642/3760/2677 2834/3728/2869
f 2504/3228/2539 2506/3230/2541 2725/3761/2760
f 2542/3281/2577 2772/3608/2807 2732/3606/2767
f 2527/3256/2562 2698/3601/2733 2681/3762/2716
f 2699/3495/2734 2800/3658/2835 2700/3496/2735
f 1795/2279/1829 1938/2442/1972 2483/3203/2518
f 2516/3280/2551 2772/3608/2807 2542/3281/2577
f 2328/2934/2363 1971/3275/2006 2554/3296/2589
f 2614/3377/2649 2813/3749/2848 2849/3763/2884
f 2558/3300/2593 2807/3671/2842 2659/3437/2694
f 2789/3644/2824 2847/3754/2882 2700/3496/2735
f 2758/3712/2793 2675/3459/2710 2844/3748/2879
f 2813/3682/2848 2815/3684/2850 2849/3764/2884
f 2611/3374/2646 2610/3373/2645 2566/3312/2601
f 2538/3273/2573 2524/3255/2559 2509/3233/2544
f 2850/3765/2885 2851/3766/2886 2852/3767/2887
f 2758/3712/2793 2676/3460/2711 2675/3459/2710
f 2587/3381/2622 2777/3617/2812 2638/3443/2673
f 2771/3607/2806 2817/3692/2852 2786/3637/2821
f 2590/3346/2625 2853/3768/2888 2591/3347/2626
f 2847/3754/2882 2767/3599/2802 2586/3342/2621
f 2543/3282/2578 2542/3281/2577 2651/3429/2686
f 2847/3754/2882 2586/3342/2621 2700/3496/2735
f 2597/3355/2632 2630/3396/2665 2575/3328/2610
f 2560/3302/2595 2577/3330/2612 2599/3677/2634
f 2674/3769/2709 2854/3770/2889 2855/3771/2890
f 2651/3429/2686 2625/3399/2660 2543/3282/2578
f 2856/3772/2891 2857/3773/2892 2858/3774/2893
f 2506/3230/2541 2848/3759/2883 2725/3761/2760
f 2599/3677/2634 2577/3330/2612 2608/3775/2643
f 2504/3776/2539 2725/3532/2760 2732/3548/2767
f 2730/3544/2765 2731/3777/2766 2848/3756/2883
f 2681/3467/2716 2632/3734/2667 2527/3778/2562
f 2743/3698/2778 2690/3482/2725 2821/3699/2856
f 2848/3759/2883 2537/3758/2572 2694/3779/2729
f 2786/3637/2821 2642/3760/2677 2688/3480/2723
f 2859/3780/2894 2661/3439/2696 2617/3380/2652
f 2860/3781/2895 2845/3782/2880 2861/3783/2896
f 2782/3630/2817 2643/3784/2678 2786/3637/2821
f 2630/3396/2665 1992/2512/2027 2575/3328/2610
f 2643/3784/2678 2642/3760/2677 2786/3637/2821
f 2564/3310/2599 2821/3699/2856 2690/3482/2725
f 2538/3273/2573 2511/3235/2546 2537/3271/2572
f 2729/3539/2764 2523/3250/2558 2525/3252/2560
f 2803/3664/2838 2819/3785/2854 2844/3786/2879
f 2516/3280/2551 2519/3604/2554 2772/3608/2807
f 2565/3311/2600 2611/3374/2646 2566/3312/2601
f 2754/3585/2789 2788/3643/2823 2752/3582/2787
f 2839/3741/2874 2744/3566/2779 2706/3505/2741
f 2538/3273/2573 2509/3233/2544 2511/3235/2546
f 2753/3584/2788 2788/3643/2823 2754/3585/2789
f 2745/3583/2780 2539/3274/2574 2500/3224/2535
f 2665/3445/2700 2554/3387/2589 2639/3414/2674
f 2701/3787/2736 2854/3770/2889 2674/3769/2709
f 2671/3455/2706 2670/3454/2705 2742/3564/2777
f 2672/3456/2707 2671/3455/2706 2862/3788/2897
f 2863/3789/2898 2864/3790/2899 2865/3791/2900
f 2694/3488/2729 2693/3487/2728 2747/3624/2782
f 2861/3783/2896 2841/3792/2876 2644/3793/2679
f 2807/3671/2842 2558/3300/2593 2656/3434/2691
f 2670/3454/2705 2740/3562/2775 2742/3564/2777
f 2866/3794/2901 2867/3795/2902 2868/3796/2903
f 2869/3797/2904 2870/3798/2905 2871/3799/2906
f 2266/2905/2301 2477/3185/2512 2466/3161/2501
f 2810/3675/2845 2819/3694/2854 2803/3739/2838
f 2872/3800/2907 2873/3801/2908 2874/3802/2909
f 2620/3384/2655 2551/3291/2586 2550/3290/2585
f 2875/3803/2910 2869/3797/2904 2871/3799/2906
f 2876/3804/2911 2855/3771/2890 2877/3805/2912
f 2510/3234/2545 2770/3605/2805 2511/3235/2546
f 2842/3745/2877 2796/3654/2831 2878/3806/2913
f 2559/3301/2594 2597/3509/2632 2560/3302/2595
f 2879/3807/2914 2880/3808/2915 2881/3809/2916
f 2740/3562/2775 2694/3574/2729 2741/3563/2776
f 2848/3756/2883 2731/3777/2766 2725/3532/2760
f 2882/3810/2917 2883/3811/2918 2884/3812/2919
f 2872/3800/2907 2885/3813/2920 2873/3801/2908
f 2676/3460/2711 2826/3707/2861 2886/3814/2921
f 2788/3643/2823 2800/3658/2835 2752/3582/2787
f 2877/3805/2912 2861/3783/2896 2876/3804/2911
f 2675/3459/2710 2784/3815/2819 2844/3748/2879
f 2800/3658/2835 2811/3676/2846 2752/3582/2787
f 2887/3816/2922 2869/3797/2904 2888/3817/2923
f 2888/3817/2923 2889/3818/2924 2887/3816/2922
f 2253/2841/2288 2462/3149/2497 2890/3819/2925
f 2836/3732/2871 2891/3820/2926 2892/3821/2927
f 2861/3783/2896 2845/3782/2880 2841/3792/2876
f 2591/3347/2626 2853/3768/2888 2893/3822/2928
f 2894/3823/2929 2895/3824/2930 2883/3811/2918
f 2783/3631/2818 2896/3825/2931 2784/3632/2819
f 2678/3629/2713 2897/3826/2932 2679/3465/2714
f 2898/3827/2933 2899/3828/2934 2882/3810/2917
f 2765/3746/2800 2842/3745/2877 2900/3829/2935
f 2765/3597/2800 2901/3830/2936 2766/3598/2801
f 2765/3597/2800 2900/3831/2935 2901/3830/2936
f 2902/3832/2937 2903/3833/2938 2904/3834/2939
f 2844/3786/2879 2784/3632/2819 2896/3825/2931
f 2604/3365/2639 2641/3416/2676 2605/3366/2640
f 2828/3709/2863 2641/3416/2676 2458/3248/2493
f 2905/3835/2940 2906/3836/2941 2907/3837/2942
f 2689/3481/2724 2565/3311/2600 2564/3310/2599
f 2868/3838/2903 2867/3839/2902 2908/3840/2943
f 2710/3513/2745 2849/3764/2884 2711/3514/2746
f 2689/3481/2724 2909/3841/2944 2565/3311/2600
f 2910/3842/2945 2911/3843/2946 2912/3844/2947
f 2782/3630/2817 2584/3339/2619 2783/3631/2818
f 2817/3692/2852 2584/3339/2619 2782/3630/2817
f 2777/3617/2812 2664/3444/2699 2638/3443/2673
f 2913/3845/2948 2914/3846/2949 2915/3847/2950
f 2914/3846/2949 2916/3848/2951 2915/3847/2950
f 2897/3826/2932 2917/3849/2952 2679/3465/2714
f 2918/3850/2953 2874/3802/2909 2162/2726/2197
f 2910/3842/2945 2904/3834/2939 2903/3833/2938
f 2487/3210/2522 2478/3188/2513 2753/3584/2788
f 2587/3381/2622 2635/3636/2670 2637/3616/2672
f 2919/3851/2954 2910/3842/2945 2912/3844/2947
f 2598/3358/2633 2600/3360/2635 2832/3721/2867
f 2614/3377/2649 2849/3763/2884 2710/3535/2745
f 2920/3852/2955 2860/3781/2895 2861/3783/2896
f 2647/3425/2682 2725/3532/2760 2731/3777/2766
f 2800/3658/2835 2798/3656/2833 2811/3676/2846
f 2782/3630/2817 2786/3637/2821 2817/3692/2852
f 2702/3500/2737 2670/3454/2705 2703/3501/2738
f 2633/3404/2668 2802/3663/2837 2921/3853/2956
f 2882/3810/2917 2922/3854/2957 2898/3827/2933
f 2586/3342/2621 2617/3855/2652 2618/3402/2653
f 2867/3839/2902 2923/3856/2958 2924/3857/2959
f 2925/3858/2960 2926/3859/2961 2923/3856/2958
f 2811/3676/2846 2810/3675/2845 2820/3695/2855
f 2867/3839/2902 2924/3857/2959 2908/3840/2943
f 1960/2466/1994 2874/3802/2909 2308/2903/2343
f 2613/3697/2648 2650/3860/2685 2750/3679/2785
f 2426/3088/2461 2927/3861/2962 2414/3069/2449
f 2928/3862/2963 2929/3863/2964 2930/3864/2965
f 2560/3302/2595 2599/3677/2634 2756/3587/2791
f 2478/3188/2513 2757/3588/2792 2753/3584/2788
f 2415/3200/2450 2414/3865/2449 2911/3866/2946
f 2656/3434/2691 2756/3587/2791 2645/3423/2680
f 2905/3835/2940 2907/3837/2942 2931/3867/2966
f 2909/3868/2944 2834/3744/2869 2932/3869/2967
f 2655/3451/2690 2648/3870/2683 2933/3871/2968
f 2648/3751/2683 2909/3868/2944 2932/3869/2967
f 2674/3458/2709 2855/3872/2890 2675/3459/2710
f 2934/3873/2969 2253/2841/2288 2890/3819/2925
f 2656/3434/2691 2645/3423/2680 2807/3671/2842
f 2935/3874/2970 2936/3875/2971 2926/3876/2961
f 2846/3877/2881 2889/3878/2924 2655/3451/2690
f 2936/3875/2971 2923/3879/2958 2926/3876/2961
f 2609/3372/2644 2565/3311/2600 2647/3880/2682
f 2565/3311/2600 2909/3841/2944 2647/3880/2682
f 2426/3088/2461 2414/3069/2449 2175/3025/2210
f 2837/3733/2872 2894/3823/2929 2802/3663/2837
f 2937/3881/2972 2938/3882/2973 2939/3883/2974
f 2929/3863/2964 2880/3808/2915 2879/3807/2914
f 2940/3884/2975 2887/3816/2922 2860/3885/2895
f 2600/3360/2635 2793/3648/2828 2832/3721/2867
f 2668/3452/2703 2655/3451/2690 2889/3878/2924
f 2941/3886/2976 2942/3887/2977 2943/3888/2978
f 2477/3889/2512 2310/3890/2345 2944/3891/2979
f 2645/3423/2680 2756/3587/2791 2598/3678/2633
f 2746/3569/2781 2606/3367/2641 2705/3503/2740
f 2570/3317/2605 2746/3569/2781 2705/3503/2740
f 2926/3876/2961 2945/3892/2980 2935/3874/2970
f 2941/3886/2976 2946/3893/2981 2942/3887/2977
f 2904/3834/2939 2919/3851/2954 2947/3894/2982
f 2768/3895/2803 2850/3896/2885 2948/3897/2983
f 2768/3602/2803 2949/3898/2984 2850/3765/2885
f 2827/3708/2862 2615/3515/2650 2711/3514/2746
f 2950/3899/2985 2911/3866/2946 2414/3865/2449
f 2768/3602/2803 2770/3605/2805 2949/3898/2984
f 2871/3799/2906 2870/3798/2905 2940/3884/2975
f 2875/3803/2910 2888/3817/2923 2869/3797/2904
f 2732/3548/2767 2706/3505/2741 2542/3507/2577
f 2125/3900/2160 2569/3901/2604 2568/3902/2603
f 2951/3903/2986 2952/3904/2987 2668/3905/2703
f 2951/3903/2986 2953/3906/2988 2952/3904/2987
f 2954/3907/2989 2955/3908/2990 2875/3803/2910
f 2951/3903/2986 2889/3818/2924 2888/3817/2923
f 2125/3900/2160 2568/3902/2603 2726/3909/2761
f 2676/3910/2711 2956/3911/2991 2701/3787/2736
f 2899/3828/2934 2930/3864/2965 2929/3863/2964
f 2955/3908/2990 2888/3817/2923 2875/3803/2910
f 2859/3780/2894 2662/3440/2697 2661/3439/2696
f 2955/3908/2990 2951/3903/2986 2888/3817/2923
f 2932/3869/2967 2845/3752/2880 2648/3751/2683
f 2601/3361/2636 2803/3664/2838 2896/3825/2931
f 2172/3912/2207 2957/3913/2992 2958/3914/2993
f 2737/3559/2772 2667/3450/2702 2668/3452/2703
f 2828/3709/2863 2605/3366/2640 2641/3416/2676
f 2826/3707/2861 2959/3915/2994 2886/3814/2921
f 2808/3673/2843 2809/3916/2844 2960/3917/2995
f 2458/3143/2493 2818/3693/2853 2829/3711/2864
f 2960/3918/2995 2809/3674/2844 2766/3598/2801
f 2961/3919/2996 2962/3920/2997 2963/3921/2998
f 2886/3814/2921 2956/3922/2991 2676/3460/2711
f 2570/3317/2605 2705/3503/2740 2571/3318/2606
f 2624/3389/2659 2859/3923/2894 2760/3592/2795
f 2859/3923/2894 2761/3593/2796 2760/3592/2795
f 2834/3728/2869 2909/3841/2944 2689/3481/2724
f 2767/3599/2802 2761/3593/2796 2586/3342/2621
f 2808/3673/2843 2960/3917/2995 2818/3693/2853
f 2584/3339/2619 2601/3361/2636 2896/3825/2931
f 2486/3924/2521 2476/3925/2511 2284/3003/2319
f 2624/3389/2659 2662/3687/2697 2859/3923/2894
f 2964/3926/2999 2915/3847/2950 2916/3848/2951
f 2703/3501/2738 2672/3456/2707 2843/3747/2878
f 2703/3501/2738 2670/3454/2705 2672/3456/2707
f 2919/3851/2954 2965/3927/3000 2947/3894/2982
f 2877/3805/2912 2966/3928/3001 2861/3783/2896
f 2855/3872/2890 2784/3815/2819 2675/3459/2710
f 2967/3929/3002 2968/3930/3003 2188/2759/2223
f 2922/3854/2957 2969/3931/3004 2970/3932/3005
f 2971/3933/3006 2957/3913/2992 2972/3934/3007
f 2972/3934/3007 2957/3913/2992 2172/3912/2207
f 2967/3935/3002 2958/3914/2993 2957/3913/2992
f 2967/3929/3002 2973/3936/3008 2968/3930/3003
f 2414/3865/2449 2927/3937/2962 2950/3899/2985
f 2974/3938/3009 2975/3939/3010 2976/3940/3011
f 2896/3825/2931 2803/3664/2838 2844/3786/2879
f 2896/3825/2931 2783/3631/2818 2584/3339/2619
f 2761/3593/2796 2617/3855/2652 2586/3342/2621
f 2779/3625/2814 2781/3627/2816 2737/3559/2772
f 2895/3824/2930 2894/3823/2929 2840/3742/2875
f 2859/3923/2894 2617/3855/2652 2761/3593/2796
f 2977/3941/3012 2902/3832/2937 2978/3942/3013
f 2254/2842/2289 2979/3943/3014 2980/3944/3015
f 2981/3945/3016 2842/3745/2877 2878/3806/2913
f 2981/3945/3016 2878/3806/2913 2982/3946/3017
f 2879/3807/2914 2983/3947/3018 2929/3863/2964
f 2878/3806/2913 2796/3654/2831 2843/3747/2878
f 1960/2466/1994 2162/2726/2197 2874/3802/2909
f 2856/3948/2891 2984/3949/3019 2851/3766/2886
f 2983/3947/3018 2882/3810/2917 2929/3863/2964
f 2617/3380/2652 2661/3439/2696 2587/3381/2622
f 2254/2968/2289 2980/3950/3015 2441/3112/2476
f 2855/3771/2890 2854/3770/2889 2877/3805/2912
f 2878/3806/2913 2843/3747/2878 2672/3456/2707
f 2985/3951/3020 2978/3942/3013 2902/3832/2937
f 2986/3952/3021 2396/3073/2431 2987/3953/3022
f 2988/3954/3023 2989/3955/3024 2990/3956/3025
f 2991/3957/3026 2992/3958/3027 2993/3959/3028
f 2994/3960/3029 2975/3961/3010 2995/3962/3030
f 2861/3783/2896 2966/3928/3001 2920/3852/2955
f 2996/3963/3031 2707/3964/2742 2945/3965/2980
f 2997/3966/3032 2737/3559/2772 2781/3627/2816
f 2648/3751/2683 2647/3967/2682 2909/3868/2944
f 2874/3802/2909 2918/3850/2953 2872/3800/2907
f 2671/3455/2706 2998/3968/3033 2862/3788/2897
f 2978/3969/3013 2905/3835/2940 2977/3970/3012
f 2999/3971/3034 3000/3972/3035 3001/3973/3036
f 2739/3561/2774 2737/3559/2772 2997/3966/3032
f 3002/3974/3037 3003/3975/3038 3004/3976/3039
f 3005/3977/3040 2976/3940/3011 2975/3939/3010
f 3006/3978/3041 3007/3979/3042 3008/3980/3043
f 2934/3873/2969 3009/3981/3044 2253/2841/2288
f 3010/3982/3045 2879/3807/2914 3011/3983/3046
f 3012/3984/3047 3013/3985/3048 2895/3824/2930
f 3014/3986/3049 3015/3987/3050 3016/3988/3051
f 2895/3824/2930 2840/3742/2875 3012/3984/3047
f 2672/3456/2707 2862/3788/2897 2878/3806/2913
f 2936/3875/2971 2924/3989/2959 2923/3879/2958
f 2860/3885/2895 2920/3990/2955 2940/3884/2975
f 3017/3991/3052 3018/3992/3053 2975/3961/3010
f 2982/3946/3017 2878/3806/2913 2862/3788/2897
f 3019/3993/3054 3020/3994/3055 3021/3995/3056
f 2842/3745/2877 2981/3945/3016 2900/3829/2935
f 3022/3996/3057 3023/3997/3058 3024/3998/3059
f 3019/3993/3054 3008/3980/3043 3007/3979/3042
f 2920/3990/2955 3025/3999/3060 2940/3884/2975
f 3026/4000/3061 3027/4001/3062 2901/3830/2936
f 2901/4002/2936 2900/3829/2935 3026/4003/3061
f 2981/3945/3016 2982/3946/3017 2900/3829/2935
f 3028/4004/3063 2766/3598/2801 2901/3830/2936
f 2860/3781/2895 2887/4005/2922 2845/3782/2880
f 2284/3003/2319 3029/4006/3064 2486/3924/2521
f 3030/4007/3065 2927/3937/2962 2486/3924/2521
f 2975/3961/3010 3018/3992/3053 2995/3962/3030
f 3031/4008/3066 3032/4009/3067 3002/3974/3037
f 2960/3917/2995 2766/4010/2801 3033/4011/3068
f 2963/4012/2998 2977/3941/3012 2905/4013/2940
f 3033/4014/3068 2766/3598/2801 3028/4004/3063
f 2782/4015/2817 2784/3815/2819 2855/3872/2890
f 2978/3969/3013 3023/4016/3058 2905/3835/2940
f 3034/4017/3069 3035/4018/3070 3036/4019/3071
f 3037/4020/3072 3038/4021/3073 3039/4022/3074
f 3037/4020/3072 3036/4019/3071 3035/4018/3070
f 3000/3972/3035 3024/3998/3059 3040/4023/3075
f 3037/4020/3072 3035/4018/3070 3038/4021/3073
f 2872/3800/2907 2918/3850/2953 3041/4024/3076
f 2284/3003/2319 2376/3004/2411 3029/4006/3064
f 2376/3004/2411 2408/3059/2443 3029/4006/3064
f 3012/3984/3047 3042/4025/3077 3013/3985/3048
f 2850/3765/2885 2949/3898/2984 2946/4026/2981
f 3043/4027/3078 2902/3832/2937 2904/3834/2939
f 2850/3765/2885 2946/4026/2981 2856/3948/2891
f 2996/4028/3031 2925/4029/2960 2938/3882/2973
f 2851/3766/2886 2850/3765/2885 2856/3948/2891
f 2449/3127/2484 3044/4030/3079 2450/4031/2485
f 3023/3997/3058 2978/3942/3013 2985/3951/3020
f 3045/4032/3080 2840/3742/2875 2836/3732/2871
f 3046/4033/3081 2990/3956/3025 3047/4034/3082
f 2906/3836/2941 2905/3835/2940 3023/4016/3058
f 2829/3711/2864 2818/3693/2853 2838/4035/2873
f 3006/3978/3041 3048/4036/3083 3007/3979/3042
f 2567/3313/2602 3049/4037/3084 2568/3314/2603
f 2567/4038/2602 3050/4039/3085 3049/4040/3084
f 3051/4041/3086 2964/3926/2999 2916/3848/2951
f 3048/4036/3083 3052/4042/3087 3007/3979/3042
f 3052/4042/3087 3048/4036/3083 3053/4043/3088
f 3054/4044/3089 3055/4045/3090 3056/4046/3091
f 2779/3625/2814 2737/3559/2772 2668/3452/2703
f 2918/4047/2953 2466/3161/2501 2477/3185/2512
f 3008/3980/3043 3019/3993/3054 3021/3995/3056
f 3013/3985/3048 2884/3812/2919 2895/3824/2930
f 2887/3816/2922 2870/3798/2905 2869/3797/2904
f 2951/3903/2986 2668/3905/2703 2889/3818/2924
f 3057/4048/3092 3056/4046/3091 3055/4045/3090
f 3058/4049/3093 2310/3890/2345 2383/4050/2418
f 2998/3968/3033 3059/4051/3094 3060/4052/3095
f 2856/3772/2891 2780/4053/2815 2857/3773/2892
f 3061/4054/3096 2858/3774/2893 2857/3773/2892
f 3061/4054/3096 2952/3904/2987 2858/3774/2893
f 2952/3904/2987 3061/4054/3096 2668/3905/2703
f 2964/3926/2999 3022/4055/3057 3062/4056/3097
f 2668/3905/2703 3061/4054/3096 2779/3622/2814
f 2707/3510/2742 2996/4028/3031 2937/3881/2972
f 3063/4057/3098 3064/4058/3099 3065/4059/3100
f 2941/4060/2976 2780/4053/2815 2856/3772/2891
f 2940/3884/2975 2870/3798/2905 2887/3816/2922
f 2644/3793/2679 2782/4061/2817 2861/3783/2896
f 2383/4050/2418 2475/4062/2510 3058/4049/3093
f 3028/4004/3063 2901/3830/2936 3027/4001/3062
f 3066/4063/3101 3026/4003/3061 2900/3829/2935
f 3066/4064/3101 3027/4001/3062 3026/4000/3061
f 3067/4065/3102 3068/4066/3103 3069/4067/3104
f 2941/4068/2976 2856/3948/2891 2946/4026/2981
f 2884/3812/2919 3013/3985/3048 3042/4025/3077
f 2845/3782/2880 2889/3878/2924 2846/3877/2881
f 3009/3981/3044 2254/2842/2289 2253/2841/2288
f 3009/3981/3044 2979/3943/3014 2254/2842/2289
f 3060/4052/3095 3059/4051/3094 2948/3897/2983
f 2919/3851/2954 3030/4069/3065 2965/3927/3000
f 3070/4070/3105 2864/3790/2899 2863/3789/2898
f 2946/4026/2981 2949/3898/2984 2770/3605/2805
f 2671/3455/2706 2742/3564/2777 3059/4051/3094
f 3071/4071/3106 3072/4072/3107 3073/4073/3108
f 2840/3742/2875 2894/3823/2929 2837/3733/2872
f 2864/3790/2899 3070/4070/3105 2866/3794/2901
f 2845/3782/2880 2887/4005/2922 2889/3878/2924
f 2194/2765/2229 3074/4074/3109 2403/3051/2438
f 3009/4075/3044 2934/4076/2969 3075/4077/3110
f 2855/3771/2890 2876/3804/2911 2782/4061/2817
f 2861/3783/2896 2782/4061/2817 2876/3804/2911
f 2938/3882/2973 3076/4078/3111 2939/3883/2974
f 2845/3752/2880 2834/3744/2869 2841/3743/2876
f 2648/3870/2683 2846/3877/2881 2933/3871/2968
f 2733/3549/2768 2633/3404/2668 2792/3647/2827
f 2932/3869/2967 2834/3744/2869 2845/3752/2880
f 2794/3649/2829 2935/3874/2970 2945/3892/2980
f 2477/3185/2512 2944/4079/2979 3077/4080/3112
f 2866/3794/2901 3070/4070/3105 3078/4081/3113
f 2939/3883/2974 3076/4078/3111 3078/4081/3113
f 3079/4082/3114 3080/4083/3115 3081/4084/3116
f 2897/3826/2932 2885/3813/2920 2917/3849/2952
f 2930/3864/2965 2899/3828/2934 2865/3791/2900
f 3030/4069/3065 3082/4085/3117 2965/3927/3000
f 3082/4085/3117 3083/4086/3118 2965/3927/3000
f 2572/3321/2607 2571/3320/2606 3084/4087/3119
f 3085/4088/3120 3084/4089/3119 2571/4090/2606
f 3086/4091/3121 3004/3976/3039 3087/4092/3122
f 2794/3649/2829 2945/3892/2980 2663/4093/2698
f 2882/3810/2917 3088/4094/3123 3089/4095/3124
f 2912/4096/2947 2950/3899/2985 3030/4007/3065
f 2965/3927/3000 3083/4086/3118 3090/4097/3125
f 3051/4041/3086 3022/4055/3057 2964/3926/2999
f 3042/4025/3077 3012/3984/3047 2964/3926/2999
f 3010/3982/3045 3011/3983/3046 2883/3811/2918
f 3071/4071/3106 3073/4073/3108 3091/4098/3126
f 3073/4073/3108 3072/4072/3107 2687/4099/2722
f 2846/3877/2881 2655/3451/2690 2933/3871/2968
f 3029/4006/3064 3082/4100/3117 3030/4007/3065
f 3092/4101/3127 3093/4102/3128 2792/3647/2827
f 2510/3446/2545 2666/3448/2701 3094/4103/3129
f 3095/4104/3130 3096/4105/3131 3097/4106/3132
f 2181/2751/2216 2375/3002/2410 2182/2752/2217
f 2907/3837/2942 2906/3836/2941 3098/4107/3133
f 2979/4108/3014 3099/4109/3134 2441/3112/2476
f 3100/4110/3135 3094/4103/3129 2666/3448/2701
f 2974/3938/3009 3101/4111/3136 3017/4112/3052
f 2510/3446/2545 3094/4103/3129 2804/4113/2839
f 2804/4114/2839 3094/4115/3129 3102/4116/3137
f 2942/3887/2977 2804/4114/2839 3102/4116/3137
f 2182/4117/2217 3103/4118/3138 2972/4119/3007
f 3104/4120/3139 2572/4121/2607 3084/4089/3119
f 2692/3485/2727 2572/4121/2607 3104/4120/3139
f 3105/4122/3140 3106/4123/3141 3107/4124/3142
f 3059/4051/3094 2742/3564/2777 2741/3563/2776
f 3038/4021/3073 3108/4125/3143 3080/4083/3115
f 2985/3951/3020 2902/3832/2937 3043/4027/3078
f 3104/4120/3139 3084/4089/3119 3085/4088/3120
f 2965/3927/3000 3090/4097/3125 3065/4059/3100
f 3104/4120/3139 3085/4088/3120 3109/4126/3144
f 3110/4127/3145 3111/4128/3146 3112/4129/3147
f 2692/3485/2727 3113/4130/3148 2714/3519/2749
f 3065/4059/3100 3090/4097/3125 3114/4131/3149
f 2692/3485/2727 3104/4120/3139 3113/4130/3148
f 2983/3947/3018 3010/3982/3045 2883/3811/2918
f 2714/3519/2749 3113/4130/3148 3115/4132/3150
f 2792/3647/2827 3093/4102/3128 2793/3648/2828
f 3099/4133/3134 3116/4134/3151 2375/4135/2410
f 3080/4083/3115 3079/4082/3114 3038/4021/3073
f 3101/4111/3136 3117/4136/3152 3118/4137/3153
f 3114/4131/3149 3090/4097/3125 3119/4138/3154
f 3120/4139/3155 3019/3993/3054 3007/3979/3042
f 2998/3968/3033 2671/3455/2706 3059/4051/3094
f 2723/3530/2758 2724/3531/2759 3121/4140/3156
f 3121/4141/3156 3122/4142/3157 2723/4143/2758
f 2449/3127/2484 2448/3126/2483 3044/4030/3079
f 3098/4107/3133 2916/3848/2951 2914/3846/2949
f 2831/3720/2866 3123/4144/3158 2705/3718/2740
f 3123/4145/3158 3085/4088/3120 2571/4090/2606
f 2705/3718/2740 3123/4144/3158 2571/4146/2606
f 3123/4147/3158 3124/4148/3159 3085/4149/3120
f 3125/4150/3160 3126/4151/3161 3127/4152/3162
f 3118/4137/3153 3128/4153/3163 3101/4111/3136
f 3071/4154/3106 2957/3913/2992 2971/3933/3006
f 3062/4056/3097 3000/4155/3035 3129/4156/3164
f 2967/3935/3002 2957/3913/2992 3091/4157/3126
f 3071/4071/3106 3091/4098/3126 2957/4158/2992
f 3130/4159/3165 2852/4160/2887 3100/4110/3135
f 3131/4161/3166 3100/4162/3135 2852/3767/2887
f 2917/3849/2952 2544/3463/2579 2679/3465/2714
f 3021/3995/3056 3024/3998/3059 3132/4163/3167
f 2972/3934/3007 2172/3912/2207 2183/4164/2218
f 3091/4157/3126 3133/4165/3168 2967/3935/3002
f 2967/3929/3002 3133/4166/3168 2973/3936/3008
f 2486/3924/2521 3029/4006/3064 3030/4007/3065
f 3134/4167/3169 3135/4168/3170 3136/4169/3171
f 2905/4013/2940 2961/4170/2996 2963/4012/2998
f 3137/4171/3172 2863/3789/2898 2865/3791/2900
f 3040/4023/3075 3138/4172/3173 3096/4105/3131
f 3139/4173/3174 3087/4092/3122 3003/3975/3038
f 2990/3956/3025 3139/4173/3174 3047/4034/3082
f 2536/3270/2571 2591/3347/2626 2935/3874/2970
f 2412/3067/2447 2442/3114/2477 2283/2877/2318
f 3015/3987/3050 3129/4156/3164 2999/4174/3034
f 3140/4175/3175 2442/4176/2477 3141/4177/3176
f 3040/4023/3075 3142/4178/3177 3020/3994/3055
f 2893/3822/2928 2853/3768/2888 2936/3875/2971
f 3075/4077/3110 2567/3313/2602 3143/4179/3178
f 2906/3836/2941 3023/4016/3058 3098/4107/3133
f 2852/3767/2887 3130/4180/3165 2850/3765/2885
f 2591/3347/2626 2893/3822/2928 2935/3874/2970
f 2962/3920/2997 2415/3200/2450 2963/3921/2998
f 3144/4181/3179 2687/4099/2722 2691/3486/2726
f 3144/4181/3179 2691/3486/2726 2714/3519/2749
f 3132/4163/3167 2985/3951/3020 3043/4027/3078
f 3145/4182/3180 3110/4127/3145 3146/4183/3181
f 3022/4055/3057 3000/4155/3035 3062/4056/3097
f 2931/4184/2966 3147/4185/3182 2918/4047/2953
f 2536/3270/2571 2935/3874/2970 2794/3649/2829
f 2935/3874/2970 2893/3822/2928 2936/3875/2971
f 2404/3052/2439 3148/4186/3183 2993/3959/3028
f 2693/4187/2728 2748/3573/2783 2780/4053/2815
f 3091/4157/3126 3149/4188/3184 3133/4165/3168
f 3073/4073/3108 3149/4189/3184 3091/4098/3126
f 3073/4073/3108 3144/4181/3179 3150/4190/3185
f 3073/4073/3108 2687/4099/2722 3144/4181/3179
f 3145/4182/3180 3151/4191/3186 3067/4192/3102
f 3145/4182/3180 3067/4192/3102 3110/4127/3145
f 3152/4193/3187 2993/3959/3028 3148/4186/3183
f 2943/3888/2978 2739/3561/2774 2997/3966/3032
f 3021/3995/3056 3153/4194/3188 3024/3998/3059
f 2867/3795/2902 3078/4081/3113 2925/4029/2960
f 2941/3886/2976 2781/3627/2816 2780/4195/2815
f 2961/4170/2996 2905/4013/2940 3077/4080/3112
f 3058/4049/3093 2944/3891/2979 2310/3890/2345
f 2633/3404/2668 2921/3853/2956 2792/3647/2827
f 3138/4172/3173 3040/4023/3075 3020/3994/3055
f 2997/3966/3032 2781/3627/2816 2941/3886/2976
f 2792/3647/2827 2921/3853/2956 3011/3983/3046
f 2943/3888/2978 2997/3966/3032 2941/3886/2976
f 2853/3768/2888 3154/4196/3189 2936/3875/2971
f 2885/3813/2920 2872/3800/2907 3041/4024/3076
f 2853/3768/2888 2590/3346/2625 3154/4196/3189
f 2768/3602/2803 2948/4197/2983 2693/3487/2728
f 2946/4026/2981 2770/3605/2805 2804/3665/2839
f 2942/4198/2977 2946/4026/2981 2804/3665/2839
f 3061/4054/3096 2748/3573/2783 2779/3622/2814
f 2442/4176/2477 3140/4175/3175 2976/3940/3011
f 2693/4187/2728 2741/3571/2776 2748/3573/2783
f 2891/3820/2926 2544/3463/2579 2917/3849/2952
f 2741/3563/2776 2693/4199/2728 2948/3897/2983
f 2832/3721/2867 3154/4196/3189 2590/3346/2625
f 2832/3721/2867 3093/4102/3128 3154/4196/3189
f 2171/2735/2206 2182/2752/2217 2183/2753/2218
f 2881/3809/2916 3011/3983/3046 2879/3807/2914
f 3061/4054/3096 2857/3773/2892 2748/3573/2783
f 2899/3828/2934 3155/4200/3190 2865/3791/2900
f 2741/3563/2776 2948/3897/2983 3059/4051/3094
f 3156/4201/3191 3135/4168/3170 3157/4202/3192
f 2748/3573/2783 2857/3773/2892 2780/4053/2815
f 3086/4091/3121 3068/4066/3103 3158/4203/3193
f 2962/3920/2997 2944/3891/2979 3058/4049/3093
f 3156/4201/3191 3157/4202/3192 3159/4204/3194
f 3130/4159/3165 3100/4110/3135 3160/4205/3195
f 3130/4159/3165 3160/4205/3195 3161/4206/3196
f 3162/4207/3197 2850/3896/2885 3130/4208/3165
f 3162/4207/3197 2948/3897/2983 2850/3896/2885
f 3154/4196/3189 3093/4102/3128 2924/3989/2959
f 2936/3875/2971 3154/4196/3189 2924/3989/2959
f 2973/3936/3008 3133/4166/3168 3163/4209/3198
f 3130/4159/3165 3161/4206/3196 3164/4210/3199
f 3124/4148/3159 3165/4211/3200 3166/4212/3201
f 3167/4213/3202 3132/4163/3167 3043/4027/3078
f 3085/4149/3120 3124/4148/3159 3166/4212/3201
f 3152/4193/3187 3168/4214/3203 3169/4215/3204
f 3085/4149/3120 3166/4212/3201 3109/4216/3144
f 3104/4120/3139 3109/4126/3144 3113/4130/3148
f 3152/4193/3187 3169/4215/3204 2991/3957/3026
f 3115/4132/3150 3113/4130/3148 3109/4126/3144
f 3115/4132/3150 3109/4126/3144 3170/4217/3205
f 3169/4215/3204 3168/4214/3203 3171/4218/3206
f 3109/4126/3144 3166/4219/3201 3170/4217/3205
f 3172/4220/3207 2716/4221/2751 3173/4222/3208
f 2882/3810/2917 2884/3812/2919 3088/4094/3123
f 2832/3721/2867 2793/3648/2828 3093/4102/3128
f 3115/4132/3150 3170/4217/3205 3174/4223/3209
f 3175/4224/3210 3115/4132/3150 3174/4223/3209
f 3176/4225/3211 3175/4224/3210 3174/4223/3209
f 2723/3530/2758 3177/4226/3212 2720/3527/2755
f 2403/3051/2438 3074/4074/3109 2968/3930/3003
f 3178/4227/3213 3170/4217/3205 3166/4219/3201
f 2976/3940/3011 2451/3134/2486 2442/4176/2477
f 3014/3986/3049 3016/3988/3051 3179/4228/3214
f 2921/3853/2956 2802/3663/2837 2883/3811/2918
f 2968/3930/3003 3074/4074/3109 2188/2759/2223
f 2979/4229/3014 3009/4075/3044 3075/4077/3110
f 2836/3732/2871 2914/3846/2949 2913/3845/2948
f 3180/4230/3215 3128/4231/3163 3118/4232/3153
f 3181/4233/3216 3182/4234/3217 3005/3977/3040
f 3145/4235/3180 3158/4203/3193 3151/4236/3186
f 3042/4025/3077 3062/4056/3097 3015/3987/3050
f 3042/4025/3077 2964/3926/2999 3062/4056/3097
f 2962/4237/2997 3077/4080/3112 2944/4079/2979
f 2947/3894/2982 3043/4027/3078 2904/3834/2939
f 3127/4152/3162 3183/4238/3218 3125/4150/3160
f 3184/4239/3219 2987/3953/3022 3185/4240/3220
f 2885/3813/2920 3041/4024/3076 3186/4241/3221
f 3011/3983/3046 2881/3809/2916 2792/3647/2827
f 2892/3821/2927 2914/3846/2949 2836/3732/2871
f 2802/3663/2837 2894/3823/2929 2883/3811/2918
f 2883/3811/2918 2895/3824/2930 2884/3812/2919
f 3132/4163/3167 3024/3998/3059 3023/3997/3058
f 2975/3939/3010 3181/4233/3216 3005/3977/3040
f 3047/4034/3082 3187/4242/3222 3188/4243/3223
f 3093/4102/3128 3189/4244/3224 2924/3989/2959
f 3077/4080/3112 2931/4184/2966 2477/3185/2512
f 3190/4245/3225 3097/4106/3132 3126/4151/3161
f 3097/4106/3132 3136/4169/3171 3126/4151/3161
f 2925/3858/2960 2923/3856/2958 2867/3839/2902
f 3015/3987/3050 3062/4056/3097 3129/4156/3164
f 3095/4104/3130 3097/4106/3132 3191/4246/3226
f 3020/3994/3055 3134/4167/3169 3138/4172/3173
f 3070/4070/3105 2863/3789/2898 3137/4171/3172
f 3105/4122/3140 3188/4243/3223 3187/4242/3222
f 2836/3732/2871 2915/3847/2950 3045/4032/3080
f 3192/4247/3227 3089/4095/3124 3088/4094/3123
f 3193/4248/3228 3187/4242/3222 3047/4034/3082
f 2890/3819/2925 3194/4249/3229 2934/3873/2969
f 3191/4246/3226 3097/4106/3132 3190/4245/3225
f 2891/3820/2926 2836/3732/2871 2544/3463/2579
f 3195/4250/3230 2375/4135/2410 3116/4134/3151
f 3196/4251/3231 3197/4252/3232 3198/4253/3233
f 3005/3977/3040 2451/3134/2486 2976/3940/3011
f 3199/4254/3234 3111/4128/3146 3110/4127/3145
f 2708/3511/2743 2937/3881/2972 2835/3729/2870
f 3185/4240/3220 3069/4067/3104 3184/4239/3219
f 2404/3052/2439 2403/3051/2438 3148/4186/3183
f 3159/4204/3194 3200/4255/3235 3156/4201/3191
f 2442/4176/2477 2451/3134/2486 2283/3133/2318
f 3075/4077/3110 3116/4134/3151 2979/4229/3014
f 2965/3927/3000 3065/4059/3100 2947/3894/2982
f 2979/4229/3014 3116/4134/3151 3099/4133/3134
f 2868/3796/2903 2908/4256/2943 3201/4257/3236
f 3096/4105/3131 3138/4172/3173 3134/4167/3169
f 2707/3510/2742 2937/3881/2972 2708/3511/2743
f 3193/4248/3228 3202/4258/3237 3187/4242/3222
f 3067/4192/3102 3151/4191/3186 3068/4259/3103
f 2989/3955/3024 2987/3953/3022 2990/3956/3025
f 3139/4173/3174 2990/3956/3025 2987/3953/3022
f 3198/4253/3233 3191/4246/3226 3190/4245/3225
f 2726/3909/2761 3194/4260/3229 2890/4261/2925
f 3096/4105/3131 3134/4167/3169 3097/4106/3132
f 3075/4077/3110 3143/4179/3178 3116/4134/3151
f 3057/4048/3092 2581/3335/2616 2580/3334/2615
f 3203/4262/3238 3200/4255/3235 3159/4204/3194
f 2408/4263/2443 3083/4086/3118 3082/4085/3117
f 3092/4101/3127 2792/3647/2827 2881/3809/2916
f 3057/4048/3092 3116/4134/3151 2581/3335/2616
f 3198/4253/3233 3197/4252/3232 3001/3973/3036
f 3072/4072/3107 2971/4264/3006 3056/4265/3091
f 3116/4134/3151 3057/4048/3092 3204/4266/3239
f 2193/2764/2228 2188/2759/2223 2187/2758/2222
f 3195/4250/3230 3116/4134/3151 3204/4266/3239
f 3158/4203/3193 3145/4235/3180 3108/4125/3143
f 2971/4264/3006 3054/4267/3089 3056/4265/3091
f 3105/4122/3140 3187/4242/3222 3205/4268/3240
f 3172/4220/3207 2718/3526/2753 2716/4221/2751
f 3205/4268/3240 3187/4242/3222 3202/4258/3237
f 2921/3853/2956 2883/3811/2918 3011/3983/3046
f 3041/4024/3076 2918/3850/2953 3147/4269/3182
f 3148/4186/3183 3206/4270/3241 3168/4214/3203
f 3092/4271/3127 3189/4272/3224 3093/4273/3128
f 3207/4274/3242 3105/4122/3140 3205/4268/3240
f 3058/4049/3093 2475/4062/2510 2962/3920/2997
f 3186/4241/3221 3041/4024/3076 2892/3821/2927
f 3112/4275/3147 3182/4234/3217 3146/4276/3181
f 3031/4008/3066 3202/4258/3237 3032/4009/3067
f 3032/4009/3067 3202/4258/3237 3193/4248/3228
f 2210/3173/2245 2993/3959/3028 2448/3126/2483
f 3139/4173/3174 2987/3953/3022 3184/4239/3219
f 2707/3964/2742 2658/4277/2693 2683/3469/2718
f 3056/4046/3091 2580/3334/2615 2687/3477/2722
f 3056/4046/3091 2687/3477/2722 3072/4278/3107
f 2993/3959/3028 2210/3173/2245 2404/3052/2439
f 3168/4214/3203 3152/4193/3187 3148/4186/3183
f 3008/3980/3043 3167/4213/3202 3208/4279/3243
f 3155/4200/3190 2899/3828/2934 2898/3827/2933
f 3001/3973/3036 3191/4246/3226 3198/4253/3233
f 2403/3051/2438 2968/3930/3003 3148/4186/3183
f 2448/3126/2483 2993/3959/3028 3044/4030/3079
f 3132/4163/3167 3167/4213/3202 3021/3995/3056
f 2973/3936/3008 3206/4270/3241 2968/3930/3003
f 2968/3930/3003 3206/4270/3241 3148/4186/3183
f 2917/3849/2952 2885/3813/2920 2891/3820/2926
f 2908/3840/2943 2924/3857/2959 2881/4280/2916
f 3077/4281/3112 2962/3920/2997 2961/3919/2996
f 2864/3790/2899 2908/4256/2943 2880/3808/2915
f 2308/2903/2343 2873/3801/2908 2619/3700/2654
f 2911/3866/2946 2963/3921/2998 2415/3200/2450
f 2172/2736/2207 2958/4282/2993 2193/2764/2228
f 3024/3998/3059 3209/4283/3244 3040/4023/3075
f 3141/4177/3176 3101/4111/3136 3140/4175/3175
f 2194/2765/2229 2188/2759/2223 3074/4074/3109
f 3140/4175/3175 3101/4111/3136 2974/3938/3009
f 3140/4175/3175 2974/3938/3009 2976/3940/3011
f 3153/4194/3188 3209/4283/3244 3024/3998/3059
f 2958/4282/2993 2188/2759/2223 2193/2764/2228
f 2864/3790/2899 2880/3808/2915 2928/3862/2963
f 3147/4269/3182 3210/4284/3245 3041/4024/3076
f 3211/4285/3246 3090/4097/3125 3083/4086/3118
f 3211/4285/3246 3119/4138/3154 3090/4097/3125
f 2908/4256/2943 2864/3790/2899 3201/4257/3236
f 3004/3976/3039 3158/4203/3193 3034/4017/3069
f 3136/4169/3171 3135/4168/3170 3212/4286/3247
f 3057/4048/3092 2580/3334/2615 3056/4046/3091
f 3057/4048/3092 3055/4045/3090 3204/4266/3239
f 3195/4250/3230 3204/4266/3239 3055/4045/3090
f 2452/3131/2487 2451/3130/2486 3005/4287/3040
f 3181/4233/3216 2975/3939/3010 2994/4288/3029
f 2452/3131/2487 3005/4287/3040 3182/4289/3217
f 2963/4012/2998 2911/3843/2946 2910/3842/2945
f 3146/4276/3181 3182/4234/3217 2994/4288/3029
f 3182/4234/3217 3181/4233/3216 2994/4288/3029
f 2903/3833/2938 2963/4012/2998 2910/3842/2945
f 2707/3964/2742 2683/3469/2718 2945/3965/2980
f 2864/3790/2899 2928/3862/2963 2865/3791/2900
f 2991/3957/3026 2993/3959/3028 3152/4193/3187
f 2726/3909/2761 2890/4261/2925 2462/4290/2497
f 3006/3978/3041 3008/3980/3043 3208/4279/3243
f 2947/3894/2982 3167/4213/3202 3043/4027/3078
f 2994/3960/3029 2995/3962/3030 3146/4183/3181
f 2995/3962/3030 3018/3992/3053 3213/4291/3248
f 3010/3982/3045 2983/3947/3018 2879/3807/2914
f 2868/3796/2903 3201/4257/3236 2866/3794/2901
f 3184/4239/3219 3087/4092/3122 3139/4173/3174
f 3065/4059/3100 3214/4292/3249 3063/4057/3098
f 3215/4293/3250 3216/4294/3251 3217/4295/3252
f 3034/4017/3069 3158/4203/3193 3108/4125/3143
f 2945/3965/2980 2683/3469/2718 2663/3441/2698
f 3194/4249/3229 3049/4040/3084 2934/3873/2969
f 2176/3071/2211 2175/3025/2210 2414/3069/2449
f 3218/4296/3253 2065/2602/2100 2450/3129/2485
f 2450/3129/2485 3219/4297/3254 3218/4296/3253
f 3212/4286/3247 3135/4168/3170 3156/4201/3191
f 3184/4239/3219 3069/4067/3104 3087/4092/3122
f 2928/3862/2963 2930/3864/2965 2865/3791/2900
f 2963/4012/2998 2903/3833/2938 2977/3941/3012
f 3146/4276/3181 3110/4298/3145 3112/4275/3147
f 3003/3975/3038 3087/4092/3122 3004/3976/3039
f 3065/4059/3100 3064/4058/3099 3006/3978/3041
f 3213/4291/3248 3018/3992/3053 3220/4299/3255
f 3185/4240/3220 3067/4065/3102 3069/4067/3104
f 3214/4292/3249 3114/4131/3149 2988/3954/3023
f 2974/4300/3009 3017/3991/3052 2975/3961/3010
f 3049/4040/3084 3050/4039/3085 2934/3873/2969
f 3076/4078/3111 2925/4029/2960 3078/4081/3113
f 3221/4301/3256 3222/4302/3257 3223/4303/3258
f 3012/3984/3047 2840/3742/2875 3045/4032/3080
f 2726/3909/2761 2568/3902/2603 3194/4260/3229
f 3179/4228/3214 3224/4304/3259 3225/4305/3260
f 3193/4248/3228 3139/4173/3174 3003/3975/3038
f 2938/3882/2973 2937/3881/2972 2996/4028/3031
f 3095/4104/3130 3191/4246/3226 3001/3973/3036
f 2983/3947/3018 2883/3811/2918 2882/3810/2917
f 3226/4306/3261 3227/4307/3262 3228/4308/3263
f 3029/4309/3064 2408/4310/2443 3082/4311/3117
f 3197/4252/3232 2999/3971/3034 3001/3973/3036
f 2466/4312/2501 2918/3850/2953 2162/2726/2197
f 3101/4111/3136 3128/4153/3163 3017/4112/3052
f 2174/2738/2209 2415/3200/2450 2475/4062/2510
f 3209/4283/3244 3153/4194/3188 3142/4178/3177
f 2929/3863/2964 2928/3862/2963 2880/3808/2915
f 2866/3794/2901 3201/4257/3236 2864/3790/2899
f 2568/3314/2603 3049/4037/3084 3194/4313/3229
f 3229/4314/3264 3183/4238/3218 3127/4152/3162
f 3072/4072/3107 3071/4071/3106 2971/4264/3006
f 2447/3192/2482 2468/3191/2503 3211/4285/3246
f 2447/3121/2482 3211/4315/3246 2490/3214/2525
f 2915/3847/2950 2836/3732/2871 2913/3845/2948
f 2418/3079/2453 3199/4316/3234 3230/4317/3265
f 2418/3079/2453 2469/3180/2504 3199/4316/3234
f 3134/4167/3169 3136/4169/3171 3097/4106/3132
f 3002/3974/3037 3032/4009/3067 3003/3975/3038
f 2979/4108/3014 2441/3112/2476 2980/3950/3015
f 3214/4292/3249 3046/4033/3081 3063/4057/3098
f 3020/3994/3055 3142/4178/3177 3153/4194/3188
f 3003/3975/3038 3032/4009/3067 3193/4248/3228
f 2881/4280/2916 2924/3857/2959 3189/4272/3224
f 3179/4228/3214 3231/4318/3266 3014/3986/3049
f 3111/4128/3146 3199/4254/3234 2469/3167/2504
f 3232/4319/3267 3224/4304/3259 3016/3988/3051
f 3158/4203/3193 3004/3976/3039 3086/4091/3121
f 3015/3987/3050 3192/4247/3227 3042/4025/3077
f 3111/4128/3146 2469/3167/2504 2465/3158/2500
f 2891/3820/2926 3186/4241/3221 2892/3821/2927
f 2934/4076/2969 3050/4320/3085 3075/4077/3110
f 2891/3820/2926 2885/3813/2920 3186/4241/3221
f 3180/4321/3215 3141/4177/3176 3233/4322/3268
f 3016/3988/3051 3197/4323/3232 3232/4319/3267
f 3050/4320/3085 2567/3313/2602 3075/4077/3110
f 3076/4078/3111 2938/3882/2973 2925/4029/2960
f 2972/4324/3007 3054/4267/3089 2971/4264/3006
f 3069/4067/3104 3068/4066/3103 3086/4091/3121
f 3210/4284/3245 3147/4269/3182 2931/3867/2966
f 2964/3926/2999 3012/3984/3047 3045/4032/3080
f 3192/4247/3227 3234/4325/3269 3089/4095/3124
f 2907/3837/2942 3210/4284/3245 2931/3867/2966
f 3051/4041/3086 2916/3848/2951 3098/4107/3133
f 2450/4031/2485 3044/4030/3079 3219/4326/3254
f 3145/4182/3180 3146/4183/3181 2995/3962/3030
f 2964/3926/2999 3045/4032/3080 2915/3847/2950
f 3001/3973/3036 3000/3972/3035 3095/4104/3130
f 3055/4045/3090 3054/4044/3089 2972/4119/3007
f 2619/3700/2654 2873/3801/2908 2897/3826/2932
f 2929/3863/2964 2882/3810/2917 2899/3828/2934
f 2881/3809/2916 2880/3808/2915 2908/4256/2943
f 2415/3200/2450 2962/3920/2997 2475/4062/2510
f 2970/3932/3005 3234/4325/3269 3231/4318/3266
f 3046/4033/3081 3047/4034/3082 3188/4243/3223
f 2477/3185/2512 2931/4184/2966 2918/4047/2953
f 2904/3834/2939 2910/3842/2945 2919/3851/2954
f 3200/4255/3235 3235/4327/3270 3156/4201/3191
f 3051/4041/3086 3098/4107/3133 3023/4016/3058
f 3117/4136/3152 3141/4177/3176 3118/4137/3153
f 3118/4137/3153 3141/4177/3176 3180/4321/3215
f 2996/3963/3031 2945/3965/2980 2925/3858/2960
f 3119/4138/3154 2989/3955/3024 2988/3954/3023
f 2969/3931/3004 3234/4325/3269 2970/3932/3005
f 3232/4319/3267 3197/4323/3232 3196/4328/3231
f 3218/4329/3253 3236/4330/3271 2715/3520/2750
f 2925/3858/2960 2945/3965/2980 2926/3859/2961
f 2468/3165/2503 2394/3037/2429 2986/4331/3021
f 3134/4167/3169 3020/3994/3055 3237/4332/3272
f 3218/4296/3253 3219/4297/3254 3236/4333/3271
f 3189/4272/3224 3092/4271/3127 2881/4280/2916
f 3173/4334/3208 2716/3521/2751 3236/4330/3271
f 3236/4330/3271 2716/3521/2751 2715/3520/2750
f 3235/4327/3270 3200/4255/3235 3238/4335/3273
f 3114/4131/3149 3119/4138/3154 2988/3954/3023
f 3239/4336/3274 3231/4318/3266 3179/4228/3214
f 1785/2266/1819 2308/2903/2343 1806/2290/1840
f 3173/4334/3208 3236/4330/3271 3219/4326/3254
f 2912/3844/2947 3030/4069/3065 2919/3851/2954
f 3020/3994/3055 3153/4194/3188 3021/3995/3056
f 2241/2826/2276 2468/3165/2503 2242/2827/2277
f 2418/3079/2453 3230/4317/3265 2416/3075/2451
f 2241/2826/2276 2394/3037/2429 2468/3165/2503
f 3219/4326/3254 3044/4030/3079 3173/4334/3208
f 2375/3002/2410 3103/4337/3138 2182/2752/2217
f 3210/4284/3245 2907/3837/2942 3041/4024/3076
f 2970/3932/3005 3231/4318/3266 3239/4336/3274
f 2992/3958/3027 3044/4030/3079 2993/3959/3028
f 3069/4067/3104 3086/4091/3121 3087/4092/3122
f 3077/4080/3112 2905/4013/2940 2931/4184/2966
f 3179/4228/3214 3016/3988/3051 3224/4304/3259
f 3000/3972/3035 3096/4105/3131 3095/4104/3130
f 2375/4135/2410 3195/4250/3230 3103/4118/3138
f 3237/4332/3272 3157/4202/3192 3134/4167/3169
f 3078/4081/3113 2867/3795/2902 2866/3794/2901
f 3173/4334/3208 3044/4030/3079 2992/3958/3027
f 2884/3812/2919 3192/4247/3227 3088/4094/3123
f 3240/4338/3275 3241/4339/3276 3242/4340/3277
f 3089/4095/3124 2922/3854/2957 2882/3810/2917
f 3243/4341/3278 3240/4338/3275 3242/4340/3277
f 2902/3832/2937 2977/3941/3012 2903/3833/2938
f 2678/3462/2713 2627/3392/2662 2897/4342/2932
f 2182/4343/2217 2972/3934/3007 2183/4164/2218
f 3068/4066/3103 3151/4236/3186 3158/4203/3193
f 2873/3801/2908 2308/2903/2343 2874/3802/2909
f 3195/4250/3230 3055/4045/3090 3103/4118/3138
f 3244/4344/3279 3222/4302/3257 3245/4345/3280
f 3246/4346/3281 3247/4347/3282 3248/4348/3283
f 3230/4317/3265 3199/4316/3234 3249/4349/3284
f 3144/4181/3179 2714/3519/2749 3149/4189/3184
f 2892/3821/2927 3041/4024/3076 2914/3846/2949
f 3250/4350/3285 3241/4339/3276 3251/4351/3286
f 2986/3952/3021 2987/3953/3022 2989/3955/3024
f 3185/4240/3220 2987/3953/3022 2396/3073/2431
f 3150/4190/3185 3144/4181/3179 3149/4189/3184
f 2396/3073/2431 2416/3075/2451 3185/4240/3220
f 2947/3894/2982 3065/4059/3100 3208/4279/3243
f 3242/4352/3277 3252/4353/3287 3243/4354/3278
f 3253/4355/3288 3244/4356/3279 3254/4357/3289
f 2486/3209/2521 2927/3861/2962 2426/3088/2461
f 2486/3209/2521 2426/3088/2461 2429/3092/2464
f 3255/4358/3290 3252/4353/3287 3256/4359/3291
f 3242/4352/3277 3256/4359/3291 3252/4353/3287
f 3129/4156/3164 3000/4155/3035 2999/4174/3034
f 3141/4177/3176 3117/4136/3152 3101/4111/3136
f 3103/4118/3138 3055/4045/3090 2972/4119/3007
f 3257/4360/3292 3253/4361/3288 3258/4362/3293
f 3030/4007/3065 2950/3899/2985 2927/3937/2962
f 3259/4363/3294 3257/4360/3292 3258/4362/3293
f 3223/4303/3258 3222/4302/3257 3244/4344/3279
f 3112/4129/3147 3111/4128/3146 2465/3158/2500
f 3112/4129/3147 2465/3158/2500 3182/4289/3217
f 3224/4304/3259 3227/4307/3262 3225/4305/3260
f 3260/4364/3295 3053/4365/3088 3261/4366/3296
f 2409/4367/2444 3083/4086/3118 2408/4263/2443
f 3255/4358/3290 3256/4359/3291 3262/4368/3297
f 3213/4291/3248 3081/4369/3116 2995/3962/3030
f 2950/3899/2985 2912/4096/2947 2911/3866/2946
f 3041/4024/3076 3098/4107/3133 2914/3846/2949
f 3126/4151/3161 3212/4286/3247 3229/4314/3264
f 3126/4151/3161 3136/4169/3171 3212/4286/3247
f 3243/4341/3278 3263/4370/3298 3240/4338/3275
f 2897/3826/2932 2627/4371/2662 2619/3700/2654
f 2441/3112/2476 3099/4109/3134 2375/3002/2410
f 3240/4338/3275 3251/4351/3286 3241/4339/3276
f 3208/4279/3243 3167/4213/3202 2947/3894/2982
f 3264/4372/3299 3213/4373/3248 3220/4374/3255
f 3185/4240/3220 2416/3075/2451 3230/4317/3265
f 3179/4228/3214 3225/4305/3260 3239/4336/3274
f 3265/4375/3300 3257/4360/3292 3259/4363/3294
f 3196/4251/3231 3198/4253/3233 3125/4150/3160
f 3228/4308/3263 3227/4307/3262 3125/4376/3160
f 3266/4377/3301 3207/4378/3242 3205/4379/3240
f 3040/4023/3075 3096/4105/3131 3000/3972/3035
f 3021/3995/3056 3167/4213/3202 3008/3980/3043
f 3125/4150/3160 3198/4253/3233 3190/4245/3225
f 3020/3994/3055 3019/3993/3054 3237/4332/3272
f 3023/3997/3058 3022/3996/3057 3051/4380/3086
f 3022/3996/3057 3024/3998/3059 3000/3972/3035
f 3208/4279/3243 3065/4059/3100 3006/3978/3041
f 3041/4024/3076 2907/3837/2942 3098/4107/3133
f 3267/4381/3302 3268/4382/3303 3269/4383/3304
f 3234/4325/3269 3192/4247/3227 3015/3987/3050
f 3270/4384/3305 3267/4385/3302 3269/4386/3304
f 2897/3826/2932 2873/3801/2908 2885/3813/2920
f 3215/4293/3250 3212/4286/3247 3156/4201/3191
f 3183/4238/3218 3271/4387/3306 3272/4388/3307
f 3182/4289/3217 2465/3158/2500 2452/3131/2487
f 3207/4378/3242 3266/4377/3301 3261/4366/3296
f 3019/3993/3054 3273/4389/3308 3237/4332/3272
f 3016/3988/3051 3015/3987/3050 2999/4174/3034
f 3052/4390/3087 3053/4365/3088 3260/4364/3295
f 3023/3997/3058 2985/3951/3020 3132/4163/3167
f 3053/4365/3088 3274/4391/3309 3261/4366/3296
f 3106/4392/3141 3274/4391/3309 3053/4365/3088
f 3073/4073/3108 3150/4190/3185 3149/4189/3184
f 3107/4124/3142 3048/4036/3083 3006/3978/3041
f 3185/4240/3220 3230/4317/3265 3249/4349/3284
f 3275/4393/3310 3216/4394/3251 3235/4395/3270
f 2967/3929/3002 2188/2759/2223 2958/4282/2993
f 3276/4396/3311 3277/4397/3312 3278/4398/3313
f 3213/4373/3248 3254/4399/3289 3081/4084/3116
f 3279/4400/3314 3264/4372/3299 3220/4374/3255
f 3048/4036/3083 3107/4124/3142 3053/4043/3088
f 3205/4379/3240 3202/4401/3237 3280/4402/3315
f 3205/4379/3240 3280/4402/3315 3266/4377/3301
f 3281/4403/3316 3282/4404/3317 3283/4405/3318
f 3157/4202/3192 3237/4332/3272 3273/4389/3308
f 3284/4406/3319 3282/4404/3317 3281/4403/3316
f 2409/4367/2444 2470/4407/2505 3083/4086/3118
f 3064/4058/3099 3107/4124/3142 3006/3978/3041
f 2999/4174/3034 3197/4323/3232 3016/3988/3051
f 3125/4150/3160 3190/4245/3225 3126/4151/3161
f 2995/3962/3030 3081/4369/3116 3145/4182/3180
f 3199/4254/3234 3110/4127/3145 3067/4192/3102
f 3285/4408/3320 3273/4389/3308 3286/4409/3321
f 3183/4238/3218 3229/4314/3264 3287/4410/3322
f 3171/4218/3206 3206/4270/3241 3163/4209/3198
f 2991/3957/3026 3169/4215/3204 2992/3958/3027
f 3288/4411/3323 3289/4412/3324 3290/4413/3325
f 3172/4220/3207 2724/3531/2759 2718/3526/2753
f 3120/4139/3155 3007/3979/3042 3286/4409/3321
f 3168/4214/3203 3206/4270/3241 3171/4218/3206
f 3291/4414/3326 3292/4415/3327 3293/4416/3328
f 2973/3936/3008 3163/4209/3198 3206/4270/3241
f 3254/4399/3289 3264/4372/3299 3253/4361/3288
f 3080/4083/3115 3145/4235/3180 3081/4084/3116
f 2394/3037/2429 2396/3039/2431 2986/4331/3021
f 3047/4034/3082 3139/4173/3174 3193/4248/3228
f 3279/4400/3314 3258/4362/3293 3264/4372/3299
f 3294/4417/3329 3295/4418/3330 3296/4419/3331
f 3264/4372/3299 3258/4362/3293 3253/4361/3288
f 3254/4399/3289 3213/4373/3248 3264/4372/3299
f 3052/4042/3087 3285/4408/3320 3286/4409/3321
f 3007/3979/3042 3052/4042/3087 3286/4409/3321
f 3297/4420/3332 3290/4413/3325 3289/4412/3324
f 3149/4189/3184 2714/3519/2749 3175/4224/3210
f 3254/4399/3289 3079/4082/3114 3081/4084/3116
f 3298/4421/3333 3299/4422/3334 3300/4423/3335
f 3254/4357/3289 3244/4356/3279 3245/4424/3280
f 3250/4425/3285 3301/4426/3336 3302/4427/3337
f 3303/4428/3338 3304/4429/3339 3291/4414/3326
f 3305/4430/3340 3306/4431/3341 3221/4301/3256
f 3216/4394/3251 3275/4393/3310 3307/4432/3342
f 3304/4429/3339 3303/4428/3338 3308/4433/3343
f 3214/4292/3249 3065/4059/3100 3114/4131/3149
f 3309/4434/3344 3300/4423/3335 3299/4422/3334
f 3231/4318/3266 3234/4325/3269 3014/3986/3049
f 3244/4356/3279 3310/4435/3345 3311/4436/3346
f 3125/4376/3160 3272/4437/3307 3228/4308/3263
f 3312/4438/3347 3313/4439/3348 3314/4440/3349
f 3224/4304/3259 3232/4319/3267 3227/4307/3262
f 3315/4441/3350 3305/4430/3340 3221/4301/3256
f 3220/4299/3255 3018/3992/3053 3017/3991/3052
f 3052/4042/3087 3260/4442/3295 3302/4427/3337
f 3303/4428/3338 3291/4414/3326 3316/4443/3351
f 3317/4444/3352 3318/4445/3353 3309/4434/3344
f 3245/4424/3280 3079/4446/3114 3254/4357/3289
f 2470/3168/2505 2490/3214/2525 3083/4447/3118
f 3089/4095/3124 3234/4325/3269 2969/3931/3004
f 3319/4448/3354 3320/4449/3355 3321/4450/3356
f 3157/4202/3192 3135/4168/3170 3134/4167/3169
f 3244/4356/3279 3322/4451/3357 3323/4452/3358
f 3306/4431/3341 3305/4430/3340 3324/4453/3359
f 3067/4192/3102 3249/4454/3284 3199/4254/3234
f 3214/4292/3249 2988/3954/3023 2990/3956/3025
f 3211/4285/3246 2468/3191/2503 3119/4138/3154
f 2468/3191/2503 2986/3952/3021 2989/3955/3024
f 3127/4152/3162 3126/4151/3161 3229/4314/3264
f 2862/3788/2897 3325/4455/3360 3066/4063/3101
f 3326/4456/3361 3309/4434/3344 3299/4422/3334
f 3327/4457/3362 3308/4433/3343 3328/4458/3363
f 3329/4459/3364 3330/4460/3365 3331/4461/3366
f 3064/4058/3099 3063/4057/3098 3105/4122/3140
f 3120/4139/3155 3273/4389/3308 3019/3993/3054
f 3332/4462/3367 3333/4463/3368 3334/4464/3369
f 3260/4442/3295 3250/4425/3285 3302/4427/3337
f 3046/4033/3081 3214/4292/3249 2990/3956/3025
f 3083/4447/3118 2490/3214/2525 3211/4315/3246
f 3207/4378/3242 3261/4366/3296 3274/4391/3309
f 3323/4465/3358 3322/4466/3357 3335/4467/3370
f 3202/4401/3237 3031/4468/3066 3002/4469/3037
f 3215/4293/3250 3156/4201/3191 3216/4294/3251
f 3336/4470/3371 3027/4471/3062 3337/4472/3372
f 3028/4004/3063 3027/4001/3062 3336/4473/3371
f 3119/4138/3154 2468/3191/2503 2989/3955/3024
f 2871/3799/2906 2954/3907/2989 2875/3803/2910
f 3220/4299/3255 3017/3991/3052 3338/4474/3373
f 3156/4475/3191 3235/4395/3270 3216/4394/3251
f 3323/4465/3358 3335/4467/3370 3248/4348/3283
f 3046/4033/3081 3188/4243/3223 3063/4057/3098
f 3339/4476/3374 3340/4477/3375 3341/4478/3376
f 3089/4095/3124 2969/3931/3004 2922/3854/2957
f 3042/4025/3077 3192/4247/3227 2884/3812/2919
f 2998/3968/3033 3060/4052/3095 3342/4479/3377
f 3280/4480/3315 3242/4340/3277 3266/4481/3301
f 3063/4057/3098 3188/4243/3223 3105/4122/3140
f 3343/4482/3378 2862/3788/2897 2998/3968/3033
f 3282/4404/3317 3284/4406/3319 3344/4483/3379
f 3253/4355/3288 3310/4435/3345 3244/4356/3279
f 3345/4484/3380 3324/4453/3359 3288/4411/3323
f 3346/4485/3381 3347/4486/3382 3348/4487/3383
f 3014/3986/3049 3234/4325/3269 3015/3987/3050
f 3333/4488/3368 2858/4489/2893 2952/4490/2987
f 3349/4491/3384 3350/4492/3385 3351/4493/3386
f 3212/4286/3247 3215/4293/3250 3229/4314/3264
f 3352/4494/3387 3305/4430/3340 3315/4441/3350
f 3324/4453/3359 3305/4430/3340 3352/4494/3387
f 3249/4349/3284 3067/4065/3102 3185/4240/3220
f 3319/4448/3354 3283/4405/3318 3282/4404/3317
f 3145/4235/3180 3080/4083/3115 3108/4125/3143
f 3353/4495/3388 3354/4496/3389 3355/4497/3390
f 2711/3514/2746 2959/3915/2994 2826/3707/2861
f 3355/4497/3390 3354/4496/3389 3356/4498/3391
f 2951/3903/2986 3357/4499/3392 2953/3906/2988
f 2951/3903/2986 2955/3908/2990 3357/4499/3392
f 3002/3974/3037 3004/3976/3039 3036/4019/3071
f 3341/4478/3376 3340/4477/3375 3358/4500/3393
f 3227/4307/3262 3232/4319/3267 3196/4328/3231
f 3336/4470/3371 3123/4147/3158 3359/4501/3394
f 3337/4472/3372 3027/4471/3062 3360/4502/3395
f 3066/4064/3101 3360/4503/3395 3027/4001/3062
f 3064/4058/3099 3105/4122/3140 3107/4124/3142
f 3318/4445/3353 3317/4444/3352 3361/4504/3396
f 3355/4497/3390 3356/4498/3391 3362/4505/3397
f 3273/4389/3308 3120/4139/3155 3286/4409/3321
f 3353/4506/3388 3329/4459/3364 3331/4461/3366
f 3256/4507/3291 3242/4508/3277 3280/4402/3315
f 3229/4314/3264 3217/4295/3252 3287/4410/3322
f 3363/4509/3398 3248/4348/3283 3221/4301/3256
f 3036/4019/3071 3004/3976/3039 3034/4017/3069
f 3364/4510/3399 3002/4469/3037 3036/4511/3071
f 3365/4512/3400 3366/4513/3401 3367/4514/3402
f 3171/4218/3206 3368/4515/3403 3169/4215/3204
f 3351/4516/3386 3369/4517/3404 3123/4144/3158
f 3347/4486/3382 3370/4518/3405 3371/4519/3406
f 3172/4520/3207 3368/4515/3403 2724/4521/2759
f 3172/4520/3207 2992/3958/3027 3368/4515/3403
f 3173/4334/3208 2992/3958/3027 3172/4520/3207
f 3350/4492/3385 3369/4522/3404 3351/4493/3386
f 3345/4484/3380 3306/4431/3341 3324/4453/3359
f 3372/4523/3407 3373/4524/3408 3374/4525/3409
f 3372/4523/3407 3374/4525/3409 3375/4526/3410
f 2567/3313/2602 2569/3315/2604 2581/3335/2616
f 3196/4251/3231 3125/4150/3160 3227/4527/3262
f 3116/4134/3151 3143/4179/3178 2581/3335/2616
f 3143/4179/3178 2567/3313/2602 2581/3335/2616
f 3376/4528/3411 3377/4529/3412 3378/4530/3413
f 3323/4465/3358 3248/4348/3283 3363/4509/3398
f 3301/4426/3336 3240/4531/3275 3379/4532/3414
f 3287/4410/3322 3217/4295/3252 3380/4533/3415
f 3350/4492/3385 3377/4534/3412 3376/4535/3411
f 3240/4531/3275 3381/4536/3416 3379/4532/3414
f 3350/4492/3385 3376/4535/3411 3369/4522/3404
f 3369/4537/3404 3376/4528/3411 3359/4501/3394
f 3382/4538/3417 3383/4539/3418 3384/4540/3419
f 3385/4541/3420 3386/4542/3421 3387/4543/3422
f 3223/4544/3258 3244/4356/3279 3363/4545/3398
f 2984/3949/3019 2856/3948/2891 2858/4489/2893
f 3388/4546/3423 3389/4547/3424 3390/4548/3425
f 3034/4017/3069 3108/4125/3143 3035/4018/3070
f 3290/4413/3325 3391/4549/3426 3288/4411/3323
f 3332/4550/3367 2984/3949/3019 2858/4489/2893
f 3392/4551/3427 2939/3883/2974 3393/4552/3428
f 2711/3514/2746 2849/3764/2884 2959/3915/2994
f 3002/4469/3037 3280/4402/3315 3202/4401/3237
f 3347/4553/3382 3346/4554/3381 3394/4555/3429
f 3358/4500/3393 3340/4477/3375 3395/4556/3430
f 3379/4557/3414 3381/4558/3416 3339/4476/3374
f 3323/4452/3358 3363/4545/3398 3244/4356/3279
f 2849/3764/2884 2815/3684/2850 3396/4559/3431
f 3040/4023/3075 3209/4283/3244 3142/4178/3177
f 2815/3684/2850 3397/4560/3432 3396/4559/3431
f 3332/4550/3367 2858/4489/2893 3333/4488/3368
f 3398/4561/3433 3262/4368/3297 3256/4359/3291
f 3035/4018/3070 3108/4125/3143 3038/4021/3073
f 3107/4124/3142 3106/4123/3141 3053/4043/3088
f 2871/4562/2906 3399/4563/3434 2954/4564/2989
f 3260/4442/3295 3261/4565/3296 3250/4425/3285
f 2849/3764/2884 3396/4559/3431 2959/3915/2994
f 3261/4565/3296 3241/4566/3276 3250/4425/3285
f 3398/4561/3433 3297/4420/3332 3262/4368/3297
f 3275/4393/3310 3379/4557/3414 3307/4432/3342
f 3039/4022/3074 3038/4021/3073 3079/4082/3114
f 3400/4567/3435 3388/4546/3423 3390/4548/3425
f 3348/4487/3383 3347/4486/3382 3371/4519/3406
f 3401/4568/3436 3340/4569/3375 3402/4570/3437
f 3403/4571/3438 3355/4497/3390 3362/4505/3397
f 3384/4540/3419 3312/4438/3347 3314/4440/3349
f 3365/4512/3400 3367/4514/3402 3404/4572/3439
f 3341/4478/3376 3307/4432/3342 3379/4557/3414
f 3269/4386/3304 3405/4573/3440 3406/4574/3441
f 3407/4575/3442 3408/4576/3443 3409/4577/3444
f 3410/4578/3445 2955/4579/2990 2954/4564/2989
f 3325/4580/3360 3360/4503/3395 3066/4064/3101
f 3325/4580/3360 3411/4581/3446 3360/4503/3395
f 2714/3519/2749 3115/4132/3150 3175/4224/3210
f 3412/4582/3447 3368/4515/3403 3171/4218/3206
f 3412/4582/3447 3171/4218/3206 3163/4209/3198
f 3413/4583/3448 3409/4577/3444 3408/4576/3443
f 3149/4189/3184 3175/4224/3210 3414/4584/3449
f 3415/4585/3450 3416/4586/3451 3417/4587/3452
f 3414/4588/3449 3412/4589/3447 3149/4188/3184
f 3133/4165/3168 3149/4188/3184 3412/4589/3447
f 3169/4215/3204 3368/4515/3403 2992/3958/3027
f 3106/4123/3141 3105/4122/3140 3207/4274/3242
f 3265/4590/3300 3418/4591/3453 3257/4592/3292
f 3419/4593/3454 3406/4574/3441 3405/4573/3440
f 3420/4594/3455 3421/4595/3456 3422/4596/3457
f 3423/4597/3458 3424/4598/3459 3425/4599/3460
f 3426/4600/3461 3298/4421/3333 3371/4519/3406
f 3419/4593/3454 3352/4601/3387 3427/4602/3462
f 3428/4603/3463 3429/4604/3464 3430/4605/3465
f 3297/4420/3332 3289/4412/3324 3268/4382/3303
f 3298/4421/3333 3397/4560/3432 3371/4519/3406
f 3352/4601/3387 3419/4593/3454 3405/4573/3440
f 3431/4606/3466 2939/3883/2974 3392/4551/3427
f 3246/4346/3281 3248/4348/3283 3335/4467/3370
f 3424/4598/3459 3423/4597/3458 3432/4607/3467
f 3280/4402/3315 3364/4510/3399 3256/4507/3291
f 3364/4510/3399 3280/4402/3315 3002/4469/3037
f 3433/4608/3468 3389/4547/3424 3424/4598/3459
f 3257/4592/3292 3418/4591/3453 3311/4436/3346
f 3423/4597/3458 3434/4609/3469 3432/4607/3467
f 3434/4609/3469 3435/4610/3470 3432/4607/3467
f 3079/4446/3114 3436/4611/3471 3039/4612/3074
f 3435/4610/3470 3424/4598/3459 3432/4607/3467
f 3409/4613/3444 3433/4608/3468 3424/4598/3459
f 3245/4424/3280 3436/4611/3471 3079/4446/3114
f 3437/4614/3472 3438/4615/3473 3276/4616/3311
f 3407/4575/3442 3409/4577/3444 3435/4617/3470
f 3386/4542/3421 3313/4439/3348 3312/4438/3347
f 3438/4615/3473 3277/4618/3312 3276/4616/3311
f 3324/4453/3359 3289/4412/3324 3288/4411/3323
f 3314/4440/3349 3439/4619/3474 3440/4620/3475
f 3398/4621/3433 3256/4507/3291 3364/4510/3399
f 3133/4165/3168 3412/4589/3447 3163/4622/3198
f 3441/4623/3476 3356/4498/3391 2835/3729/2870
f 3273/4389/3308 3159/4204/3194 3157/4202/3192
f 3025/3999/3060 3440/4620/3475 3442/4624/3477
f 3372/4625/3407 3443/4626/3478 3385/4541/3420
f 3341/4478/3376 3216/4394/3251 3307/4432/3342
f 3444/4627/3479 3443/4626/3478 3372/4625/3407
f 3285/4408/3320 3203/4262/3238 3273/4389/3308
f 3310/4435/3345 3253/4355/3288 3257/4592/3292
f 3445/4628/3480 3446/4629/3481 3447/4630/3482
f 3442/4624/3477 3440/4620/3475 3439/4619/3474
f 3444/4631/3479 3448/4632/3483 3443/4633/3478
f 3449/4634/3484 3406/4574/3441 3419/4593/3454
f 3450/4635/3485 3451/4636/3486 3452/4637/3487
f 3285/4408/3320 3052/4042/3087 3302/4427/3337
f 2664/3444/2699 3346/4554/3381 2801/3661/2836
f 3399/4563/3434 3025/4638/3060 3448/4632/3483
f 3217/4295/3252 3229/4314/3264 3215/4293/3250
f 3311/4436/3346 3418/4591/3453 3453/4639/3488
f 3454/4640/3489 3422/4596/3457 3421/4595/3456
f 3455/4641/3490 3456/4642/3491 3403/4571/3438
f 3364/4510/3399 3036/4511/3071 3398/4621/3433
f 3454/4640/3489 3421/4595/3456 3457/4643/3492
f 3458/4644/3493 3332/4462/3367 3334/4464/3369
f 3459/4645/3494 3408/4576/3443 3460/4646/3495
f 3461/4647/3496 3458/4644/3493 3334/4464/3369
f 3462/4648/3497 3463/4649/3498 3420/4594/3455
f 3464/4650/3499 3465/4651/3500 3466/4652/3501
f 3370/4518/3405 3426/4600/3461 3371/4519/3406
f 2835/4653/2870 3467/4654/3502 2696/4655/2731
f 3468/4656/3503 3466/4652/3501 3465/4651/3500
f 3340/4477/3375 3339/4476/3374 3469/4657/3504
f 3470/4658/3505 3471/4659/3506 3472/4660/3507
f 3334/4464/3369 3400/4567/3435 3390/4548/3425
f 3273/4389/3308 3203/4262/3238 3159/4204/3194
f 3341/4478/3376 3379/4557/3414 3339/4476/3374
f 3326/4661/3361 3316/4443/3351 3317/4662/3352
f 2948/3897/2983 3162/4207/3197 3060/4052/3095
f 3295/4418/3330 3473/4663/3508 3296/4419/3331
f 3334/4464/3369 3390/4548/3425 3461/4647/3496
f 3457/4643/3492 3474/4664/3509 3447/4630/3482
f 3470/4658/3505 3475/4665/3510 3471/4659/3506
f 3244/4356/3279 3311/4436/3346 3322/4451/3357
f 3476/4666/3511 3477/4667/3512 3478/4668/3513
f 3455/4641/3490 3479/4669/3514 3456/4642/3491
f 3247/4347/3282 3221/4301/3256 3248/4348/3283
f 3176/4225/3211 3414/4584/3449 3175/4224/3210
f 3460/4646/3495 3480/4670/3515 3459/4645/3494
f 3412/4582/3447 3414/4671/3449 3176/4672/3211
f 3412/4582/3447 3481/4673/3516 3368/4515/3403
f 3482/4674/3517 3122/4142/3157 3121/4141/3156
f 3308/4433/3343 3483/4675/3518 3292/4415/3327
f 3368/4515/3403 3121/4141/3156 2724/4521/2759
f 3484/4676/3519 3121/4141/3156 3368/4515/3403
f 3482/4674/3517 3121/4141/3156 3484/4676/3519
f 3482/4674/3517 3485/4677/3520 3122/4142/3157
f 3290/4678/3325 3398/4621/3433 3036/4511/3071
f 3426/4679/3461 3365/4512/3400 3298/4680/3333
f 3444/4627/3479 3372/4625/3407 3375/4681/3410
f 3313/4439/3348 3386/4542/3421 3439/4619/3474
f 3311/4436/3346 3310/4435/3345 3257/4592/3292
f 3311/4682/3346 3335/4467/3370 3322/4466/3357
f 3461/4647/3496 3390/4548/3425 3486/4683/3521
f 3487/4684/3522 3488/4685/3523 3489/4686/3524
f 3490/4687/3525 3491/4688/3526 3492/4689/3527
f 3400/4690/3435 3333/4488/3368 3388/4691/3423
f 3402/4570/3437 3340/4569/3375 3469/4692/3504
f 3476/4693/3511 3493/4694/3528 3477/4695/3512
f 3494/4696/3529 3407/4575/3442 3434/4697/3469
f 3106/4392/3141 3207/4378/3242 3274/4391/3309
f 3252/4353/3287 3495/4698/3530 3243/4354/3278
f 3496/4699/3531 3497/4700/3532 3164/4701/3199
f 3255/4358/3290 3495/4698/3530 3252/4353/3287
f 3458/4644/3493 3461/4647/3496 3498/4702/3533
f 3393/4552/3428 2939/3883/2974 3078/4081/3113
f 3316/4443/3351 3361/4703/3396 3317/4662/3352
f 3451/4636/3486 3291/4414/3326 3293/4416/3328
f 3333/4488/3368 3410/4578/3445 3388/4691/3423
f 3315/4441/3350 3221/4301/3256 3247/4347/3282
f 3367/4704/3402 3316/4443/3351 3404/4705/3439
f 3407/4575/3442 3435/4617/3470 3434/4697/3469
f 3078/4081/3113 3070/4070/3105 3393/4552/3428
f 3311/4436/3346 3453/4639/3488 3335/4706/3370
f 2955/4579/2990 3410/4578/3445 3357/4707/3392
f 3292/4415/3327 3451/4636/3486 3293/4416/3328
f 3240/4338/3275 3263/4370/3298 3381/4558/3416
f 3472/4660/3507 3499/4708/3534 3470/4658/3505
f 3500/4709/3535 3501/4710/3536 3502/4711/3537
f 3503/4712/3538 3384/4540/3419 3383/4539/3418
f 3504/4713/3539 3505/4714/3540 3474/4664/3509
f 3247/4347/3282 3506/4715/3541 3507/4716/3542
f 3266/4377/3301 3241/4717/3276 3261/4366/3296
f 3451/4636/3486 3450/4635/3485 3291/4414/3326
f 3508/4718/3543 3509/4719/3544 3510/4720/3545
f 3504/4713/3539 3511/4721/3546 3421/4595/3456
f 3450/4635/3485 3512/4722/3547 3291/4414/3326
f 3491/4688/3526 3490/4687/3525 3513/4723/3548
f 3315/4441/3350 3247/4347/3282 3514/4724/3549
f 3378/4725/3413 3515/4726/3550 3336/4473/3371
f 3028/4004/3063 3336/4473/3371 3515/4726/3550
f 3477/4695/3512 3493/4694/3528 3516/4727/3551
f 3517/4728/3552 3491/4688/3526 3513/4723/3548
f 3386/4542/3421 3442/4624/3477 3439/4619/3474
f 3507/4716/3542 3514/4724/3549 3247/4347/3282
f 3398/4621/3433 3290/4678/3325 3297/4729/3332
f 3359/4501/3394 3376/4528/3411 3378/4530/3413
f 3378/4530/3413 3336/4470/3371 3359/4501/3394
f 3281/4730/3316 3507/4716/3542 3506/4715/3541
f 3427/4731/3462 3352/4494/3387 3315/4441/3350
f 3358/4732/3393 3217/4295/3252 3216/4294/3251
f 3283/4733/3318 3427/4731/3462 3315/4441/3350
f 3294/4734/3329 3518/4735/3553 3415/4736/3450
f 2954/4564/2989 3399/4563/3434 3519/4737/3554
f 3384/4540/3419 3503/4712/3538 3312/4438/3347
f 3294/4734/3329 3296/4738/3331 3518/4735/3553
f 3429/4604/3464 3508/4718/3543 3520/4739/3555
f 3419/4593/3454 3321/4450/3356 3449/4634/3484
f 3356/4498/3391 3441/4623/3476 3463/4649/3498
f 3268/4382/3303 3324/4453/3359 3405/4740/3440
f 3469/4692/3504 3521/4741/3556 3522/4742/3557
f 3268/4382/3303 3262/4368/3297 3297/4420/3332
f 3357/4707/3392 3410/4578/3445 2952/4490/2987
f 3438/4615/3473 3456/4743/3491 3523/4744/3558
f 3524/4745/3559 3282/4404/3317 3344/4483/3379
f 3266/4481/3301 3242/4340/3277 3241/4339/3276
f 3357/4499/3392 2952/3904/2987 2953/3906/2988
f 3386/4542/3421 3503/4712/3538 3387/4543/3422
f 3268/4382/3303 3255/4358/3290 3262/4368/3297
f 3386/4542/3421 3312/4438/3347 3503/4712/3538
f 3514/4724/3549 3507/4716/3542 3283/4733/3318
f 3283/4733/3318 3315/4441/3350 3514/4724/3549
f 3436/4746/3471 3245/4345/3280 3222/4302/3257
f 3370/4747/3405 3347/4553/3382 3394/4555/3429
f 3255/4358/3290 3268/4382/3303 3267/4381/3302
f 3281/4730/3316 3283/4733/3318 3507/4716/3542
f 3433/4608/3468 3390/4548/3425 3389/4547/3424
f 2952/4490/2987 3410/4578/3445 3333/4488/3368
f 3037/4748/3072 3039/4612/3074 3436/4611/3471
f 3412/4582/3447 3176/4672/3211 3481/4673/3516
f 3525/4749/3560 3483/4675/3518 3327/4457/3362
f 3391/4750/3426 3036/4511/3071 3037/4748/3072
f 3525/4749/3560 3513/4723/3548 3483/4675/3518
f 3358/4500/3393 3216/4394/3251 3341/4478/3376
f 3484/4676/3519 3368/4515/3403 3526/4751/3561
f 3482/4674/3517 3484/4676/3519 3527/4752/3562
f 3455/4641/3490 3470/4658/3505 3479/4669/3514
f 3528/4753/3563 3529/4754/3564 3530/4755/3565
f 3531/4756/3566 3331/4461/3366 3532/4757/3567
f 3533/4758/3568 3534/4759/3569 3492/4760/3527
f 3535/4761/3570 3533/4758/3568 3492/4760/3527
f 3536/4762/3571 3537/4763/3572 3538/4764/3573
f 3361/4504/3396 3533/4758/3568 3318/4445/3353
f 3539/4765/3574 3538/4766/3573 3537/4767/3572
f 3540/4768/3575 3383/4539/3418 3318/4445/3353
f 3391/4750/3426 3290/4678/3325 3036/4511/3071
f 3531/4756/3566 3354/4769/3389 3331/4461/3366
f 3540/4768/3575 3503/4712/3538 3383/4539/3418
f 3483/4675/3518 3513/4723/3548 3451/4636/3486
f 3539/4765/3574 3537/4767/3572 3541/4770/3576
f 3535/4761/3570 3492/4760/3527 3542/4771/3577
f 3456/4743/3491 3543/4772/3578 3523/4744/3558
f 3429/4604/3464 3489/4686/3524 3508/4718/3543
f 3326/4661/3361 3404/4705/3439 3316/4443/3351
f 3320/4449/3355 3449/4634/3484 3321/4450/3356
f 3268/4382/3303 3289/4412/3324 3324/4453/3359
f 3452/4637/3487 3451/4636/3486 3490/4687/3525
f 3544/4773/3579 3545/4774/3580 3546/4775/3581
f 3430/4605/3465 3520/4739/3555 3155/4200/3190
f 3294/4417/3329 3269/4386/3304 3406/4574/3441
f 3463/4649/3498 3422/4596/3457 3455/4641/3490
f 3533/4758/3568 3542/4771/3577 3547/4776/3582
f 3387/4543/3422 3503/4712/3538 3548/4777/3583
f 3464/4650/3499 3549/4778/3584 3550/4779/3585
f 3269/4386/3304 3294/4417/3329 3270/4384/3305
f 3551/4780/3586 3319/4781/3354 3282/4782/3317
f 3490/4687/3525 3492/4689/3527 3534/4783/3569
f 3277/4618/3312 3438/4615/3473 3523/4744/3558
f 3490/4687/3525 3451/4636/3486 3513/4723/3548
f 3403/4784/3438 3438/4615/3473 3437/4614/3472
f 3519/4737/3554 3399/4563/3434 3448/4632/3483
f 3500/4709/3535 3446/4629/3481 3510/4720/3545
f 3420/4594/3455 3504/4713/3539 3421/4595/3456
f 3552/4785/3587 3553/4786/3588 3554/4787/3589
f 3542/4771/3577 3533/4758/3568 3535/4761/3570
f 3416/4586/3451 3469/4657/3504 3339/4476/3374
f 3433/4608/3468 3486/4683/3521 3390/4548/3425
f 3455/4641/3490 3422/4596/3457 3470/4658/3505
f 3394/4555/3429 3366/4513/3401 3370/4747/3405
f 3466/4652/3501 3555/4788/3590 3464/4650/3499
f 3510/4720/3545 3446/4629/3481 3508/4718/3543
f 3430/4605/3465 3429/4604/3464 3520/4739/3555
f 3521/4789/3556 3469/4657/3504 3416/4586/3451
f 3556/4790/3591 3460/4791/3495 3557/4792/3592
f 3471/4659/3506 3558/4793/3593 3499/4708/3534
f 3559/4794/3594 3560/4795/3595 3561/4796/3596
f 3557/4797/3592 3407/4575/3442 3494/4696/3529
f 2862/3788/2897 3343/4482/3378 3325/4455/3360
f 3547/4776/3582 3542/4771/3577 3559/4794/3594
f 3391/4750/3426 3037/4748/3072 3436/4611/3471
f 3403/4784/3438 3456/4743/3491 3438/4615/3473
f 3343/4482/3378 2998/3968/3033 3342/4479/3377
f 3387/4543/3422 3562/4798/3597 3385/4541/3420
f 3542/4771/3577 3560/4795/3595 3559/4794/3594
f 3563/4799/3598 3300/4423/3335 3564/4800/3599
f 3442/4624/3477 3386/4542/3421 3443/4626/3478
f 3343/4482/3378 3565/4801/3600 3411/4802/3446
f 3267/4385/3302 3270/4384/3305 3566/4803/3601
f 3473/4663/3508 3449/4634/3484 3567/4804/3602
f 3445/4628/3480 3508/4718/3543 3446/4629/3481
f 3558/4793/3593 2215/4805/2250 3499/4708/3534
f 3295/4418/3330 3294/4417/3329 3406/4574/3441
f 3454/4640/3489 3457/4643/3492 3502/4711/3537
f 3325/4455/3360 3343/4482/3378 3411/4802/3446
f 3542/4771/3577 3568/4806/3603 3560/4795/3595
f 3137/4171/3172 3569/4807/3604 3070/4070/3105
f 3339/4476/3374 3381/4558/3416 3263/4370/3298
f 3343/4482/3378 3342/4479/3377 3565/4801/3600
f 3552/4785/3587 3570/4808/3605 3553/4786/3588
f 3571/4809/3606 3411/4581/3446 3565/4810/3600
f 3473/4663/3508 3567/4804/3602 3296/4419/3331
f 3263/4370/3298 3243/4341/3278 3417/4587/3452
f 3277/4618/3312 3523/4744/3558 3572/4811/3607
f 3565/4801/3600 3342/4479/3377 3573/4812/3608
f 3345/4484/3380 3288/4411/3323 3391/4549/3426
f 3277/4397/3312 3572/4813/3607 3574/4814/3609
f 3486/4683/3521 3433/4608/3468 3413/4815/3448
f 3342/4479/3377 3060/4052/3095 3162/4207/3197
f 3486/4683/3521 3413/4815/3448 3575/4816/3610
f 3203/4262/3238 3238/4335/3273 3200/4255/3235
f 3294/4417/3329 3566/4803/3601 3270/4384/3305
f 3576/4817/3611 3486/4683/3521 3577/4818/3612
f 3426/4679/3461 3370/4747/3405 3366/4513/3401
f 3316/4443/3351 3291/4414/3326 3512/4722/3547
f 3436/4746/3471 3345/4484/3380 3391/4549/3426
f 3578/4819/3613 3579/4820/3614 3580/4821/3615
f 3508/4718/3543 3489/4686/3524 3488/4685/3523
f 3455/4641/3490 3362/4505/3397 3356/4498/3391
f 3436/4746/3471 3222/4302/3257 3345/4484/3380
f 3581/4822/3616 3476/4666/3511 3478/4668/3513
f 3532/4823/3567 2777/3617/2812 2637/3616/2672
f 3529/4754/3564 3528/4753/3563 3570/4808/3605
f 3486/4683/3521 3576/4817/3611 3461/4647/3496
f 3319/4448/3354 3427/4602/3462 3283/4405/3318
f 3366/4513/3401 3365/4512/3400 3426/4679/3461
f 3419/4593/3454 3427/4602/3462 3319/4448/3354
f 2664/3444/2699 2778/3619/2813 3278/4824/3313
f 3512/4722/3547 3361/4703/3396 3316/4443/3351
f 3582/4825/3617 3583/4826/3618 3579/4820/3614
f 3285/4408/3320 3302/4427/3337 3301/4426/3336
f 3354/4496/3389 2835/3729/2870 3356/4498/3391
f 3523/4744/3558 3543/4772/3578 3584/4827/3619
f 3278/4824/3313 3346/4554/3381 2664/3444/2699
f 3463/4649/3498 3455/4641/3490 3356/4498/3391
f 3203/4262/3238 3285/4408/3320 3301/4426/3336
f 3486/4683/3521 3575/4816/3610 3577/4818/3612
f 3354/4769/3389 2696/4655/2731 3467/4654/3502
f 3394/4555/3429 3367/4514/3402 3366/4513/3401
f 3570/4808/3605 3585/4828/3620 3553/4786/3588
f 3314/4829/3349 3586/4830/3621 3563/4831/3598
f 3461/4647/3496 3576/4817/3611 3498/4702/3533
f 2886/3814/2921 2959/3915/2994 2956/3922/2991
f 3519/4737/3554 3410/4578/3445 2954/4564/2989
f 3162/4207/3197 3573/4812/3608 3342/4479/3377
f 3581/4822/3616 3510/4720/3545 3509/4719/3544
f 3487/4684/3522 3428/4603/3463 3587/4832/3622
f 3588/4833/3623 3557/4792/3592 3494/4834/3529
f 3563/4831/3598 3382/4835/3417 3314/4829/3349
f 3238/4335/3273 3203/4262/3238 3235/4327/3270
f 3447/4630/3482 3446/4629/3481 3457/4643/3492
f 3301/4836/3336 3250/4350/3285 3251/4351/3286
f 3396/4559/3431 3586/4837/3621 2956/3922/2991
f 3203/4262/3238 3301/4426/3336 3275/4838/3310
f 3518/4735/3553 3296/4738/3331 3589/4839/3624
f 2778/3619/2813 3330/4840/3365 3278/4824/3313
f 3532/4823/3567 3331/4841/3366 2777/3617/2812
f 3492/4689/3527 3491/4688/3526 3517/4728/3552
f 3590/4842/3625 3516/4843/3551 3488/4685/3523
f 3521/4741/3556 3416/4844/3451 3591/4845/3626
f 3456/4642/3491 3479/4669/3514 3465/4846/3500
f 3592/4847/3627 3593/4848/3628 3529/4849/3564
f 3562/4798/3597 3372/4625/3407 3385/4541/3420
f 3513/4850/3548 3594/4851/3629 3517/4852/3552
f 3477/4667/3512 3595/4853/3630 3478/4668/3513
f 2959/3915/2994 3396/4559/3431 2956/3922/2991
f 2956/3911/2991 2854/3770/2889 2701/3787/2736
f 3431/4606/3466 3392/4551/3427 3504/4713/3539
f 3596/4854/3631 3554/4787/3589 3553/4786/3588
f 3549/4778/3584 3597/4855/3632 3517/4852/3552
f 3505/4714/3540 3392/4551/3427 3569/4807/3604
f 3579/4820/3614 3598/4856/3633 3582/4825/3617
f 2778/3619/2813 3331/4841/3366 3330/4840/3365
f 2854/3770/2889 2956/3911/2991 3586/4830/3621
f 2777/3617/2812 3331/4841/3366 2778/3619/2813
f 2877/3805/2912 2854/3770/2889 3586/4830/3621
f 1415/1822/1446 3599/4857/3634 3600/4858/3635
f 3488/4859/3523 3493/4694/3528 3601/4860/3636
f 3488/4859/3523 3516/4727/3551 3493/4694/3528
f 3367/4704/3402 3278/4398/3313 3602/4861/3637
f 3410/4578/3445 3519/4737/3554 3388/4691/3423
f 2812/3681/2847 2814/3683/2849 2813/3682/2848
f 3348/4487/3383 2814/3683/2849 2812/3681/2847
f 3346/4554/3381 3348/4862/3383 2812/4863/2847
f 3367/4514/3402 3394/4555/3429 3278/4824/3313
f 3600/4858/3635 3603/4864/3638 1415/1822/1446
f 3255/4358/3290 3267/4381/3302 3495/4698/3530
f 3517/4852/3552 3604/4865/3639 3492/4760/3527
f 3402/4570/3437 3469/4692/3504 3522/4742/3557
f 3303/4428/3338 3367/4704/3402 3602/4861/3637
f 3605/4866/3640 3402/4570/3437 3522/4742/3557
f 3425/4599/3460 3519/4867/3554 3448/4868/3483
f 3460/4646/3495 3408/4576/3443 3557/4797/3592
f 2828/3710/2863 2829/3711/2864 2838/4035/2873
f 3416/4844/3451 3415/4736/3450 3591/4845/3626
f 3545/4774/3580 3606/4869/3641 3494/4834/3529
f 3306/4431/3341 3345/4484/3380 3222/4302/3257
f 3525/4749/3560 3327/4457/3362 3607/4870/3642
f 3442/4871/3477 3443/4633/3478 3025/4638/3060
f 3525/4872/3560 3550/4779/3585 3513/4850/3548
f 3346/4554/3381 2812/4863/2847 2801/3661/2836
f 3608/4873/3643 1426/1835/1457 3609/4874/3644
f 3243/4341/3278 3495/4875/3530 3417/4587/3452
f 3500/4709/3535 3510/4720/3545 3610/4876/3645
f 3606/4869/3641 3611/4877/3646 3494/4834/3529
f 3548/4777/3583 3562/4798/3597 3387/4543/3422
f 3548/4777/3583 3612/4878/3647 3562/4798/3597
f 2815/3684/2850 2814/3683/2849 3371/4519/3406
f 3517/4852/3552 3597/4855/3632 3604/4865/3639
f 3420/4594/3455 3422/4596/3457 3462/4648/3497
f 1426/1835/1457 1513/1930/1544 3609/4874/3644
f 3033/4011/3068 2818/3693/2853 2960/3917/2995
f 3371/4519/3406 3397/4560/3432 2815/3684/2850
f 2838/4035/2873 2818/3693/2853 3033/4011/3068
f 2877/3805/2912 3586/4830/3621 3613/4879/3648
f 2877/3805/2912 3613/4879/3648 3440/4880/3475
f 2966/3928/3001 2877/3805/2912 3440/4880/3475
f 3457/4643/3492 3446/4629/3481 3502/4711/3537
f 3608/4873/3643 3599/4857/3634 1426/1835/1457
f 3572/4811/3607 3523/4744/3558 3584/4827/3619
f 3217/4295/3252 3358/4732/3393 3614/4881/3649
f 3284/4882/3319 3281/4730/3316 3615/4883/3650
f 3457/4643/3492 3421/4595/3456 3474/4664/3509
f 3616/4884/3651 3568/4806/3603 3604/4865/3639
f 3440/4880/3475 2920/3852/2955 2966/3928/3001
f 3440/4620/3475 3025/3999/3060 2920/3990/2955
f 3562/4885/3597 3612/4886/3647 3373/4524/3408
f 3397/4560/3432 3298/4421/3333 3586/4837/3621
f 2940/3884/2975 3025/3999/3060 3399/4887/3434
f 3352/4494/3387 3405/4740/3440 3324/4453/3359
f 3572/4811/3607 3584/4827/3619 3328/4888/3363
f 3396/4559/3431 3397/4560/3432 3586/4837/3621
f 3275/4838/3310 3235/4327/3270 3203/4262/3238
f 3562/4885/3597 3373/4524/3408 3372/4523/3407
f 3465/4651/3500 3543/4772/3578 3456/4743/3491
f 3511/4721/3546 3474/4664/3509 3421/4595/3456
f 3567/4804/3602 3449/4634/3484 3320/4449/3355
f 3513/4850/3548 3550/4779/3585 3594/4851/3629
f 3569/4807/3604 3137/4171/3172 3617/4889/3652
f 3326/4456/3361 3299/4422/3334 3404/4890/3439
f 2814/3683/2849 3348/4487/3383 3371/4519/3406
f 2937/3881/2972 2939/3883/2974 2835/3729/2870
f 3417/4587/3452 3495/4875/3530 3267/4385/3302
f 3594/4851/3629 3549/4778/3584 3517/4852/3552
f 3354/4769/3389 3467/4654/3502 2835/4653/2870
f 3519/4867/3554 3425/4599/3460 3388/4546/3423
f 3339/4476/3374 3263/4370/3298 3417/4587/3452
f 3367/4704/3402 3303/4428/3338 3316/4443/3351
f 3509/4719/3544 3508/4718/3543 3488/4685/3523
f 3618/4891/3653 3619/4892/3654 3578/4893/3613
f 3568/4806/3603 3616/4884/3651 3599/4857/3634
f 3339/4476/3374 3417/4587/3452 3416/4586/3451
f 3620/4894/3655 3560/4795/3595 3609/4874/3644
f 3479/4669/3514 3621/4895/3656 3465/4846/3500
f 3622/4896/3657 2838/4035/2873 3623/4897/3658
f 3550/4779/3585 3525/4872/3560 3464/4650/3499
f 2838/4035/2873 3033/4011/3068 3623/4897/3658
f 3222/4302/3257 3221/4301/3256 3306/4431/3341
f 3277/4397/3312 3602/4861/3637 3278/4398/3313
f 3530/4898/3565 3593/4848/3628 3624/4899/3659
f 3619/4900/3654 3598/4856/3633 3579/4820/3614
f 3594/4851/3629 3550/4779/3585 3549/4778/3584
f 3608/4873/3643 3568/4806/3603 3599/4857/3634
f 3419/4593/3454 3319/4448/3354 3321/4450/3356
f 2215/4805/2250 3558/4793/3593 2201/4901/2236
f 3593/4848/3628 3592/4847/3627 3624/4899/3659
f 3028/4004/3063 3623/4902/3658 3033/4014/3068
f 2871/3799/2906 2940/3884/2975 3399/4887/3434
f 3328/4888/3363 3584/4827/3619 3327/4903/3362
f 3488/4685/3523 3601/4904/3636 3509/4719/3544
f 3333/4488/3368 3400/4690/3435 3334/4905/3369
f 3470/4658/3505 3621/4895/3656 3479/4669/3514
f 3625/4906/3660 3468/4656/3503 3499/4907/3534
f 3566/4908/3601 3294/4734/3329 3415/4736/3450
f 3607/4909/3642 3584/4827/3619 3543/4772/3578
f 3626/4910/3661 3604/4865/3639 3597/4855/3632
f 3619/4900/3654 3618/4911/3653 3598/4856/3633
f 3560/4795/3595 3568/4806/3603 3608/4873/3643
f 3536/4762/3571 3627/4912/3662 3537/4763/3572
f 3541/4913/3576 3537/4763/3572 1727/2193/1761
f 3537/4763/3572 3627/4912/3662 1727/2193/1761
f 3476/4693/3511 3509/4914/3544 3601/4860/3636
f 3240/4338/3275 3301/4836/3336 3251/4351/3286
f 3487/4684/3522 3489/4686/3524 3428/4603/3463
f 3460/4646/3495 3628/4915/3663 3629/4916/3664
f 3528/4753/3563 3530/4755/3565 3630/4917/3665
f 3563/4799/3598 3383/4539/3418 3382/4538/3417
f 3295/4418/3330 3406/4574/3441 3449/4634/3484
f 3494/4834/3529 3611/4877/3646 3588/4833/3623
f 3570/4808/3605 3528/4753/3563 3585/4828/3620
f 3330/4840/3365 3276/4918/3311 3278/4824/3313
f 3362/4505/3397 3455/4641/3490 3403/4571/3438
f 3329/4459/3364 3353/4506/3388 3437/4614/3472
f 3581/4822/3616 3478/4668/3513 3631/4919/3666
f 3025/4638/3060 3443/4633/3478 3448/4632/3483
f 3571/4920/3606 3538/4766/3573 3360/4921/3395
f 3408/4576/3443 3577/4922/3612 3575/4923/3610
f 3627/4912/3662 3536/4762/3571 3497/4700/3532
f 3538/4764/3573 3497/4700/3532 3536/4762/3571
f 3268/4382/3303 3405/4740/3440 3269/4383/3304
f 3284/4406/3319 3615/4924/3650 3632/4925/3667
f 3539/4765/3574 3360/4921/3395 3538/4766/3573
f 3423/4597/3458 3425/4599/3460 3448/4868/3483
f 3393/4552/3428 3070/4070/3105 3569/4807/3604
f 3574/4814/3609 3308/4433/3343 3303/4428/3338
f 3566/4803/3601 3415/4585/3450 3267/4385/3302
f 3299/4926/3334 3298/4680/3333 3404/4572/3439
f 3300/4423/3335 3563/4799/3598 3586/4837/3621
f 3301/4426/3336 3379/4532/3414 3275/4838/3310
f 3505/4714/3540 3447/4630/3482 3474/4664/3509
f 3408/4576/3443 3633/4927/3668 3577/4922/3612
f 3473/4663/3508 3295/4418/3330 3449/4634/3484
f 3620/4928/3655 3634/4929/3669 3635/4930/3670
f 3425/4599/3460 3389/4547/3424 3388/4546/3423
f 3629/4916/3664 3552/4785/3587 3460/4646/3495
f 3599/4857/3634 3616/4884/3651 3600/4858/3635
f 3408/4576/3443 3407/4575/3442 3557/4797/3592
f 3223/4303/3258 3363/4509/3398 3221/4301/3256
f 3602/4861/3637 3574/4814/3609 3303/4428/3338
f 2825/3719/2860 2833/4931/2868 2830/3717/2865
f 3277/4397/3312 3574/4814/3609 3602/4861/3637
f 3573/4812/3608 3162/4207/3197 3497/4700/3532
f 3415/4585/3450 3417/4587/3452 3267/4385/3302
f 3162/4207/3197 3164/4701/3199 3497/4700/3532
f 2824/3724/2859 2838/4035/2873 3622/4896/3657
f 2982/3946/3017 2862/3788/2897 3066/4063/3101
f 3574/4814/3609 3328/4458/3363 3308/4433/3343
f 2982/3946/3017 3066/4063/3101 2900/3829/2935
f 3574/4814/3609 3572/4813/3607 3328/4458/3363
f 3636/4932/3671 3637/4933/3672 3638/4934/3673
f 3612/4935/3647 3639/4936/3674 3373/4937/3408
f 3587/4832/3622 3640/4938/3675 3487/4684/3522
f 3326/4456/3361 3317/4444/3352 3309/4434/3344
f 3497/4700/3532 3496/4699/3531 3627/4912/3662
f 3641/4939/3676 3642/4940/3677 3643/4941/3678
f 3404/4572/3439 3298/4680/3333 3365/4512/3400
f 3644/4942/3679 3561/4796/3596 3635/4943/3670
f 3645/4944/3680 3631/4919/3666 3646/4945/3681
f 3444/4631/3479 3375/4946/3410 3448/4632/3483
f 2831/3720/2866 2830/3717/2865 3351/4516/3386
f 3504/4713/3539 3392/4551/3427 3505/4714/3540
f 2833/3726/2868 2824/3724/2859 3349/4491/3384
f 2833/4931/2868 3349/4947/3384 2830/3717/2865
f 2830/3717/2865 3349/4947/3384 3351/4516/3386
f 3647/4948/3682 3648/4949/3683 3645/4944/3680
f 3564/4800/3599 3318/4445/3353 3563/4799/3598
f 3314/4829/3349 3613/4879/3648 3586/4830/3621
f 3314/4829/3349 3440/4880/3475 3613/4879/3648
f 3309/4434/3344 3318/4445/3353 3564/4800/3599
f 3617/4889/3652 3447/4630/3482 3569/4807/3604
f 3466/4652/3501 3649/4950/3684 3555/4788/3590
f 3349/4491/3384 2824/3724/2859 3622/4896/3657
f 3650/4951/3685 3651/4952/3686 3641/4939/3676
f 3646/4945/3681 3652/4953/3687 3653/4954/3688
f 3586/4837/3621 3298/4421/3333 3300/4423/3335
f 3291/4414/3326 3304/4429/3339 3292/4415/3327
f 3415/4736/3450 3518/4735/3553 3591/4845/3626
f 3570/4808/3605 3552/4785/3587 3629/4916/3664
f 3465/4846/3500 3621/4895/3656 3499/4708/3534
f 3654/4955/3689 3655/4956/3690 3652/4953/3687
f 3616/4884/3651 3603/4864/3638 3600/4858/3635
f 2939/3883/2974 3431/4606/3466 2835/3729/2870
f 3545/4774/3580 3544/4773/3579 3606/4869/3641
f 3475/4665/3510 3656/4957/3691 3657/4958/3692
f 3330/4460/3365 3329/4459/3364 3276/4616/3311
f 3582/4959/3617 3611/4877/3646 3606/4869/3641
f 3622/4896/3657 3350/4492/3385 3349/4491/3384
f 3501/4710/3536 3500/4709/3535 3610/4876/3645
f 3478/4668/3513 3595/4853/3630 3631/4919/3666
f 3446/4629/3481 3500/4709/3535 3502/4711/3537
f 3532/4757/3567 2637/4960/2672 3531/4756/3566
f 3518/4735/3553 3658/4961/3693 3591/4845/3626
f 3423/4597/3458 3448/4868/3483 3375/4526/3410
f 3641/4939/3676 3643/4941/3678 3650/4951/3685
f 3659/4962/3694 3583/4963/3618 3606/4869/3641
f 3549/4778/3584 3660/4964/3695 3597/4855/3632
f 3389/4547/3424 3425/4599/3460 3424/4598/3459
f 3471/4659/3506 3475/4665/3510 3657/4958/3692
f 3437/4965/3472 3353/4495/3388 3403/4571/3438
f 3630/4966/3665 3530/4898/3565 3624/4899/3659
f 3318/4445/3353 3383/4539/3418 3563/4799/3598
f 3549/4778/3584 3555/4788/3590 3660/4964/3695
f 3661/4967/3696 3588/4833/3623 3611/4877/3646
f 2215/4805/2250 3625/4968/3660 3499/4708/3534
f 3656/4957/3691 3662/4969/3697 3657/4958/3692
f 3582/4959/3617 3661/4967/3696 3611/4877/3646
f 3557/4792/3592 3588/4833/3623 3556/4790/3591
f 3622/4896/3657 3377/4534/3412 3350/4492/3385
f 3505/4714/3540 3569/4807/3604 3447/4630/3482
f 2696/4655/2731 3531/4756/3566 2637/4960/2672
f 3304/4429/3339 3308/4433/3343 3292/4415/3327
f 3625/4906/3660 3663/4970/3698 3468/4656/3503
f 3476/4693/3511 3601/4860/3636 3493/4694/3528
f 3664/4971/3699 3454/4640/3489 3502/4711/3537
f 3626/4910/3661 3597/4855/3632 3660/4964/3695
f 3355/4497/3390 3403/4571/3438 3353/4495/3388
f 3428/4603/3463 3430/4605/3465 2898/3827/2933
f 3437/4614/3472 3276/4616/3311 3329/4459/3364
f 3622/4896/3657 3623/4897/3658 3377/4534/3412
f 3028/4972/3063 3515/4973/3550 3623/4897/3658
f 3619/4892/3654 3579/4974/3614 3578/4893/3613
f 3392/4551/3427 3393/4552/3428 3569/4807/3604
f 3515/4973/3550 3378/4975/3413 3623/4897/3658
f 3623/4897/3658 3378/4975/3413 3377/4534/3412
f 3637/4976/3672 3656/4957/3691 3454/4640/3489
f 3582/4959/3617 3598/4977/3633 3661/4967/3696
f 3411/4581/3446 3571/4809/3606 3360/4503/3395
f 3665/4978/3700 3631/4919/3666 3595/4853/3630
f 3565/4801/3600 3573/4812/3608 3497/4700/3532
f 3571/4979/3606 3565/4801/3600 3538/4764/3573
f 3565/4801/3600 3497/4700/3532 3538/4764/3573
f 3555/4788/3590 3549/4778/3584 3464/4650/3499
f 3385/4541/3420 3443/4626/3478 3386/4542/3421
f 3637/4976/3672 3454/4640/3489 3664/4971/3699
f 3640/4938/3675 2970/3932/3005 3487/4684/3522
f 3609/4874/3644 3560/4795/3595 3608/4873/3643
f 3300/4423/3335 3309/4434/3344 3564/4800/3599
f 3314/4440/3349 3382/4538/3417 3384/4540/3419
f 3353/4506/3388 3331/4461/3366 3354/4769/3389
f 2696/4655/2731 3354/4769/3389 3531/4756/3566
f 3575/4923/3610 3413/4583/3448 3408/4576/3443
f 3666/4980/3701 3667/4981/3702 3668/4982/3703
f 3510/4720/3545 3581/4822/3616 3669/4983/3704
f 3637/4976/3672 3670/4984/3705 3656/4957/3691
f 3607/4909/3642 3327/4903/3362 3584/4827/3619
f 3463/4649/3498 3462/4648/3497 3422/4596/3457
f 3671/4985/3706 3636/4986/3671 3638/4987/3673
f 2898/3827/2933 3430/4605/3465 3155/4200/3190
f 3606/4869/3641 3583/4963/3618 3582/4959/3617
f 1416/1823/1447 3626/4910/3661 3660/4964/3695
f 3672/4988/3707 3420/4594/3455 3441/4623/3476
f 3346/4554/3381 3278/4824/3313 3394/4555/3429
f 3644/4942/3679 3659/4962/3694 3544/4773/3579
f 3435/4610/3470 3409/4613/3444 3424/4598/3459
f 3375/4526/3410 3374/4525/3409 3434/4609/3469
f 3620/4928/3655 3609/4989/3644 3673/4990/3708
f 3123/4147/3158 3674/4991/3709 3124/4148/3159
f 3124/4148/3159 3675/4992/3710 3165/4211/3200
f 3674/4991/3709 3675/4992/3710 3124/4148/3159
f 3674/4991/3709 3123/4147/3158 3676/4993/3711
f 3677/4994/3712 3501/4710/3536 3610/4876/3645
f 3463/4649/3498 3441/4623/3476 3420/4594/3455
f 3625/4968/3660 2215/4805/2250 3663/4995/3698
f 3510/4720/3545 3669/4983/3704 3610/4876/3645
f 3672/4988/3707 3504/4713/3539 3420/4594/3455
f 3164/4701/3199 3162/4207/3197 3130/4208/3165
f 3166/4219/3201 3165/4996/3200 3678/4997/3713
f 3433/4608/3468 3409/4613/3444 3413/4815/3448
f 3165/4996/3200 3679/4998/3714 3678/4997/3713
f 3499/4708/3534 3468/4999/3503 3465/4846/3500
f 3313/4439/3348 3439/4619/3474 3314/4440/3349
f 3604/4865/3639 3626/4910/3661 3616/4884/3651
f 3680/5000/3715 3681/5001/3716 3682/5002/3717
f 3431/4606/3466 3504/4713/3539 3672/4988/3707
f 3375/4526/3410 3434/4609/3469 3423/4597/3458
f 3165/4996/3200 3675/5003/3710 3679/4998/3714
f 3679/4998/3714 3683/5004/3718 3678/4997/3713
f 3684/5005/3719 3595/4853/3630 3477/4667/3512
f 3685/5006/3720 3686/5007/3721 3666/4980/3701
f 3687/5008/3722 3373/4937/3408 3639/4936/3674
f 3688/5009/3723 3689/5010/3724 3690/5011/3725
f 3635/4943/3670 3659/4962/3694 3644/4942/3679
f 3603/4864/3638 3616/4884/3651 3626/4910/3661
f 3671/4985/3706 3691/5012/3726 1906/2405/1940
f 3636/4986/3671 3671/4985/3706 1906/2405/1940
f 2835/3729/2870 3431/4606/3466 3441/4623/3476
f 3475/4665/3510 3470/4658/3505 3422/4596/3457
f 3692/5013/3727 3590/4842/3625 3488/4685/3523
f 2097/2645/2132 3693/5014/3728 2095/2643/2130
f 3178/4227/3213 3166/4219/3201 3678/4997/3713
f 3174/4223/3209 3170/4217/3205 3178/4227/3213
f 3694/5015/3729 3695/5016/3730 3696/5017/3731
f 3659/5018/3694 3580/4821/3615 3583/4826/3618
f 3178/4227/3213 3697/5019/3732 3698/5020/3733
f 3178/4227/3213 3678/4997/3713 3697/5019/3732
f 3292/4415/3327 3483/4675/3518 3451/4636/3486
f 3174/4223/3209 3178/4227/3213 3698/5020/3733
f 3176/4225/3211 3174/4223/3209 3698/5020/3733
f 3176/4225/3211 3698/5020/3733 3699/5021/3734
f 3617/4889/3652 3520/4739/3555 3445/4628/3480
f 3337/4472/3372 3676/4993/3711 3123/4147/3158
f 3308/4433/3343 3327/4457/3362 3483/4675/3518
f 3337/4472/3372 3360/4502/3395 3676/4993/3711
f 3359/4501/3394 3123/4147/3158 3369/4537/3404
f 3336/4470/3371 3337/4472/3372 3123/4147/3158
f 3700/5022/3735 3675/4992/3710 3674/4991/3709
f 3468/4656/3503 3663/4970/3698 3466/4652/3501
f 3428/4603/3463 3489/4686/3524 3429/4604/3464
f 3701/5023/3736 3702/5024/3737 3675/5003/3710
f 3700/5025/3735 3676/5026/3711 3360/4921/3395
f 3700/5025/3735 3674/5027/3709 3676/5026/3711
f 3656/4957/3691 3670/4984/3705 3662/4969/3697
f 3164/5028/3199 3161/5029/3196 3703/5030/3738
f 3660/4964/3695 3555/4788/3590 3704/5031/3739
f 3703/5030/3738 3161/5029/3196 3705/5032/3740
f 3706/5033/3741 1513/1930/1544 3707/5034/3742
f 1078/1367/1100 3708/5035/3743 3578/4893/3613
f 3709/5036/3744 3710/5037/3745 3711/5038/3746
f 3712/5039/3747 3577/4818/3612 3713/5040/3748
f 3577/4922/3612 3633/4927/3668 3713/5041/3748
f 1079/1368/1101 3578/4893/3613 3714/5042/3749
f 3508/4718/3543 3445/4628/3480 3520/4739/3555
f 3578/4893/3613 3708/5035/3743 3618/4891/3653
f 2831/3720/2866 3351/4516/3386 3123/4144/3158
f 3715/5043/3750 3642/4940/3677 3653/4954/3688
f 3716/5044/3751 3717/5045/3752 3695/5016/3730
f 3533/4758/3568 3547/4776/3582 3540/4768/3575
f 3588/4833/3623 3661/4967/3696 3556/4790/3591
f 3543/4772/3578 3464/4650/3499 3607/4909/3642
f 3533/4758/3568 3361/4504/3396 3534/4759/3569
f 3703/5030/3738 3496/5046/3531 3164/5028/3199
f 3504/4713/3539 3474/4664/3509 3511/4721/3546
f 1079/1368/1101 1078/1367/1100 3578/4893/3613
f 3618/4891/3653 3708/5035/3743 3592/4847/3627
f 1416/1823/1447 3603/4864/3638 3626/4910/3661
f 3701/5023/3736 3675/5003/3710 3700/5025/3735
f 3447/4630/3482 3617/4889/3652 3445/4628/3480
f 2922/3854/2957 3428/4603/3463 2898/3827/2933
f 3540/4768/3575 3318/4445/3353 3533/4758/3568
f 3703/5030/3738 3718/5047/3753 3496/5046/3531
f 3719/5048/3754 3720/5049/3755 3721/5050/3756
f 3703/5030/3738 3705/5032/3740 3718/5047/3753
f 3717/5045/3752 3722/5051/3757 3695/5016/3730
f 2202/2774/2237 3662/5052/3697 2245/5053/2280
f 3715/5043/3750 3653/4954/3688 3723/5054/3758
f 3471/4659/3506 3657/4958/3692 3558/4793/3593
f 3477/4667/3512 3724/5055/3759 3725/5056/3760
f 3726/5057/3761 3727/5058/3762 3728/5059/3763
f 1948/2452/1982 2016/2539/2051 3729/5060/3764
f 3460/4791/3495 3730/5061/3765 3628/5062/3663
f 1744/2216/1778 3708/5035/3743 1078/1367/1100
f 3678/4997/3713 3683/5004/3718 3697/5019/3732
f 3137/4171/3172 3155/4200/3190 3617/4889/3652
f 3581/4822/3616 3648/4949/3683 3669/4983/3704
f 3731/5063/3766 3722/5064/3757 3717/5065/3752
f 3731/5063/3766 3717/5065/3752 3732/5066/3767
f 3673/4990/3708 3634/4929/3669 3620/4928/3655
f 3697/5019/3732 3683/5004/3718 3733/5067/3768
f 3698/5020/3733 3697/5019/3732 3733/5067/3768
f 3734/5068/3769 3699/5021/3734 3698/5020/3733
f 3734/5068/3769 3698/5020/3733 3735/5069/3770
f 3734/5068/3769 3736/5070/3771 3699/5021/3734
f 1932/2436/1966 1948/2452/1982 3729/5060/3764
f 3737/5071/3772 3736/5070/3771 3735/5069/3770
f 3734/5068/3769 3735/5069/3770 3736/5070/3771
f 3708/5035/3743 1744/2216/1778 3592/4847/3627
f 1744/2216/1778 1532/1950/1563 3592/4847/3627
f 3612/4878/3647 3548/4777/3583 3561/4796/3596
f 3738/5072/3773 3739/5073/3774 3664/4971/3699
f 3155/4200/3190 3520/4739/3555 3617/4889/3652
f 3628/4915/3663 3529/4754/3564 3570/4808/3605
f 3476/4666/3511 3581/4822/3616 3509/4719/3544
f 3635/4943/3670 3634/5074/3669 3659/4962/3694
f 3690/5011/3725 3689/5010/3724 3740/5075/3775
f 3634/4929/3669 3673/4990/3708 3706/5076/3741
f 3741/5077/3776 3666/4980/3701 3680/5000/3715
f 3645/4944/3680 3653/4954/3688 3647/4948/3682
f 3677/4994/3712 3641/4939/3676 3651/4952/3686
f 3361/4703/3396 3450/4635/3485 3534/4783/3569
f 3361/4703/3396 3512/4722/3547 3450/4635/3485
f 3700/5025/3735 3360/4921/3395 3539/4765/3574
f 3700/5025/3735 3539/4765/3574 3541/4770/3576
f 3701/5023/3736 3700/5025/3735 3541/4770/3576
f 3496/5046/3531 3718/5047/3753 3627/5078/3662
f 3672/4988/3707 3441/4623/3476 3431/4606/3466
f 1415/1822/1446 1426/1835/1457 3599/4857/3634
f 3679/4998/3714 3675/5003/3710 3702/5024/3737
f 3679/4998/3714 3702/5024/3737 3683/5004/3718
f 3644/4942/3679 3612/4878/3647 3561/4796/3596
f 1416/1823/1447 1415/1822/1446 3603/4864/3638
f 3629/4916/3664 3628/4915/3663 3570/4808/3605
f 3686/5007/3721 3742/5079/3777 3667/4981/3702
f 3374/5080/3409 3373/4937/3408 3546/5081/3581
f 3702/5082/3737 3743/5083/3778 3744/5084/3779
f 3701/5023/3736 3743/5085/3778 3702/5024/3737
f 3639/5086/3674 3612/4878/3647 3644/4942/3679
f 3706/5076/3741 3659/5018/3694 3634/4929/3669
f 3556/4790/3591 3661/4967/3696 3598/4977/3633
f 3725/5056/3760 3741/5087/3776 3745/5088/3780
f 3707/5034/3742 1513/1930/1544 3746/5089/3781
f 3683/5004/3718 3702/5024/3737 3747/5090/3782
f 3722/5051/3757 3748/5091/3783 3695/5016/3730
f 3683/5092/3718 3747/5093/3782 3749/5094/3784
f 3559/4794/3594 3561/4796/3596 3548/4777/3583
f 3683/5092/3718 3749/5094/3784 3750/5095/3785
f 3683/5092/3718 3750/5095/3785 3751/5096/3786
f 3689/5010/3724 3752/5097/3787 3740/5075/3775
f 1532/1950/1563 1534/1952/1565 3592/4847/3627
f 3753/5098/3788 3754/5099/3789 3721/5100/3756
f 3698/5020/3733 3755/5101/3790 3735/5069/3770
f 3698/5020/3733 3733/5067/3768 3755/5101/3790
f 3737/5071/3772 3735/5069/3770 3755/5101/3790
f 3756/5102/3791 3737/5071/3772 3755/5101/3790
f 3733/5103/3768 3683/5092/3718 3751/5096/3786
f 3733/5103/3768 3751/5096/3786 3757/5104/3792
f 3733/5103/3768 3757/5104/3792 3755/5105/3790
f 1906/2405/1940 3691/5012/3726 1865/2356/1899
f 2865/3791/2900 3155/4200/3190 3137/4171/3172
f 3686/5007/3721 3667/4981/3702 3666/4980/3701
f 3464/4650/3499 3525/4872/3560 3607/4909/3642
f 3701/5023/3736 2180/2749/2215 3758/5106/3793
f 3701/5023/3736 3541/4770/3576 2180/2749/2215
f 3758/5106/3793 3759/5107/3794 3743/5085/3778
f 3701/5023/3736 3758/5106/3793 3743/5085/3778
f 3627/5078/3662 3718/5047/3753 1728/2198/1762
f 3618/4891/3653 3760/5108/3795 3556/4790/3591
f 3761/5109/3796 3591/4845/3626 3762/5110/3797
f 3591/4845/3626 3658/4961/3693 3762/5110/3797
f 3647/4948/3682 3669/4983/3704 3648/4949/3683
f 3472/4660/3507 3471/4659/3506 3499/4708/3534
f 3763/5111/3798 1730/2196/1764 1728/2198/1762
f 3763/5111/3798 1728/2198/1762 3718/5047/3753
f 3764/5112/3799 3765/5113/3800 3715/5043/3750
f 3746/5089/3781 1682/2121/1713 3707/5034/3742
f 3744/5084/3779 3749/5094/3784 3747/5093/3782
f 3744/5114/3779 3747/5090/3782 3702/5024/3737
f 3618/4891/3653 3556/4790/3591 3598/4977/3633
f 3766/5115/3801 3749/5094/3784 3744/5084/3779
f 3767/5116/3802 3750/5095/3785 3749/5094/3784
f 1727/2750/1761 2180/2749/2215 3541/4770/3576
f 1426/1835/1457 1436/1845/1467 1513/1930/1544
f 3668/4982/3703 3768/5117/3803 3690/5011/3725
f 3677/4994/3712 3651/4952/3686 3501/4710/3536
f 2179/2746/2214 1730/2745/1764 3763/5118/3798
f 3667/4981/3702 3768/5117/3803 3668/4982/3703
f 3758/5119/3793 2180/2747/2215 2179/2746/2214
f 3744/5084/3779 3759/5120/3794 3769/5121/3804
f 3744/5084/3779 3743/5083/3778 3759/5120/3794
f 3758/5119/3793 2179/2746/2214 3769/5121/3804
f 3503/4712/3538 3540/4768/3575 3547/4776/3582
f 3547/4776/3582 3548/4777/3583 3503/4712/3538
f 3770/5122/3805 3477/4695/3512 3516/4727/3551
f 3460/4791/3495 3556/4790/3591 3730/5061/3765
f 3758/5119/3793 3769/5121/3804 3759/5120/3794
f 3624/4899/3659 1534/1952/1565 3771/5123/3806
f 3723/5054/3758 1932/2436/1966 3715/5043/3750
f 1865/2356/1899 1907/2406/1941 1906/2405/1940
f 3766/5115/3801 3744/5084/3779 3769/5121/3804
f 2922/3854/2957 2970/3932/3005 3587/4832/3622
f 3766/5115/3801 3767/5116/3802 3749/5094/3784
f 2179/2746/2214 3766/5115/3801 3769/5121/3804
f 3755/5105/3790 3757/5104/3792 2191/2762/2226
f 3755/5101/3790 3772/5124/3807 3756/5102/3791
f 3755/5105/3790 2191/2762/2226 2190/2761/2225
f 3755/5125/3790 2190/5126/2225 3772/5127/3807
f 3687/5008/3722 3546/5081/3581 3373/4937/3408
f 3589/4839/3624 3296/4738/3331 3567/5128/3602
f 3647/4948/3682 3653/4954/3688 3642/4940/3677
f 3773/5129/3808 3774/5130/3809 3775/5131/3810
f 3776/5132/3811 3777/5133/3812 3778/5134/3813
f 3706/5033/3741 3707/5034/3742 3580/5135/3615
f 3125/4150/3160 3183/4238/3218 3272/4388/3307
f 3658/4961/3693 3518/4735/3553 3589/4839/3624
f 3545/4774/3580 3494/4834/3529 3546/4775/3581
f 3760/5108/3795 3618/4891/3653 3592/4847/3627
f 3706/5076/3741 3580/4821/3615 3659/5018/3694
f 3556/4790/3591 3760/5108/3795 3730/5061/3765
f 3692/5013/3727 3226/4306/3261 3590/4842/3625
f 3470/4658/3505 3499/4708/3534 3621/4895/3656
f 3714/5042/3749 3580/5135/3615 3707/5034/3742
f 3779/5136/3814 3780/5137/3815 3728/5059/3763
f 3781/5138/3816 3782/5139/3817 3688/5009/3723
f 3783/5140/3818 3684/5005/3719 3745/5088/3780
f 3784/5141/3819 3589/4839/3624 3785/5142/3820
f 1513/1930/1544 3706/5033/3741 3673/5143/3708
f 3690/5011/3725 3786/5144/3821 3668/4982/3703
f 3609/4874/3644 1513/1930/1544 3673/5143/3708
f 3529/4849/3564 3628/5062/3663 3730/5061/3765
f 1533/1951/1564 1532/1950/1563 1744/2216/1778
f 3428/4603/3463 2922/3854/2957 3587/4832/3622
f 3787/5145/3822 3689/5010/3724 3688/5009/3723
f 3547/4776/3582 3559/4794/3594 3548/4777/3583
f 3788/5146/3823 3754/5099/3789 3753/5098/3788
f 3730/5061/3765 3760/5108/3795 3529/4849/3564
f 3501/4710/3536 3651/4952/3686 3739/5073/3774
f 3687/5147/3722 3639/5086/3674 3644/4942/3679
f 3677/4994/3712 3610/4876/3645 3641/4939/3676
f 3580/5135/3615 3714/5042/3749 3578/4893/3613
f 3543/4772/3578 3465/4651/3500 3464/4650/3499
f 3691/5012/3726 2013/2536/2048 1865/2356/1899
f 3452/4637/3487 3534/4783/3569 3450/4635/3485
f 2970/3932/3005 3640/4938/3675 3587/4832/3622
f 3490/4687/3525 3534/4783/3569 3452/4637/3487
f 3492/4760/3527 3568/4806/3603 3542/4771/3577
f 3645/4944/3680 3646/4945/3681 3653/4954/3688
f 3568/4806/3603 3492/4760/3527 3604/4865/3639
f 3740/5075/3775 3789/5148/3824 3682/5002/3717
f 1534/1952/1565 3624/4899/3659 3592/4847/3627
f 3726/5057/3761 3790/5149/3825 3791/5150/3826
f 3561/5151/3596 3560/5152/3595 3620/4928/3655
f 3792/5153/3827 3793/5154/3828 3732/5155/3767
f 3794/5156/3829 3795/5157/3830 3796/5158/3831
f 3606/4869/3641 3544/4773/3579 3659/4962/3694
f 3797/5159/3832 3798/5160/3833 3799/5161/3834
f 3635/4930/3670 3561/5151/3596 3620/4928/3655
f 3696/5162/3731 3800/5163/3835 3801/5164/3836
f 3714/5042/3749 3707/5034/3742 1682/2121/1713
f 3567/5128/3602 3785/5142/3820 3589/4839/3624
f 3802/5165/3837 3803/5166/3838 3804/5167/3839
f 3790/5149/3825 3784/5168/3819 3791/5150/3826
f 1879/2371/1913 1932/2436/1966 2097/2645/2132
f 3477/4667/3512 3725/5056/3760 3684/5005/3719
f 3805/5169/3840 3630/4966/3665 3771/5123/3806
f 3806/5170/3841 3807/5171/3842 3803/5166/3838
f 3808/5172/3843 3809/5173/3844 3810/5174/3845
f 3434/4697/3469 3374/5080/3409 3546/5081/3581
f 3811/5175/3846 3722/5064/3757 3812/5176/3847
f 3771/5123/3806 3630/4966/3665 3624/4899/3659
f 3793/5177/3828 3658/4961/3693 3589/4839/3624
f 3687/5147/3722 3644/4942/3679 3544/4773/3579
f 3813/5178/3848 3630/4966/3665 3805/5169/3840
f 3434/4697/3469 3546/5081/3581 3494/4696/3529
f 3544/4773/3579 3546/4775/3581 3687/5147/3722
f 3814/5179/3849 3815/5180/3850 3816/5181/3851
f 3721/5100/3756 3720/5182/3755 3753/5098/3788
f 3804/5183/3839 3803/5184/3838 3817/5185/3852
f 3732/5155/3767 3793/5154/3828 3784/5168/3819
f 3637/4933/3672 3636/4932/3671 3670/5186/3705
f 3818/5187/3853 3773/5188/3808 3782/5139/3817
f 3819/5189/3854 3728/5059/3763 3780/5137/3815
f 3723/5054/3758 3820/5190/3855 3693/5014/3728
f 3689/5010/3724 3787/5145/3822 3752/5097/3787
f 3590/4842/3625 3226/4306/3261 3821/5191/3856
f 3669/4983/3704 3642/4940/3677 3641/4939/3676
f 3662/5052/3697 3670/5186/3705 2245/5053/2280
f 3732/5155/3767 3784/5168/3819 3790/5149/3825
f 2245/5053/2280 3670/5186/3705 3636/4932/3671
f 3647/4948/3682 3642/4940/3677 3669/4983/3704
f 3740/5075/3775 3752/5097/3787 3822/5192/3857
f 3228/4308/3263 3272/4437/3307 3823/5193/3858
f 3682/5002/3717 3789/5148/3824 3824/5194/3859
f 2095/2643/2130 3652/4953/3687 3825/5195/3860
f 3183/4238/3218 3287/4410/3322 3271/4387/3306
f 3826/5196/3861 3806/5170/3841 3803/5166/3838
f 3760/5108/3795 3592/4847/3627 3529/4849/3564
f 3827/5197/3862 3726/5198/3761 3828/5199/3863
f 3524/5200/3559 3551/4780/3586 3282/4782/3317
f 3752/5097/3787 3829/5201/3864 3807/5171/3842
f 3830/5202/3865 3831/5203/3866 3832/5204/3867
f 3688/5009/3723 3782/5139/3817 3787/5145/3822
f 3804/5167/3839 3833/5205/3868 3802/5165/3837
f 3834/5206/3869 3835/5207/3870 3836/5208/3871
f 3829/5201/3864 3837/5209/3872 3807/5171/3842
f 1683/2122/1714 3805/5169/3840 3771/5123/3806
f 3770/5122/3805 3838/5210/3873 3821/5211/3856
f 3814/5212/3849 3839/5213/3874 3815/5214/3850
f 3581/4822/3616 3631/4919/3666 3645/4944/3680
f 3581/4822/3616 3645/4944/3680 3648/4949/3683
f 3590/4842/3625 3770/5215/3805 3516/4843/3551
f 3752/5097/3787 3807/5171/3842 3822/5192/3857
f 3638/4987/3673 3664/4971/3699 3739/5073/3774
f 3797/5159/3832 3832/5216/3867 3831/5217/3866
f 3741/5087/3776 3840/5218/3875 3745/5088/3780
f 3638/4987/3673 3739/5073/3774 3651/4952/3686
f 3477/4695/3512 3770/5122/3805 3821/5211/3856
f 3781/5138/3816 3768/5117/3803 3271/4387/3306
f 3723/5054/3758 3693/5014/3728 1932/2436/1966
f 3655/4956/3690 3841/5219/3876 3825/5195/3860
f 3610/4876/3645 3669/4983/3704 3641/4939/3676
f 3842/5220/3877 3810/5174/3845 3843/5221/3878
f 3580/4821/3615 3579/4820/3614 3583/4826/3618
f 3844/5222/3879 3845/5223/3880 3821/5191/3856
f 3806/5170/3841 3826/5196/3861 3846/5224/3881
f 3832/5225/3867 3799/5226/3834 3811/5175/3846
f 3728/5059/3763 3819/5189/3854 3726/5057/3761
f 3836/5208/3871 3814/5179/3849 3834/5206/3869
f 3774/5130/3809 3818/5227/3853 3847/5228/3882
f 3815/5214/3850 3848/5229/3883 3849/5230/3884
f 3815/5214/3850 3850/5231/3885 3848/5229/3883
f 3815/5214/3850 3851/5232/3886 3850/5231/3885
f 3748/5233/3783 3811/5175/3846 3799/5226/3834
f 3852/5234/3887 3853/5235/3888 3595/4853/3630
f 3764/5112/3799 3729/5060/3764 3765/5113/3800
f 3854/5236/3889 3846/5224/3881 3855/5237/3890
f 3694/5015/3729 3720/5049/3755 3856/5238/3891
f 3646/4945/3681 3665/4978/3700 3654/4955/3689
f 3590/5239/3625 3821/5240/3856 3838/5241/3873
f 3614/4881/3649 3818/5187/3853 3781/5138/3816
f 3665/4978/3700 3595/4853/3630 3853/5235/3888
f 3627/4912/3662 1728/2194/1762 1727/2193/1761
f 3857/5242/3892 3858/5243/3893 3859/5244/3894
f 3791/5150/3826 3727/5058/3762 3726/5057/3761
f 3228/4308/3263 3844/5222/3879 3226/4306/3261
f 3825/5195/3860 3860/5245/3895 2095/2643/2130
f 2769/3603/2804 2479/3197/2514 2105/2653/2140
f 3741/5077/3776 3680/5000/3715 3840/5246/3875
f 3487/4684/3522 2970/3932/3005 3692/5013/3727
f 3688/5009/3723 3768/5117/3803 3781/5138/3816
f 3595/4853/3630 3684/5005/3719 3852/5234/3887
f 3838/5241/3873 3770/5247/3805 3590/5239/3625
f 3723/5054/3758 3653/4954/3688 3820/5190/3855
f 3740/5075/3775 3822/5192/3857 3789/5148/3824
f 3664/4971/3699 3638/4987/3673 3637/4976/3672
f 3817/5185/3852 3861/5248/3896 3862/5249/3897
f 3665/4978/3700 3853/5235/3888 3863/5250/3898
f 3846/5224/3881 3826/5196/3861 3864/5251/3899
f 3855/5237/3890 3846/5224/3881 3864/5251/3899
f 3422/4596/3457 3454/4640/3489 3475/4665/3510
f 2970/3932/3005 3239/4336/3274 3692/5013/3727
f 3865/5252/3900 3850/5231/3885 3851/5232/3886
f 3739/5073/3774 3502/4711/3537 3501/4710/3536
f 3820/5190/3855 3652/4953/3687 3866/5253/3901
f 3731/5254/3766 3732/5155/3767 3790/5149/3825
f 3862/5249/3897 3804/5183/3839 3817/5185/3852
f 3861/5255/3896 3837/5209/3872 3867/5256/3902
f 3859/5244/3894 3858/5243/3893 3865/5257/3900
f 3530/4898/3565 3529/4849/3564 3593/4848/3628
f 3810/5174/3845 3842/5220/3877 3868/5258/3903
f 3646/4945/3681 3631/4919/3666 3665/4978/3700
f 3475/4665/3510 3454/4640/3489 3656/4957/3691
f 3869/5259/3904 3870/5260/3905 3871/5261/3906
f 3859/5244/3894 3795/5157/3830 3857/5242/3892
f 3820/5190/3855 3653/4954/3688 3652/4953/3687
f 3820/5190/3855 3866/5253/3901 3693/5014/3728
f 3567/4804/3602 3320/4449/3355 3872/5262/3907
f 3726/5198/3761 3819/5263/3854 3828/5199/3863
f 3176/4225/3211 3699/5021/3734 3777/5133/3812
f 3873/5264/3908 3527/5265/3562 3526/5266/3561
f 3874/5267/3909 3875/5268/3910 3876/5269/3911
f 3873/5264/3908 3526/5266/3561 3777/5270/3812
f 3877/5271/3912 3527/5265/3562 3873/5264/3908
f 3810/5174/3845 3868/5258/3903 3878/5272/3913
f 3558/4793/3593 3657/4958/3692 2201/4901/2236
f 3502/4711/3537 3738/5072/3773 3664/4971/3699
f 3646/4945/3681 3654/4955/3689 3652/4953/3687
f 3879/5273/3914 3880/5274/3915 3881/5275/3916
f 3817/5185/3852 3882/5276/3917 3837/5277/3872
f 3821/5191/3856 3226/4306/3261 3844/5222/3879
f 3821/5211/3856 3845/5278/3880 3724/5279/3759
f 3502/4711/3537 3739/5073/3774 3738/5072/3773
f 3883/5280/3918 3840/5246/3875 3680/5000/3715
f 3784/5281/3819 3884/5282/3919 3791/5283/3826
f 3784/5141/3819 3785/5142/3820 3884/5284/3919
f 3885/5285/3920 3828/5199/3863 3819/5263/3854
f 3778/5134/3813 3699/5021/3734 3736/5070/3771
f 3886/5286/3921 3778/5134/3813 3736/5070/3771
f 3886/5286/3921 3736/5070/3771 3737/5071/3772
f 3775/5287/3810 3709/5036/3744 3773/5188/3808
f 3873/5264/3908 3776/5288/3811 3877/5271/3912
f 3863/5250/3898 3853/5235/3888 3887/5289/3922
f 3879/5273/3914 3881/5275/3916 3888/5290/3923
f 3869/5291/3904 3889/5292/3924 3870/5293/3905
f 2202/5294/2237 2245/2830/2280 1969/2642/2004
f 3524/5200/3559 3890/5295/3925 3551/4780/3586
f 3650/4951/3685 3691/5012/3726 3671/4985/3706
f 3791/5283/3826 3891/5296/3926 3727/5297/3762
f 3824/5194/3859 3789/5148/3824 3854/5236/3889
f 3840/5218/3875 3883/5298/3918 3892/5299/3927
f 3864/5251/3899 3795/5300/3830 3893/5301/3928
f 3894/5302/3929 3895/5303/3930 3896/5304/3931
f 3524/5305/3559 3897/5306/3932 3890/5307/3925
f 2095/2643/2130 3866/5253/3901 3652/4953/3687
f 3857/5242/3892 3795/5157/3830 3794/5156/3829
f 3898/5308/3933 3896/5304/3931 3895/5303/3930
f 3776/5288/3811 3899/5309/3934 3877/5271/3912
f 3890/5295/3925 3891/5310/3926 3551/4780/3586
f 3877/5271/3912 3899/5309/3934 3874/5311/3909
f 3380/4533/3415 3271/4387/3306 3287/4410/3322
f 3886/5312/3921 3899/5309/3934 3776/5288/3811
f 3754/5099/3789 3788/5146/3823 3900/5313/3935
f 3817/5185/3852 3837/5277/3872 3861/5248/3896
f 3795/5300/3830 3864/5251/3899 3901/5314/3936
f 3902/5315/3937 3903/5316/3938 3896/5317/3931
f 3853/5235/3888 3852/5234/3887 3887/5289/3922
f 3666/4980/3701 3668/4982/3703 3681/5001/3716
f 3796/5158/3831 3904/5318/3939 3794/5156/3829
f 3788/5319/3823 3753/5320/3788 3720/5049/3755
f 3665/4978/3700 3905/5321/3940 3654/4955/3689
f 3731/5254/3766 3790/5149/3825 3827/5322/3862
f 3886/5286/3921 3776/5132/3811 3778/5134/3813
f 3906/5323/3941 3907/5324/3942 3908/5325/3943
f 2479/5326/2514 3909/5327/3944 3910/5328/3945
f 3911/5329/3946 3907/5330/3942 3912/5331/3947
f 3857/5242/3892 3794/5156/3829 3858/5243/3893
f 3725/5332/3760 3724/5279/3759 3845/5278/3880
f 3863/5250/3898 3905/5321/3940 3665/4978/3700
f 3671/4985/3706 3638/4987/3673 3651/4952/3686
f 3913/5333/3948 3914/5334/3949 3915/5335/3950
f 3680/5000/3715 3682/5002/3717 3883/5280/3918
f 3916/5336/3951 3839/5213/3874 3917/5337/3952
f 3790/5149/3825 3726/5057/3761 3827/5322/3862
f 3788/5319/3823 3720/5049/3755 3696/5017/3731
f 3911/5329/3946 3918/5338/3953 3907/5330/3942
f 2736/3557/2771 2816/3686/2851 2769/5339/2804
f 3913/5333/3948 3911/5340/3946 3914/5334/3949
f 3913/5341/3948 3915/5342/3950 3908/5343/3943
f 3825/5195/3860 3841/5219/3876 3860/5245/3895
f 3908/5343/3943 3915/5342/3950 3919/5344/3954
f 3919/5344/3954 3915/5342/3950 3920/5345/3955
f 3921/5346/3956 3922/5347/3957 3923/5348/3958
f 3924/5349/3959 3920/5345/3955 3915/5342/3950
f 3925/5350/3960 3812/5176/3847 3828/5199/3863
f 3727/5297/3762 3891/5296/3926 3728/5351/3763
f 3910/5328/3945 3926/5352/3961 2252/2839/2287
f 3802/5165/3837 3927/5353/3962 3803/5166/3838
f 3928/5354/3963 3929/5355/3964 3930/5356/3965
f 3787/5145/3822 3829/5201/3864 3752/5097/3787
f 3867/5256/3902 3837/5209/3872 3711/5038/3746
f 3779/5357/3814 3890/5307/3925 3931/5358/3966
f 3728/5351/3763 3890/5307/3925 3779/5357/3814
f 3832/5216/3867 3797/5159/3832 3799/5161/3834
f 3919/5344/3954 3932/5359/3967 3933/5360/3968
f 3815/5214/3850 3839/5213/3874 3916/5336/3951
f 3717/5045/3752 3716/5044/3751 3732/5155/3767
f 3930/5356/3965 3929/5355/3964 3934/5361/3969
f 3935/5362/3970 3919/5363/3954 3936/5364/3971
f 3654/4955/3689 3905/5321/3940 3655/4956/3690
f 3272/4437/3307 3686/5365/3721 3823/5193/3858
f 3803/5166/3838 3927/5353/3962 3826/5196/3861
f 3937/5366/3972 3804/5183/3839 3862/5249/3897
f 3693/5014/3728 2097/2645/2132 1932/2436/1966
f 3783/5140/3818 3745/5088/3780 3938/5367/3973
f 3725/5332/3760 3845/5278/3880 3666/4980/3701
f 3895/5368/3930 3939/5369/3974 3898/5370/3933
f 3940/5371/3975 3941/5372/3976 3942/5373/3977
f 3380/4533/3415 3943/5374/3978 3271/4387/3306
f 3944/5375/3979 3737/5071/3772 3756/5102/3791
f 3886/5286/3921 3737/5071/3772 3944/5375/3979
f 3874/5267/3909 3945/5376/3980 3946/5377/3981
f 3947/5378/3982 3899/5309/3934 3944/5379/3979
f 3874/5311/3909 3899/5309/3934 3947/5378/3982
f 3401/4568/3436 3605/4866/3640 3774/5380/3809
f 3886/5312/3921 3944/5379/3979 3899/5309/3934
f 3947/5381/3982 3945/5376/3980 3874/5267/3909
f 3947/5378/3982 3944/5379/3979 3945/5382/3980
f 3913/5383/3948 3908/5325/3943 3948/5384/3983
f 3895/5368/3930 3949/5385/3984 3950/5386/3985
f 3711/5038/3746 3710/5037/3745 3867/5256/3902
f 3951/5387/3986 3952/5388/3987 3953/5389/3988
f 3948/5384/3983 3908/5325/3943 3907/5324/3942
f 3954/5390/3989 3831/5203/3866 3955/5391/3990
f 3890/5307/3925 3728/5351/3763 3891/5296/3926
f 3871/5261/3906 3956/5392/3991 3957/5393/3992
f 3922/5347/3957 3796/5394/3831 3923/5348/3958
f 3477/4695/3512 3821/5211/3856 3724/5279/3759
f 3958/5395/3993 3954/5390/3989 3959/5396/3994
f 3958/5395/3993 3959/5396/3994 3960/5397/3995
f 3961/5398/3996 3917/5337/3952 3883/5280/3918
f 1925/2428/1959 2582/3336/2617 3962/5399/3997
f 3963/5400/3998 3964/5401/3999 3965/5402/4000
f 3957/5393/3992 3898/5370/3933 3939/5369/3974
f 3775/5287/3810 3710/5037/3745 3709/5036/3744
f 3902/5403/3937 3896/5304/3931 3898/5308/3933
f 3924/5349/3959 3966/5404/4001 3967/5405/4002
f 3902/5403/3937 3968/5406/4003 3969/5407/4004
f 3929/5355/3964 3942/5373/3977 3941/5372/3976
f 3953/5408/3988 2349/5409/2384 3951/5410/3986
f 3970/5411/4005 3971/5412/4006 3972/5413/4007
f 3934/5414/3969 3941/5415/3976 3973/5416/4008
f 3862/5249/3897 3974/5417/4009 3937/5366/3972
f 3968/5406/4003 3898/5308/3933 3957/5418/3992
f 3975/5419/4010 2419/3081/2454 3976/5420/4011
f 3690/5011/3725 3740/5075/3775 3786/5144/3821
f 3977/5421/4012 3745/5088/3780 3840/5218/3875
f 3978/5422/4013 3920/5423/3955 3909/5327/3944
f 3922/5347/3957 3921/5346/3956 3971/5424/4006
f 3977/5421/4012 3840/5218/3875 3892/5299/3927
f 3358/4500/3393 3395/4556/3430 3401/5425/3436
f 3872/5426/3907 3884/5284/3919 3567/5128/3602
f 3614/4881/3649 3358/4732/3393 3847/5427/3882
f 2479/5326/2514 2816/3686/2851 3979/5428/4014
f 3319/4448/3354 3551/5429/3586 3320/4449/3355
f 3956/5392/3991 3871/5261/3906 3870/5260/3905
f 3971/5412/4006 3970/5411/4005 3922/5430/3957
f 3320/4449/3355 3551/5429/3586 3872/5262/3907
f 3860/5245/3895 3841/5219/3876 3980/5431/4015
f 3979/5428/4014 3978/5422/4013 2479/5326/2514
f 2769/3603/2804 2816/5432/2851 2479/3197/2514
f 3225/4305/3260 3692/5013/3727 3239/4336/3274
f 3614/4881/3649 3380/4533/3415 3217/4295/3252
f 3797/5159/3832 3981/5433/4016 3798/5160/3833
f 3796/5158/3831 3922/5430/3957 3982/5434/4017
f 3833/5205/3868 3983/5435/4018 3927/5353/3962
f 2245/2830/2280 3636/4986/3671 1906/2405/1940
f 3982/5434/4017 3922/5430/3957 3984/5436/4019
f 3917/5337/3952 3961/5398/3996 3985/5437/4020
f 3916/5336/3951 3986/5438/4021 3893/5301/3928
f 3922/5430/3957 3970/5411/4005 3984/5436/4019
f 3970/5411/4005 3972/5413/4007 3987/5439/4022
f 3818/5227/3853 3774/5130/3809 3773/5129/3808
f 3983/5440/4018 3988/5441/4023 3921/5346/3956
f 3847/5427/3882 3358/4732/3393 3401/4568/3436
f 3896/5317/3931 3903/5316/3938 3989/5442/4024
f 3745/5088/3780 3977/5421/4012 3938/5367/3973
f 3990/5443/4025 3970/5444/4005 3987/5445/4022
f 3819/5263/3854 3991/5446/4026 3885/5285/3920
f 3340/4477/3375 3401/5425/3436 3395/4556/3430
f 3650/4951/3685 3643/4941/3678 3642/4940/3677
f 3927/5353/3962 3983/5435/4018 3921/5447/3956
f 3854/5236/3889 3986/5438/4021 3985/5437/4020
f 3650/4951/3685 3671/4985/3706 3651/4952/3686
f 3977/5421/4012 3836/5208/3871 3835/5207/3870
f 3992/5448/4027 3980/5431/4015 3841/5219/3876
f 3993/5449/4028 3994/5450/4029 3995/5451/4030
f 3754/5099/3789 3900/5313/3935 3867/5256/3902
f 3710/5037/3745 3754/5099/3789 3867/5256/3902
f 3880/5452/3915 3995/5451/4030 3994/5450/4029
f 3996/5453/4031 3775/5131/3810 3774/5130/3809
f 3977/5421/4012 3835/5207/3870 3938/5367/3973
f 3831/5217/3866 3954/5454/3989 3903/5316/3938
f 3401/4568/3436 3402/4570/3437 3605/4866/3640
f 2015/2538/2050 3691/5012/3726 3765/5113/3800
f 3696/5162/3731 3900/5313/3935 3788/5146/3823
f 3837/5277/3872 3882/5276/3917 3807/5455/3842
f 2260/5456/2295 3953/5389/3988 3997/5457/4032
f 3967/5458/4002 3966/5459/4001 3934/5414/3969
f 3976/5420/4011 3966/5460/4001 3975/5419/4010
f 3605/5461/3640 3998/5462/4033 3996/5453/4031
f 3940/5371/3975 3999/5463/4034 3941/5372/3976
f 3977/5421/4012 3892/5299/3927 3836/5208/3871
f 3996/5453/4031 3774/5130/3809 3605/5461/3640
f 3913/5383/3948 4000/5464/4035 3911/5465/3946
f 3913/5383/3948 3930/5466/3965 4000/5464/4035
f 4001/5467/4036 3976/5420/4011 4002/5468/4037
f 4001/5467/4036 4000/5469/4035 3976/5420/4011
f 3880/5452/3915 3870/5470/3905 3995/5451/4030
f 3892/5471/3927 3883/5280/3918 3836/5472/3871
f 3904/5318/3939 3796/5158/3831 3982/5434/4017
f 3999/5463/4034 3940/5371/3975 4003/5473/4038
f 3765/5113/3800 3650/4951/3685 3642/4940/3677
f 3905/5321/3940 4004/5474/4039 4005/5475/4040
f 3807/5171/3842 3806/5170/3841 3822/5192/3857
f 3614/4881/3649 3943/5374/3978 3380/4533/3415
f 3764/5112/3799 3715/5043/3750 3729/5060/3764
f 4000/5464/4035 3966/5459/4001 3976/5476/4011
f 3869/5259/3904 3871/5261/3906 4006/5477/4041
f 3680/5000/3715 3666/4980/3701 3681/5001/3716
f 3988/5441/4023 3971/5424/4006 3921/5346/3956
f 3917/5337/3952 3985/5437/4020 3916/5336/3951
f 3925/5350/3960 3828/5199/3863 3885/5285/3920
f 3856/5238/3891 3732/5155/3767 3716/5044/3751
f 2016/2539/2051 3765/5113/3800 3729/5060/3764
f 2201/4901/2236 3657/4958/3692 3662/4969/3697
f 3781/5138/3816 3943/5374/3978 3614/4881/3649
f 3982/5434/4017 3984/5436/4019 4007/5478/4042
f 3978/5422/4013 3919/5363/3954 3920/5423/3955
f 4008/5479/4043 3833/5205/3868 3809/5173/3844
f 3782/5139/3817 3781/5138/3816 3818/5187/3853
f 3887/5289/3922 3783/5140/3818 3863/5250/3898
f 3715/5043/3750 1932/2436/1966 3729/5060/3764
f 3985/5437/4020 3986/5438/4021 3916/5336/3951
f 2095/2643/2130 3860/5245/3895 2096/2644/2131
f 3957/5393/3992 4006/5477/4041 3871/5261/3906
f 3961/5398/3996 3824/5194/3859 3985/5437/4020
f 3765/5113/3800 3691/5012/3726 3650/4951/3685
f 3833/5205/3868 4008/5479/4043 3988/5480/4023
f 2201/2773/2236 3662/5052/3697 2202/2774/2237
f 3996/5453/4031 3721/5050/3756 3775/5131/3810
f 3954/5454/3989 4009/5481/4044 3903/5316/3938
f 3979/5428/4014 3935/5362/3970 3936/5364/3971
f 3867/5256/3902 3900/5313/3935 3861/5255/3896
f 3802/5165/3837 3833/5205/3868 3927/5353/3962
f 3905/5321/3940 3863/5250/3898 4004/5474/4039
f 3716/5044/3751 3695/5016/3730 3856/5238/3891
f 3803/5184/3838 3807/5455/3842 3882/5276/3917
f 2573/5482/2608 3912/5331/3947 3906/5483/3941
f 3868/5484/3903 3842/5485/3877 3981/5433/4016
f 2013/2536/2048 3691/5012/3726 2015/2538/2050
f 3978/5422/4013 3979/5428/4014 3936/5364/3971
f 3685/5486/3720 3844/5222/3879 3686/5365/3721
f 3228/4308/3263 3823/5193/3858 3844/5222/3879
f 3901/5487/3936 4010/5488/4045 3795/5489/3830
f 4011/5490/4046 4012/5491/4047 3945/5382/3980
f 3225/4305/3260 3227/4307/3262 3226/4306/3261
f 3946/5492/3981 3945/5382/3980 4012/5491/4047
f 3944/5379/3979 4011/5490/4046 3945/5382/3980
f 3861/5255/3896 3900/5313/3935 4013/5493/4048
f 3988/5441/4023 4014/5494/4049 3972/5495/4007
f 3988/5441/4023 3972/5495/4007 3971/5424/4006
f 3854/5236/3889 3985/5437/4020 3824/5194/3859
f 3271/4387/3306 3943/5374/3978 3781/5138/3816
f 3863/5250/3898 3938/5367/3973 4004/5474/4039
f 4015/5496/4050 4009/5481/4044 3958/5497/3993
f 3921/5447/3956 3923/5498/3958 3927/5353/3962
f 2095/2643/2130 3693/5014/3728 3866/5253/3901
f 3990/5443/4025 4016/5499/4051 3970/5444/4005
f 3990/5443/4025 4017/5500/4052 4016/5499/4051
f 3816/5181/3851 3815/5180/3850 3849/5501/3884
f 4009/5481/4044 3954/5454/3989 3958/5497/3993
f 4018/5502/4053 4019/5503/4054 4020/5504/4055
f 2515/3240/2550 3935/5362/3970 3979/5428/4014
f 3859/5505/3894 3916/5336/3951 3893/5301/3928
f 3938/5367/3973 3835/5207/3870 4004/5474/4039
f 3401/4568/3436 3774/5380/3809 3847/5427/3882
f 2015/2538/2050 3765/5113/3800 2016/2539/2051
f 3883/5280/3918 3917/5337/3952 3836/5472/3871
f 2015/2538/2050 2017/2540/2052 2013/2536/2048
f 2634/3407/2669 2631/3397/2666 2652/3430/2687
f 2516/3280/2551 2543/3282/2578 2515/5506/2550
f 3642/4940/3677 3715/5043/3750 3765/5113/3800
f 3694/5015/3729 3856/5238/3891 3695/5016/3730
f 3951/5387/3986 4021/5507/4056 3952/5388/3987
f 3225/4305/3260 3226/4306/3261 3692/5013/3727
f 3956/5392/3991 3879/5273/3914 3957/5393/3992
f 3768/5117/3803 3688/5009/3723 3690/5011/3725
f 3846/5224/3881 3854/5236/3889 3789/5148/3824
f 3937/5508/3972 3833/5205/3868 3804/5167/3839
f 3920/5423/3955 4022/5509/4057 3909/5327/3944
f 3937/5508/3972 3809/5173/3844 3833/5205/3868
f 3823/5193/3858 3686/5365/3721 3844/5222/3879
f 3998/5510/4033 4023/5511/4058 3761/5109/3796
f 4024/5512/4059 4025/5513/4060 4026/5514/4061
f 4014/5494/4049 4018/5502/4053 3972/5495/4007
f 3989/5442/4024 4027/5515/4062 3949/5385/3984
f 4028/5516/4063 4022/5509/4057 3920/5423/3955
f 3926/5352/3961 4029/5517/4064 4030/5518/4065
f 3880/5274/3915 3879/5273/3914 3956/5392/3991
f 3872/5426/3907 3891/5310/3926 3884/5284/3919
f 3791/5283/3826 3884/5282/3919 3891/5296/3926
f 3797/5159/3832 3969/5519/4004 3981/5433/4016
f 3667/4981/3702 3272/4388/3307 3271/4387/3306
f 3487/4684/3522 3692/5013/3727 3488/4685/3523
f 4010/5488/4045 3901/5487/3936 3923/5348/3958
f 3797/5159/3832 3903/5316/3938 3902/5315/3937
f 3900/5313/3935 3696/5162/3731 3801/5164/3836
f 3998/5510/4033 3522/4742/3557 4023/5511/4058
f 3605/4866/3640 3522/4742/3557 3998/5510/4033
f 3929/5355/3964 3928/5354/3963 4031/5520/4066
f 3591/4845/3626 4023/5511/4058 3522/4742/3557
f 3272/4437/3307 3742/5521/3777 3686/5365/3721
f 3854/5236/3889 3855/5237/3890 3986/5438/4021
f 3948/5384/3983 3907/5324/3942 3918/5522/3953
f 4030/5518/4065 2252/2839/2287 3926/5352/3961
f 3983/5435/4018 3833/5205/3868 3988/5480/4023
f 3812/5176/3847 3722/5064/3757 3827/5197/3862
f 3891/5310/3926 3872/5426/3907 3551/4780/3586
f 3834/5206/3869 3814/5179/3849 4032/5523/4067
f 3837/5209/3872 3829/5201/3864 3709/5036/3744
f 3844/5222/3879 3685/5486/3720 3845/5223/3880
f 4023/5511/4058 3591/4845/3626 3761/5109/3796
f 3271/4387/3306 3768/5117/3803 3667/4981/3702
f 4009/5481/4044 3989/5442/4024 3903/5316/3938
f 3948/5384/3983 3930/5466/3965 3913/5383/3948
f 3864/5251/3899 3826/5196/3861 3901/5314/3936
f 3742/5521/3777 3272/4437/3307 3667/5524/3702
f 3709/5036/3744 3711/5038/3746 3837/5209/3872
f 3845/5278/3880 3685/5006/3720 3666/4980/3701
f 3827/5197/3862 3828/5199/3863 3812/5176/3847
f 3722/5064/3757 3731/5063/3766 3827/5197/3862
f 3775/5287/3810 3721/5100/3756 3710/5037/3745
f 4024/5512/4059 4026/5514/4061 4033/5525/4068
f 2543/3282/2578 3935/5526/3970 2515/5506/2550
f 3951/5410/3986 2252/2839/2287 4030/5518/4065
f 3932/5359/3967 3919/5344/3954 3935/5526/3970
f 3935/5526/3970 2543/3282/2578 3932/5359/3967
f 2625/3399/2660 2626/5527/2661 3932/5359/3967
f 4020/5504/4055 3972/5495/4007 4018/5502/4053
f 3933/5528/3968 3906/5483/3941 3908/5529/3943
f 3855/5237/3890 3893/5301/3928 3986/5438/4021
f 2625/3399/2660 3932/5359/3967 2543/3282/2578
f 3855/5237/3890 3864/5251/3899 3893/5301/3928
f 3860/5245/3895 3980/5431/4015 4032/5523/4067
f 3567/5128/3602 3884/5284/3919 3785/5142/3820
f 4034/5530/4069 4035/5531/4070 4036/5532/4071
f 3976/5420/4011 4037/5533/4072 4002/5468/4037
f 3981/5534/4016 3969/5407/4004 3868/5258/3903
f 3754/5099/3789 3710/5037/3745 3721/5100/3756
f 3801/5164/3836 4013/5493/4048 3900/5313/3935
f 3996/5453/4031 3998/5462/4033 3719/5048/3754
f 3918/5522/3953 4038/5535/4073 3948/5384/3983
f 3831/5217/3866 3903/5316/3938 3797/5159/3832
f 3830/5202/3865 3811/5536/3846 3812/5537/3847
f 3826/5196/3861 3923/5498/3958 3901/5314/3936
f 4039/5538/4074 3963/5400/3998 4040/5539/4075
f 3949/5385/3984 4027/5515/4062 4041/5540/4076
f 4022/5509/4057 4029/5517/4064 3909/5327/3944
f 3955/5391/3990 3812/5537/3847 3925/5541/3960
f 3719/5048/3754 3721/5050/3756 3996/5453/4031
f 3696/5017/3731 3720/5049/3755 3694/5015/3729
f 2078/2616/2113 2069/2607/2104 4042/5542/4077
f 4039/5538/4074 4040/5539/4075 4043/5543/4078
f 3822/5192/3857 3846/5224/3881 3789/5148/3824
f 4008/5479/4043 3809/5173/3844 3808/5172/3843
f 3830/5202/3865 3812/5537/3847 3955/5391/3990
f 4044/5544/4079 3928/5545/3963 4045/5546/4080
f 3895/5368/3930 3894/5547/3929 3949/5385/3984
f 3994/5548/4029 4026/5549/4061 3881/5275/3916
f 4003/5550/4038 3952/5388/3987 4021/5507/4056
f 4013/5551/4048 3974/5417/4009 3862/5249/3897
f 3725/5056/3760 3666/5552/3701 3741/5087/3776
f 4003/5550/4038 3953/5389/3988 3952/5388/3987
f 3786/5144/3821 3681/5001/3716 3668/4982/3703
f 3863/5250/3898 3783/5140/3818 3938/5367/3973
f 3792/5553/3827 3762/5110/3797 3658/4961/3693
f 3792/5553/3827 3761/5109/3796 3762/5110/3797
f 3793/5177/3828 3792/5553/3827 3658/4961/3693
f 4046/5554/4081 3953/5389/3988 4003/5550/4038
f 3368/4515/3403 3481/4673/3516 3526/4751/3561
f 3782/5139/3817 3829/5201/3864 3787/5145/3822
f 4035/5531/4070 4034/5530/4069 3814/5179/3849
f 3176/4672/3211 3526/4751/3561 3481/4673/3516
f 3176/4672/3211 3777/5555/3812 3526/4751/3561
f 3959/5556/3994 3925/5350/3960 3885/5285/3920
f 3810/5174/3845 3809/5173/3844 3937/5508/3972
f 4047/5557/4082 4048/5558/4083 4049/5559/4084
f 4050/5560/4085 4051/5561/4086 4052/5562/4087
f 4053/5563/4088 4054/5564/4089 4055/5565/4090
f 3912/5331/3947 4056/5566/4091 3914/5567/3949
f 4057/5568/4092 4058/5569/4093 4059/5570/4094
f 3829/5201/3864 3782/5139/3817 3709/5036/3744
f 3815/5214/3850 3916/5336/3951 3851/5232/3886
f 3482/4674/3517 3527/4752/3562 3485/4677/3520
f 3484/4676/3519 3526/4751/3561 3527/4752/3562
f 3786/5144/3821 3740/5075/3775 3681/5001/3716
f 3912/5571/3947 3914/5334/3949 3911/5340/3946
f 3907/5330/3942 3906/5483/3941 3912/5331/3947
f 3962/5399/3997 2582/3336/2617 4053/5563/4088
f 3856/5238/3891 3792/5153/3827 3732/5155/3767
f 3914/5334/3949 3924/5572/3959 3915/5335/3950
f 3918/5338/3953 3911/5329/3946 4000/5469/4035
f 3859/5505/3894 3893/5301/3928 3795/5300/3830
f 4038/5535/4073 3930/5466/3965 3948/5384/3983
f 3880/5274/3915 3994/5548/4029 3881/5275/3916
f 4060/5573/4095 4055/5565/4090 4037/5533/4072
f 3773/5188/3808 3709/5036/3744 3782/5139/3817
f 4061/5574/4096 4043/5575/4078 4048/5576/4083
f 4061/5574/4096 4062/5577/4097 4043/5575/4078
f 3527/4752/3562 3876/5578/3911 3485/4677/3520
f 3961/5398/3996 3883/5280/3918 3682/5002/3717
f 4037/5533/4072 4055/5565/4090 4063/5579/4098
f 4037/5533/4072 4063/5579/4098 4002/5468/4037
f 2583/3337/2618 4053/5563/4088 2582/3336/2617
f 4047/5580/4082 4063/5581/4098 4055/5582/4090
f 3860/5245/3895 4032/5523/4067 4034/5530/4069
f 2361/2979/2396 2261/2851/2296 2260/2850/2295
f 3989/5442/4024 3949/5385/3984 3894/5547/3929
f 3793/5177/3828 3589/4839/3624 3784/5141/3819
f 3966/5459/4001 3930/5466/3965 3934/5414/3969
f 3808/5172/3843 3810/5174/3845 4018/5583/4053
f 3998/5462/4033 3761/5584/3796 3719/5048/3754
f 4064/5585/4099 4047/5557/4082 4049/5559/4084
f 3930/5466/3965 3966/5459/4001 4000/5464/4035
f 4047/5586/4082 4065/5587/4100 4048/5576/4083
f 4066/5588/4101 4047/5580/4082 4064/5589/4099
f 3810/5590/3845 3937/5366/3972 4067/5591/4102
f 3826/5196/3861 3927/5353/3962 3923/5498/3958
f 3846/5224/3881 3822/5192/3857 3806/5170/3841
f 4047/5580/4082 4055/5582/4090 4065/5592/4100
f 4050/5560/4085 4052/5562/4087 4054/5564/4089
f 4065/5587/4100 4061/5574/4096 4048/5576/4083
f 3924/5349/3959 4028/5593/4063 3920/5345/3955
f 3979/5428/4014 2816/3686/2851 2498/3222/2533
f 4046/5554/4081 3997/5457/4032 3953/5389/3988
f 3852/5234/3887 3684/5005/3719 3783/5140/3818
f 3963/5400/3998 4068/5594/4103 3964/5401/3999
f 4035/5531/4070 3814/5179/3849 3816/5181/3851
f 3964/5595/3999 3997/5457/4032 4046/5554/4081
f 3778/5134/3813 3777/5133/3812 3699/5021/3734
f 1832/2320/1866 2419/3081/2454 1833/2321/1867
f 3877/5271/3912 3874/5311/3909 3876/5596/3911
f 3527/5265/3562 3877/5271/3912 3876/5596/3911
f 3874/5267/3909 3946/5377/3981 3875/5268/3910
f 2302/3080/2337 2482/5597/2517 3910/5328/3945
f 3852/5234/3887 3783/5140/3818 3887/5289/3922
f 4060/5573/4095 4053/5563/4088 4055/5565/4090
f 4053/5563/4088 4050/5560/4085 4054/5564/4089
f 4067/5591/4102 3937/5366/3972 3974/5417/4009
f 2652/3430/2687 2631/3397/2666 2625/3399/2660
f 3873/5264/3908 3777/5270/3812 3776/5288/3811
f 2744/3566/2779 4069/5598/4104 2652/3567/2687
f 3681/5001/3716 3740/5075/3775 3682/5002/3717
f 4062/5599/4097 4070/5600/4105 4071/5601/4106
f 2113/2661/2148 2105/2653/2140 2479/3197/2514
f 4022/5509/4057 4030/5518/4065 4029/5517/4064
f 3878/5272/3913 3868/5258/3903 4072/5602/4107
f 3940/5371/3975 3942/5373/3977 4073/5603/4108
f 4018/5583/4053 4008/5479/4043 3808/5172/3843
f 3924/5349/3959 3967/5405/4002 4028/5593/4063
f 3876/5578/3911 4074/5604/4109 3485/4677/3520
f 2583/3337/2618 4050/5560/4085 4053/5563/4088
f 2583/3337/2618 4075/5605/4110 4050/5560/4085
f 3810/5174/3845 3878/5272/3913 4018/5583/4053
f 3720/5049/3755 3719/5048/3754 3856/5238/3891
f 3684/5005/3719 3725/5056/3760 3745/5088/3780
f 4076/5606/4111 4067/5591/4102 4013/5551/4048
f 3902/5403/3937 3898/5308/3933 3968/5406/4003
f 3719/5048/3754 3792/5153/3827 3856/5238/3891
f 1925/2428/1959 3962/5399/3997 1837/2325/1871
f 4067/5591/4102 3974/5417/4009 4013/5551/4048
f 3965/5402/4000 4077/5607/4112 3963/5400/3998
f 3418/4591/3453 3265/4590/3300 4078/5608/4113
f 4079/5609/4114 4080/5610/4115 4081/5611/4116
f 4082/5612/4117 4083/5613/4118 4084/5614/4119
f 4085/5615/4120 2069/5616/2104 2064/5617/2099
f 3831/5203/3866 3830/5202/3865 3955/5391/3990
f 2652/3430/2687 4038/5618/4073 2634/3407/2669
f 4008/5479/4043 4018/5583/4053 4014/5619/4049
f 3914/5334/3949 4056/5620/4091 3924/5572/3959
f 4056/5566/4091 3966/5460/4001 3924/5621/3959
f 3975/5419/4010 4056/5566/4091 2419/3081/2454
f 3975/5419/4010 3966/5460/4001 4056/5566/4091
f 4086/5622/4121 3990/5443/4025 3972/5623/4007
f 1833/2321/1867 2419/3081/2454 4056/5566/4091
f 4028/5593/4063 3973/5624/4008 4087/5625/4122
f 4044/5544/4079 4031/5626/4066 3928/5545/3963
f 3695/5016/3730 3800/5627/3835 3696/5017/3731
f 4088/5628/4123 4081/5629/4116 4080/5630/4115
f 3918/5338/3953 4000/5469/4035 4001/5467/4036
f 4019/5503/4054 4072/5631/4107 4020/5504/4055
f 3800/5627/3835 3695/5016/3730 3748/5091/3783
f 2349/2958/2384 2252/2961/2287 4089/5632/4124
f 3522/4742/3557 3521/4741/3556 3591/4845/3626
f 4035/5531/4070 3816/5181/3851 4090/5633/4125
f 4091/5634/4126 2852/3767/2887 2851/3766/2886
f 4024/5512/4059 4086/5622/4121 3972/5623/4007
f 3811/5175/3846 3748/5233/3783 3722/5064/3757
f 4092/5635/4127 4071/5636/4106 4080/5610/4115
f 4062/5577/4097 4093/5637/4128 4043/5575/4078
f 3816/5181/3851 3849/5501/3884 4090/5633/4125
f 4062/5577/4097 4071/5638/4106 4093/5637/4128
f 4068/5594/4103 3963/5400/3998 4039/5538/4074
f 4030/5518/4065 4021/5639/4056 3951/5410/3986
f 2419/3081/2454 1837/2325/1871 4060/5573/4095
f 3614/4881/3649 3847/5427/3882 3818/5187/3853
f 3719/5048/3754 3761/5584/3796 3792/5153/3827
f 3961/5398/3996 3682/5002/3717 3824/5194/3859
f 4071/5601/4106 4094/5640/4129 4080/5630/4115
f 3988/5480/4023 4008/5479/4043 4014/5619/4049
f 3851/5232/3886 3916/5336/3951 3859/5505/3894
f 4051/5561/4086 2721/3528/2756 4052/5562/4087
f 2315/2913/2350 2261/2851/2296 2361/2979/2396
f 4052/5562/4087 2721/3528/2756 2720/3527/2755
f 4095/5641/4130 4096/5642/4131 4097/5643/4132
f 4073/5603/4108 3942/5373/3977 4098/5644/4133
f 3878/5272/3913 4019/5645/4054 4018/5583/4053
f 4099/5646/4134 4049/5559/4084 4098/5644/4133
f 4100/5647/4135 4080/5610/4115 4079/5609/4114
f 3843/5648/3878 3810/5590/3845 4067/5591/4102
f 4096/5649/4131 4101/5650/4136 4102/5651/4137
f 3834/5206/3869 4005/5475/4040 4004/5474/4039
f 4086/5622/4121 4024/5512/4059 4103/5652/4138
f 4004/5474/4039 3835/5207/3870 3834/5206/3869
f 2078/2616/2113 4104/5653/4139 2583/3337/2618
f 4029/5517/4064 3926/5352/3961 3910/5328/3945
f 3997/5457/4032 4105/5654/4140 4106/5655/4141
f 3861/5248/3896 4013/5551/4048 3862/5249/3897
f 3954/5390/3989 3955/5391/3990 3925/5541/3960
f 3959/5396/3994 3954/5390/3989 3925/5541/3960
f 4096/5642/4131 4095/5641/4130 4107/5656/4142
f 4097/5657/4132 4096/5649/4131 4108/5658/4143
f 4102/5651/4137 4108/5658/4143 4096/5649/4131
f 3878/5272/3913 4072/5602/4107 4019/5645/4054
f 4106/5659/4141 2361/5660/2396 2260/5661/2295
f 4108/5658/4143 4102/5651/4137 4109/5662/4144
f 3965/5402/4000 4003/5473/4038 3940/5371/3975
f 3905/5321/3940 4005/5475/4040 3992/5448/4027
f 3951/5410/3986 4089/5663/4124 2252/2839/2287
f 4110/5664/4145 4102/5665/4137 4107/5656/4142
f 4102/5665/4137 4101/5666/4136 4107/5656/4142
f 4045/5546/4080 4111/5667/4146 4044/5544/4079
f 4105/5668/4140 4104/5653/4139 4042/5542/4077
f 2498/3222/2533 2515/3240/2550 3979/5428/4014
f 4112/5669/4147 4113/5670/4148 4114/5671/4149
f 3843/5648/3878 4067/5591/4102 4076/5606/4111
f 4115/5672/4150 4068/5594/4103 4039/5538/4074
f 4077/5607/4112 4040/5539/4075 3963/5400/3998
f 2715/5673/2750 2717/3525/2752 4075/5605/4110
f 3973/5624/4008 4021/5674/4056 4087/5625/4122
f 4112/5669/4147 4116/5675/4151 4113/5670/4148
f 4097/5657/4132 4108/5658/4143 4117/5676/4152
f 4005/5475/4040 3834/5206/3869 4032/5523/4067
f 3969/5407/4004 4072/5602/4107 3868/5258/3903
f 2078/2616/2113 4042/5542/4077 4104/5653/4139
f 4042/5677/4077 4106/5659/4141 4105/5678/4140
f 4118/5679/4153 4119/5680/4154 4120/5681/4155
f 4121/5682/4156 4122/5683/4157 4123/5684/4158
f 3652/4953/3687 3655/4956/3690 3825/5195/3860
f 3160/4205/3195 4124/5685/4159 3705/5686/3740
f 3997/5457/4032 4106/5655/4141 2260/5456/2295
f 3218/4329/3253 4085/5615/4120 2064/5617/2099
f 3713/5040/3748 4125/5687/4160 4120/5681/4155
f 4042/5677/4077 2069/5616/2104 4106/5659/4141
f 4085/5615/4120 2361/5660/2396 2069/5616/2104
f 4106/5659/4141 2069/5616/2104 2361/5660/2396
f 1833/2321/1867 2573/5482/2608 1816/2303/1850
f 3888/5290/3923 4025/5688/4060 4020/5504/4055
f 3969/5407/4004 3888/5689/3923 4072/5602/4107
f 4126/5690/4161 4127/5691/4162 4128/5692/4163
f 4129/5693/4164 4130/5694/4165 4131/5695/4166
f 4132/5696/4167 4094/5697/4129 4070/5698/4105
f 4133/5699/4168 3997/5457/4032 3964/5595/3999
f 3552/5700/3587 4134/5701/4169 3480/5702/3515
f 3910/5328/3945 3909/5327/3944 4029/5517/4064
f 4031/5520/4066 3942/5373/3977 3929/5355/3964
f 3968/5406/4003 3879/5703/3914 3969/5407/4004
f 4096/5642/4131 4107/5656/4142 4101/5666/4136
f 3801/5704/3836 3798/5160/3833 4076/5606/4111
f 3798/5160/3833 3842/5485/3877 4076/5606/4111
f 3967/5405/4002 3973/5624/4008 4028/5593/4063
f 3967/5458/4002 3934/5414/3969 3973/5416/4008
f 4135/5705/4170 4136/5706/4171 4137/5707/4172
f 3950/5386/3985 3939/5369/3974 3895/5368/3930
f 4138/5708/4173 4139/5709/4174 4130/5694/4165
f 4060/5573/4095 3976/5420/4011 2419/3081/2454
f 3528/4753/3563 3630/4917/3665 4140/5710/4175
f 4141/5711/4176 4142/5712/4177 4143/5713/4178
f 4143/5714/4178 4095/5715/4130 4144/5716/4179
f 3811/5536/3846 3830/5202/3865 3832/5204/3867
f 3842/5485/3877 3843/5648/3878 4076/5606/4111
f 4145/5717/4180 3939/5369/3974 3950/5386/3985
f 3973/5416/4008 3999/5718/4034 4021/5507/4056
f 3944/5379/3979 4146/5719/4181 4011/5490/4046
f 2715/5720/2750 4104/5721/4139 4147/5722/4182
f 4148/5723/4183 4149/5724/4184 4150/5725/4185
f 3841/5219/3876 3655/4956/3690 3992/5448/4027
f 4105/5654/4140 4147/5722/4182 4104/5721/4139
f 4073/5603/4108 3965/5402/4000 3940/5371/3975
f 4129/5693/4164 4151/5726/4186 4130/5694/4165
f 3990/5443/4025 4086/5622/4121 4152/5727/4187
f 3941/5415/3976 3999/5718/4034 3973/5416/4008
f 4133/5699/4168 4147/5722/4182 4105/5654/4140
f 4105/5654/4140 3997/5457/4032 4133/5699/4168
f 4060/5573/4095 1837/2325/1871 3962/5399/3997
f 3990/5443/4025 4152/5727/4187 4017/5500/4052
f 4022/5509/4057 4028/5516/4063 4087/5728/4122
f 4047/5580/4082 4153/5729/4188 4063/5581/4098
f 4151/5726/4186 4138/5708/4173 4130/5694/4165
f 4066/5588/4101 4153/5729/4188 4047/5580/4082
f 4154/5730/4189 4155/5731/4190 4156/5732/4191
f 4054/5733/4089 4065/5592/4100 4055/5582/4090
f 3905/5321/3940 3992/5448/4027 3655/4956/3690
f 4157/5734/4192 2715/5735/2750 4158/5736/4193
f 2652/3567/2687 4045/5737/4080 4038/5738/4073
f 3017/3991/3052 3128/4231/3163 4159/5739/4194
f 4054/5733/4089 4160/5740/4195 4065/5592/4100
f 4161/5741/4196 4162/5742/4197 4163/5743/4198
f 4164/5744/4199 4165/5745/4200 4166/5746/4201
f 4159/5739/4194 4167/5747/4202 3017/3991/3052
f 4080/5630/4115 4094/5640/4129 4088/5628/4123
f 3177/4226/3212 4168/5748/4203 4165/5745/4200
f 3800/5749/3835 3748/5233/3783 3799/5226/3834
f 4169/5750/4204 4170/5751/4205 4171/5752/4206
f 3128/4231/3163 3180/4230/3215 4135/5753/4170
f 4162/5742/4197 4161/5741/4196 4172/5754/4207
f 4031/5520/4066 4099/5646/4134 3942/5373/3977
f 4001/5467/4036 2666/3448/2701 4038/5755/4073
f 4156/5732/4191 3453/5756/3488 4173/5757/4208
f 4174/5758/4209 4143/5714/4178 4175/5759/4210
f 4176/5760/4211 4081/5629/4116 4088/5628/4123
f 3797/5159/3832 3902/5315/3937 3969/5519/4004
f 4001/5467/4036 4057/5761/4092 4177/5762/4212
f 4177/5763/4212 4057/5568/4092 4059/5570/4094
f 4088/5764/4123 4094/5697/4129 4156/5765/4191
f 3633/4927/3668 4178/5766/4213 4179/5767/4214
f 4180/5768/4215 4181/5769/4216 4141/5711/4176
f 3795/5157/3830 4010/5770/4045 3796/5158/3831
f 4155/5731/4190 4154/5730/4189 4132/5771/4167
f 4031/5520/4066 4182/5772/4217 4099/5646/4134
f 4183/5773/4218 4140/5710/4175 3630/4917/3665
f 4184/5774/4219 4002/5468/4037 4063/5579/4098
f 4139/5709/4174 4138/5708/4173 4144/5775/4179
f 3888/5290/3923 4026/5549/4061 4025/5688/4060
f 3881/5275/3916 4026/5549/4061 3888/5290/3923
f 4126/5690/4161 4171/5752/4206 4170/5751/4205
f 4185/5776/4220 3453/5756/3488 4156/5732/4191
f 4186/5777/4221 4187/5778/4222 4188/5779/4223
f 4134/5701/4169 4189/5780/4224 3480/5702/3515
f 4155/5731/4190 4187/5781/4222 4190/5782/4225
f 4191/5783/4226 4190/5782/4225 4187/5781/4222
f 4098/5644/4133 3942/5373/3977 4099/5646/4134
f 4165/5745/4200 4168/5748/4203 4166/5746/4201
f 4192/5784/4227 4193/5785/4228 4194/5786/4229
f 3801/5164/3836 4076/5787/4111 4013/5493/4048
f 3801/5704/3836 3800/5788/3835 3798/5160/3833
f 3796/5394/3831 4010/5488/4045 3923/5348/3958
f 3939/5369/3974 4145/5717/4180 4006/5477/4041
f 4087/5728/4122 4021/5639/4056 4030/5518/4065
f 4115/5672/4150 4158/5736/4193 4068/5594/4103
f 4156/5765/4191 4094/5697/4129 4154/5789/4189
f 3102/4116/3137 2738/3560/2773 2943/3888/2978
f 4188/5779/4223 4195/5790/4230 4186/5777/4221
f 4153/5729/4188 4196/5791/4231 4063/5581/4098
f 4022/5509/4057 4087/5728/4122 4030/5518/4065
f 4197/5792/4232 3332/4462/3367 3458/4644/3493
f 4068/5594/4103 4133/5793/4168 3964/5401/3999
f 4049/5559/4084 4077/5607/4112 4098/5644/4133
f 4160/5794/4195 4198/5795/4233 4196/5796/4231
f 4020/5504/4055 4024/5797/4059 3972/5495/4007
f 3596/5798/3631 4199/5799/4234 4134/5701/4169
f 4189/5780/4224 4134/5701/4169 4199/5799/4234
f 4119/5680/4154 4118/5679/4153 4200/5800/4235
f 4201/5801/4236 4155/5731/4190 4132/5771/4167
f 4168/5748/4203 4202/5802/4237 4166/5746/4201
f 4066/5588/4101 4150/5725/4185 4153/5729/4188
f 4005/5475/4040 3980/5431/4015 3992/5448/4027
f 4005/5475/4040 4032/5523/4067 3980/5431/4015
f 4006/5477/4041 3957/5393/3992 3939/5369/3974
f 3932/5803/3967 2626/3391/2661 3933/5804/3968
f 3814/5179/3849 4034/5530/4069 4032/5523/4067
f 4066/5588/4101 4148/5723/4183 4150/5725/4185
f 4203/5805/4238 4204/5806/4239 4205/5807/4240
f 3870/5260/3905 3880/5274/3915 3956/5392/3991
f 4103/5652/4138 4024/5512/4059 4033/5525/4068
f 3576/4817/3611 4206/5808/4241 3458/4644/3493
f 3953/5408/3988 2262/2852/2297 2349/5409/2384
f 4197/5792/4232 3458/4644/3493 4206/5808/4241
f 3338/4474/3373 3017/3991/3052 4167/5747/4202
f 3882/5276/3917 3817/5185/3852 3803/5184/3838
f 3941/5372/3976 3934/5361/3969 3929/5355/3964
f 3839/5213/3874 3836/5472/3871 3917/5337/3952
f 4173/5809/4208 4176/5810/4211 4088/5764/4123
f 4156/5765/4191 4173/5809/4208 4088/5764/4123
f 3630/4917/3665 3813/5811/3848 4183/5773/4218
f 4207/5812/4242 4115/5813/4150 4136/5814/4171
f 4086/5622/4121 4103/5652/4138 4208/5815/4243
f 4209/5816/4244 4202/5817/4237 4210/5818/4245
f 4204/5806/4239 4149/5819/4184 4205/5807/4240
f 3814/5212/3849 3836/5472/3871 3839/5213/3874
f 3458/4644/3493 3498/4702/3533 3576/4817/3611
f 4077/5607/4112 4049/5559/4084 4040/5539/4075
f 4126/5690/4161 4211/5820/4246 4171/5752/4206
f 2634/5821/2669 4038/5755/4073 2666/3448/2701
f 4099/5646/4134 4064/5585/4099 4049/5559/4084
f 4110/5664/4145 4195/5822/4230 4212/5823/4247
f 4154/5789/4189 4094/5697/4129 4132/5696/4167
f 4109/5824/4144 4110/5664/4145 4212/5823/4247
f 4195/5822/4230 4110/5664/4145 4213/5825/4248
f 2260/2850/2295 2262/2852/2297 3953/5408/3988
f 4214/5826/4249 4213/5825/4248 4110/5664/4145
f 4060/5573/4095 4037/5533/4072 3976/5420/4011
f 4175/5827/4210 4143/5713/4178 4215/5828/4250
f 2479/3197/2514 3910/5829/3945 2482/3202/2517
f 4045/5737/4080 2652/3567/2687 4069/5598/4104
f 4061/5574/4096 4216/5830/4251 4062/5577/4097
f 3859/5244/3894 3865/5257/3900 3851/5831/3886
f 2064/2601/2099 2065/2602/2100 3218/4296/3253
f 4044/5544/4079 4217/5832/4252 4031/5626/4066
f 3987/5439/4022 3972/5413/4007 3990/5833/4025
f 4044/5544/4079 4218/5834/4253 4058/5569/4093
f 4038/5738/4073 3928/5354/3963 3930/5356/3965
f 4044/5544/4079 4058/5569/4093 4217/5832/4252
f 4174/5758/4209 4214/5835/4249 4095/5715/4130
f 3962/5399/3997 4053/5563/4088 4060/5573/4095
f 4186/5777/4221 4195/5790/4230 4219/5836/4254
f 4214/5835/4249 4107/5837/4142 4095/5715/4130
f 3999/5718/4034 4003/5550/4038 4021/5507/4056
f 4200/5838/4235 4118/5839/4153 4220/5840/4255
f 4062/5577/4097 4216/5830/4251 4070/5698/4105
f 2720/3527/2755 3177/4226/3212 4165/5745/4200
f 3896/5317/3931 3989/5442/4024 3894/5547/3929
f 4183/5773/4218 3813/5811/3848 4221/5841/4256
f 4002/5468/4037 4203/5842/4238 4057/5761/4092
f 4045/5737/4080 3928/5354/3963 4038/5738/4073
f 4216/5830/4251 4114/5671/4149 4113/5670/4148
f 4222/5843/4257 4223/5844/4258 4224/5845/4259
f 4219/5846/4254 4195/5822/4230 4213/5825/4248
f 4225/5847/4260 4226/5848/4261 4227/5849/4262
f 4228/5850/4263 4118/5679/4153 4120/5681/4155
f 3122/5851/3157 4074/5852/4109 3177/4226/3212
f 3453/4639/3488 3246/5853/3281 3335/4706/3370
f 3596/5798/3631 4229/5854/4264 4199/5799/4234
f 4198/5855/4233 4054/5564/4089 4052/5562/4087
f 4054/5733/4089 4198/5856/4233 4160/5740/4195
f 3869/5259/3904 4006/5477/4041 4230/5857/4265
f 4198/5855/4233 4164/5744/4199 4196/5858/4231
f 4026/5514/4061 3994/5450/4029 3993/5449/4028
f 4231/5859/4266 4202/5817/4237 4232/5860/4267
f 4194/5786/4229 4233/5861/4268 4192/5784/4227
f 4187/5778/4222 4186/5777/4221 4234/5862/4269
f 4134/5701/4169 3552/5700/3587 3596/5798/3631
f 3713/5040/3748 4120/5681/4155 3712/5039/3747
f 3800/5788/3835 3799/5161/3834 3798/5160/3833
f 4232/5860/4267 4202/5817/4237 4209/5816/4244
f 4025/5688/4060 4024/5797/4059 4020/5504/4055
f 4206/5808/4241 3577/4818/3612 3712/5039/3747
f 4206/5808/4241 3712/5039/3747 4120/5681/4155
f 4120/5863/4155 4119/5864/4154 4235/5865/4270
f 4214/5835/4249 4174/5758/4209 4236/5866/4271
f 4160/5867/4195 4061/5574/4096 4065/5587/4100
f 4237/5868/4272 4238/5869/4273 4239/5870/4274
f 4240/5871/4275 3767/5116/3802 4194/5872/4229
f 3968/5406/4003 3957/5418/3992 3879/5703/3914
f 4241/5873/4276 2352/2965/2387 4085/5615/4120
f 4020/5504/4055 4072/5631/4107 3888/5290/3923
f 3879/5703/3914 3888/5689/3923 3969/5407/4004
f 4001/5467/4036 4002/5468/4037 4057/5761/4092
f 4227/5874/4262 4215/5828/4250 4143/5713/4178
f 4192/5784/4227 4233/5861/4268 3763/5111/3798
f 4192/5784/4227 3763/5111/3798 3718/5047/3753
f 3842/5485/3877 3798/5160/3833 3981/5433/4016
f 4122/5875/4157 4149/5819/4184 4204/5806/4239
f 4174/5758/4209 4242/5876/4277 4236/5866/4271
f 4158/5877/4193 4115/5813/4150 4207/5812/4242
f 3577/4818/3612 4206/5808/4241 3576/4817/3611
f 4243/5878/4278 4244/5879/4279 4245/5880/4280
f 4246/5881/4281 4247/5882/4282 4248/5883/4283
f 3910/5328/3945 2252/2839/2287 2302/3080/2337
f 4132/5771/4167 4212/5823/4247 4201/5801/4236
f 4249/5884/4284 4250/5885/4285 4251/5886/4286
f 4104/5653/4139 4075/5605/4110 2583/3337/2618
f 4131/5887/4166 4252/5888/4287 4220/5889/4255
f 4253/5890/4288 4254/5891/4289 4255/5892/4290
f 4155/5731/4190 4201/5801/4236 4212/5823/4247
f 2573/3325/2608 3933/5804/3968 2626/3391/2661
f 2626/3391/2661 2526/3254/2561 2573/3325/2608
f 4217/5832/4252 4256/5893/4291 4182/5894/4217
f 3918/5338/3953 4001/5467/4036 4038/5755/4073
f 4257/5895/4292 4258/5896/4293 4259/5897/4294
f 4257/5895/4292 4128/5692/4163 4258/5896/4293
f 3919/5363/3954 3978/5422/4013 3936/5364/3971
f 2573/5482/2608 3906/5483/3941 3933/5528/3968
f 4221/5898/4256 4260/5899/4295 4261/5900/4296
f 4242/5876/4277 4219/5901/4254 4236/5866/4271
f 3453/4639/3488 4224/5902/4259 3246/5853/3281
f 4040/5539/4075 4049/5559/4084 4048/5558/4083
f 4238/5869/4273 4262/5903/4297 4239/5870/4274
f 4263/5904/4298 4264/5905/4299 4265/5906/4300
f 4210/5818/4245 3875/5268/3910 3946/5377/3981
f 3552/5700/3587 3554/5907/3589 3596/5798/3631
f 4266/5908/4301 4211/5820/4246 4267/5909/4302
f 4046/5910/4081 4003/5473/4038 3965/5402/4000
f 4141/5711/4176 4268/5911/4303 4142/5712/4177
f 3933/5360/3968 3908/5343/3943 3919/5344/3954
f 3912/5331/3947 1833/2321/1867 4056/5566/4091
f 4216/5912/4251 4113/5913/4148 4109/5824/4144
f 4122/5683/4157 4220/5889/4255 4123/5684/4158
f 4269/5914/4304 4270/5915/4305 4257/5916/4292
f 1833/2321/1867 3912/5331/3947 2573/5482/2608
f 4226/5917/4261 4269/5914/4304 4259/5918/4294
f 4217/5832/4252 4271/5919/4306 4256/5893/4291
f 3480/4670/3515 4178/5766/4213 3459/4645/3494
f 3909/5327/3944 2479/5326/2514 3978/5422/4013
f 4269/5914/4304 4257/5916/4292 4259/5918/4294
f 4048/5558/4083 4043/5543/4078 4040/5539/4075
f 3408/4576/3443 3459/4645/3494 4178/5766/4213
f 4082/5920/4117 4159/5739/4194 4135/5753/4170
f 4223/5844/4258 3246/4346/3281 4224/5845/4259
f 2839/3741/2874 2738/5921/2773 2744/3566/2779
f 3951/5410/3986 2349/5409/2384 4089/5663/4124
f 2191/5922/2226 4272/5923/4307 4273/5924/4308
f 4071/5601/4106 4070/5600/4105 4094/5640/4129
f 4118/5679/4153 4228/5850/4263 4131/5887/4166
f 4212/5823/4247 4132/5771/4167 4216/5912/4251
f 4167/5925/4202 4084/5614/4119 3338/5926/3373
f 4267/5909/4302 4128/5692/4163 4257/5895/4292
f 4212/5823/4247 4216/5912/4251 4109/5824/4144
f 4180/5927/4215 4138/5928/4173 4151/5929/4186
f 2719/3524/2754 4051/5561/4086 4075/5605/4110
f 4171/5752/4206 4274/5930/4309 4169/5750/4204
f 2719/3524/2754 4075/5605/4110 2717/3525/2752
f 4085/5615/4120 2352/2965/2387 2361/5660/2396
f 4272/5923/4307 4275/5931/4310 4273/5924/4308
f 4141/5711/4176 4181/5769/4216 4268/5911/4303
f 4245/5880/4280 4276/5932/4311 4243/5878/4278
f 3813/5811/3848 4260/5933/4295 4221/5841/4256
f 4249/5934/4284 4244/5935/4279 4277/5936/4312
f 4075/5605/4110 4051/5561/4086 4050/5560/4085
f 4178/5766/4213 3633/4927/3668 3408/4576/3443
f 3615/5937/3650 4278/5938/4313 3632/5939/3667
f 2719/3524/2754 2721/3528/2756 4051/5561/4086
f 4046/5910/4081 3965/5402/4000 3964/5401/3999
f 4260/5899/4295 3813/5940/3848 4279/5941/4314
f 4182/5894/4217 4256/5893/4291 4064/5589/4099
f 4280/5942/4315 4251/5886/4286 4281/5943/4316
f 4217/5944/4252 4182/5772/4217 4031/5520/4066
f 4124/5945/4159 4282/5946/4317 4193/5785/4228
f 3524/5305/3559 4246/5881/4281 3897/5306/3932
f 4179/5947/4214 4283/5948/4318 4125/5687/4160
f 4131/5887/4166 4220/5889/4255 4118/5679/4153
f 4228/5850/4263 4120/5681/4155 4125/5687/4160
f 4265/5906/4300 4264/5905/4299 4284/5949/4319
f 2738/3560/2773 4111/5667/4146 4045/5546/4080
f 3524/4745/3559 4285/5950/4320 4286/5951/4321
f 4262/5903/4297 4264/5952/4299 4263/5953/4298
f 4158/5736/4193 4147/5954/4182 4133/5793/4168
f 4177/5762/4212 4204/5955/4239 3160/4205/3195
f 4203/5842/4238 3160/4205/3195 4204/5955/4239
f 4155/5731/4190 4212/5823/4247 4195/5822/4230
f 4188/5779/4223 4155/5956/4190 4195/5790/4230
f 4174/5957/4209 4175/5958/4210 4127/5691/4162
f 4246/5881/4281 4248/5883/4283 3897/5306/3932
f 4012/5491/4047 4287/5959/4322 4275/5960/4310
f 2723/3530/2758 3122/5851/3157 3177/4226/3212
f 4288/5961/4323 4289/5962/4324 4290/5963/4325
f 4246/5964/4281 3524/5965/3559 4286/5966/4321
f 4231/5859/4266 4193/5785/4228 4282/5946/4317
f 2738/5921/2773 4069/5598/4104 2744/3566/2779
f 4142/5712/4177 4225/5967/4260 4227/5874/4262
f 4082/5920/4117 4167/5747/4202 4159/5739/4194
f 4291/5968/4326 3632/5939/3667 4278/5938/4313
f 4215/5828/4250 4258/5969/4293 4292/5970/4327
f 4061/5971/4096 4160/5794/4195 4112/5972/4147
f 3750/5095/3785 3767/5116/3802 4240/5871/4275
f 4293/5973/4328 4294/5974/4329 4295/5975/4330
f 4225/5967/4260 4142/5712/4177 4268/5911/4303
f 4296/5976/4331 4232/5860/4267 4240/5977/4275
f 4256/5893/4291 4066/5588/4101 4064/5589/4099
f 4297/5978/4332 3751/5096/3786 4232/5979/4267
f 4297/5978/4332 3757/5104/3792 3751/5096/3786
f 4240/5871/4275 4232/5979/4267 3751/5096/3786
f 4240/5871/4275 3751/5096/3786 3750/5095/3785
f 4298/5980/4333 2191/5922/2226 4297/5981/4332
f 4135/5753/4170 4159/5739/4194 3128/4231/3163
f 4297/5978/4332 2191/2762/2226 3757/5104/3792
f 4242/5982/4277 4174/5957/4209 4127/5691/4162
f 4266/5908/4301 4299/5983/4334 4254/5984/4289
f 4300/5985/4335 4274/5930/4309 4171/5752/4206
f 4301/5986/4336 4302/5987/4337 4303/5988/4338
f 4304/5989/4339 4260/5899/4295 4279/5941/4314
f 3279/4400/3314 3220/4374/3255 3338/5926/3373
f 4041/5540/4076 4305/5990/4340 3950/5386/3985
f 4292/5970/4327 4258/5969/4293 4127/5991/4162
f 4306/5992/4341 4276/5932/4311 4245/5880/4280
f 4303/5993/4338 4307/5994/4342 4308/5995/4343
f 4110/5664/4145 4107/5656/4142 4214/5826/4249
f 4258/5896/4293 4128/5692/4163 4127/5691/4162
f 4309/5996/4344 4284/5949/4319 4310/5997/4345
f 4228/5850/4263 4125/5687/4160 4131/5887/4166
f 4220/5840/4255 4122/5875/4157 4200/5838/4235
f 3246/4346/3281 4223/5844/4258 3506/4715/3541
f 4294/5974/4329 3960/5998/3995 4295/5975/4330
f 4125/5687/4160 4129/5999/4164 4131/5887/4166
f 4121/5682/4156 4097/5657/4132 4117/5676/4152
f 4311/6000/4346 4097/5657/4132 4121/5682/4156
f 4267/5909/4302 4299/5983/4334 4266/5908/4301
f 4093/6001/4128 4115/5672/4150 4039/5538/4074
f 2381/3055/2416 2352/2965/2387 2442/4176/2477
f 4312/6002/4347 4288/5961/4323 4309/6003/4344
f 4313/6004/4348 4255/5892/4290 4254/5891/4289
f 3100/4110/3135 4177/5762/4212 3160/4205/3195
f 4227/5874/4262 4143/5713/4178 4142/5712/4177
f 4160/5794/4195 4172/5754/4207 4112/5972/4147
f 3779/5357/3814 4248/5883/4283 4314/6005/4349
f 4315/6006/4350 4309/6003/4344 4310/6007/4345
f 4213/5825/4248 4214/5826/4249 4219/5846/4254
f 4302/5987/4337 4294/6008/4329 4303/5988/4338
f 4247/5882/4282 4314/6005/4349 4248/5883/4283
f 4303/5993/4338 4308/5995/4343 4316/6009/4351
f 4182/5772/4217 4064/5585/4099 4099/5646/4134
f 4176/5810/4211 4173/5809/4208 3453/6010/3488
f 4045/5737/4080 4069/5598/4104 2738/5921/2773
f 4091/5634/4126 4204/5806/4239 4317/6011/4352
f 4175/5827/4210 4215/5828/4250 4292/5970/4327
f 4221/5841/4256 4318/6012/4353 4183/5773/4218
f 4216/5830/4251 4132/5696/4167 4070/5698/4105
f 4104/5653/4139 2715/5673/2750 4075/5605/4110
f 4140/5710/4175 3585/4828/3620 3528/4753/3563
f 4175/5827/4210 4292/5970/4327 4127/5991/4162
f 4188/6013/4223 4187/5781/4222 4155/5731/4190
f 4288/5961/4323 4312/6002/4347 4289/5962/4324
f 4257/5916/4292 4299/6014/4334 4267/6015/4302
f 2739/3561/2774 2943/3888/2978 2738/3560/2773
f 4220/5889/4255 4252/5888/4287 4123/5684/4158
f 4319/6016/4354 4315/6006/4350 4310/6007/4345
f 4130/5694/4165 4252/6017/4287 4131/5695/4166
f 4304/5989/4339 4320/6018/4355 4260/5899/4295
f 3779/5357/3814 3931/5358/3966 4248/5883/4283
f 4313/6004/4348 4257/5916/4292 4270/5915/4305
f 4261/5900/4296 4320/6018/4355 4321/6019/4356
f 4123/5684/4158 4311/6000/4346 4121/5682/4156
f 4322/6020/4357 4115/5813/4150 4093/5637/4128
f 4288/5961/4323 4290/5963/4325 4305/6021/4340
f 3247/4347/3282 3246/4346/3281 3506/4715/3541
f 3094/4115/3129 4323/6022/4358 3102/4116/3137
f 4193/5785/4228 4231/5859/4266 4232/5860/4267
f 4285/5950/4320 4300/6023/4335 4286/5951/4321
f 4068/5594/4103 4158/5736/4193 4133/5793/4168
f 4300/5985/4335 4324/6024/4359 4286/5966/4321
f 2715/5735/2750 4147/5954/4182 4158/5736/4193
f 4325/6025/4360 4318/6012/4353 4226/5917/4261
f 4306/5992/4341 4245/5880/4280 4326/6026/4361
f 4209/5816/4244 4210/5818/4245 4298/5980/4333
f 4327/6027/4362 4009/5481/4044 4328/6028/4363
f 4329/6029/4364 2214/2789/2249 1934/2438/1968
f 4009/5481/4044 4327/6027/4362 4027/5515/4062
f 4151/5929/4186 4330/6030/4365 4283/6031/4318
f 3813/5940/3848 4331/6032/4366 4279/5941/4314
f 4332/6033/4367 4115/5813/4150 4322/6020/4357
f 4200/5838/4235 4122/5875/4157 4091/5634/4126
f 4184/5774/4219 4063/5579/4098 4196/5858/4231
f 4059/5570/4094 4218/5834/4253 4323/6022/4358
f 4252/5888/4287 4311/6000/4346 4123/5684/4158
f 4248/5883/4283 3931/5358/3966 3897/5306/3932
f 3233/4322/3268 3141/4177/3176 2442/4176/2477
f 4166/5746/4201 4196/5858/4231 4164/5744/4199
f 4162/5742/4197 4150/6034/4185 4122/5875/4157
f 4333/6035/4368 4326/6026/4361 4245/5880/4280
f 4172/5754/4207 4161/5741/4196 4116/6036/4151
f 4176/5810/4211 3418/6037/3453 4078/6038/4113
f 4327/6027/4362 4041/5540/4076 4027/5515/4062
f 3615/4883/3650 3506/4715/3541 4223/5844/4258
f 3281/4730/3316 3506/4715/3541 3615/4883/3650
f 3233/4322/3268 2442/4176/2477 2352/2965/2387
f 4111/5667/4146 4218/5834/4253 4044/5544/4079
f 2738/3560/2773 3102/4116/3137 4111/5667/4146
f 4326/6026/4361 4334/6039/4369 4306/5992/4341
f 4149/5819/4184 4122/5875/4157 4150/6034/4185
f 4098/5644/4133 4077/5607/4112 4073/5603/4108
f 4151/5929/4186 4283/6031/4318 4180/5927/4215
f 3649/4950/3684 4335/6040/4370 3704/5031/3739
f 3897/5306/3932 3931/5358/3966 3890/5307/3925
f 3218/4329/3253 4241/5873/4276 4085/5615/4120
f 4112/5972/4147 4172/5754/4207 4116/6036/4151
f 4141/6041/4176 4144/5716/4179 4138/5928/4173
f 4320/6042/4355 4336/6043/4371 4321/6044/4356
f 4081/5629/4116 4176/5760/4211 4078/5608/4113
f 4191/5783/4226 4222/5843/4257 4190/5782/4225
f 3102/4116/3137 4218/5834/4253 4111/5667/4146
f 4221/5841/4256 4337/6045/4372 4318/6012/4353
f 4139/5709/4174 4311/6046/4346 4252/6017/4287
f 4338/6047/4373 3704/5031/3739 4335/6040/4370
f 4302/6048/4337 4301/6049/4336 4015/6050/4050
f 4141/6041/4176 4143/5714/4178 4144/5716/4179
f 2942/3887/2977 3102/4116/3137 2943/3888/2978
f 4307/5994/4342 4294/5974/4329 4293/5973/4328
f 4145/5717/4180 4290/6051/4325 4289/6052/4324
f 4203/5842/4238 4184/5774/4219 4282/6053/4317
f 4001/5467/4036 4177/5762/4212 2666/3448/2701
f 3100/6054/3135 3131/6055/3166 3094/4115/3129
f 4317/6011/4352 4177/6056/4212 4059/6057/4094
f 4236/5866/4271 4219/5901/4254 4214/5835/4249
f 3100/4110/3135 2666/3448/2701 4177/5762/4212
f 3131/4161/3166 4317/6011/4352 4059/6057/4094
f 3131/6055/3166 4059/5570/4094 4323/6022/4358
f 4317/6011/4352 4204/5806/4239 4177/6056/4212
f 2352/2965/2387 4241/5873/4276 3233/4322/3268
f 3177/4226/3212 4074/5852/4109 3875/6058/3910
f 3177/4226/3212 3875/6058/3910 4168/5748/4203
f 4092/5635/4127 4332/6059/4367 4322/6060/4357
f 4160/5794/4195 4196/5796/4231 4153/6061/4188
f 4140/5710/4175 3596/4854/3631 3585/4828/3620
f 3094/4115/3129 3131/6055/3166 4323/6022/4358
f 4339/6062/4374 4222/5843/4257 4191/5783/4226
f 4323/6022/4358 4218/5834/4253 3102/4116/3137
f 4339/6062/4374 3615/4883/3650 4223/5844/4258
f 4059/5570/4094 4058/5569/4093 4218/5834/4253
f 4339/6062/4374 4223/5844/4258 4222/5843/4257
f 3965/5402/4000 4073/5603/4108 4077/5607/4112
f 4193/5785/4228 4296/5976/4331 4194/5786/4229
f 4149/5724/4184 4271/5919/4306 4217/5832/4252
f 4009/5481/4044 4027/5515/4062 3989/5442/4024
f 4340/6063/4375 4186/6064/4221 4219/5901/4254
f 4271/5919/4306 4149/5724/4184 4256/5893/4291
f 4203/5842/4238 4282/6053/4317 3160/4205/3195
f 4093/6001/4128 4039/5538/4074 4043/5543/4078
f 4296/5976/4331 4240/5977/4275 4194/5786/4229
f 3813/5178/3848 3805/5169/3840 4331/6065/4366
f 4148/5723/4183 4256/5893/4291 4149/5724/4184
f 4341/6066/4376 4342/6067/4377 4333/6068/4368
f 4341/6066/4376 4333/6068/4368 4245/6069/4280
f 4160/5794/4195 4153/6061/4188 4150/6034/4185
f 2852/3767/2887 4317/6011/4352 3131/4161/3166
f 4057/5568/4092 4205/6070/4240 4058/5569/4093
f 3553/4786/3588 3585/4828/3620 3596/4854/3631
f 4057/5761/4092 4203/5842/4238 4205/6071/4240
f 4183/5773/4218 4318/6012/4353 3596/4854/3631
f 4217/5832/4252 4058/5569/4093 4149/5724/4184
f 4009/5481/4044 4015/5496/4050 4328/6028/4363
f 4184/5774/4219 4203/5842/4238 4002/5468/4037
f 4162/5742/4197 4160/5794/4195 4150/6034/4185
f 4066/5588/4101 4256/5893/4291 4148/5723/4183
f 4092/5635/4127 4080/5610/4115 4100/5647/4135
f 4322/6060/4357 4071/5636/4106 4092/5635/4127
f 3805/5169/3840 4343/6072/4378 4331/6065/4366
f 4071/5638/4106 4322/6020/4357 4093/5637/4128
f 4140/5710/4175 4183/5773/4218 3596/4854/3631
f 4176/5810/4211 3453/6010/3488 3418/6037/3453
f 4126/5690/4161 4242/5982/4277 4127/5691/4162
f 4344/6073/4379 4345/6074/4380 4289/5962/4324
f 4160/5794/4195 4162/5742/4197 4172/5754/4207
f 4346/6075/4381 4347/6076/4382 4293/6077/4328
f 4231/5859/4266 4166/6078/4201 4202/5817/4237
f 4329/6029/4364 1934/2438/1968 4348/6079/4383
f 4137/5707/4172 4083/5613/4118 4135/5705/4170
f 4083/5613/4118 4082/5612/4117 4135/5705/4170
f 4155/5731/4190 4185/5776/4220 4156/5732/4191
f 4161/6080/4196 4108/5658/4143 4116/5675/4151
f 4318/6012/4353 4337/6045/4372 4349/6081/4384
f 4249/5934/4284 4280/6082/4315 4244/5935/4279
f 1507/1924/1538 4350/6083/4385 1655/2090/1686
f 2115/2664/2150 2268/2860/2303 2264/2854/2299
f 4279/5941/4314 4331/6032/4366 4343/6084/4378
f 4158/6085/4193 4351/6086/4386 4157/6087/4192
f 4352/6088/4387 4346/6075/4381 4293/6077/4328
f 4349/6081/4384 4334/6089/4369 4318/6012/4353
f 3959/5556/3994 3885/5285/3920 3991/5446/4026
f 2264/2854/2299 2268/2860/2303 2263/2853/2298
f 1892/2387/1926 4348/6079/4383 1934/2438/1968
f 1892/2387/1926 1891/2386/1925 4348/6079/4383
f 4282/6053/4317 4124/5685/4159 3160/4205/3195
f 4079/5609/4114 4137/5707/4172 4100/5647/4135
f 1680/2117/1711 2141/2700/2176 4353/6090/4388
f 4079/5609/4114 4083/5613/4118 4137/5707/4172
f 4354/6091/4389 4334/6089/4369 4349/6081/4384
f 4137/5707/4172 4332/6059/4367 4092/5635/4127
f 4137/5707/4172 4092/5635/4127 4100/5647/4135
f 4119/5864/4154 4200/5838/4235 4091/5634/4126
f 4355/6092/4390 4249/5934/4284 4277/5936/4312
f 4234/6093/4269 4186/6064/4221 4340/6063/4375
f 4347/6076/4382 4253/5890/4288 4356/6094/4391
f 3259/4363/3294 4083/5613/4118 4079/5609/4114
f 3259/4363/3294 4084/5614/4119 4083/5613/4118
f 3265/4375/3300 3259/4363/3294 4079/5609/4114
f 4357/6095/4392 1679/2116/1710 1678/2115/1709
f 4139/5709/4174 4252/6017/4287 4130/5694/4165
f 4163/5743/4198 4162/5742/4197 4122/5875/4157
f 3663/4970/3698 4358/6096/4393 4359/6097/4394
f 4332/6033/4367 4136/5814/4171 4115/5813/4150
f 4360/6098/4395 4326/6026/4361 4333/6035/4368
f 3950/5386/3985 3949/5385/3984 4041/5540/4076
f 4356/6094/4391 4253/5890/4288 4255/5892/4290
f 4344/6073/4379 4289/5962/4324 4312/6002/4347
f 3663/4970/3698 3649/4950/3684 3466/4652/3501
f 4247/5882/4282 4211/6099/4246 4361/6100/4396
f 4117/5676/4152 4161/6080/4196 4163/6101/4198
f 4361/6100/4396 4254/6102/4289 4253/6103/4288
f 4254/6102/4289 4361/6100/4396 4211/6099/4246
f 3338/5926/3373 4084/5614/4119 3279/4400/3314
f 4126/5690/4161 4170/5751/4205 4340/6104/4375
f 3991/5446/4026 4295/5975/4330 3960/5998/3995
f 4210/5818/4245 4012/6105/4047 4272/5923/4307
f 4266/6106/4301 4254/6102/4289 4211/6099/4246
f 4336/6043/4371 4355/6092/4390 4321/6044/4356
f 4198/5855/4233 4052/5562/4087 4164/5744/4199
f 4052/5562/4087 4165/5745/4200 4164/5744/4199
f 4185/5776/4220 4190/5782/4225 3453/5756/3488
f 3453/4639/3488 4190/6107/4225 4224/5902/4259
f 3649/4950/3684 3663/4970/3698 4335/6040/4370
f 3259/4363/3294 3258/4362/3293 4084/5614/4119
f 3258/4362/3293 3279/4400/3314 4084/5614/4119
f 4091/5634/4126 4122/5875/4157 4204/5806/4239
f 3233/4322/3268 4241/5873/4276 4157/6087/4192
f 3180/4321/3215 3233/4322/3268 4157/6087/4192
f 4362/6108/4397 781/981/803 4363/6109/4398
f 4278/6110/4313 3615/4883/3650 4339/6062/4374
f 4360/6098/4395 4313/6111/4348 4364/6112/4399
f 2715/3520/2750 4241/5873/4276 3218/4329/3253
f 2715/3520/2750 4157/6087/4192 4241/5873/4276
f 4122/5875/4157 4121/6113/4156 4163/5743/4198
f 4349/6114/4384 4243/5878/4278 4354/6115/4389
f 3180/4321/3215 4157/6087/4192 4351/6086/4386
f 3663/4970/3698 2215/2790/2250 4358/6096/4393
f 4280/6082/4315 4245/6069/4280 4244/5935/4279
f 4305/5990/4340 4290/6051/4325 4145/5717/4180
f 4210/5818/4245 4272/5923/4307 4298/5980/4333
f 4235/5865/4270 4091/5634/4126 2851/3766/2886
f 4137/6116/4172 4136/5814/4171 4332/6033/4367
f 4117/5676/4152 4108/5658/4143 4161/6080/4196
f 4326/6026/4361 4360/6098/4395 4364/6112/4399
f 4283/6031/4318 4179/5767/4214 4178/5766/4213
f 4145/5717/4180 4289/6052/4324 4006/5477/4041
f 4253/6103/4288 4347/6117/4382 4361/6100/4396
f 4311/6046/4346 4139/5709/4174 4097/5643/4132
f 4314/6005/4349 4347/6117/4382 4346/6118/4381
f 4113/5670/4148 4116/5675/4151 4109/5662/4144
f 1425/1834/1456 1417/1824/1448 4365/6119/4400
f 2984/3949/3019 4235/5865/4270 2851/3766/2886
f 2984/3949/3019 4120/5863/4155 4235/5865/4270
f 4314/6005/4349 4361/6100/4396 4347/6117/4382
f 3960/5998/3995 3959/5556/3994 3991/5446/4026
f 3960/5397/3995 4302/5987/4337 3958/5395/3993
f 4185/5776/4220 4155/5731/4190 4190/5782/4225
f 3960/5397/3995 4294/6008/4329 4302/5987/4337
f 4095/5715/4130 4143/5714/4178 4174/5758/4209
f 4158/5877/4193 4135/5753/4170 4351/6120/4386
f 4348/6079/4383 1891/2386/1925 2116/2665/2151
f 4139/5709/4174 4144/5775/4179 4097/5643/4132
f 4341/6066/4376 4245/6069/4280 4280/6082/4315
f 4108/5658/4143 4109/5662/4144 4116/5675/4151
f 4052/5562/4087 2720/3527/2755 4165/5745/4200
f 4216/5830/4251 4061/5574/4096 4114/5671/4149
f 4202/5817/4237 4168/6121/4203 4210/5818/4245
f 4366/6122/4401 4367/6123/4402 4368/6124/4403
f 4179/5767/4214 3713/5041/3748 3633/4927/3668
f 4136/5814/4171 4158/5877/4193 4207/5812/4242
f 4305/5990/4340 4145/5717/4180 3950/5386/3985
f 4121/5682/4156 4117/5676/4152 4163/6101/4198
f 2215/2790/2250 2214/2789/2249 4358/6096/4393
f 4058/5569/4093 4205/6070/4240 4149/5724/4184
f 4012/5491/4047 2190/5126/2225 4287/5959/4322
f 4011/5490/4046 2190/5126/2225 4012/5491/4047
f 4112/5669/4147 4114/5671/4149 4061/5574/4096
f 4352/6125/4387 4293/5973/4328 3991/5446/4026
f 4135/5753/4170 4158/5877/4193 4136/5814/4171
f 4235/5865/4270 4119/5864/4154 4091/5634/4126
f 4242/5876/4277 4340/6063/4375 4219/5901/4254
f 4341/6126/4376 4280/5942/4315 4239/5870/4274
f 4102/5665/4137 4110/5664/4145 4109/5824/4144
f 4336/6043/4371 4249/5934/4284 4355/6092/4390
f 3180/4230/3215 4351/6120/4386 4135/5753/4170
f 3265/4375/3300 4079/5609/4114 4081/5611/4116
f 4282/5946/4317 4166/6078/4201 4231/5859/4266
f 4369/6127/4404 4319/6016/4354 4310/6007/4345
f 4078/5608/4113 3265/4590/3300 4081/5629/4116
f 4364/6112/4399 4313/6111/4348 4270/6128/4305
f 3958/6129/3993 4302/6048/4337 4015/6050/4050
f 1679/2116/1710 4357/6095/4392 1737/2208/1771
f 4340/6104/4375 4242/5982/4277 4126/5690/4161
f 4015/5496/4050 4370/6130/4405 4328/6028/4363
f 4144/5775/4179 4095/5641/4130 4097/5643/4132
f 4278/5938/4313 4300/5985/4335 4291/5968/4326
f 4367/6123/4402 4366/6122/4401 4371/6131/4406
f 4357/6095/4392 1678/2115/1709 4329/6029/4364
f 3663/4970/3698 4359/6097/4394 4335/6040/4370
f 4348/6079/4383 2115/2664/2150 4357/6095/4392
f 1084/1373/1106 1636/2070/1667 1082/1371/1104
f 4372/6132/4407 4255/5892/4290 4313/6004/4348
f 4091/5634/4126 4317/6011/4352 2852/3767/2887
f 1425/1834/1456 4373/6133/4408 1436/1845/1467
f 4282/6053/4317 4196/5858/4231 4166/5746/4201
f 4184/5774/4219 4196/5858/4231 4282/6053/4317
f 4262/5903/4297 4374/6134/4409 4264/5952/4299
f 4340/6104/4375 4170/5751/4205 4169/5750/4204
f 4367/6123/4402 4375/6135/4410 4368/6124/4403
f 4193/5785/4228 4232/5860/4267 4296/5976/4331
f 4084/5614/4119 4167/5925/4202 4082/5612/4117
f 4376/6136/4411 4377/6137/4412 4378/6138/4413
f 4379/6139/4414 4380/6140/4415 4381/6141/4416
f 4318/6012/4353 4334/6089/4369 4226/5917/4261
f 4124/5945/4159 4192/5784/4227 3705/5032/3740
f 4364/6112/4399 4270/6128/4305 4326/6026/4361
f 4254/5891/4289 4299/6014/4334 4313/6004/4348
f 1082/1371/1104 1636/2070/1667 1424/1833/1455
f 4382/6142/4417 4221/5898/4256 4261/5900/4296
f 2214/2789/2249 4329/6029/4364 4358/6096/4393
f 4313/6111/4348 4360/6098/4395 4308/5995/4343
f 4210/5818/4245 4168/6121/4203 3875/5268/3910
f 4189/5780/4224 4383/6143/4418 4181/5769/4216
f 4178/6144/4213 3480/5702/3515 4189/5780/4224
f 4384/6145/4419 4385/6146/4420 4378/6138/4413
f 4335/6040/4370 4386/6147/4421 4338/6047/4373
f 4249/5884/4284 4251/5886/4286 4280/5942/4315
f 3819/5263/3854 4352/6125/4387 3991/5446/4026
f 4387/6148/4422 4338/6047/4373 4386/6147/4421
f 4375/6135/4410 4367/6123/4402 4379/6139/4414
f 4304/5989/4339 4279/5941/4314 4343/6084/4378
f 4264/5952/4299 4374/6134/4409 4369/6127/4404
f 4209/5816/4244 4298/5980/4333 4297/5981/4332
f 4209/5816/4244 4297/5981/4332 4232/5860/4267
f 3632/4925/3667 3344/4483/3379 3284/4406/3319
f 4224/5845/4259 4190/5782/4225 4222/5843/4257
f 4199/5799/4234 4229/5854/4264 4383/6143/4418
f 3332/4462/3367 4197/5792/4232 2984/6149/3019
f 4180/5927/4215 4283/6031/4318 4178/5766/4213
f 4319/6016/4354 4369/6127/4404 4374/6134/4409
f 1514/1931/1545 3746/5089/3781 1513/1930/1544
f 4383/6143/4418 4189/5780/4224 4199/5799/4234
f 4227/5849/4262 4259/5897/4294 4215/6150/4250
f 4259/5897/4294 4258/5896/4293 4215/6150/4250
f 4189/5780/4224 4180/5768/4215 4178/6144/4213
f 4382/6142/4417 4243/5878/4278 4349/6114/4384
f 4341/6066/4376 4263/6151/4298 4342/6067/4377
f 4125/5687/4160 4330/6152/4365 4129/5999/4164
f 4310/6007/4345 4264/5952/4299 4369/6127/4404
f 4382/6153/4417 4337/6045/4372 4221/5841/4256
f 4388/6154/4423 4389/6155/4424 4336/6156/4371
f 4289/5962/4324 4230/6157/4265 4006/6158/4041
f 3160/4205/3195 3705/5686/3740 3161/4206/3196
f 3746/5089/3781 1514/1931/1545 1082/1371/1104
f 4277/6159/4312 4243/5878/4278 4382/6142/4417
f 4334/6039/4369 4354/6115/4389 4306/5992/4341
f 4125/6160/4160 4283/6031/4318 4330/6030/4365
f 2984/6149/3019 4197/5792/4232 4120/5681/4155
f 4285/5950/4320 3344/4483/3379 3632/4925/3667
f 4124/5945/4159 4193/5785/4228 4192/5784/4227
f 4390/6161/4425 4234/5862/4269 4169/5750/4204
f 3713/5040/3748 4179/5947/4214 4125/5687/4160
f 2116/2665/2151 2115/2664/2150 4348/6079/4383
f 4382/6142/4417 4349/6114/4384 4337/6162/4372
f 4250/5885/4285 4389/6163/4424 4388/6164/4423
f 4318/6012/4353 4325/6025/4360 4229/6165/4264
f 4356/6094/4391 4255/5892/4290 4372/6132/4407
f 4391/6166/4426 4392/6167/4427 4393/6168/4428
f 4191/5783/4226 4390/6169/4425 4339/6062/4374
f 4373/6133/4408 1083/1372/1105 1436/1845/1467
f 3480/4670/3515 3460/4646/3495 3552/4785/3587
f 3704/5031/3739 4338/6047/4373 3660/4964/3695
f 4298/5980/4333 4272/5923/4307 2191/5922/2226
f 4169/5750/4204 4234/5862/4269 4340/6104/4375
f 4383/6143/4418 4268/5911/4303 4181/5769/4216
f 4394/6170/4429 4395/6171/4430 4396/6172/4431
f 4383/6173/4418 4325/6174/4360 4226/5848/4261
f 4397/6175/4432 4385/6146/4420 4384/6145/4419
f 4320/6042/4355 4304/6176/4339 4336/6043/4371
f 4387/6148/4422 4398/6177/4433 1417/1824/1448
f 4229/6165/4264 3596/4854/3631 4318/6012/4353
f 4334/6039/4369 4270/6128/4305 4269/6178/4304
f 1082/1371/1104 1682/2121/1713 3746/5089/3781
f 4389/6179/4424 4249/5934/4284 4336/6043/4371
f 4197/5792/4232 4206/5808/4241 4120/5681/4155
f 1678/2115/1709 1680/2117/1711 4329/6029/4364
f 4398/6177/4433 1507/1924/1538 1509/1926/1540
f 3779/5136/3814 4314/6180/4349 4346/6075/4381
f 4128/5692/4163 4211/5820/4246 4126/5690/4161
f 4260/5899/4295 4320/6018/4355 4261/5900/4296
f 3122/5851/3157 3485/6181/3520 4074/5852/4109
f 1083/1372/1105 1514/1931/1545 1436/1845/1467
f 4263/5953/4298 4341/6126/4376 4239/5870/4274
f 4383/6173/4418 4226/5848/4261 4268/6182/4303
f 4316/6009/4351 4284/5949/4319 4309/5996/4344
f 4151/6183/4186 4129/5999/4164 4330/6152/4365
f 4210/5818/4245 3946/5377/3981 4012/6105/4047
f 4225/5847/4260 4268/6182/4303 4226/5848/4261
f 4180/5768/4215 4189/5780/4224 4181/5769/4216
f 4278/6110/4313 4339/6062/4374 4390/6169/4425
f 4399/6184/4434 4397/6175/4432 4400/6185/4435
f 4304/5989/4339 4388/6154/4423 4336/6156/4371
f 4299/6014/4334 4257/5916/4292 4313/6004/4348
f 4300/5985/4335 4171/5752/4206 4324/6024/4359
f 4394/6170/4429 4401/6186/4436 4395/6171/4430
f 4326/6026/4361 4270/6128/4305 4334/6039/4369
f 4306/5992/4341 4354/6115/4389 4276/5932/4311
f 4392/6167/4427 4402/6187/4437 4393/6168/4428
f 1417/1824/1448 4398/6177/4433 4365/6119/4400
f 4243/5878/4278 4276/5932/4311 4354/6115/4389
f 3780/5137/3815 3779/5136/3814 4346/6075/4381
f 1682/2121/1713 1079/1368/1101 3714/5042/3749
f 4403/6188/4438 4404/6189/4439 4366/6122/4401
f 3766/5115/3801 3763/5118/3798 4233/6190/4268
f 2179/2746/2214 3763/5118/3798 3766/5115/3801
f 4382/6142/4417 4261/5900/4296 4321/6019/4356
f 4405/6191/4440 4406/6192/4441 4407/6193/4442
f 4408/6194/4443 4404/6189/4439 4403/6188/4438
f 4382/6142/4417 4355/6195/4390 4277/6159/4312
f 4355/6195/4390 4382/6142/4417 4321/6019/4356
f 4269/5914/4304 4226/5917/4261 4334/6089/4369
f 1507/1924/1538 4398/6177/4433 4350/6083/4385
f 4409/6196/4444 4410/6197/4445 4411/6198/4446
f 4365/6119/4400 4398/6177/4433 1509/1926/1540
f 4263/5953/4298 4239/5870/4274 4262/5903/4297
f 4227/5849/4262 4226/5848/4261 4259/5897/4294
f 3632/5939/3667 4291/5968/4326 4300/5985/4335
f 4412/6199/4447 4413/6200/4448 4414/6201/4449
f 4192/5784/4227 3718/5047/3753 3705/5032/3740
f 3766/5115/3801 4233/6190/4268 4194/5872/4229
f 4325/6174/4360 4383/6173/4418 4229/6202/4264
f 4138/5928/4173 4180/5927/4215 4141/6041/4176
f 4362/6108/4397 4363/6109/4398 4368/6124/4403
f 4285/5950/4320 3632/4925/3667 4300/6023/4335
f 4415/6203/4450 4406/6192/4441 4416/6204/4451
f 4380/6140/4415 4379/6139/4414 4417/6205/4452
f 4418/6206/4453 4409/6196/4444 4419/6207/4454
f 4169/5750/4204 4274/5930/4309 4390/6161/4425
f 4420/6208/4455 4391/6166/4426 4385/6146/4420
f 4421/6209/4456 4422/6210/4457 4423/6211/4458
f 4128/5692/4163 4267/5909/4302 4211/5820/4246
f 4424/6212/4459 4425/6213/4460 4426/6214/4461
f 4012/6105/4047 4275/5931/4310 4272/5923/4307
f 4316/6009/4351 4015/6050/4050 4301/6049/4336
f 4427/6215/4462 4408/6194/4443 4428/6216/4463
f 4278/5938/4313 4390/6161/4425 4274/5930/4309
f 4187/5778/4222 4234/5862/4269 4390/6161/4425
f 4191/5783/4226 4187/5781/4222 4390/6169/4425
f 4429/6217/4464 4430/6218/4465 4431/6219/4466
f 4432/6220/4467 4433/6221/4468 4420/6208/4455
f 3766/5115/3801 4194/5872/4229 3767/5116/3802
f 4307/6222/4342 4356/6094/4391 4372/6132/4407
f 4249/5884/4284 4389/6163/4424 4250/5885/4285
f 4264/5952/4299 4310/6007/4345 4284/6223/4319
f 4362/6108/4397 4368/6124/4403 4375/6135/4410
f 3660/4964/3695 4338/6047/4373 1417/1824/1448
f 4432/6220/4467 4397/6175/4432 4399/6184/4434
f 4434/6224/4469 4433/6221/4468 4432/6220/4467
f 3660/4964/3695 1417/1824/1448 1416/1823/1447
f 4286/5966/4321 4324/6024/4359 4246/5964/4281
f 4243/5878/4278 4277/6159/4312 4244/5879/4279
f 4328/6028/4363 4041/5540/4076 4327/6027/4362
f 2115/2664/2150 2264/2854/2299 4357/6095/4392
f 4435/6225/4470 4436/6226/4471 4437/6227/4472
f 4438/6228/4473 4371/6131/4406 4404/6189/4439
f 4393/6168/4428 4438/6228/4473 4391/6166/4426
f 4373/6133/4408 4365/6119/4400 1508/1925/1539
f 4308/5995/4343 4360/6098/4395 4316/6009/4351
f 4439/6229/4474 4440/6230/4475 4441/6231/4476
f 4442/6232/4477 4443/6233/4478 4444/6234/4479
f 4370/6235/4405 4288/5961/4323 4305/6021/4340
f 4362/6108/4397 4375/6135/4410 4396/6172/4431
f 4440/6230/4475 4445/6236/4480 4441/6231/4476
f 4423/6211/4458 4446/6237/4481 4425/6213/4460
f 4447/6238/4482 4448/6239/4483 4449/6240/4484
f 4312/6002/4347 4309/6003/4344 4315/6006/4350
f 4450/6241/4485 4451/6242/4486 4452/6243/4487
f 4412/6199/4447 4453/6244/4488 4454/6245/4489
f 4387/6148/4422 4386/6147/4421 4398/6177/4433
f 4455/6246/4490 4456/6247/4491 4441/6248/4476
f 4041/6249/4076 4370/6235/4405 4305/6021/4340
f 4419/6207/4454 4421/6209/4456 4457/6250/4492
f 4432/6220/4467 4399/6184/4434 4434/6224/4469
f 4363/6109/4398 4366/6122/4401 4368/6124/4403
f 4171/5752/4206 4247/6251/4282 4324/6024/4359
f 4458/6252/4493 4411/6198/4446 4410/6197/4445
f 4357/6095/4392 4329/6029/4364 4348/6079/4383
f 4314/6005/4349 4247/5882/4282 4361/6100/4396
f 4237/5868/4272 4239/5870/4274 4280/5942/4315
f 4456/6247/4491 4455/6246/4490 4459/6253/4494
f 4457/6250/4492 4460/6254/4495 4419/6207/4454
f 4438/6228/4473 4417/6205/4452 4371/6131/4406
f 4461/6255/4496 4462/6256/4497 4418/6206/4453
f 4392/6167/4427 4391/6166/4426 4420/6208/4455
f 4411/6198/4446 4446/6237/4481 4463/6257/4498
f 1682/2121/1713 1424/1833/1455 1079/1368/1101
f 4041/6249/4076 4328/6258/4363 4370/6235/4405
f 4417/6205/4452 4367/6123/4402 4371/6131/4406
f 4442/6232/4477 4444/6234/4479 4430/6259/4465
f 4386/6147/4421 4350/6083/4385 4398/6177/4433
f 4346/6075/4381 4352/6088/4387 3780/5137/3815
f 4350/6083/4385 4386/6147/4421 4353/6090/4388
f 4410/6197/4445 4418/6206/4453 4462/6256/4497
f 4309/6260/4344 4370/6130/4405 4464/6261/4499
f 4316/6009/4351 4360/6098/4395 4284/5949/4319
f 60/64/60 4426/6214/4461 4425/6213/4460
f 4371/6131/4406 4366/6122/4401 4404/6189/4439
f 4465/6262/4500 4451/6263/4486 4466/6264/4501
f 4467/6265/4502 4468/6266/4503 4440/6230/4475
f 4446/6237/4481 4423/6211/4458 4463/6257/4498
f 4442/6267/4477 4430/6218/4465 4429/6217/4464
f 4386/6147/4421 4335/6040/4370 4353/6090/4388
f 4293/6077/4328 4347/6076/4382 4356/6094/4391
f 4420/6208/4455 4385/6146/4420 4397/6175/4432
f 1680/2117/1711 4358/6096/4393 4329/6029/4364
f 1744/2216/1778 1078/1367/1100 1661/2096/1692
f 4469/6268/4504 4411/6198/4446 4458/6252/4493
f 4440/6230/4475 4468/6266/4503 4451/6263/4486
f 1656/2091/1687 2141/2700/2176 1628/2059/1659
f 4470/6269/4505 4471/6270/4506 4472/6271/4507
f 4265/5906/4300 4284/5949/4319 4333/6035/4368
f 4333/6035/4368 4284/5949/4319 4360/6098/4395
f 1077/1366/1099 1079/1368/1101 1424/1833/1455
f 4451/6242/4486 4468/6272/4503 4452/6243/4487
f 4445/6236/4480 4440/6230/4475 4473/6273/4508
f 4436/6274/4471 4474/6275/4509 4475/6276/4510
f 4448/6239/4483 4476/6277/4511 4449/6240/4484
f 4423/6211/4458 4422/6210/4457 4463/6257/4498
f 1425/1834/1456 4365/6119/4400 4373/6133/4408
f 4477/6278/4512 4478/6279/4513 4479/6280/4514
f 4307/5994/4342 4372/6281/4407 4308/5995/4343
f 3704/5031/3739 3555/4788/3590 3649/4950/3684
f 4379/6139/4414 4367/6123/4402 4417/6205/4452
f 4480/6282/4515 4481/6283/4516 4448/6239/4483
f 4429/6217/4464 4431/6219/4466 4482/6284/4517
f 4171/5752/4206 4211/5820/4246 4247/6251/4282
f 4472/6271/4507 60/64/60 4425/6213/4460
f 4465/6262/4500 4440/6230/4475 4451/6263/4486
f 4483/6285/4518 4484/6286/4519 4485/6287/4520
f 4464/6261/4499 4370/6130/4405 4015/5496/4050
f 4381/6141/4416 4401/6186/4436 4394/6170/4429
f 4359/6097/4394 4353/6090/4388 4335/6040/4370
f 4442/6267/4477 4429/6217/4464 4486/6288/4521
f 4433/6221/4468 4485/6287/4520 4420/6208/4455
f 4487/6289/4522 4451/6242/4486 4488/6290/4523
f 4489/6291/4524 4448/6239/4483 4490/6292/4525
f 4411/6198/4446 4463/6257/4498 4409/6196/4444
f 4417/6205/4452 4393/6168/4428 4380/6140/4415
f 4352/6088/4387 3819/5189/3854 3780/5137/3815
f 4307/6222/4342 4293/6077/4328 4356/6094/4391
f 4412/6199/4447 4414/6201/4449 4411/6198/4446
f 1684/2148/1715 1609/2190/1640 1705/2149/1736
f 4481/6283/4516 4490/6292/4525 4448/6239/4483
f 1632/2063/1663 1744/2216/1778 1661/2096/1692
f 4487/6293/4522 4466/6264/4501 4451/6263/4486
f 4491/6294/4526 4492/6295/4527 4431/6219/4466
f 4493/6296/4528 4494/6297/4529 4495/6298/4530
f 4370/6235/4405 4309/6003/4344 4288/5961/4323
f 4303/5993/4338 4294/5974/4329 4307/5994/4342
f 4303/5993/4338 4316/6009/4351 4301/6049/4336
f 4408/6194/4443 4496/6299/4531 4404/6189/4439
f 4414/6201/4449 4472/6271/4507 4446/6237/4481
f 4489/6291/4524 4490/6292/4525 4497/6300/4532
f 4449/6240/4484 4498/6301/4533 4392/6167/4427
f 4459/6253/4494 4499/6302/4534 4490/6292/4525
f 4472/6271/4507 4414/6201/4449 4470/6269/4505
f 1612/2039/1643 1083/1372/1105 4373/6133/4408
f 4445/6236/4480 4478/6279/4513 4477/6278/4512
f 4263/6151/4298 4265/6303/4300 4333/6068/4368
f 4475/6276/4510 4500/6304/4535 4501/6305/4536
f 4469/6268/4504 4412/6199/4447 4411/6198/4446
f 3876/6306/3911 3875/6058/3910 4074/5852/4109
f 4449/6240/4484 4392/6167/4427 4447/6238/4482
f 4309/6260/4344 4464/6261/4499 4316/6307/4351
f 4308/5995/4343 4372/6281/4407 4313/6111/4348
f 4295/5975/4330 3991/5446/4026 4293/5973/4328
f 3344/4483/3379 4285/5950/4320 3524/4745/3559
f 4353/6090/4388 2141/2700/2176 4350/6083/4385
f 4263/6151/4298 4333/6068/4368 4342/6067/4377
f 4475/6276/4510 4474/6275/4509 4500/6304/4535
f 4392/6167/4427 4420/6208/4455 4484/6286/4519
f 4497/6300/4532 4490/6292/4525 4499/6302/4534
f 1655/2090/1686 4350/6083/4385 1656/2091/1687
f 4445/6236/4480 4502/6308/4537 4478/6279/4513
f 4464/6309/4499 4015/6050/4050 4316/6009/4351
f 4503/6310/4538 4381/6141/4416 4380/6140/4415
f 4438/6228/4473 4404/6189/4439 4496/6299/4531
f 4274/5930/4309 4300/5985/4335 4278/5938/4313
f 4495/6298/4530 4494/6297/4529 4460/6254/4495
f 4359/6097/4394 4358/6096/4393 1680/2117/1711
f 4504/6311/4539 4478/6279/4513 4505/6312/4540
f 4506/6313/4541 4460/6254/4495 4494/6297/4529
f 4373/6133/4408 1508/1925/1539 1612/2039/1643
f 4324/6024/4359 4247/6251/4282 4246/5964/4281
f 1417/1824/1448 4338/6047/4373 4387/6148/4422
f 1680/2117/1711 2108/2656/2143 2141/2700/2176
f 4507/6314/4542 61/65/61 774/6315/796
f 4230/6157/4265 4508/6316/4543 4509/6317/4544
f 4400/6185/4435 4397/6175/4432 4384/6145/4419
f 4441/6248/4476 4456/6247/4491 4510/6318/4545
f 59/63/59 193/215/193 60/64/60
f 60/64/60 193/215/193 4426/6214/4461
f 4345/6074/4380 4230/6157/4265 4289/5962/4324
f 4511/6319/4546 4426/6214/4461 193/215/193
f 4511/6319/4546 193/215/193 67/71/67
f 4466/6264/4501 4512/6320/4547 4473/6273/4508
f 4380/6140/4415 4513/6321/4548 4503/6310/4538
f 4413/6200/4448 4470/6269/4505 4414/6201/4449
f 4457/6250/4492 4495/6298/4530 4460/6254/4495
f 4514/6322/4549 4410/6197/4445 4515/6323/4550
f 4410/6197/4445 4514/6322/4549 4458/6252/4493
f 4499/6302/4534 4516/6324/4551 4497/6300/4532
f 4472/6271/4507 4471/6270/4506 60/64/60
f 4517/6325/4552 4518/6326/4553 4519/6327/4554
f 4520/6328/4555 4521/6329/4556 4522/6330/4557
f 4501/6331/4536 4523/6332/4558 4524/6333/4559
f 1533/1951/1564 1744/2216/1778 1723/2181/1757
f 4427/6334/4462 4525/6335/4560 4408/6336/4443
f 4469/6268/4504 4526/6337/4561 4412/6199/4447
f 4527/6338/4562 4528/6339/4563 4469/6268/4504
f 4425/6213/4460 4446/6237/4481 4472/6271/4507
f 4350/6083/4385 2141/2700/2176 1656/2091/1687
f 4529/6340/4564 4530/6341/4565 4531/6342/4566
f 4392/6167/4427 4484/6286/4519 4447/6238/4482
f 4532/6343/4567 4481/6283/4516 4533/6344/4568
f 4514/6322/4549 4527/6338/4562 4458/6252/4493
f 1737/2208/1771 4357/6095/4392 2264/2854/2299
f 4534/6345/4569 51/55/51 4470/6269/4505
f 4315/6006/4350 4344/6073/4379 4312/6002/4347
f 4413/6200/4448 4534/6345/4569 4470/6269/4505
f 13/6346/13 12/6347/12 4535/6348/4570
f 4392/6167/4427 4498/6301/4533 4402/6187/4437
f 4535/6349/4570 12/12/12 51/55/51
f 4533/6344/4568 4523/6332/4558 4532/6343/4567
f 4535/6348/4570 51/6350/51 4534/6351/4569
f 4536/6352/4571 4510/6318/4545 4456/6247/4491
f 4537/6353/4572 13/6346/13 4535/6348/4570
f 4519/6327/4554 4538/6354/4573 4517/6325/4552
f 4363/6355/4398 4539/6356/4574 4403/6357/4438
f 4540/6358/4575 4541/6359/4576 4542/6360/4577
f 4454/6245/4489 4534/6345/4569 4413/6200/4448
f 4541/6361/4576 4529/6340/4564 4543/6362/4578
f 4544/6363/4579 4535/6348/4570 4534/6351/4569
f 4544/6364/4579 4534/6345/4569 4454/6245/4489
f 4545/6365/4580 4546/6366/4581 4502/6308/4537
f 4545/6365/4580 4502/6308/4537 4512/6320/4547
f 4544/6363/4579 4537/6353/4572 4535/6348/4570
f 4501/6305/4536 4524/6367/4559 4475/6276/4510
f 4507/6368/4542 4539/6356/4574 61/6369/61
f 4230/6157/4265 4547/6370/4582 4508/6316/4543
f 4469/6268/4504 4458/6252/4493 4527/6338/4562
f 4548/6371/4583 4467/6265/4502 4439/6229/4474
f 4549/6372/4584 4504/6311/4539 4550/6373/4585
f 4551/6374/4586 4552/6375/4587 2189/2760/2224
f 4385/6146/4420 4391/6166/4426 4438/6228/4473
f 4553/6376/4588 4530/6341/4565 4554/6377/4589
f 4555/6378/4590 4556/6379/4591 4557/6380/4592
f 1412/1819/1443 1422/1831/1453 1560/1980/1591
f 4554/6377/4589 4558/6381/4593 4553/6376/4588
f 4493/6296/4528 4559/6382/4594 4419/6207/4454
f 4560/6383/4595 4561/6384/4596 4562/6385/4597
f 4529/6340/4564 4541/6361/4576 4554/6377/4589
f 4563/6386/4598 4418/6206/4453 4559/6382/4594
f 4555/6378/4590 4557/6380/4592 4564/6387/4599
f 4353/6090/4388 4359/6097/4394 1680/2117/1711
f 4542/6360/4577 4565/6388/4600 4566/6389/4601
f 1084/1373/1106 1083/1372/1105 1612/2039/1643
f 4567/6390/4602 4568/6391/4603 4528/6339/4563
f 4569/6392/4604 4250/6393/4285 4570/6394/4605
f 4479/6280/4514 4478/6279/4513 4571/6395/4606
f 4547/6370/4582 4230/6157/4265 4345/6074/4380
f 4496/6396/4531 4408/6397/4443 4525/6398/4560
f 4562/6385/4597 4572/6399/4607 4560/6383/4595
f 4281/5943/4316 4573/6400/4608 4237/5868/4272
f 4478/6279/4513 4549/6372/4584 4571/6395/4606
f 4518/6326/4553 4574/6401/4609 4519/6327/4554
f 4344/6073/4379 4546/6366/4581 4547/6370/4582
f 4569/6402/4604 4575/6403/4610 4576/6404/4611
f 4577/6405/4612 4578/6406/4613 4579/6407/4614
f 4563/6386/4598 4559/6382/4594 4402/6187/4437
f 4560/6408/4595 4572/6409/4607 4491/6410/4526
f 2189/2760/2224 4552/6375/4587 2190/2761/2225
f 4580/6411/4615 4442/6267/4477 4486/6288/4521
f 4505/6312/4540 4546/6366/4581 4344/6073/4379
f 4528/6339/4563 4526/6337/4561 4469/6268/4504
f 4581/6412/4616 4567/6390/4602 4492/6295/4527
f 4545/6365/4580 4512/6320/4547 4466/6264/4501
f 4573/6400/4608 4238/5869/4273 4237/5868/4272
f 4582/6413/4617 4583/6414/4618 4584/6415/4619
f 4585/6416/4620 4586/6417/4621 4587/6418/4622
f 4480/6282/4515 4447/6238/4482 4483/6285/4518
f 4506/6313/4541 4419/6207/4454 4460/6254/4495
f 4378/6419/4413 4377/6420/4412 4384/6421/4419
f 4585/6416/4620 4587/6418/4622 4588/6422/4623
f 4467/6423/4502 4548/6424/4583 4589/6425/4624
f 4590/6426/4625 4591/6427/4626 4449/6240/4484
f 4592/6428/4627 4593/6429/4628 4594/6430/4629
f 4454/6245/4489 4595/6431/4630 4544/6364/4579
f 4388/6154/4423 4596/6432/4631 4570/6394/4605
f 4597/6433/4632 4598/6434/4633 4599/6435/4634
f 4600/6436/4635 4516/6437/4551 4499/6438/4534
f 4495/6298/4530 4457/6250/4492 4424/6212/4459
f 4381/6141/4416 4503/6310/4538 4401/6186/4436
f 4461/6255/4496 4563/6386/4598 4498/6301/4533
f 4557/6380/4592 4601/6439/4636 4564/6387/4599
f 4503/6310/4538 4495/6298/4530 4401/6186/4436
f 4262/5903/4297 4586/6417/4621 4374/6134/4409
f 4238/5869/4273 4586/6417/4621 4262/5903/4297
f 4522/6330/4557 4497/6300/4532 4602/6440/4637
f 4362/6108/4397 4396/6172/4431 66/70/66
f 1508/1925/1539 4365/6119/4400 1509/1926/1540
f 4455/6441/4490 4441/6231/4476 4603/6442/4638
f 4402/6187/4437 4498/6301/4533 4563/6386/4598
f 4416/6443/4451 4544/6364/4579 4595/6431/4630
f 4539/6444/4574 781/981/803 61/65/61
f 66/70/66 4604/6445/4639 4511/6319/4546
f 4498/6301/4533 4590/6426/4625 4461/6255/4496
f 4570/6394/4605 4250/6393/4285 4388/6154/4423
f 4498/6301/4533 4591/6427/4626 4590/6426/4625
f 4432/6220/4467 4420/6208/4455 4397/6175/4432
f 4605/6446/4640 4557/6380/4592 4556/6379/4591
f 4433/6221/4468 4434/6224/4469 4606/6447/4641
f 4526/6337/4561 4607/6448/4642 4412/6199/4447
f 4466/6264/4501 4487/6293/4522 4608/6449/4643
f 4592/6428/4627 4594/6430/4629 4575/6403/4610
f 4454/6450/4489 4609/6451/4644 4595/6452/4630
f 4403/6357/4438 4507/6368/4542 4428/6453/4463
f 4465/6262/4500 4473/6273/4508 4440/6230/4475
f 4480/6282/4515 4483/6285/4518 4533/6344/4568
f 4496/6299/4531 4525/6454/4560 4376/6136/4411
f 4343/6072/4378 1435/1844/1466 4610/6455/4645
f 4343/6072/4378 1433/1842/1464 1435/1844/1466
f 4524/6456/4559 4437/6227/4472 4436/6226/4471
f 4564/6387/4599 4571/6395/4606 4555/6378/4590
f 4454/6457/4489 4453/6458/4488 4609/6459/4644
f 4481/6283/4516 4532/6343/4567 4456/6247/4491
f 4611/6460/4646 4612/6461/4647 4315/6006/4350
f 4418/6206/4453 4419/6207/4454 4559/6382/4594
f 4548/6371/4583 4439/6229/4474 4536/6462/4571
f 4605/6446/4640 4613/6463/4648 4614/6464/4649
f 4607/6448/4642 4528/6339/4563 4568/6391/4603
f 4569/6392/4604 4251/6465/4286 4250/6393/4285
f 4375/6135/4410 4394/6170/4429 4396/6172/4431
f 66/70/66 4396/6172/4431 4604/6445/4639
f 4558/6381/4593 4615/6466/4650 4553/6376/4588
f 4588/6422/4623 4573/6400/4608 4616/6467/4651
f 3771/5123/3806 1534/1952/1565 1683/2122/1714
f 4615/6466/4650 4617/6468/4652 4553/6376/4588
f 4363/6109/4398 781/981/803 4539/6444/4574
f 4514/6322/4549 4618/6469/4653 4527/6338/4562
f 4619/6470/4654 4620/6471/4655 4621/6472/4656
f 4287/5959/4322 4551/6473/4586 4275/5960/4310
f 4538/6354/4573 4514/6322/4549 4515/6323/4550
f 4622/6474/4657 4592/6428/4627 4575/6403/4610
f 4415/6203/4450 4416/6204/4451 4609/6451/4644
f 4606/6447/4641 4437/6475/4472 4433/6221/4468
f 4603/6442/4638 4479/6280/4514 4455/6441/4490
f 4438/6228/4473 4393/6168/4428 4417/6205/4452
f 4378/6138/4413 4438/6228/4473 4496/6299/4531
f 4524/6367/4559 4436/6274/4471 4475/6276/4510
f 4507/6368/4542 4403/6357/4438 4539/6356/4574
f 4584/6415/4619 4623/6476/4658 4582/6413/4617
f 4456/6247/4491 4459/6253/4494 4481/6283/4516
f 4624/6477/4659 4566/6389/4601 4625/6478/4660
f 4573/6400/4608 4588/6422/4623 4587/6418/4622
f 4315/6006/4350 4319/6016/4354 4611/6460/4646
f 4495/6298/4530 4395/6171/4430 4401/6186/4436
f 4474/6275/4509 4626/6479/4661 4500/6304/4535
f 4557/6380/4592 4614/6464/4649 4627/6480/4662
f 4459/6253/4494 4490/6292/4525 4481/6283/4516
f 4628/6481/4663 4559/6382/4594 4493/6296/4528
f 4524/6333/4559 4485/6287/4520 4433/6221/4468
f 4395/6171/4430 4495/6298/4530 4424/6212/4459
f 4384/6421/4419 4377/6420/4412 4400/6482/4435
f 4563/6386/4598 4461/6255/4496 4418/6206/4453
f 4629/6483/4664 4571/6395/4606 4600/6436/4635
f 4513/6321/4548 4380/6140/4415 4402/6187/4437
f 4581/6412/4616 4491/6294/4526 4572/6484/4607
f 4480/6282/4515 4448/6239/4483 4447/6238/4482
f 4621/6485/4656 4620/6486/4655 4630/6487/4665
f 4520/6328/4555 4522/6330/4557 4602/6440/4637
f 4572/6484/4607 4453/6244/4488 4607/6448/4642
f 4572/6484/4607 4607/6448/4642 4581/6412/4616
f 4529/6340/4564 4631/6488/4666 4543/6362/4578
f 1514/1931/1545 1083/1372/1105 1082/1371/1104
f 4402/6187/4437 4380/6140/4415 4393/6168/4428
f 4344/6073/4379 4547/6370/4582 4345/6074/4380
f 4375/6135/4410 4379/6139/4414 4394/6170/4429
f 4515/6323/4550 4462/6256/4497 4598/6434/4633
f 4598/6434/4633 4462/6256/4497 4599/6435/4634
f 4479/6280/4514 4571/6395/4606 4629/6483/4664
f 4615/6466/4650 4632/6489/4667 4633/6490/4668
f 4607/6448/4642 4453/6244/4488 4412/6199/4447
f 4402/6187/4437 4628/6481/4663 4513/6321/4548
f 4597/6433/4632 4634/6491/4669 4598/6434/4633
f 4502/6308/4537 4546/6366/4581 4478/6279/4513
f 4592/6428/4627 4622/6474/4657 4583/6414/4618
f 4425/6213/4460 4424/6212/4459 4423/6211/4458
f 4536/6352/4571 4532/6343/4567 4501/6331/4536
f 4635/6492/4670 4636/6493/4671 4637/6494/4672
f 4366/6122/4401 4363/6109/4398 4403/6188/4438
f 4614/6464/4649 4557/6380/4592 4605/6446/4640
f 4511/6319/4546 4604/6445/4639 4426/6214/4461
f 4528/6339/4563 4527/6338/4562 4567/6390/4602
f 4381/6141/4416 4394/6170/4429 4379/6139/4414
f 4491/6294/4526 4581/6412/4616 4492/6295/4527
f 4638/6495/4673 4639/6496/4674 4640/6497/4675
f 4641/6498/4676 4572/6399/4607 4562/6385/4597
f 4506/6313/4541 4494/6297/4529 4493/6296/4528
f 4485/6287/4520 4484/6286/4519 4420/6208/4455
f 4483/6285/4518 4485/6287/4520 4524/6333/4559
f 4532/6343/4567 4523/6332/4558 4501/6331/4536
f 4503/6310/4538 4493/6296/4528 4495/6298/4530
f 4402/6187/4437 4559/6382/4594 4628/6481/4663
f 4378/6138/4413 4385/6146/4420 4438/6228/4473
f 4449/6240/4484 4591/6427/4626 4498/6301/4533
f 4585/6416/4620 4613/6463/4648 4586/6417/4621
f 4423/6211/4458 4424/6212/4459 4457/6250/4492
f 4642/6499/4677 4643/6500/4678 4566/6389/4601
f 4557/6380/4592 4543/6501/4578 4631/6502/4666
f 4378/6138/4413 4496/6299/4531 4376/6136/4411
f 4526/6337/4561 4528/6339/4563 4607/6448/4642
f 4574/6401/4609 4482/6284/4517 4618/6469/4653
f 4602/6440/4637 4497/6300/4532 4516/6324/4551
f 4462/6256/4497 4461/6255/4496 4590/6426/4625
f 4416/6204/4451 4595/6452/4630 4609/6451/4644
f 4598/6434/4633 4634/6491/4669 4515/6323/4550
f 4581/6412/4616 4607/6448/4642 4568/6391/4603
f 4414/6201/4449 4446/6237/4481 4411/6198/4446
f 4455/6441/4490 4629/6483/4664 4459/6503/4494
f 4601/6504/4636 4520/6328/4555 4602/6440/4637
f 4395/6171/4430 4604/6445/4639 4396/6172/4431
f 4478/6279/4513 4546/6366/4581 4505/6312/4540
f 4275/5931/4310 4551/6505/4586 4273/5924/4308
f 4617/6468/4652 4482/6284/4517 4574/6401/4609
f 4637/6494/4672 4636/6493/4671 4594/6430/4629
f 4558/6381/4593 4632/6489/4667 4615/6466/4650
f 4459/6503/4494 4629/6483/4664 4499/6438/4534
f 4625/6478/4660 4637/6494/4672 4644/6506/4679
f 4645/6507/4680 4646/6508/4681 4647/6509/4682
f 4479/6280/4514 4629/6483/4664 4455/6441/4490
f 55/967/55 4646/6508/4681 4645/6507/4680
f 4457/6250/4492 4421/6209/4456 4423/6211/4458
f 4623/6510/4658 1985/6511/2020 1809/2293/1843
f 4527/6338/4562 4618/6469/4653 4567/6390/4602
f 4492/6295/4527 4567/6390/4602 4431/6219/4466
f 4476/6277/4511 4590/6426/4625 4449/6240/4484
f 4615/6466/4650 4482/6284/4517 4617/6468/4652
f 4581/6412/4616 4568/6391/4603 4567/6390/4602
f 4648/6512/4683 4649/6513/4684 4650/6514/4685
f 4437/6475/4472 4524/6333/4559 4433/6221/4468
f 4615/6466/4650 4486/6288/4521 4429/6217/4464
f 4612/6461/4647 4651/6515/4686 4505/6312/4540
f 4641/6498/4676 4415/6516/4450 4572/6399/4607
f 4541/6361/4576 4630/6487/4665 4652/6517/4687
f 4447/6238/4482 4484/6286/4519 4483/6285/4518
f 4616/6467/4651 4573/6400/4608 4281/5943/4316
f 4629/6483/4664 4600/6436/4635 4499/6438/4534
f 4547/6370/4582 4546/6366/4581 4545/6365/4580
f 4644/6506/4679 4637/6494/4672 4594/6430/4629
f 4572/6399/4607 4609/6459/4644 4453/6458/4488
f 4608/6449/4643 4547/6370/4582 4545/6365/4580
f 4597/6433/4632 4631/6488/4666 4634/6491/4669
f 4653/6518/4688 4654/6519/4689 4655/6520/4690
f 4622/6474/4657 4596/6521/4631 4583/6414/4618
f 4655/6520/4690 4654/6519/4689 4656/6522/4691
f 4558/6381/4593 4652/6517/4687 4632/6489/4667
f 4583/6414/4618 4596/6521/4631 2106/2654/2141
f 4422/6210/4457 4421/6209/4456 4419/6207/4454
f 4410/6197/4445 4462/6256/4497 4515/6323/4550
f 4503/6310/4538 4628/6481/4663 4493/6296/4528
f 4657/6523/4692 4642/6499/4677 4566/6389/4601
f 4658/6524/4693 4633/6490/4668 4659/6525/4694
f 4489/6291/4524 4660/6526/4695 4448/6239/4483
f 4609/6459/4644 4572/6399/4607 4415/6516/4450
f 4633/6490/4668 4486/6288/4521 4615/6466/4650
f 4634/6491/4669 4631/6488/4666 4538/6354/4573
f 4516/6437/4551 4661/6527/4696 4602/6528/4637
f 774/968/796 721/891/743 4662/6529/4697
f 4543/6501/4578 4557/6380/4592 4627/6480/4662
f 4500/6530/4535 4626/6531/4661 4536/6352/4571
f 4663/6532/4698 4647/6533/4682 4664/6534/4699
f 4556/6379/4591 4613/6463/4648 4605/6446/4640
f 4630/6535/4665 4541/6359/4576 4540/6358/4575
f 4407/6193/4442 4537/6353/4572 4405/6191/4440
f 4536/6352/4571 4501/6331/4536 4500/6530/4535
f 4422/6210/4457 4419/6207/4454 4409/6196/4444
f 4639/6536/4674 721/6537/743 773/966/795
f 4628/6481/4663 4503/6310/4538 4513/6321/4548
f 4577/6405/4612 4613/6463/4648 4556/6379/4591
f 4647/6509/4682 4665/6538/4700 689/849/711
f 4273/5924/4308 4551/6505/4586 2189/6539/2224
f 4481/6283/4516 4480/6282/4515 4533/6344/4568
f 4666/6540/4701 4656/6522/4691 4654/6519/4689
f 4566/6389/4601 4565/6388/4600 4625/6478/4660
f 4410/6197/4445 4409/6196/4444 4418/6206/4453
f 4601/6504/4636 4597/6433/4632 4520/6328/4555
f 4395/6171/4430 4426/6214/4461 4604/6445/4639
f 4656/6522/4691 4666/6540/4701 4667/6541/4702
f 4426/6214/4461 4395/6171/4430 4424/6212/4459
f 4441/6231/4476 4510/6542/4545 4439/6229/4474
f 4601/6439/4636 4602/6528/4637 4564/6387/4599
f 4668/6543/4703 4669/6544/4704 4638/6495/4673
f 4583/6414/4618 1986/2503/2021 4584/6415/4619
f 689/849/711 692/852/714 4647/6509/4682
f 4416/6443/4451 4537/6545/4572 4544/6364/4579
f 4579/6407/4614 4578/6406/4613 4374/6134/4409
f 4663/6532/4698 4645/6546/4680 4647/6533/4682
f 4409/6196/4444 4463/6257/4498 4422/6210/4457
f 4634/6491/4669 4538/6354/4573 4515/6323/4550
f 4670/6547/4705 4580/6548/4615 4658/6549/4693
f 4660/6526/4695 4590/6426/4625 4476/6277/4511
f 4483/6285/4518 4524/6333/4559 4533/6344/4568
f 4473/6273/4508 4502/6308/4537 4445/6236/4480
f 4560/6383/4595 4444/6550/4479 4561/6384/4596
f 1986/2503/2021 4583/6414/4618 2106/2654/2141
f 4429/6217/4464 4482/6284/4517 4615/6466/4650
f 4564/6387/4599 4602/6528/4637 4661/6527/4696
f 4630/6487/4665 4671/6551/4706 4632/6489/4667
f 4406/6192/4441 4537/6353/4572 4416/6204/4451
f 4620/6486/4655 4619/6552/4654 4671/6551/4706
f 55/967/55 4639/6536/4674 773/966/795
f 4504/6311/4539 4549/6372/4584 4478/6279/4513
f 4431/6219/4466 4567/6390/4602 4618/6469/4653
f 4405/6191/4440 4537/6353/4572 4406/6192/4441
f 4448/6239/4483 4660/6526/4695 4476/6277/4511
f 4672/6553/4707 4673/6554/4708 776/972/798
f 4612/6461/4647 4611/6460/4646 4651/6515/4686
f 4454/6245/4489 4413/6200/4448 4412/6199/4447
f 4674/6555/4709 4675/6556/4710 4582/6557/4617
f 4419/6207/4454 4506/6313/4541 4493/6296/4528
f 2190/5126/2225 4552/6558/4587 4551/6473/4586
f 4650/6559/4685 4676/6560/4711 4677/6561/4712
f 4650/6559/4685 4677/6561/4712 4678/6562/4713
f 4586/6417/4621 4579/6407/4614 4374/6134/4409
f 4644/6506/4679 4624/6477/4659 4625/6478/4660
f 4487/6293/4522 4509/6317/4544 4508/6316/4543
f 4679/6563/4714 4680/6564/4715 776/6565/798
f 4444/6234/4479 4560/6408/4595 4491/6410/4526
f 4681/6566/4716 4682/6567/4717 4683/6568/4718
f 4584/6415/4619 1986/2503/2021 4623/6476/4658
f 776/972/798 49/971/49 50/6569/50
f 4491/6410/4526 4430/6259/4465 4444/6234/4479
f 4621/6485/4656 4630/6487/4665 4684/6570/4719
f 4631/6488/4666 4529/6340/4564 4531/6342/4566
f 1985/6511/2020 4623/6510/4658 1986/6571/2021
f 4610/6572/4645 4388/6154/4423 4343/6084/4378
f 4577/6405/4612 4586/6417/4621 4613/6463/4648
f 4533/6344/4568 4524/6333/4559 4523/6332/4558
f 2190/5126/2225 4551/6473/4586 4287/5959/4322
f 4685/6573/4720 4686/6574/4721 4681/6566/4716
f 4687/6575/4722 4688/6576/4723 4689/6577/4724
f 4642/6499/4677 4582/6413/4617 4675/6578/4710
f 4558/6381/4593 4554/6377/4589 4541/6361/4576
f 4638/6579/4673 4669/6580/4704 4662/6581/4697
f 4645/6507/4680 4639/6536/4674 55/967/55
f 4489/6291/4524 4590/6426/4625 4660/6526/4695
f 4690/6582/4725 4691/6583/4726 4692/6584/4727
f 4477/6278/4512 4479/6280/4514 4445/6236/4480
f 4658/6549/4693 4580/6548/4615 4486/6585/4521
f 4669/6586/4704 774/6315/796 4662/6587/4697
f 4509/6588/4544 4487/6289/4522 3889/6589/3924
f 4658/6524/4693 4486/6288/4521 4633/6490/4668
f 4693/6590/4728 4654/6591/4689 4664/6534/4699
f 4482/6284/4517 4431/6219/4466 4618/6469/4653
f 4435/6592/4470 4694/6593/4729 4436/6274/4471
f 4575/6403/4610 4569/6402/4604 4622/6474/4657
f 692/852/714 4693/6594/4728 4647/6509/4682
f 4674/6555/4709 4582/6557/4617 2093/2640/2128
f 4668/6543/4703 4638/6495/4673 4640/6497/4675
f 4632/6489/4667 4671/6551/4706 4633/6490/4668
f 4624/6477/4659 4657/6523/4692 4566/6389/4601
f 4512/6320/4547 4502/6308/4537 4473/6273/4508
f 4585/6416/4620 4636/6493/4671 4635/6492/4670
f 4549/6372/4584 4555/6378/4590 4571/6395/4606
f 4536/6352/4571 4456/6247/4491 4532/6343/4567
f 4622/6474/4657 4569/6402/4604 4570/6595/4605
f 1683/2122/1714 1433/1842/1464 4343/6072/4378
f 4590/6426/4625 4521/6329/4556 4599/6435/4634
f 4695/6596/4730 4696/6597/4731 4653/6518/4688
f 4697/6598/4732 4669/6544/4704 4668/6543/4703
f 4599/6435/4634 4462/6256/4497 4590/6426/4625
f 4698/6599/4733 4699/6600/4734 4700/6601/4735
f 4541/6361/4576 4652/6517/4687 4558/6381/4593
f 4675/6556/4710 4684/6570/4719 4630/6487/4665
f 668/826/690 778/975/800 777/973/799
f 4530/6341/4565 4517/6325/4552 4538/6354/4573
f 4701/6602/4736 4702/6603/4737 4648/6512/4683
f 4508/6316/4543 4608/6449/4643 4487/6293/4522
f 4703/6604/4738 4704/6605/4739 4690/6606/4725
f 4514/6322/4549 4574/6401/4609 4618/6469/4653
f 4676/6607/4711 4650/6514/4685 4649/6513/4684
f 4466/6264/4501 4608/6449/4643 4545/6365/4580
f 4642/6499/4677 4675/6578/4710 4630/6535/4665
f 4439/6229/4474 4467/6265/4502 4440/6230/4475
f 4683/6568/4718 4682/6567/4717 4705/6608/4740
f 4388/6154/4423 4304/5989/4339 4343/6084/4378
f 4706/6609/4741 4679/6563/4714 50/54/50
f 4659/6525/4694 4633/6490/4668 4671/6551/4706
f 4612/6461/4647 4505/6312/4540 4344/6073/4379
f 4651/6515/4686 4374/6134/4409 4578/6406/4613
f 4597/6433/4632 4599/6435/4634 4521/6329/4556
f 4530/6341/4565 4538/6354/4573 4531/6342/4566
f 4638/6579/4673 4662/6581/4697 721/6537/743
f 4548/6371/4583 4536/6462/4571 4626/6610/4661
f 4707/6611/4742 4703/6604/4738 4690/6606/4725
f 4548/6424/4583 4626/6479/4661 4589/6425/4624
f 4590/6426/4625 4489/6291/4524 4521/6329/4556
f 4570/6394/4605 4596/6432/4631 4622/6612/4657
f 4688/6576/4723 4708/6613/4743 4689/6577/4724
f 4684/6570/4719 4675/6556/4710 4621/6485/4656
f 4698/6599/4733 4709/6614/4744 4699/6600/4734
f 4430/6218/4465 4491/6294/4526 4431/6219/4466
f 4640/6497/4675 4639/6496/4674 4710/6615/4745
f 4343/6072/4378 3805/5169/3840 1683/2122/1714
f 4711/6616/4746 4712/6617/4747 4705/6608/4740
f 4635/6492/4670 4614/6464/4649 4585/6416/4620
f 4713/6618/4748 4714/6619/4749 4715/6620/4750
f 4658/6549/4693 4619/6470/4654 4716/6621/4751
f 4706/6609/4741 50/54/50 4717/6622/4752
f 4718/6623/4753 4719/6624/4754 4720/6625/4755
f 4553/6376/4588 4518/6326/4553 4517/6325/4552
f 4721/6626/4756 4722/6627/4757 4723/6628/4758
f 4489/6291/4524 4497/6300/4532 4521/6329/4556
f 4724/6629/4759 4725/6630/4760 4726/6631/4761
f 4574/6401/4609 4514/6322/4549 4519/6327/4554
f 4467/6632/4502 4727/6633/4762 4468/6272/4503
f 4728/6634/4763 4729/6635/4764 4730/6636/4765
f 4727/6633/4762 4452/6243/4487 4468/6272/4503
f 4504/6311/4539 4505/6312/4540 4550/6373/4585
f 4574/6401/4609 4518/6326/4553 4553/6376/4588
f 4636/6493/4671 4588/6422/4623 4616/6467/4651
f 4693/6590/4728 4664/6534/4699 4647/6533/4682
f 4621/6485/4656 4675/6556/4710 4731/6637/4766
f 4732/6638/4767 4733/6639/4768 4734/6640/4769
f 4659/6641/4694 4619/6470/4654 4658/6549/4693
f 4517/6325/4552 4530/6341/4565 4553/6376/4588
f 776/6565/798 50/54/50 4679/6563/4714
f 4564/6387/4599 4661/6527/4696 4571/6395/4606
f 4465/6262/4500 4466/6264/4501 4473/6273/4508
f 4593/6429/4628 4657/6523/4692 4624/6477/4659
f 4735/6642/4770 4736/6643/4771 4696/6597/4731
f 4505/6312/4540 4651/6515/4686 4578/6406/4613
f 4639/6536/4674 4638/6579/4673 721/6537/743
f 4715/6620/4750 4714/6619/4749 4737/6644/4772
f 4738/6645/4773 4705/6646/4740 4712/6647/4747
f 4620/6486/4655 4671/6551/4706 4630/6487/4665
f 4608/6449/4643 4508/6316/4543 4547/6370/4582
f 4652/6517/4687 4630/6487/4665 4632/6489/4667
f 4540/6358/4575 4643/6500/4678 4630/6535/4665
f 4739/6648/4774 4733/6639/4768 4732/6638/4767
f 4740/6649/4775 4648/6512/4683 4666/6650/4701
f 4594/6430/4629 4636/6493/4671 4616/6467/4651
f 4230/6157/4265 4509/6317/4544 3869/5291/3904
f 2114/2662/2149 4741/6651/4776 4621/6485/4656
f 4663/6532/4698 4639/6496/4674 4645/6546/4680
f 4445/6236/4480 4603/6442/4638 4441/6231/4476
f 4742/6652/4777 4743/6653/4778 4744/6654/4779
f 4649/6655/4684 4677/6561/4712 4676/6560/4711
f 4536/6462/4571 4439/6229/4474 4510/6542/4545
f 4745/6656/4780 4730/6657/4765 4729/6658/4764
f 4743/6659/4778 4746/6660/4781 4703/6604/4738
f 4692/6584/4727 4677/6561/4712 4649/6655/4684
f 4507/6368/4542 4669/6544/4704 4428/6453/4463
f 4613/6463/4648 4585/6416/4620 4614/6464/4649
f 4497/6300/4532 4522/6330/4557 4521/6329/4556
f 4617/6468/4652 4574/6401/4609 4553/6376/4588
f 4682/6661/4717 4736/6643/4771 4735/6642/4770
f 4631/6488/4666 4531/6342/4566 4538/6354/4573
f 4593/6429/4628 4624/6477/4659 4644/6506/4679
f 4728/6634/4763 4377/6137/4412 4376/6136/4411
f 4747/6662/4782 4734/6640/4769 4748/6663/4783
f 4729/6635/4764 4728/6634/4763 4376/6136/4411
f 4664/6664/4699 4749/6665/4784 4663/6666/4698
f 4750/6667/4785 4751/6668/4786 4752/6669/4787
f 4582/6413/4617 4642/6499/4677 4657/6523/4692
f 4445/6236/4480 4479/6280/4514 4603/6442/4638
f 4753/6670/4788 4754/6671/4789 4755/6672/4790
f 4520/6328/4555 4597/6433/4632 4521/6329/4556
f 4538/6354/4573 4519/6327/4554 4514/6322/4549
f 4648/6512/4683 4702/6603/4737 4649/6513/4684
f 4756/6673/4791 4726/6631/4761 4725/6630/4760
f 4757/6674/4792 4758/6675/4793 1/1/1
f 4601/6504/4636 4631/6488/4666 4597/6433/4632
f 4728/6634/4763 4730/6636/4765 4759/6676/4794
f 4643/6500/4678 4540/6358/4575 4542/6360/4577
f 4719/6624/4754 4706/6609/4741 4717/6622/4752
f 4344/6073/4379 4315/6006/4350 4612/6461/4647
f 4281/5943/4316 4237/5868/4272 4280/5942/4315
f 4760/6677/4795 4696/6597/4731 4695/6596/4730
f 4761/6678/4796 4734/6640/4769 4762/6679/4797
f 4614/6464/4649 4635/6492/4670 4565/6388/4600
f 4669/6586/4704 4507/6314/4542 774/6315/796
f 4585/6416/4620 4588/6422/4623 4636/6493/4671
f 4763/6680/4798 4764/6681/4799 4765/6682/4800
f 4759/6676/4794 4730/6636/4765 4766/6683/4801
f 4762/6679/4797 4734/6640/4769 4733/6639/4768
f 4663/6532/4698 4710/6615/4745 4639/6496/4674
f 4763/6680/4798 4724/6629/4759 4764/6681/4799
f 4735/6642/4770 4696/6597/4731 4760/6677/4795
f 4753/6670/4788 4767/6684/4802 4768/6685/4803
f 4680/6564/4715 4752/6669/4787 4765/6682/4800
f 4769/6686/4804 4770/6687/4805 4710/6688/4745
f 4771/6689/4806 4772/6690/4807 4721/6626/4756
f 4594/6430/4629 4616/6467/4651 4575/6403/4610
f 4707/6691/4742 4649/6655/4684 4673/6692/4708
f 4773/6693/4808 4771/6694/4806 4774/6695/4809
f 4775/6696/4810 4776/6697/4811 4777/6698/4812
f 4690/6606/4725 4704/6605/4739 4691/6699/4726
f 4550/6373/4585 4555/6378/4590 4549/6372/4584
f 4778/6700/4813 4667/6541/4702 4666/6540/4701
f 4428/6453/4463 4669/6544/4704 4697/6598/4732
f 4251/5886/4286 4576/6404/4611 4281/5943/4316
f 4779/6701/4814 4748/6663/4783 4780/6702/4815
f 2106/2654/2141 1435/1844/1466 1434/1843/1465
f 4781/6703/4816 4668/6704/4703 4640/6705/4675
f 693/853/715 4740/6706/4775 692/852/714
f 4782/6707/4817 4757/6674/4792 4783/6708/4818
f 4663/6532/4698 4784/6709/4819 4710/6615/4745
f 4785/6710/4820 4786/6711/4821 4787/6712/4822
f 4637/6494/4672 4565/6388/4600 4635/6492/4670
f 4566/6389/4601 4643/6500/4678 4542/6360/4577
f 4788/6713/4823 4789/6714/4824 4688/6576/4723
f 4790/6715/4825 4691/6583/4726 4704/6716/4739
f 4565/6388/4600 4637/6494/4672 4625/6478/4660
f 4593/6429/4628 4592/6428/4627 4657/6523/4692
f 4783/6708/4818 4791/6717/4826 4792/6718/4827
f 2106/6719/2141 4596/6432/4631 4610/6572/4645
f 4592/6428/4627 4583/6414/4618 4657/6523/4692
f 4778/6720/4813 4666/6650/4701 4648/6512/4683
f 4793/6721/4828 4756/6673/4791 4751/6668/4786
f 4771/6689/4806 4794/6722/4829 4772/6690/4807
f 4795/6723/4830 4796/6724/4831 4780/6702/4815
f 4680/6564/4715 4679/6563/4714 4752/6669/4787
f 4704/6605/4739 4703/6604/4738 4746/6660/4781
f 4781/6703/4816 4797/6725/4832 4668/6704/4703
f 756/936/778 760/977/782 4798/6726/4833
f 4799/6727/4834 4800/6728/4835 4801/6729/4836
f 721/6537/743 591/736/613 773/966/795
f 2106/6719/2141 4610/6572/4645 1435/6730/1466
f 4576/6404/4611 4616/6467/4651 4281/5943/4316
f 4725/6630/4760 4724/6629/4759 4763/6680/4798
f 55/59/55 54/58/54 4646/6731/4681
f 4550/6373/4585 4556/6379/4591 4555/6378/4590
f 4802/6732/4837 4803/6733/4838 4804/6734/4839
f 4752/6669/4787 4763/6680/4798 4765/6682/4800
f 4805/6735/4840 4806/6736/4841 4807/6737/4842
f 4808/6738/4843 4797/6725/4832 4809/6739/4844
f 4750/6667/4785 4679/6563/4714 4706/6609/4741
f 18/6740/18 17/6741/17 20/6742/20
f 4619/6552/4654 4659/6525/4694 4671/6551/4706
f 4682/6661/4717 4810/6743/4845 4811/6744/4846
f 4542/6360/4577 4812/6745/4847 4627/6480/4662
f 4752/6669/4787 4751/6668/4786 4763/6680/4798
f 4813/6746/4848 27/6747/27 4814/6748/4849
f 4815/6749/4850 4816/6750/4851 4817/6751/4852
f 4679/6563/4714 4750/6667/4785 4752/6669/4787
f 4693/6594/4728 692/852/714 4740/6706/4775
f 4577/6405/4612 4550/6373/4585 4505/6312/4540
f 4725/6630/4760 4763/6680/4798 4751/6668/4786
f 26/6752/26 33/6753/33 27/6747/27
f 33/6753/33 4814/6748/4849 27/6747/27
f 4756/6673/4791 4793/6721/4828 4818/6754/4853
f 4819/6755/4854 4805/6735/4840 4807/6737/4842
f 4753/6670/4788 4768/6685/4803 4754/6671/4789
f 47/6756/47 4717/6757/4752 50/6758/50
f 20/6742/20 4787/6712/4822 18/6740/18
f 4657/6523/4692 4583/6414/4618 4582/6413/4617
f 33/33/33 4820/6759/4855 4821/6760/4856
f 33/33/33 4822/6761/4857 4820/6759/4855
f 4823/6762/4858 4709/6614/4744 4824/6763/4859
f 4704/6716/4739 4825/6764/4860 4790/6715/4825
f 4826/6765/4861 4/4/4 19/19/19
f 4827/6766/4862 4738/6645/4773 4709/6614/4744
f 4828/6767/4863 4782/6707/4817 4829/6768/4864
f 33/33/33 4821/6760/4856 4776/6697/4811
f 19/19/19 18/18/18 4826/6765/4861
f 4673/6554/4708 4798/6726/4833 760/977/782
f 4785/6710/4820 4787/6712/4822 4830/6769/4865
f 4781/6703/4816 4770/6687/4805 4797/6725/4832
f 4761/6678/4796 4748/6663/4783 4734/6640/4769
f 4814/6770/4849 4776/6697/4811 4831/6771/4866
f 4832/6772/4867 4704/6605/4739 4746/6660/4781
f 4673/6554/4708 760/977/782 577/6773/599
f 2191/5922/2226 4273/5924/4308 2189/6539/2224
f 776/972/798 4673/6554/4708 577/6773/599
f 4738/6645/4773 4824/6763/4859 4709/6614/4744
f 687/6774/709 4646/6731/4681 54/58/54
f 4655/6520/4690 4695/6596/4730 4653/6518/4688
f 4784/6709/4819 4811/6775/4846 4710/6615/4745
f 4793/6721/4828 4751/6668/4786 4750/6667/4785
f 4631/6502/4666 4601/6439/4636 4557/6380/4592
f 774/6315/796 61/65/61 775/974/797
f 4761/6678/4796 4762/6679/4797 4748/6663/4783
f 4505/6312/4540 4578/6406/4613 4577/6405/4612
f 4784/6709/4819 4749/6776/4784 4811/6775/4846
f 4319/6016/4354 4651/6515/4686 4611/6460/4646
f 4833/6777/4868 4834/6778/4869 4835/6779/4870
f 4814/6748/4849 4836/6780/4871 4813/6746/4848
f 4771/6689/4806 4721/6626/4756 4723/6628/4758
f 4792/6781/4827 3/6782/3 4/6783/4
f 4837/6784/4872 4834/6778/4869 4833/6777/4868
f 4712/6785/4747 4760/6677/4795 4655/6520/4690
f 4838/6786/4873 4655/6520/4690 4656/6522/4691
f 4698/6599/4733 4827/6766/4862 4709/6614/4744
f 4772/6690/4807 4839/6787/4874 4722/6627/4757
f 4667/6541/4702 4838/6786/4873 4656/6522/4691
f 4718/6623/4753 4706/6609/4741 4719/6624/4754
f 4840/6788/4875 4415/6203/4450 4641/6789/4676
f 4388/6154/4423 4610/6572/4645 4596/6432/4631
f 4841/6790/4876 4842/6791/4877 4788/6792/4823
f 4374/6134/4409 4651/6515/4686 4319/6016/4354
f 47/6756/47 4843/6793/4878 4717/6757/4752
f 4541/6359/4576 4543/6501/4578 4542/6360/4577
f 4736/6643/4771 4682/6661/4717 4811/6744/4846
f 4826/6794/4861 4792/6781/4827 4/6783/4
f 4711/6616/4746 4760/6795/4795 4712/6617/4747
f 4840/6788/4875 4641/6789/4676 4844/6796/4879
f 4767/6797/4802 4845/6798/4880 4700/6601/4735
f 4784/6709/4819 4663/6532/4698 4749/6776/4784
f 4781/6703/4816 4710/6688/4745 4770/6687/4805
f 4667/6541/4702 4846/6799/4881 4838/6786/4873
f 4815/6800/4850 4847/6801/4882 4836/6802/4871
f 4674/6555/4709 4731/6637/4766 4675/6556/4710
f 4655/6520/4690 4848/6803/4883 4712/6785/4747
f 4849/6804/4884 4786/6805/4821 4850/6806/4885
f 4686/6807/4721 4810/6743/4845 4682/6661/4717
f 4407/6193/4442 4851/6808/4886 4852/6809/4887
f 4818/6754/4853 4793/6721/4828 4853/6810/4888
f 4854/6811/4889 4723/6628/4758 4688/6576/4723
f 4855/6812/4890 16/16/16 15/15/15
f 4856/6813/4891 4792/6718/4827 4857/6814/4892
f 4855/6812/4890 15/15/15 36/37/36
f 4774/6695/4809 4771/6694/4806 4854/6815/4889
f 4858/6816/4893 4774/6695/4809 4859/6817/4894
f 4697/6818/4732 4668/6704/4703 4808/6738/4843
f 4730/6636/4765 4745/6819/4780 4686/6574/4721
f 4707/6611/4742 4673/6554/4708 4672/6553/4707
f 4667/6541/4702 4678/6562/4713 4846/6799/4881
f 4802/6732/4837 4704/6820/4739 4860/6821/4895
f 4614/6464/4649 4542/6360/4577 4627/6480/4662
f 4826/6794/4861 4857/6822/4892 4792/6781/4827
f 4664/6664/4699 4861/6823/4896 4749/6665/4784
f 4799/6727/4834 4862/6824/4897 4863/6825/4898
f 4852/6809/4887 4851/6808/4886 4864/6826/4899
f 4700/6827/4735 4768/6685/4803 4767/6684/4802
f 4774/6695/4809 4858/6816/4893 4773/6693/4808
f 4542/6360/4577 4614/6464/4649 4565/6388/4600
f 4808/6738/4843 4668/6704/4703 4797/6725/4832
f 4740/6706/4775 693/853/715 4865/6828/4900
f 4428/6829/4463 4697/6818/4732 4808/6738/4843
f 4818/6754/4853 4853/6810/4888 4732/6638/4767
f 4408/6194/4443 4403/6188/4438 4428/6216/4463
f 4769/6686/4804 4810/6743/4845 4745/6656/4780
f 4427/6334/4462 4428/6829/4463 4808/6738/4843
f 4769/6686/4804 4811/6744/4846 4810/6743/4845
f 4704/6820/4739 4802/6732/4837 4825/6830/4860
f 4843/6831/4878 4866/6832/4901 4717/6622/4752
f 4695/6596/4730 4655/6520/4690 4760/6677/4795
f 779/976/801 4702/6833/4737 778/975/800
f 4569/6392/4604 4576/6834/4611 4251/6465/4286
f 4771/6694/4806 4723/6835/4758 4854/6815/4889
f 4867/6836/4902 4868/6837/4903 4869/6838/4904
f 4554/6377/4589 4530/6341/4565 4529/6340/4564
f 4868/6837/4903 4870/6839/4905 4720/6625/4755
f 4871/6840/4906 4872/6841/4907 4857/6822/4892
f 4712/6647/4747 4848/6842/4883 4689/6577/4724
f 4815/6800/4850 4819/6843/4854 4847/6801/4882
f 4871/6840/4906 4826/6794/4861 18/6740/18
f 4871/6840/4906 4786/6711/4821 4872/6841/4907
f 4745/6656/4780 4873/6844/4908 4769/6686/4804
f 4861/6823/4896 4664/6664/4699 4653/6518/4688
f 4643/6500/4678 4642/6499/4677 4630/6535/4665
f 4654/6519/4689 4653/6518/4688 4664/6664/4699
f 778/975/800 4701/6845/4736 4865/6828/4900
f 4832/6846/4867 4860/6821/4895 4704/6820/4739
f 4868/6837/4903 4874/6847/4909 4875/6848/4910
f 4865/6828/4900 693/853/715 777/973/799
f 4666/6650/4701 4654/6591/4689 4693/6590/4728
f 2392/3034/2427 2221/2801/2256 2390/3032/2425
f 4839/6787/4874 4823/6762/4858 4876/6849/4911
f 4427/6334/4462 4808/6738/4843 4525/6335/4560
f 4860/6821/4895 4832/6846/4867 4802/6732/4837
f 4851/6808/4886 4407/6193/4442 4877/6850/4912
f 4698/6599/4733 4845/6798/4880 4681/6851/4716
f 4871/6840/4906 18/6740/18 4786/6711/4821
f 4868/6837/4903 4720/6625/4755 4874/6847/4909
f 4698/6599/4733 4700/6601/4735 4845/6798/4880
f 4859/6817/4894 4774/6695/4809 4854/6815/4889
f 4786/6711/4821 18/6740/18 4787/6712/4822
f 4587/6418/4622 4586/6417/4621 4238/5869/4273
f 4756/6673/4791 4732/6638/4767 4747/6662/4782
f 4722/6627/4757 4721/6626/4756 4772/6690/4807
f 4648/6512/4683 4650/6514/4685 4778/6720/4813
f 4878/6852/4913 4858/6853/4893 4737/6854/4772
f 4879/6855/4914 4877/6850/4912 4407/6193/4442
f 4756/6673/4791 4818/6754/4853 4732/6638/4767
f 777/973/799 778/975/800 4865/6828/4900
f 4858/6853/4893 4878/6852/4913 4880/6856/4915
f 4573/6400/4608 4587/6418/4622 4238/5869/4273
f 2360/2977/2395 2287/2881/2322 2358/2975/2393
f 4516/6437/4551 4600/6436/4635 4571/6395/4606
f 4812/6745/4847 4543/6501/4578 4627/6480/4662
f 4809/6739/4844 4881/6857/4916 4808/6738/4843
f 4749/6665/4784 4861/6823/4896 4811/6744/4846
f 4882/6858/4917 36/40/36 39/979/39
f 4883/6859/4918 4733/6639/4768 4739/6648/4774
f 4853/6810/4888 4718/6623/4753 4720/6625/4755
f 4850/6806/4885 4786/6805/4821 4785/6860/4820
f 16/16/16 4855/6812/4890 20/36/20
f 4793/6721/4828 4718/6623/4753 4853/6810/4888
f 4661/6527/4696 4516/6437/4551 4571/6395/4606
f 4878/6852/4913 4737/6854/4772 4884/6861/4919
f 4577/6405/4612 4556/6379/4591 4550/6373/4585
f 4576/6404/4611 4575/6403/4610 4616/6467/4651
f 4542/6360/4577 4543/6501/4578 4812/6745/4847
f 4806/6736/4841 4800/6862/4835 4885/6863/4920
f 4579/6407/4614 4586/6417/4621 4577/6405/4612
f 4883/6859/4918 4868/6837/4903 4867/6836/4902
f 4650/6559/4685 4678/6562/4713 4778/6700/4813
f 4886/6864/4921 4840/6865/4875 4887/6866/4922
f 4842/6867/4877 4888/6868/4923 4889/6869/4924
f 4525/6335/4560 4808/6738/4843 4881/6857/4916
f 756/980/778 4798/6870/4833 779/976/801
f 4890/6871/4925 4762/6679/4797 4733/6639/4768
f 4593/6429/4628 4644/6506/4679 4594/6430/4629
f 4744/6872/4779 4707/6611/4742 4672/6553/4707
f 4623/6476/4658 2093/6873/2128 4582/6413/4617
f 4713/6618/4748 4715/6620/4750 4889/6869/4924
f 4720/6625/4755 4870/6839/4905 4739/6648/4774
f 4891/6874/4926 4837/6784/4872 4892/6875/4927
f 4742/6876/4777 4893/6877/4928 4743/6659/4778
f 4894/6878/4929 20/6742/20 4855/6879/4890
f 4895/6880/4930 4714/6881/4749 4804/6882/4839
f 4896/6883/4931 4884/6861/4919 4897/6884/4932
f 4803/6885/4838 4895/6880/4930 4804/6882/4839
f 4898/6886/4933 4899/6887/4934 4900/6888/4935
f 4850/6806/4885 4901/6889/4936 4849/6804/4884
f 4746/6660/4781 4743/6659/4778 4893/6877/4928
f 4901/6889/4936 4850/6806/4885 4902/6890/4937
f 4903/6891/4938 4904/6892/4939 4905/6893/4940
f 4623/6510/4658 1809/2293/1843 2093/2640/2128
f 4906/6894/4941 4907/6895/4942 4803/6733/4838
f 4845/6798/4880 4759/6896/4794 4766/6897/4801
f 4859/6898/4894 4715/6620/4750 4737/6644/4772
f 4908/6899/4943 4904/6892/4939 4903/6891/4938
f 4909/6900/4944 4899/6887/4934 4898/6886/4933
f 4707/6691/4742 4692/6584/4727 4649/6655/4684
f 4690/6606/4725 4692/6901/4727 4707/6611/4742
f 4810/6743/4845 4686/6807/4721 4745/6656/4780
f 4910/6902/4945 4837/6784/4872 4911/6903/4946
f 4868/6837/4903 4875/6848/4910 4869/6838/4904
f 4882/6904/4917 39/42/39 41/44/41
f 41/44/41 27/27/27 4813/6905/4848
f 4687/6906/4722 4848/6803/4883 4655/6520/4690
f 4883/6859/4918 4867/6836/4902 4912/6907/4947
f 4855/6879/4890 36/40/36 4806/6736/4841
f 4913/6908/4948 4914/6909/4949 4915/6910/4950
f 4841/6790/4876 4846/6799/4881 4678/6562/4713
f 4916/6911/4951 4841/6790/4876 4678/6562/4713
f 4835/6912/4870 4917/6913/4952 4918/6914/4953
f 4781/6703/4816 4640/6705/4675 4710/6688/4745
f 4719/6624/4754 4717/6622/4752 4866/6832/4901
f 4894/6878/4929 4855/6879/4890 4919/6915/4954
f 4914/6909/4949 4913/6908/4948 4920/6916/4955
f 4714/6881/4749 4895/6880/4930 4737/6854/4772
f 4787/6712/4822 4921/6917/4956 4830/6769/4865
f 4922/6918/4957 4904/6892/4939 4908/6899/4943
f 4922/6918/4957 4908/6899/4943 4923/6919/4958
f 4898/6886/4933 4924/6920/4959 4925/6921/4960
f 4924/6920/4959 4898/6886/4933 4926/6922/4961
f 20/6742/20 4919/6915/4954 4921/6917/4956
f 20/6742/20 4894/6878/4929 4919/6915/4954
f 4827/6923/4862 4683/6568/4718 4705/6608/4740
f 20/6742/20 4921/6917/4956 4787/6712/4822
f 4927/6924/4962 4869/6838/4904 4875/6848/4910
f 4928/6925/4963 4864/6926/4899 4851/6927/4886
f 4738/6645/4773 4827/6766/4862 4705/6646/4740
f 4742/6652/4777 4744/6654/4779 4764/6681/4799
f 4673/6692/4708 4702/6833/4737 4798/6870/4833
f 4907/6895/4942 4895/6928/4930 4803/6733/4838
f 4929/6929/4964 4864/6926/4899 4928/6925/4963
f 4930/6930/4965 4805/6931/4840 4817/6932/4852
f 4836/6802/4871 4814/6770/4849 4831/6771/4866
f 4931/6933/4966 4795/6723/4830 4748/6663/4783
f 4932/6934/4967 4916/6935/4951 4678/6936/4713
f 4928/6937/4963 4851/6808/4886 4877/6850/4912
f 4933/6938/4968 4934/6939/4969 4901/6889/4936
f 4885/6863/4920 4921/6917/4956 4919/6915/4954
f 4935/6940/4970 4805/6735/4840 4930/6941/4965
f 4673/6692/4708 4649/6655/4684 4702/6833/4737
f 4696/6597/4731 4861/6823/4896 4653/6518/4688
f 4687/6906/4722 4655/6520/4690 4838/6786/4873
f 4702/6833/4737 779/976/801 4798/6870/4833
f 4882/6904/4917 41/44/41 4813/6905/4848
f 4893/6942/4928 4742/6652/4777 4764/6681/4799
f 4927/6924/4962 4875/6848/4910 4782/6707/4817
f 4750/6667/4785 4706/6609/4741 4718/6623/4753
f 4936/6943/4971 4937/6944/4972 4938/6945/4973
f 4740/6649/4775 4666/6650/4701 4693/6590/4728
f 4939/6946/4974 4828/6767/4863 4940/6947/4975
f 4665/6538/4700 4647/6509/4682 4646/6508/4681
f 4859/6948/4894 4737/6854/4772 4941/6949/4976
f 4855/6879/4890 4806/6736/4841 4919/6915/4954
f 4709/6614/4744 4823/6762/4858 4942/6950/4977
f 4943/6951/4978 4944/6952/4979 4945/6953/4980
f 776/972/798 4744/6872/4779 4672/6553/4707
f 4881/6857/4916 4809/6739/4844 4797/6725/4832
f 4910/6902/4945 4946/6954/4981 4947/6955/4982
f 4946/6954/4981 4913/6908/4948 4948/6956/4983
f 4744/6872/4779 4743/6659/4778 4707/6611/4742
f 4949/6957/4984 4950/6958/4985 4937/6944/4972
f 4795/6723/4830 4931/6933/4966 4951/6959/4986
f 4732/6638/4767 4853/6810/4888 4739/6648/4774
f 4753/6960/4788 4952/6961/4987 4953/6962/4988
f 4943/6951/4978 4954/6963/4989 4944/6952/4979
f 4762/6679/4797 4931/6933/4966 4748/6663/4783
f 4680/6564/4715 4744/6654/4779 776/6565/798
f 4867/6836/4902 4869/6838/4904 4955/6964/4990
f 4707/6611/4742 4743/6659/4778 4703/6604/4738
f 4956/6965/4991 4864/6926/4899 4929/6929/4964
f 4762/6679/4797 4957/6966/4992 4931/6933/4966
f 4956/6965/4991 4821/6760/4856 4864/6926/4899
f 4907/6895/4942 4906/6894/4941 4958/6967/4993
f 4712/6647/4747 4876/6849/4911 4824/6763/4859
f 4959/6968/4994 4960/6969/4995 4961/6970/4996
f 4846/6799/4881 4687/6906/4722 4838/6786/4873
f 4962/6971/4997 4950/6958/4985 4949/6957/4984
f 4928/6937/4963 4877/6850/4912 4886/6972/4921
f 4963/6973/4998 4758/6675/4793 4874/6847/4909
f 4865/6828/4900 4701/6845/4736 4740/6706/4775
f 4688/6576/4723 4687/6575/4722 4788/6713/4823
f 4738/6645/4773 4712/6647/4747 4824/6763/4859
f 4726/6631/4761 4893/6942/4928 4724/6629/4759
f 4963/6973/4998 4874/6847/4909 4866/6832/4901
f 4927/6924/4962 4782/6707/4817 4939/6946/4974
f 4939/6946/4974 4782/6707/4817 4828/6767/4863
f 4788/6713/4823 4842/6867/4877 4789/6714/4824
f 4944/6952/4979 4964/6974/4999 4965/6975/5000
f 4770/6687/4805 4873/6844/4908 4797/6725/4832
f 4767/6797/4802 4753/6960/4788 4953/6962/4988
f 4966/6976/5001 4967/6977/5002 4968/6978/5003
f 4910/6902/4945 4947/6955/4982 4969/6979/5004
f 4920/6916/4955 4917/6980/4952 4914/6909/4949
f 4970/6981/5005 4971/6982/5006 4932/6983/4967
f 4893/6942/4928 4726/6631/4761 4972/6984/5007
f 4805/6735/4840 4935/6940/4970 4806/6736/4841
f 4842/6791/4877 4841/6790/4876 4932/6985/4967
f 4932/6983/4967 4888/6868/4923 4842/6867/4877
f 4889/6869/4924 4789/6714/4824 4842/6867/4877
f 4921/6917/4956 4973/6986/5008 4830/6769/4865
f 4873/6844/4908 4881/6857/4916 4797/6725/4832
f 4929/6987/4964 4928/6937/4963 4886/6972/4921
f 4829/6768/4864 4940/6947/4975 4828/6767/4863
f 4699/6600/4734 4709/6614/4744 4942/6950/4977
f 4955/6964/4990 4912/6907/4947 4867/6836/4902
f 4770/6687/4805 4769/6686/4804 4873/6844/4908
f 4678/6562/4713 4667/6541/4702 4778/6700/4813
f 4740/6649/4775 4701/6602/4736 4648/6512/4683
f 4899/6887/4934 4974/6988/5009 4975/6989/5010
f 4785/6710/4820 4830/6769/4865 4973/6986/5008
f 4971/6982/5006 4888/6868/4923 4932/6983/4967
f 4976/6990/5011 4977/6991/5012 4978/6992/5013
f 4939/6946/4974 4955/6964/4990 4927/6924/4962
f 4891/6874/4926 4979/6993/5014 4775/6696/4810
f 4971/6982/5006 4713/6618/4748 4888/6868/4923
f 4766/6683/4801 4730/6636/4765 4686/6574/4721
f 4964/6994/4999 4944/6995/4979 4980/6996/5015
f 4976/6990/5011 4980/6997/5015 4977/6991/5012
f 4399/6184/4434 4400/6185/4435 4753/6998/4788
f 4981/6999/5016 4958/6967/4993 4906/6894/4941
f 4976/6990/5011 4982/7000/5017 4980/6997/5015
f 4757/6674/4792 4874/6847/4909 4758/6675/4793
f 4793/6721/4828 4750/6667/4785 4718/6623/4753
f 4968/6978/5003 4983/7001/5018 4984/7002/5019
f 4759/6896/4794 4845/6798/4880 4767/6797/4802
f 4985/7003/5020 4931/6933/4966 4957/6966/4992
f 4377/6137/4412 4728/6634/4763 4952/7004/4987
f 4986/7005/5021 4977/7006/5012 4980/6996/5015
f 4936/6943/4971 4987/7007/5022 4988/7008/5023
f 4835/6779/4870 4956/6965/4991 4929/6929/4964
f 4954/6963/4989 4902/6890/4937 4862/7009/4897
f 4989/7010/5024 4840/6788/4875 4844/6796/4879
f 4785/7011/4820 4863/6825/4898 4862/6824/4897
f 4990/7012/5025 4836/6802/4871 4831/6771/4866
f 4827/6766/4862 4681/6851/4716 4683/7013/4718
f 4680/6564/4715 4765/6682/4800 4744/6654/4779
f 4681/6851/4716 4845/6798/4880 4685/7014/4720
f 4681/6851/4716 4827/6766/4862 4698/6599/4733
f 4932/6985/4967 4678/6562/4713 4677/6561/4712
f 4833/7015/4868 4835/6912/4870 4918/6914/4953
f 4856/6813/4891 4783/6708/4818 4792/6718/4827
f 4789/6714/4824 4889/6869/4924 4859/6898/4894
f 4991/7016/5026 4992/7017/5027 4993/7018/5028
f 4705/6608/4740 4682/6567/4717 4735/7019/4770
f 4702/6833/4737 4701/6845/4736 778/975/800
f 4846/6799/4881 4788/6792/4823 4687/6906/4722
f 4859/6817/4894 4941/7020/4976 4858/6816/4893
f 4943/6951/4978 4994/7021/5029 4902/6890/4937
f 4989/7010/5024 4844/6796/4879 4561/7022/4596
f 4995/7023/5030 4994/7021/5029 4943/6951/4978
f 4729/6658/4764 4873/6844/4908 4745/6656/4780
f 4987/7007/5022 4938/6945/4973 4915/6910/4950
f 4715/6620/4750 4859/6898/4894 4889/6869/4924
f 4873/6844/4908 4729/6658/4764 4881/6857/4916
f 4885/6863/4920 4919/6915/4954 4806/6736/4841
f 4996/7024/5031 4958/6967/4993 4981/6999/5016
f 4997/7025/5032 4998/7026/5033 4925/6921/4960
f 4893/6942/4928 4981/6999/5016 4906/6894/4941
f 4788/6792/4823 4846/6799/4881 4841/6790/4876
f 4819/6755/4854 4817/6751/4852 4805/6735/4840
f 4999/7027/5034 4955/6964/4990 4975/6989/5010
f 4923/6919/4958 5000/7028/5035 4922/6918/4957
f 4884/6861/4919 4905/6893/4940 4904/6892/4939
f 4711/6616/4746 4705/6608/4740 4735/7019/4770
f 5001/7029/5036 4926/6922/4961 5002/7030/5037
f 4728/6634/4763 4759/6676/4794 4952/7004/4987
f 4856/6813/4891 4829/6768/4864 4783/6708/4818
f 4848/6842/4883 4687/6575/4722 4689/6577/4724
f 4917/6913/4952 4929/6987/4964 4886/6972/4921
f 4854/6811/4889 4688/6576/4723 4789/6714/4824
f 4943/6951/4978 4902/6890/4937 4954/6963/4989
f 5003/7031/5038 4999/7027/5034 4975/6989/5010
f 4922/6918/4957 4897/6884/4932 4904/6892/4939
f 4829/6768/4864 4872/7032/4907 4934/6939/4969
f 5004/7033/5039 4887/6866/4922 4840/6865/4875
f 4971/6982/5006 4970/6981/5005 4790/7034/4825
f 4981/6999/5016 4893/6942/4928 4972/6984/5007
f 5005/7035/5040 5006/7036/5041 4980/6996/5015
f 4946/6954/4981 4911/6903/4946 4920/6916/4955
f 4762/6679/4797 5007/7037/5042 4957/6966/4992
f 4944/6995/4979 4954/7038/4989 5008/7039/5043
f 4713/6618/4748 4971/6982/5006 4790/7034/4825
f 4790/6715/4825 4825/6764/4860 4714/6881/4749
f 4825/6764/4860 4804/6882/4839 4714/6881/4749
f 4961/6970/4996 5009/7040/5044 4910/6902/4945
f 4764/6681/4799 4744/6654/4779 4765/6682/4800
f 4975/6989/5010 4955/6964/4990 4899/6887/4934
f 4729/6658/4764 4525/6335/4560 4881/6857/4916
f 4686/6574/4721 4685/6573/4720 4766/6683/4801
f 4780/7041/4815 4796/7042/4831 4923/6919/4958
f 4823/6762/4858 4839/6787/4874 4942/6950/4977
f 4925/6921/4960 4909/6900/4944 4898/6886/4933
f 4933/6938/4968 5001/7029/5036 5002/7030/5037
f 5010/7043/5045 5003/7031/5038 4975/6989/5010
f 4691/6583/4726 4677/6561/4712 4692/6584/4727
f 4858/6853/4893 4941/6949/4976 4737/6854/4772
f 4835/6779/4870 4834/6778/4869 4956/6965/4991
f 5007/7037/5042 5011/7044/5046 4957/6966/4992
f 5008/7039/5043 4799/6727/4834 4977/7006/5012
f 4789/7045/4824 4859/6817/4894 4854/6815/4889
f 4852/7046/4887 30/30/30 780/978/802
f 5012/7047/5047 5003/7031/5038 5010/7043/5045
f 4729/6658/4764 4376/7048/4411 4525/6335/4560
f 4841/7049/4876 4916/7050/4951 4932/7051/4967
f 4803/6733/4838 4746/7052/4781 4906/6894/4941
f 4884/6861/4919 4904/6892/4939 4897/6884/4932
f 4986/7005/5021 5008/7039/5043 4977/7006/5012
f 4962/6971/4997 4969/6979/5004 4950/6958/4985
f 4811/6744/4846 4861/6823/4896 4736/6643/4771
f 5013/7053/5048 4991/7016/5026 4993/7018/5028
f 4823/6762/4858 4824/6763/4859 4876/6849/4911
f 4977/7006/5012 4799/6727/4834 4978/7054/5013
f 4760/6677/4795 4711/7055/4746 4735/6642/4770
f 4940/6947/4975 4829/6768/4864 4934/6939/4969
f 4856/6813/4891 4857/6814/4892 4872/7032/4907
f 4720/6625/4755 4866/6832/4901 4874/6847/4909
f 4852/7046/4887 763/945/785 30/30/30
f 4957/6966/4992 5011/7044/5046 4985/7003/5020
f 5014/7056/5049 4965/6975/5000 5015/7057/5050
f 4924/6920/4959 4926/6922/4961 5001/7029/5036
f 4677/6561/4712 4691/6583/4726 4790/6715/4825
f 4804/6882/4839 4825/6764/4860 4802/7058/4837
f 5016/7059/5051 5012/7047/5047 5010/7043/5045
f 4756/6673/4791 5017/7060/5052 4726/6631/4761
f 4785/6710/4820 4973/6986/5008 4863/7061/4898
f 4886/6864/4921 4914/6909/4949 4917/6980/4952
f 5018/7062/5053 5019/7063/5054 4969/6979/5004
f 4869/6838/4904 4927/6924/4962 4955/6964/4990
f 4990/7012/5025 4815/6800/4850 4836/6802/4871
f 4769/6686/4804 4710/6688/4745 4811/6744/4846
f 5020/7064/5055 5010/7043/5045 4975/6989/5010
f 5021/7065/5056 4800/6862/4835 4973/6986/5008
f 4708/6613/4743 4712/6647/4747 4689/6577/4724
f 4866/6832/4901 4720/6625/4755 4719/6624/4754
f 4377/6420/4412 4952/6961/4987 4400/6482/4435
f 4986/7005/5021 4980/6996/5015 4944/6995/4979
f 763/7066/785 4852/6809/4887 5022/7067/5057
f 763/945/785 5022/7068/5057 696/857/718
f 4969/6979/5004 4947/6955/4982 4948/6956/4983
f 4685/7014/4720 4845/6798/4880 4766/6897/4801
f 4970/6981/5005 4932/6983/4967 4677/7069/4712
f 4970/6981/5005 4677/7069/4712 4790/7034/4825
f 4862/6824/4897 5008/7039/5043 4954/7038/4989
f 5023/7070/5058 4923/7071/4958 4796/6724/4831
f 4753/6998/4788 5024/7072/5059 4399/6184/4434
f 5000/7028/5035 4923/6919/4958 5023/7073/5058
f 4958/6967/4993 4895/6928/4930 4907/6895/4942
f 4682/6567/4717 4681/6566/4716 4686/6574/4721
f 4937/6944/4972 4936/6943/4971 4992/7017/5027
f 4933/6938/4968 4901/6889/4936 4994/7021/5029
f 4876/6849/4911 5025/7074/5060 4839/6787/4874
f 4400/6482/4435 4952/6961/4987 4753/6960/4788
f 4708/6613/4743 4876/6849/4911 4712/6647/4747
f 4708/6613/4743 5025/7074/5060 4876/6849/4911
f 4952/6961/4987 4759/6896/4794 4953/6962/4988
f 4900/6888/4935 4940/6947/4975 5026/7075/5061
f 4936/6943/4971 4993/7018/5028 4992/7017/5027
f 4924/6920/4959 5001/7029/5036 4997/7025/5032
f 4783/6708/4818 4829/6768/4864 4782/6707/4817
f 4901/6889/4936 4902/6890/4937 4994/7021/5029
f 4944/6952/4979 4965/6975/5000 4945/6953/4980
f 4725/6630/4760 4751/6668/4786 4756/6673/4791
f 4908/6899/4943 4981/7076/5016 4780/7041/4815
f 4879/6855/4914 4407/6193/4442 4406/6192/4441
f 4935/6940/4970 4800/6862/4835 4806/6736/4841
f 780/7077/802 11/11/11 13/13/13
f 4891/6874/4926 4834/6778/4869 4837/6784/4872
f 4935/6940/4970 4801/7078/4836 4800/6862/4835
f 4883/6859/4918 5027/7079/5062 4733/6639/4768
f 4746/7052/4781 4893/6942/4928 4906/6894/4941
f 5028/7080/5063 5029/7081/5064 4892/6875/4927
f 5021/7065/5056 4973/6986/5008 4885/6863/4920
f 4895/6880/4930 4905/6893/4940 4737/6854/4772
f 23/23/23 25/25/25 45/49/45
f 4944/6995/4979 5008/7039/5043 4986/7005/5021
f 4406/6192/4441 4415/6203/4450 4879/6855/4914
f 4892/6875/4927 5009/7040/5044 5028/7080/5063
f 4561/6384/4596 4844/7082/4879 4562/6385/4597
f 4723/6628/4758 4722/6627/4757 4688/6576/4723
f 4696/6597/4731 4736/6643/4771 4861/6823/4896
f 4949/6957/4984 4937/6944/4972 4992/7017/5027
f 4688/6576/4723 4722/6627/4757 4708/6613/4743
f 5030/7083/5065 4933/6938/4968 4994/7021/5029
f 4856/6813/4891 4872/7032/4907 4829/6768/4864
f 4910/6902/4945 4969/6979/5004 5031/7084/5066
f 4407/6193/4442 780/7085/802 4537/6353/4572
f 4407/6193/4442 4852/6809/4887 780/7085/802
f 29/964/29 11/11/11 780/7077/802
f 4864/6826/4899 5022/7067/5057 4852/6809/4887
f 4799/6727/4834 4973/7086/5008 4800/6728/4835
f 5031/7084/5066 4961/6970/4996 4910/6902/4945
f 5032/7087/5067 5033/7088/5068 5034/7089/5069
f 4722/6627/4757 4839/6787/4874 5025/7074/5060
f 4753/6670/4788 4755/6672/4790 5024/7090/5059
f 4747/6662/4782 4732/6638/4767 4734/6640/4769
f 4981/6999/5016 4972/6984/5007 4780/6702/4815
f 4415/6203/4450 4840/6788/4875 4879/6855/4914
f 696/857/718 23/23/23 45/49/45
f 4821/6760/4856 23/23/23 696/857/718
f 4964/6994/4999 4980/6996/5015 5006/7036/5041
f 5035/7091/5070 5036/7092/5071 5032/7087/5067
f 5027/7079/5062 4883/6859/4918 4912/6907/4947
f 4803/6733/4838 4832/6846/4867 4746/7052/4781
f 5004/7033/5039 4840/6865/4875 4989/7093/5024
f 4699/7094/4734 5037/7095/5072 4700/6827/4735
f 5022/7068/5057 4821/6760/4856 696/857/718
f 4820/6759/4855 23/23/23 4821/6760/4856
f 5022/7068/5057 4864/6926/4899 4821/6760/4856
f 4757/6674/4792 4875/6848/4910 4874/6847/4909
f 4780/6702/4815 4972/6984/5007 4726/6631/4761
f 4724/6629/4759 4893/6942/4928 4764/6681/4799
f 4537/6353/4572 780/7085/802 13/6346/13
f 5030/7083/5065 4995/7023/5030 5038/7096/5073
f 4953/6962/4988 4759/6896/4794 4767/6797/4802
f 4996/7024/5031 4903/7097/4938 4958/6967/4993
f 4795/6723/4830 4780/6702/4815 4748/6663/4783
f 5039/7098/5074 4817/6932/4852 4816/7099/4851
f 4895/6880/4930 4958/7100/4993 4903/6891/4938
f 4940/6947/4975 4934/6939/4969 5026/7075/5061
f 5028/7080/5063 5040/7101/5075 5029/7081/5064
f 5041/7102/5076 5018/7062/5053 5042/7103/5077
f 4722/6627/4757 5025/7074/5060 4708/6613/4743
f 4895/6880/4930 4903/6891/4938 4905/6893/4940
f 4834/6778/4869 4891/6874/4926 4777/6698/4812
f 5043/7104/5078 5033/7088/5068 5044/7105/5079
f 4903/6891/4938 4981/7076/5016 4908/6899/4943
f 4903/6891/4938 4996/7106/5031 4981/7076/5016
f 4802/6732/4837 4832/6846/4867 4803/6733/4838
f 4713/6618/4748 4790/7034/4825 4714/6619/4749
f 4606/6447/4641 4434/6224/4469 5045/7107/5080
f 4933/6938/4968 5026/7075/5061 4934/6939/4969
f 4930/6941/4965 4801/7078/4836 4935/6940/4970
f 5046/7108/5081 4817/6932/4852 5039/7098/5074
f 5047/7109/5082 2359/2976/2394 5005/7035/5040
f 4747/6662/4782 4726/6631/4761 5017/7060/5052
f 4713/6618/4748 4889/6869/4924 4888/6868/4923
f 4835/6912/4870 4929/6987/4964 4917/6913/4952
f 5048/7110/5083 4897/6884/4932 4922/6918/4957
f 5049/7111/5084 5050/7112/5085 5051/7113/5086
f 4820/6759/4855 24/24/24 23/23/23
f 4885/6863/4920 4800/6862/4835 5021/7065/5056
f 4779/6701/4814 4726/6631/4761 4747/6662/4782
f 5052/7114/5087 5036/7092/5071 5035/7091/5070
f 4561/6384/4596 4444/6550/4479 4988/7115/5023
f 4773/7116/4808 5053/7117/5088 4794/6722/4829
f 4934/6939/4969 4872/7032/4907 4849/6804/4884
f 4942/7118/4977 5054/7119/5089 4699/7094/4734
f 4908/6899/4943 4780/7041/4815 4923/6919/4958
f 4990/7120/5025 4816/6750/4851 4815/6749/4850
f 4940/6947/4975 4900/6888/4935 4939/6946/4974
f 1/1/1 4791/6717/4826 4757/6674/4792
f 5050/7112/5085 5055/7121/5090 5051/7113/5086
f 4780/6702/4815 4726/6631/4761 4779/6701/4814
f 5017/7060/5052 4756/6673/4791 4747/6662/4782
f 5056/7122/5091 47/6756/47 7/7123/7
f 5056/7122/5091 4963/7124/4998 47/6756/47
f 4757/6674/4792 4791/6717/4826 4783/6708/4818
f 5056/7125/5091 7/7/7 2/2/2
f 4863/7061/4898 4973/6986/5008 4799/7126/4834
f 4963/7124/4998 4843/6793/4878 47/6756/47
f 5057/7127/5092 4606/6447/4641 5045/7107/5080
f 1/7128/1 4758/7129/4793 5056/7122/5091
f 4937/6944/4972 4950/6958/4985 4938/6945/4973
f 5058/7130/5093 4960/6969/4995 4968/6978/5003
f 5059/7131/5094 5014/7056/5049 5060/7132/5095
f 4891/6874/4926 4892/6875/4927 4979/6993/5014
f 4963/7124/4998 5056/7122/5091 4758/7129/4793
f 5033/7088/5068 5061/7133/5096 5054/7134/5089
f 5059/7131/5094 4933/6938/4968 5038/7096/5073
f 5062/7135/5097 5000/7028/5035 5023/7073/5058
f 5034/7089/5069 5033/7088/5068 5054/7134/5089
f 4822/6761/4857 24/24/24 4820/6759/4855
f 5062/7135/5097 5063/7136/5098 5000/7028/5035
f 4794/7137/4829 5064/7138/5099 5065/7139/5100
f 4999/7027/5034 5027/7079/5062 4912/6907/4947
f 5066/7140/5101 5067/7141/5102 5068/7142/5103
f 5003/7031/5038 5027/7079/5062 4999/7027/5034
f 4938/6945/4973 4987/7007/5022 4936/6943/4971
f 4748/6663/4783 4779/6701/4814 4747/6662/4782
f 5069/7143/5104 5070/7144/5105 5071/7145/5106
f 5067/7141/5102 4694/6593/4729 5068/7142/5103
f 4950/6958/4985 4913/6908/4948 4938/6945/4973
f 5029/7081/5064 4979/6993/5014 4892/6875/4927
f 4875/6848/4910 4757/6674/4792 4782/6707/4817
f 4978/7054/5013 4930/6930/4965 4982/7146/5017
f 4901/6889/4936 4934/6939/4969 4849/6804/4884
f 4990/7012/5025 4775/6696/4810 5029/7081/5064
f 4775/6696/4810 4979/6993/5014 5029/7081/5064
f 5052/7114/5087 5072/7147/5107 5044/7105/5079
f 4973/6986/5008 4921/6917/4956 4885/6863/4920
f 4930/6930/4965 5073/7148/5108 4982/7146/5017
f 5040/7149/5075 4816/6750/4851 4990/7120/5025
f 4815/6749/4850 4817/6751/4852 4819/6755/4854
f 4955/6964/4990 4999/7027/5034 4912/6907/4947
f 5050/7112/5085 5049/7111/5084 5074/7150/5109
f 5075/7151/5110 5063/7136/5098 5062/7135/5097
f 5076/7152/5111 5074/7150/5109 5049/7111/5084
f 4777/6698/4812 4821/6760/4856 4956/6965/4991
f 5075/7153/5110 5062/7154/5097 5077/7155/5112
f 5078/7156/5113 5079/7157/5114 5012/7047/5047
f 4879/6855/4914 4840/6788/4875 4877/6850/4912
f 5053/7117/5088 5080/7158/5115 4794/6722/4829
f 4890/6871/4925 4733/6639/4768 5027/7079/5062
f 4814/6770/4849 33/33/33 4776/6697/4811
f 4963/6973/4998 4866/6832/4901 4843/6831/4878
f 5079/7157/5114 5007/7037/5042 5012/7047/5047
f 4988/7159/5023 4989/7010/5024 4561/7022/4596
f 4983/7001/5018 5081/7160/5116 5082/7161/5117
f 4884/6861/4919 4896/6883/4931 4878/6852/4913
f 4899/6887/4934 4939/6946/4974 4900/6888/4935
f 4768/6685/4803 4700/6827/4735 5037/7095/5072
f 5059/7131/5094 5001/7029/5036 4933/6938/4968
f 4994/7021/5029 4995/7023/5030 5030/7083/5065
f 4905/6893/4940 4884/6861/4919 4737/6854/4772
f 5083/7162/5118 5084/7163/5119 5085/7164/5120
f 4871/6840/4906 4857/6822/4892 4826/6794/4861
f 4786/6805/4821 4849/6804/4884 4872/7032/4907
f 4834/6778/4869 4777/6698/4812 4956/6965/4991
f 4822/6761/4857 34/34/34 24/24/24
f 5086/7165/5121 5087/7166/5122 5088/7167/5123
f 5089/7168/5124 4890/6871/4925 5027/7079/5062
f 33/33/33 34/34/34 4822/6761/4857
f 4989/7093/5024 4988/7008/5023 5004/7033/5039
f 4817/6932/4852 5073/7148/5108 4930/6930/4965
f 5090/7169/5125 4887/6866/4922 4915/6910/4950
f 4898/6886/4933 4900/6888/4935 4926/6922/4961
f 5091/7170/5126 5072/7147/5107 5092/7171/5127
f 33/6753/33 26/6752/26 28/7172/28
f 5050/7112/5085 5074/7150/5109 5093/7173/5128
f 4915/6910/4950 4887/6866/4922 5004/7033/5039
f 5057/7174/5092 5085/7164/5120 5084/7163/5119
f 5048/7110/5083 4922/6918/4957 5000/7028/5035
f 4785/6860/4820 4862/7009/4897 4850/6806/4885
f 5066/7140/5101 4589/6425/4624 5067/7141/5102
f 5003/7031/5038 5089/7168/5124 5027/7079/5062
f 5003/7031/5038 5012/7047/5047 5089/7168/5124
f 5084/7163/5119 5083/7162/5118 5094/7175/5129
f 4886/6864/4921 4887/6866/4922 5090/7169/5125
f 4909/6900/4944 4925/6921/4960 4974/6988/5009
f 4847/6801/4882 4882/6904/4917 4813/6905/4848
f 4819/6843/4854 4882/6904/4917 4847/6801/4882
f 5069/7143/5104 5095/7176/5130 5070/7144/5105
f 5037/7095/5072 5096/7177/5131 4768/6685/4803
f 4772/7178/4807 5065/7139/5100 4839/7179/4874
f 5097/7180/5132 5011/7044/5046 5098/7181/5133
f 5099/7182/5134 5100/7183/5135 5078/7156/5113
f 5100/7183/5135 5099/7182/5134 5020/7064/5055
f 5101/7184/5136 4897/6884/4932 5048/7110/5083
f 4959/6968/4994 4961/6970/4996 5019/7063/5054
f 4444/6550/4479 4936/7185/4971 4988/7115/5023
f 5086/7165/5121 5068/7142/5103 4694/6593/4729
f 5102/7186/5137 5086/7165/5121 5088/7167/5123
f 4806/6736/4841 36/40/36 4882/6858/4917
f 4806/6736/4841 4882/6858/4917 4807/6737/4842
f 5103/7187/5138 5104/7188/5139 5077/7189/5112
f 4850/6806/4885 4862/7009/4897 4902/6890/4937
f 4948/6956/4983 4913/6908/4948 4950/6958/4985
f 4890/6871/4925 5007/7037/5042 4762/6679/4797
f 5105/7190/5140 5091/7170/5126 5092/7171/5127
f 4949/6957/4984 5106/7191/5141 4962/6971/4997
f 4819/6843/4854 4807/7192/4842 4882/6904/4917
f 5059/7131/5094 4945/6953/4980 4965/6975/5000
f 5006/7036/5041 5005/7035/5040 2359/2976/2394
f 5082/7161/5117 4984/7002/5019 4983/7001/5018
f 4775/6696/4810 4831/6771/4866 4776/6697/4811
f 4900/6888/4935 5002/7030/5037 4926/6922/4961
f 5107/7193/5142 5108/7194/5143 5109/7195/5144
f 5073/7148/5108 4817/6932/4852 5110/7196/5145
f 5100/7183/5135 5079/7157/5114 5078/7156/5113
f 5111/7197/5146 5112/7198/5147 5113/7199/5148
f 4562/6385/4597 4844/7082/4879 4641/6498/4676
f 5114/7200/5149 5115/7201/5150 5102/7202/5137
f 5086/7203/5121 5116/7204/5151 5068/7205/5103
f 5090/7169/5125 4914/6909/4949 4886/6864/4921
f 4813/6746/4848 4836/6780/4871 4847/7206/4882
f 5012/7047/5047 5007/7037/5042 4890/6871/4925
f 5117/7207/5152 5107/7193/5142 5118/7208/5153
f 4962/6971/4997 5042/7103/5077 5018/7062/5053
f 5006/7036/5041 2359/2976/2394 2358/2975/2393
f 5073/7148/5108 5110/7196/5145 5119/7209/5154
f 5012/7047/5047 4890/6871/4925 5089/7168/5124
f 4754/6671/4789 4768/6685/4803 5096/7177/5131
f 4961/6970/4996 5120/7210/5155 5028/7080/5063
f 5121/7211/5156 4897/6884/4932 5101/7184/5136
f 5005/7035/5040 5119/7209/5154 5122/7212/5157
f 5037/7213/5072 5054/7134/5089 5123/7214/5158
f 5118/7208/5153 5124/7215/5159 5117/7207/5152
f 4773/6693/4808 4858/6816/4893 4880/7216/4915
f 5018/7062/5053 4969/6979/5004 4962/6971/4997
f 5095/7217/5130 5125/7218/5160 5126/7219/5161
f 4945/6953/4980 5059/7131/5094 5038/7096/5073
f 5124/7215/5159 5127/7220/5162 5128/7221/5163
f 5128/7221/5163 5127/7220/5162 5077/7222/5112
f 4886/6864/4921 4877/7223/4912 4840/6865/4875
f 5103/7224/5138 5023/7070/5058 5129/7225/5164
f 5130/7226/5165 5125/7218/5160 5095/7217/5130
f 4915/6910/4950 4938/6945/4973 4913/6908/4948
f 4839/7179/4874 5065/7139/5100 5131/7227/5166
f 5026/7075/5061 4933/6938/4968 5002/7030/5037
f 4777/6698/4812 4776/6697/4811 4821/6760/4856
f 5107/7193/5142 5117/7207/5152 5108/7194/5143
f 4437/6227/4472 5132/7228/5167 4435/6225/4470
f 5133/7229/5168 5134/7230/5169 5135/7231/5170
f 5073/7148/5108 5119/7209/5154 4982/7146/5017
f 4955/6964/4990 4939/6946/4974 4899/6887/4934
f 5016/7059/5051 5078/7156/5113 5012/7047/5047
f 5011/7044/5046 5136/7232/5171 5098/7181/5133
f 5137/7233/5172 5138/7234/5173 5139/7235/5174
f 4990/7120/5025 5029/7236/5064 5040/7149/5075
f 5040/7101/5075 5039/7098/5074 4816/7099/4851
f 5069/7237/5104 5043/7104/5078 5049/7238/5084
f 5016/7059/5051 5099/7182/5134 5078/7156/5113
f 4443/6233/4478 5140/7239/5175 4993/7018/5028
f 5095/7176/5130 5051/7113/5086 5130/7240/5165
f 4962/6971/4997 5106/7191/5141 5042/7103/5077
f 5043/7104/5078 5044/7105/5079 5072/7147/5107
f 5043/7104/5078 5072/7147/5107 5091/7170/5126
f 4974/6988/5009 4925/6921/4960 5141/7241/5176
f 4900/6888/4935 5026/7075/5061 5002/7030/5037
f 5059/7131/5094 5060/7132/5095 4997/7025/5032
f 4777/6698/4812 4891/6874/4926 4775/6696/4810
f 5142/7242/5177 5143/7243/5178 5103/7224/5138
f 4720/6625/4755 4739/6648/4774 4853/6810/4888
f 5090/7169/5125 4915/6910/4950 4914/6909/4949
f 5016/7059/5051 5010/7043/5045 5020/7064/5055
f 4775/6696/4810 4990/7012/5025 4831/6771/4866
f 5144/7244/5179 4754/7245/4789 5096/7246/5131
f 5020/7064/5055 4975/6989/5010 4974/6988/5009
f 5077/7155/5112 5062/7154/5097 5023/7070/5058
f 5145/7247/5180 5111/7248/5146 5113/7249/5148
f 5124/7215/5159 5128/7221/5163 5117/7207/5152
f 4868/6837/4903 4739/6648/4774 4870/6839/4905
f 4754/7245/4789 5144/7244/5179 5083/7162/5118
f 5109/7195/5144 5111/7248/5146 5145/7247/5180
f 5037/7213/5072 5123/7214/5158 5096/7250/5131
f 5016/7059/5051 5020/7064/5055 5099/7182/5134
f 5111/7197/5146 5134/7230/5169 5133/7229/5168
f 4868/6837/4903 4883/6859/4918 4739/6648/4774
f 5001/7029/5036 5059/7131/5094 4997/7025/5032
f 5114/7200/5149 5146/7251/5181 5115/7201/5150
f 5147/7252/5182 5128/7253/5163 5077/7189/5112
f 5148/7254/5183 5149/7255/5184 5150/7256/5185
f 5051/7113/5086 5095/7176/5130 5049/7111/5084
f 5049/7111/5084 5095/7176/5130 5069/7143/5104
f 5151/7257/5186 5098/7181/5133 5152/7258/5187
f 5121/7211/5156 5118/7208/5153 5153/7259/5188
f 5154/7260/5189 5155/7261/5190 5156/7262/5191
f 5101/7184/5136 5063/7136/5098 5157/7263/5192
f 5110/7196/5145 4817/6932/4852 5046/7108/5081
f 5066/7140/5101 5158/7264/5193 5159/7265/5194
f 4925/6921/4960 4924/6920/4959 4997/7025/5032
f 5101/7184/5136 5048/7110/5083 5063/7136/5098
f 5031/7084/5066 4969/6979/5004 5019/7063/5054
f 2136/2694/2171 5160/7266/5195 5161/7267/5196
f 5143/7243/5178 5142/7242/5177 5152/7258/5187
f 4987/7007/5022 5004/7033/5039 4988/7008/5023
f 5162/7268/5197 5163/7269/5198 5164/7270/5199
f 5165/7271/5200 5148/7254/5183 5166/7272/5201
f 4801/6729/4836 4930/6930/4965 4978/7054/5013
f 5081/7160/5116 2359/2976/2394 5047/7109/5082
f 3794/7273/3829 5167/7274/5202 3858/7275/3893
f 5150/7256/5185 5149/7255/5184 5168/7276/5203
f 4936/7185/4971 4444/6550/4479 4443/7277/4478
f 4909/6900/4944 4974/6988/5009 4899/6887/4934
f 5047/7109/5082 5122/7212/5157 5046/7108/5081
f 5169/7278/5204 5170/7279/5205 5159/7265/5194
f 5171/7280/5206 5172/7281/5207 4016/7282/4051
f 5064/7283/5099 4794/6722/4829 5080/7158/5115
f 4968/6978/5003 4960/6969/4995 4966/6976/5001
f 5164/7270/5199 5172/7281/5207 5171/7280/5206
f 4969/6979/5004 4948/6956/4983 4950/6958/4985
f 5164/7270/5199 3904/5318/3939 5172/7281/5207
f 4946/6954/4981 4920/6916/4955 4913/6908/4948
f 2170/2734/2205 5161/7267/5196 5173/7284/5208
f 5038/7096/5073 4933/6938/4968 5030/7083/5065
f 5174/7285/5209 5175/7286/5210 5176/7287/5211
f 5070/7144/5105 5088/7167/5123 5071/7145/5106
f 5104/7188/5139 5147/7252/5182 5077/7189/5112
f 4699/7094/4734 5054/7119/5089 5037/7095/5072
f 5039/7098/5074 5040/7101/5075 5120/7210/5155
f 4948/6956/4983 4947/6955/4982 4946/6954/4981
f 5177/7288/5212 4997/7025/5032 5060/7132/5095
f 5178/7289/5213 5170/7290/5205 5169/7291/5204
f 5066/7140/5101 5159/7265/5194 4727/7292/4762
f 5178/7289/5213 5169/7291/5204 5179/7293/5214
f 5066/7140/5101 4727/7292/4762 4589/6425/4624
f 5102/7186/5137 5088/7167/5123 5070/7144/5105
f 5046/7108/5081 5122/7212/5157 5110/7196/5145
f 5121/7211/5156 4896/6883/4931 4897/6884/4932
f 5083/7162/5118 4755/7294/4790 4754/7245/4789
f 5114/7200/5149 5180/7295/5215 5146/7251/5181
f 4915/6910/4950 5004/7033/5039 4987/7007/5022
f 5144/7296/5179 5123/7214/5158 5094/7297/5129
f 4961/6970/4996 4960/6969/4995 5058/7130/5093
f 5151/7257/5186 5142/7242/5177 5129/7225/5164
f 5009/7040/5044 4961/6970/4996 5028/7080/5063
f 5181/7298/5216 5182/7299/5217 5183/7300/5218
f 5145/7247/5180 5153/7259/5188 5109/7195/5144
f 5112/7301/5147 5053/7117/5088 4773/7116/4808
f 5112/7198/5147 4773/6693/4808 4880/7216/4915
f 5144/7244/5179 5094/7175/5129 5083/7162/5118
f 5178/7289/5213 4450/6241/4485 4452/6243/4487
f 5140/7239/5175 4443/6233/4478 4442/6232/4477
f 4474/6275/4509 4436/6274/4471 4694/6593/4729
f 5106/7191/5141 4992/7017/5027 4991/7016/5026
f 5176/7302/5211 5175/7303/5210 5139/7304/5174
f 5015/7057/5050 4965/6975/5000 4964/6974/4999
f 4968/6978/5003 4967/6977/5002 4983/7001/5018
f 5106/7191/5141 4949/6957/4984 4992/7017/5027
f 4920/7305/4955 4918/6914/4953 4917/6913/4952
f 5129/7225/5164 5023/7070/5058 4796/6724/4831
f 5061/7133/5096 5123/7214/5158 5054/7134/5089
f 5070/7306/5105 5095/7217/5130 5126/7219/5161
f 5184/7307/5219 5185/7308/5220 5186/7309/5221
f 3869/5291/3904 4509/6317/4544 3889/5292/3924
f 5121/7211/5156 5153/7259/5188 4896/6883/4931
f 4755/7294/4790 5045/7310/5080 5024/7311/5059
f 5185/7312/5220 5187/7313/5222 5188/7314/5223
f 2139/2697/2174 5173/7284/5208 5189/7315/5224
f 4399/7316/4434 5024/7311/5059 5045/7310/5080
f 5190/7317/5225 5191/7318/5226 5143/7319/5178
f 4772/7178/4807 4794/7137/4829 5065/7139/5100
f 5192/7320/5227 5193/7321/5228 5166/7322/5201
f 4982/7146/5017 5119/7209/5154 4980/6996/5015
f 5057/7127/5092 5132/7323/5167 4606/6447/4641
f 5179/7324/5214 5159/7265/5194 5158/7264/5193
f 5128/7221/5163 5181/7325/5216 5194/7326/5229
f 5136/7232/5171 5195/7327/5230 5098/7181/5133
f 4443/6233/4478 4993/7018/5028 4936/6943/4971
f 5110/7196/5145 5122/7212/5157 5119/7209/5154
f 5103/7187/5138 5143/7319/5178 5104/7188/5139
f 5070/7306/5105 5126/7219/5161 5102/7202/5137
f 2359/2976/2394 5081/7160/5116 5196/7328/5231
f 5071/7329/5106 5094/7297/5129 5123/7214/5158
f 5098/7181/5133 5195/7327/5230 5152/7258/5187
f 5191/7318/5226 5104/7188/5139 5143/7319/5178
f 5038/7096/5073 4995/7023/5030 4945/6953/4980
f 5122/7212/5157 5047/7109/5082 5005/7035/5040
f 5126/7219/5161 5125/7218/5160 5102/7202/5137
f 5186/7309/5221 5197/7330/5232 5184/7307/5219
f 5014/7056/5049 5059/7131/5094 4965/6975/5000
f 4920/7305/4955 4833/7015/4868 4918/6914/4953
f 5130/7240/5165 5051/7113/5086 5055/7121/5090
f 5129/7225/5164 4796/6724/4831 4795/6723/4830
f 5005/7035/5040 4980/6996/5015 5119/7209/5154
f 5198/7331/5233 5148/7254/5183 5150/7256/5185
f 5144/7296/5179 5096/7250/5131 5123/7214/5158
f 4976/7332/5011 4978/7333/5013 4982/7334/5017
f 5013/7053/5048 4993/7018/5028 5140/7239/5175
f 5166/7322/5201 5193/7321/5228 5199/7335/5234
f 5047/7109/5082 5046/7108/5081 5039/7098/5074
f 4399/6184/4434 5045/7107/5080 4434/6224/4469
f 5139/7235/5174 5138/7234/5173 5200/7336/5235
f 5180/7295/5215 5200/7337/5235 5201/7338/5236
f 5157/7263/5192 5063/7136/5098 5075/7151/5110
f 5191/7318/5226 5202/7339/5237 5147/7252/5182
f 5203/7340/5238 5204/7341/5239 5205/7342/5240
f 5048/7110/5083 5000/7028/5035 5063/7136/5098
f 4437/6475/4472 4606/6447/4641 5132/7323/5167
f 5077/7155/5112 5023/7070/5058 5103/7224/5138
f 5175/7303/5210 5197/7330/5232 5139/7304/5174
f 4833/6777/4868 4920/6916/4955 4837/6784/4872
f 5065/7139/5100 5064/7138/5099 5092/7343/5127
f 5128/7253/5163 5182/7299/5217 5181/7298/5216
f 4801/6729/4836 4978/7054/5013 4799/6727/4834
f 5199/7344/5234 5193/7345/5228 5154/7346/5189
f 5166/7272/5201 5148/7254/5183 5198/7331/5233
f 3848/5229/3883 5203/7340/5238 5205/7342/5240
f 5086/7203/5121 5115/7201/5150 5116/7204/5151
f 5086/7203/5121 5102/7202/5137 5115/7201/5150
f 5131/7347/5166 5035/7091/5070 5032/7087/5067
f 5175/7303/5210 5184/7307/5219 5197/7330/5232
f 5061/7133/5096 5206/7348/5241 5123/7214/5158
f 5120/7210/5155 5058/7130/5093 4968/6978/5003
f 5077/7222/5112 5127/7220/5162 5075/7151/5110
f 4892/6875/4927 4837/6784/4872 4910/6902/4945
f 4727/7292/4762 5170/7279/5205 4452/7349/4487
f 5028/7080/5063 5120/7210/5155 5040/7101/5075
f 5202/7339/5237 5207/7350/5242 5147/7252/5182
f 5071/7329/5106 5123/7214/5158 5206/7348/5241
f 4945/6953/4980 4995/7023/5030 4943/6951/4978
f 3984/7351/4019 3970/5444/4005 4016/5499/4051
f 5176/7287/5211 5139/7235/5174 5200/7336/5235
f 5055/7121/5090 5050/7112/5085 5093/7173/5128
f 5173/7284/5208 5160/7266/5195 5208/7352/5243
f 5209/7353/5244 5132/7228/5167 5057/7174/5092
f 5080/7158/5115 5210/7354/5245 5064/7283/5099
f 5064/7283/5099 5210/7354/5245 5105/7190/5140
f 5009/7040/5044 4892/6875/4927 4910/6902/4945
f 5175/7303/5210 5211/7355/5246 5212/7356/5247
f 5213/7357/5248 5198/7331/5233 5214/7358/5249
f 5182/7299/5217 5207/7350/5242 5202/7339/5237
f 5093/7359/5128 5149/7255/5184 5055/7360/5090
f 5032/7361/5067 5034/7362/5069 4942/7118/4977
f 5201/7363/5236 5200/7336/5235 5137/7233/5172
f 5170/7279/5205 4727/7292/4762 5159/7265/5194
f 4442/6232/4477 4580/6548/4615 5140/7239/5175
f 5215/7364/5250 5189/7315/5224 5173/7284/5208
f 5216/7365/5251 4488/7366/4523 4450/7367/4485
f 4450/6241/4485 4488/6290/4523 4451/6242/4486
f 5080/7158/5115 5053/7117/5088 5217/7368/5252
f 5045/7310/5080 4755/7294/4790 5085/7164/5120
f 5178/7289/5213 4452/6243/4487 5170/7290/5205
f 5201/7363/5236 5158/7264/5193 5218/7369/5253
f 4984/7002/5019 5082/7161/5117 5039/7098/5074
f 5074/7370/5109 5149/7255/5184 5093/7359/5128
f 5085/7164/5120 5057/7174/5092 5045/7310/5080
f 5112/7198/5147 5217/7371/5252 5053/7372/5088
f 5034/7362/5069 5054/7119/5089 4942/7118/4977
f 5179/7324/5214 5158/7264/5193 5137/7233/5172
f 5191/7318/5226 5147/7252/5182 5104/7188/5139
f 3858/7275/3893 5167/7274/5202 5219/7373/5254
f 5052/7114/5087 5035/7091/5070 5131/7347/5166
f 5075/7151/5110 5127/7220/5162 5157/7263/5192
f 5220/7374/5255 3993/5449/4028 5187/7375/5222
f 4911/6903/4946 4837/6784/4872 4920/6916/4955
f 5221/7376/5256 5186/7377/5221 5179/7378/5214
f 5065/7379/5100 5072/7147/5107 5131/7347/5166
f 5072/7380/5107 5065/7139/5100 5092/7343/5127
f 5031/7084/5066 5019/7063/5054 4961/6970/4996
f 4961/6970/4996 5058/7130/5093 5120/7210/5155
f 5052/7114/5087 5131/7347/5166 5072/7147/5107
f 4946/6954/4981 4910/6902/4945 4911/6903/4946
f 5192/7381/5227 5198/7331/5233 5213/7357/5248
f 4208/7382/4243 5222/7383/5257 5223/7384/5258
f 5067/7141/5102 4589/6425/4624 4626/6479/4661
f 2136/2694/2171 2104/2652/2139 5224/7385/5259
f 5165/7386/5200 5166/7322/5201 5225/7387/5260
f 5061/7133/5096 5033/7088/5068 5206/7348/5241
f 5157/7263/5192 5127/7220/5162 5124/7215/5159
f 5187/7375/5222 3993/5449/4028 5188/7388/5223
f 3848/5229/3883 3850/5231/3885 5203/7340/5238
f 5226/7389/5261 5227/7390/5262 5020/7064/5055
f 5166/7272/5201 5198/7331/5233 5192/7381/5227
f 5228/7391/5263 5229/7392/5264 5230/7393/5265
f 5172/7394/5207 3982/7395/4017 4007/7396/4042
f 4862/6824/4897 4799/6727/4834 5008/7039/5043
f 5221/7397/5256 5197/7330/5232 5186/7309/5221
f 5055/7360/5090 5231/7398/5266 5130/7226/5165
f 5232/7399/5267 5202/7339/5237 5191/7318/5226
f 4959/6968/4994 4966/6976/5001 4960/6969/4995
f 5209/7353/5244 5057/7174/5092 5084/7163/5119
f 5082/7161/5117 5047/7109/5082 5039/7098/5074
f 5214/7358/5249 5233/7400/5268 5234/7401/5269
f 4984/7002/5019 5039/7098/5074 5120/7210/5155
f 5225/7387/5260 5166/7322/5201 5199/7335/5234
f 2170/2734/2205 5173/7284/5208 2139/2697/2174
f 5235/7402/5270 5236/7403/5271 5237/7404/5272
f 4968/6978/5003 4984/7002/5019 5120/7210/5155
f 5043/7104/5078 5091/7170/5126 5049/7238/5084
f 3982/5434/4017 5172/7281/5207 3904/5318/3939
f 5160/7266/5195 2136/2694/2171 5208/7352/5243
f 5210/7354/5245 5091/7170/5126 5105/7190/5140
f 5238/7405/5273 5195/7327/5230 5136/7232/5171
f 5141/7241/5176 5226/7389/5261 4974/6988/5009
f 4016/5499/4051 4007/7396/4042 3984/7351/4019
f 5239/7406/5274 2154/2718/2189 5240/7407/5275
f 5107/7193/5142 5109/7195/5144 5118/7208/5153
f 5138/7234/5173 5137/7233/5172 5200/7336/5235
f 5172/7394/5207 4007/7396/4042 4016/5499/4051
f 5047/7109/5082 5082/7161/5117 5081/7160/5116
f 5212/7408/5247 5241/7409/5276 5184/7410/5219
f 5149/7255/5184 5148/7254/5183 5055/7360/5090
f 5091/7170/5126 5210/7354/5245 5217/7368/5252
f 5087/7166/5122 5209/7411/5244 5084/7412/5119
f 5214/7358/5249 5194/7326/5229 5233/7400/5268
f 5129/7225/5164 4795/6723/4830 5151/7257/5186
f 5224/7385/5259 5208/7352/5243 2136/2694/2171
f 5145/7247/5180 4880/6856/4915 4896/6883/4931
f 5242/7413/5277 5125/7218/5160 5243/7414/5278
f 5032/7087/5067 5036/7092/5071 5033/7088/5068
f 5014/7056/5049 5244/7415/5279 5060/7132/5095
f 5091/7170/5126 5217/7368/5252 5076/7416/5111
f 5222/7417/5257 5211/7355/5246 5245/7418/5280
f 4983/7001/5018 5246/7419/5281 5081/7160/5116
f 5083/7162/5118 5085/7164/5120 4755/7294/4790
f 5071/7145/5106 5088/7167/5123 5094/7420/5129
f 5103/7224/5138 5129/7225/5164 5142/7242/5177
f 4036/5532/4071 4035/5531/4070 5247/7421/5282
f 5248/7422/5283 5249/7423/5284 5250/7424/5285
f 5251/7425/5286 5252/7426/5287 5253/7427/5288
f 4435/6225/4470 5132/7228/5167 5209/7353/5244
f 5212/7408/5247 5222/7383/5257 4208/7382/4243
f 5228/7391/5263 5254/7428/5289 5229/7392/5264
f 4964/6974/4999 2358/7429/2393 5015/7057/5050
f 5255/7430/5290 5256/7431/5291 5257/7432/5292
f 2154/2718/2189 5258/7433/5293 5259/7434/5294
f 2143/7435/2178 2154/7436/2189 5259/7437/5294
f 5229/7392/5264 5260/7438/5295 5261/7439/5296
f 2358/2975/2393 4964/6994/4999 5006/7036/5041
f 5214/7358/5249 5234/7401/5269 5213/7357/5248
f 2269/2861/2304 2110/2658/2145 5262/7440/5297
f 5188/7314/5223 5263/7441/5298 5186/7377/5221
f 5105/7190/5140 5092/7171/5127 5064/7283/5099
f 5264/7442/5299 5256/7431/5291 5255/7430/5290
f 5232/7399/5267 5191/7318/5226 5215/7364/5250
f 4896/6883/4931 4880/6856/4915 4878/6852/4913
f 5125/7218/5160 5231/7398/5266 5243/7414/5278
f 5068/7205/5103 5116/7204/5151 5218/7443/5253
f 5191/7318/5226 5190/7317/5225 5215/7364/5250
f 5112/7198/5147 4880/7216/4915 5145/7444/5180
f 5186/7377/5221 5185/7312/5220 5188/7314/5223
f 5152/7445/5187 5195/7446/5230 5238/7447/5273
f 5265/7448/5300 5115/7201/5150 5146/7251/5181
f 5151/7257/5186 4795/6723/4830 4951/6959/4986
f 5231/7398/5266 5125/7218/5160 5130/7226/5165
f 5227/7390/5262 5226/7389/5261 5253/7427/5288
f 5124/7215/5159 5121/7211/5156 5157/7263/5192
f 2263/2853/2298 2269/2861/2304 2453/3132/2488
f 2269/2861/2304 5262/7440/5297 2453/3132/2488
f 2268/2860/2303 2269/2861/2304 2263/2853/2298
f 3944/5375/3979 3772/5124/3807 4146/7449/4181
f 4011/5490/4046 4146/5719/4181 2190/5126/2225
f 3944/5375/3979 3756/5102/3791 3772/5124/3807
f 4942/7118/4977 5131/7227/5166 5032/7361/5067
f 5266/7450/5301 5228/7391/5263 5267/7451/5302
f 5242/7452/5277 5199/7335/5234 5200/7336/5235
f 5239/7453/5274 5237/7404/5272 5258/7454/5293
f 5141/7241/5176 5228/7391/5263 5230/7393/5265
f 5124/7215/5159 5118/7208/5153 5121/7211/5156
f 5157/7263/5192 5121/7211/5156 5101/7184/5136
f 5208/7352/5243 5224/7385/5259 5247/7421/5282
f 4942/7118/4977 4839/7179/4874 5131/7227/5166
f 3860/5245/3895 5268/7455/5303 2096/2644/2131
f 5168/7276/5203 5074/7370/5109 5135/7456/5170
f 2109/2703/2144 2143/2704/2178 2110/7457/2145
f 5200/7336/5235 5199/7335/5234 5156/7262/5191
f 5269/7458/5304 5135/7456/5170 5270/7459/5305
f 2135/2693/2170 2104/2652/2139 2136/2694/2171
f 5076/7416/5111 5217/7368/5252 5133/7460/5168
f 5271/7461/5306 5272/7462/5307 5273/7463/5308
f 5019/7063/5054 5274/7464/5309 4959/6968/4994
f 5227/7390/5262 5100/7183/5135 5020/7064/5055
f 5275/7465/5310 5276/7466/5311 5277/7467/5312
f 5231/7398/5266 5165/7271/5200 5243/7414/5278
f 2136/2694/2171 5161/7267/5196 2170/2734/2205
f 5278/7468/5313 5212/7408/5247 4208/7382/4243
f 5275/7465/5310 5279/7469/5314 5280/7470/5315
f 5069/7237/5104 5071/7329/5106 5206/7348/5241
f 5269/7458/5304 5270/7459/5305 5134/7471/5169
f 5156/7262/5191 5176/7287/5211 5200/7336/5235
f 5265/7448/5300 5180/7295/5215 5201/7338/5236
f 5281/7472/5316 5134/7471/5169 5111/7248/5146
f 5247/7421/5282 5264/7442/5299 5208/7352/5243
f 4951/6959/4986 4931/6933/4966 4985/7003/5020
f 5033/7088/5068 5043/7104/5078 5206/7348/5241
f 5217/7368/5252 5210/7354/5245 5080/7158/5115
f 5169/7291/5204 5159/7473/5194 5179/7293/5214
f 4435/6592/4470 5209/7411/5244 5087/7166/5122
f 5135/7456/5170 5269/7458/5304 5168/7276/5203
f 5066/7474/5101 5068/7205/5103 5218/7443/5253
f 2269/2861/2304 2006/2527/2041 2110/2658/2145
f 5282/7475/5317 5283/7476/5318 5284/7477/5319
f 5069/7237/5104 5206/7348/5241 5043/7104/5078
f 5087/7166/5122 4694/6593/4729 4435/6592/4470
f 5285/7478/5320 5246/7419/5281 4983/7001/5018
f 5275/7465/5310 5280/7470/5315 5283/7476/5318
f 5218/7443/5253 5158/7479/5193 5066/7474/5101
f 5286/7480/5321 5155/7261/5190 5287/7481/5322
f 5168/7276/5203 5214/7358/5249 5150/7256/5185
f 5153/7259/5188 5145/7247/5180 4896/6883/4931
f 5252/7426/5287 5227/7390/5262 5253/7427/5288
f 5227/7390/5262 5252/7426/5287 5288/7482/5323
f 5207/7350/5242 5182/7299/5217 5128/7253/5163
f 5289/7483/5324 5154/7346/5189 5193/7345/5228
f 5220/7484/5255 5185/7312/5220 5184/7410/5219
f 4967/6977/5002 5285/7478/5320 4983/7001/5018
f 5290/7485/5325 5235/7402/5270 5244/7415/5279
f 5173/7284/5208 5208/7352/5243 5232/7399/5267
f 5287/7481/5322 5289/7486/5324 5286/7480/5321
f 5094/7420/5129 5088/7167/5123 5084/7412/5119
f 5282/7475/5317 5284/7477/5319 5291/7487/5326
f 5292/7488/5327 5293/7489/5328 2454/7490/2489
f 5288/7482/5323 5238/7405/5273 5136/7232/5171
f 5106/7191/5141 4991/7016/5026 5249/7423/5284
f 5151/7257/5186 5152/7258/5187 5142/7242/5177
f 5294/7491/5329 5249/7423/5284 5248/7422/5283
f 5112/7198/5147 5111/7197/5146 5133/7229/5168
f 2104/2652/2139 2096/2644/2131 5268/7455/5303
f 5221/7492/5256 5179/7324/5214 5137/7233/5172
f 5291/7487/5326 5295/7493/5330 5282/7475/5317
f 5272/7462/5307 2150/2714/2185 5273/7463/5308
f 4951/6959/4986 4985/7003/5020 5097/7180/5132
f 5115/7201/5150 5218/7443/5253 5116/7204/5151
f 5272/7462/5307 5296/7494/5331 2150/2714/2185
f 5281/7472/5316 5168/7276/5203 5269/7458/5304
f 5269/7458/5304 5134/7471/5169 5281/7472/5316
f 5133/7229/5168 5217/7371/5252 5112/7198/5147
f 5097/7180/5132 4985/7003/5020 5011/7044/5046
f 5241/7409/5276 5220/7484/5255 5184/7410/5219
f 5275/7465/5310 5250/7424/5285 5279/7469/5314
f 5176/7287/5211 5156/7262/5191 5245/7495/5280
f 5297/7496/5332 5298/7497/5333 5272/7462/5307
f 5228/7391/5263 5266/7450/5301 5254/7428/5289
f 5299/7498/5334 5300/7499/5335 5295/7493/5330
f 5275/7465/5310 5248/7422/5283 5250/7424/5285
f 5266/7450/5301 5267/7451/5302 5301/7500/5336
f 5074/7370/5109 5168/7276/5203 5149/7255/5184
f 4694/6593/4729 5087/7166/5122 5086/7165/5121
f 5278/7468/5313 5241/7409/5276 5212/7408/5247
f 5185/7312/5220 5220/7484/5255 5187/7313/5222
f 5268/7455/5303 5247/7421/5282 5224/7385/5259
f 2437/7501/2472 5290/7502/5325 5244/7503/5279
f 5232/7399/5267 5182/7299/5217 5202/7339/5237
f 5135/7231/5170 5074/7150/5109 5076/7152/5111
f 5263/7441/5298 5188/7314/5223 5216/7365/5251
f 5189/7315/5224 5190/7317/5225 5238/7447/5273
f 4694/6593/4729 4626/6479/4661 4474/6275/4509
f 5154/7260/5189 5156/7262/5191 5199/7335/5234
f 5113/7199/5148 5112/7198/5147 5145/7444/5180
f 5267/7451/5302 4925/6921/4960 4998/7026/5033
f 4998/7026/5033 5301/7500/5336 5267/7451/5302
f 5223/7384/5258 4017/7504/4052 4208/7382/4243
f 5067/7141/5102 4626/6479/4661 4694/6593/4729
f 5272/7462/5307 5271/7461/5306 5297/7496/5332
f 5201/7338/5236 5218/7443/5253 5115/7201/5150
f 4036/5532/4071 5247/7421/5282 5268/7455/5303
f 5240/7407/5275 2351/2962/2386 5260/7505/5295
f 5284/7506/5319 1621/7507/1652 5291/7508/5326
f 5190/7317/5225 5143/7319/5178 5152/7445/5187
f 5180/7295/5215 5125/7218/5160 5200/7337/5235
f 5268/7455/5303 4034/5530/4069 4036/5532/4071
f 5228/7391/5263 4925/6921/4960 5267/7451/5302
f 3993/5449/4028 5220/7374/5255 4026/5514/4061
f 5220/7374/5255 5241/7509/5276 4026/5514/4061
f 5137/7233/5172 5158/7264/5193 5201/7363/5236
f 5242/7452/5277 5225/7387/5260 5199/7335/5234
f 5281/7472/5316 5111/7248/5146 5109/7195/5144
f 5219/7373/5254 5302/7510/5337 5204/7341/5239
f 5294/7491/5329 5106/7191/5141 5249/7423/5284
f 5133/7229/5168 5135/7231/5170 5076/7152/5111
f 5274/7464/5309 5041/7102/5076 5303/7511/5338
f 5175/7303/5210 5212/7356/5247 5184/7307/5219
f 5265/7448/5300 5201/7338/5236 5115/7201/5150
f 5200/7337/5235 5125/7218/5160 5242/7413/5277
f 5232/7399/5267 5264/7442/5299 5182/7299/5217
f 5286/7480/5321 5245/7495/5280 5155/7261/5190
f 5208/7352/5243 5264/7442/5299 5232/7399/5267
f 5194/7326/5229 5304/7512/5339 5233/7400/5268
f 5242/7413/5277 5243/7414/5278 5165/7271/5200
f 5076/7416/5111 5049/7238/5084 5091/7170/5126
f 2454/7490/2489 2453/3132/2488 5292/7488/5327
f 5036/7092/5071 5052/7114/5087 5033/7088/5068
f 5084/7412/5119 5088/7167/5123 5087/7166/5122
f 4026/5514/4061 5241/7509/5276 4033/5525/4068
f 5137/7233/5172 5139/7235/5174 5221/7492/5256
f 5097/7180/5132 5151/7257/5186 4951/6959/4986
f 5278/7513/5313 4033/5525/4068 5241/7509/5276
f 5100/7183/5135 5227/7390/5262 5288/7482/5323
f 3860/5245/3895 4034/5530/4069 5268/7455/5303
f 5140/7239/5175 4580/6548/4615 5013/7053/5048
f 5079/7157/5114 5136/7232/5171 5007/7037/5042
f 5251/7425/5286 5253/7427/5288 5261/7439/5296
f 5263/7441/5298 5216/7365/5251 5178/7514/5213
f 5303/7511/5338 5041/7102/5076 5106/7191/5141
f 4208/5815/4243 4103/5652/4138 5278/7513/5313
f 5278/7513/5313 4103/5652/4138 4033/5525/4068
f 5305/7515/5340 5251/7425/5286 5261/7439/5296
f 5052/7114/5087 5044/7105/5079 5033/7088/5068
f 5284/7477/5319 5283/7476/5318 2111/7516/2146
f 4670/6547/4705 5013/7053/5048 4580/6548/4615
f 5260/7438/5295 5305/7515/5340 5261/7439/5296
f 5306/7517/5341 5192/7518/5227 5213/7519/5248
f 5146/7251/5181 5180/7295/5215 5265/7448/5300
f 5098/7181/5133 5151/7257/5186 5097/7180/5132
f 5229/7392/5264 5240/7520/5275 5260/7438/5295
f 5108/7194/5143 5281/7472/5316 5109/7195/5144
f 5235/7402/5270 5060/7132/5095 5244/7415/5279
f 5242/7413/5277 5165/7271/5200 5225/7521/5260
f 5136/7232/5171 5011/7044/5046 5007/7037/5042
f 2104/2652/2139 5268/7455/5303 5224/7385/5259
f 5215/7364/5250 5190/7317/5225 5189/7315/5224
f 4998/7026/5033 4997/7025/5032 5301/7500/5336
f 5135/7231/5170 5134/7230/5169 5270/7522/5305
f 5298/7523/5333 5252/7426/5287 5251/7425/5286
f 5259/7437/5294 5307/7524/5342 2110/2658/2145
f 5306/7517/5341 5213/7519/5248 5234/7525/5269
f 5190/7317/5225 5152/7445/5187 5238/7447/5273
f 5198/7331/5233 5150/7256/5185 5214/7358/5249
f 5237/7404/5272 5266/7450/5301 5301/7500/5336
f 5118/7208/5153 5109/7195/5144 5153/7259/5188
f 5136/7232/5171 5079/7157/5114 5288/7482/5323
f 5197/7330/5232 5221/7397/5256 5139/7304/5174
f 1628/2681/1659 2127/2680/2162 5308/7526/5343
f 5192/7518/5227 5306/7517/5341 5163/7269/5198
f 4771/6689/4806 4773/7116/4808 4794/6722/4829
f 5309/7527/5344 5310/7528/5345 4959/6968/4994
f 5244/7415/5279 2337/2945/2372 2437/3102/2472
f 5263/7441/5298 5178/7514/5213 5179/7378/5214
f 5189/7315/5224 5238/7447/5273 5271/7461/5306
f 5280/7470/5315 5311/7529/5346 1957/7530/1991
f 5205/7531/5240 5257/7432/5292 5256/7431/5291
f 5296/7494/5331 2351/2962/2386 2178/2743/2213
f 4741/6651/4776 5311/7532/5346 4621/6485/4656
f 5286/7533/5321 5222/7417/5257 5245/7418/5280
f 5192/7518/5227 5162/7268/5197 5193/7345/5228
f 5177/7288/5212 5301/7500/5336 4997/7025/5032
f 3858/7275/3893 5219/7373/5254 5204/7341/5239
f 5205/7531/5240 5204/7534/5239 5257/7432/5292
f 5188/7388/5223 3995/5451/4030 5216/7535/5251
f 5272/7462/5307 5298/7497/5333 5251/7536/5286
f 1732/2200/1766 1620/2051/1651 1619/2050/1650
f 4152/5727/4187 4086/5622/4121 4208/5815/4243
f 5287/7481/5322 5155/7261/5190 5154/7260/5189
f 5263/7441/5298 5179/7378/5214 5186/7377/5221
f 5289/7486/5324 5287/7481/5322 5154/7260/5189
f 5300/7499/5335 5274/7464/5309 5303/7511/5338
f 5215/7364/5250 5312/7537/5347 5232/7399/5267
f 5013/7053/5048 4670/6547/4705 5313/7538/5348
f 5314/7539/5349 5300/7499/5335 5303/7511/5338
f 5281/7472/5316 5214/7358/5249 5168/7276/5203
f 5315/7540/5350 5214/7358/5249 5281/7472/5316
f 5291/7487/5326 1620/7541/1651 5299/7498/5334
f 2111/2659/2146 2087/2632/2122 1963/2628/1997
f 4670/6547/4705 4658/6549/4693 4716/6621/4751
f 2111/2659/2146 1963/2628/1997 5284/7506/5319
f 2111/7516/2146 5280/7470/5315 1957/7530/1991
f 4090/5633/4125 5205/7531/5240 5256/7431/5291
f 5228/7391/5263 5141/7241/5176 4925/6921/4960
f 5167/7542/5202 5306/7517/5341 5234/7525/5269
f 5216/7365/5251 3995/7543/4030 5316/7544/5351
f 5301/7500/5336 5177/7288/5212 5237/7404/5272
f 5181/7325/5216 5304/7512/5339 5194/7326/5229
f 5203/7340/5238 3858/7275/3893 5204/7341/5239
f 5245/7495/5280 5174/7285/5209 5176/7287/5211
f 5304/7512/5339 5181/7325/5216 5317/7545/5352
f 4589/6425/4624 4727/7292/4762 4467/6423/4502
f 5318/7546/5353 4959/6968/4994 5274/7464/5309
f 5264/7442/5299 5255/7430/5290 5182/7299/5217
f 4670/6547/4705 4716/6621/4751 5279/7469/5314
f 5300/7499/5335 5319/7547/5354 5274/7464/5309
f 2111/7516/2146 5283/7476/5318 5280/7470/5315
f 5178/7514/5213 5216/7365/5251 4450/7367/4485
f 5247/7421/5282 5256/7431/5291 5264/7442/5299
f 5212/7356/5247 5211/7355/5246 5222/7417/5257
f 5148/7254/5183 5231/7398/5266 5055/7360/5090
f 5318/7546/5353 5274/7464/5309 5319/7547/5354
f 4208/7382/4243 4017/7504/4052 4152/7548/4187
f 4488/7366/4523 5216/7365/5251 5316/7544/5351
f 5233/7549/5268 5167/7542/5202 5234/7525/5269
f 5125/7218/5160 5180/7295/5215 5114/7200/5149
f 5236/7403/5271 5290/7485/5325 5307/7550/5342
f 5236/7403/5271 5258/7454/5293 5237/7404/5272
f 5173/7284/5208 5312/7537/5347 5215/7364/5250
f 5315/7540/5350 5194/7326/5229 5214/7358/5249
f 5245/7495/5280 5211/7551/5246 5174/7285/5209
f 5260/7505/5295 2351/2962/2386 5296/7494/5331
f 5219/7552/5254 5167/7542/5202 5233/7549/5268
f 2114/2662/2149 4621/6485/4656 4731/6637/4766
f 5175/7303/5210 5174/7553/5209 5211/7355/5246
f 4035/5531/4070 4090/5633/4125 5256/7431/5291
f 5141/7241/5176 5261/7439/5296 5226/7389/5261
f 4035/5531/4070 5256/7431/5291 5247/7421/5282
f 3889/6589/3924 4487/6289/4522 4488/6290/4523
f 5188/7388/5223 3993/5449/4028 3995/5451/4030
f 2337/2945/2372 5244/7415/5279 5015/7057/5050
f 5148/7254/5183 5165/7271/5200 5231/7398/5266
f 5315/7540/5350 5281/7472/5316 5108/7194/5143
f 5282/7475/5317 5314/7539/5349 5277/7467/5312
f 5102/7202/5137 5125/7218/5160 5114/7200/5149
f 5288/7482/5323 5079/7157/5114 5100/7183/5135
f 3870/5470/3905 3889/6589/3924 3995/5451/4030
f 5156/7262/5191 5155/7261/5190 5245/7495/5280
f 2154/2718/2189 2227/2807/2262 5240/7407/5275
f 4488/6290/4523 5316/7554/5351 3889/6589/3924
f 5310/7528/5345 5285/7478/5320 4967/6977/5002
f 5289/7483/5324 5171/7280/5206 5286/7533/5321
f 5255/7430/5290 5257/7432/5292 5182/7299/5217
f 4146/5719/4181 3772/5127/3807 2190/5126/2225
f 5219/7373/5254 5233/7400/5268 5304/7512/5339
f 5183/7300/5218 5182/7299/5217 5257/7432/5292
f 5311/7532/5346 2094/2641/2129 1957/2463/1991
f 5258/7433/5293 2154/2718/2189 5239/7406/5274
f 5283/7476/5318 5276/7466/5311 5275/7465/5310
f 2338/2946/2373 2337/2945/2372 5015/7057/5050
f 2127/2680/2162 2390/3032/2425 5320/7555/5355
f 5253/7427/5288 5226/7389/5261 5261/7439/5296
f 5306/7517/5341 5164/7270/5199 5163/7269/5198
f 1963/2628/1997 1621/7507/1652 5284/7506/5319
f 5177/7288/5212 5060/7132/5095 5235/7402/5270
f 2221/2801/2256 2220/2800/2255 5246/7419/5281
f 5194/7326/5229 5108/7194/5143 5117/7207/5152
f 5285/7478/5320 5310/7528/5345 2390/3032/2425
f 2110/2658/2145 2143/7435/2178 5259/7437/5294
f 5222/7417/5257 5286/7533/5321 5171/7280/5206
f 5171/7280/5206 5223/7556/5258 5222/7417/5257
f 5141/7241/5176 5230/7393/5265 5229/7392/5264
f 1626/7557/1657 5320/7555/5355 5309/7527/5344
f 2351/2962/2386 5240/7407/5275 2227/2807/2262
f 3889/6589/3924 5316/7554/5351 3995/5451/4030
f 5183/7300/5218 5302/7558/5337 5181/7298/5216
f 5279/7469/5314 4716/6621/4751 4619/6470/4654
f 5205/7342/5240 3849/5230/3884 3848/5229/3883
f 2093/2640/2128 4731/6637/4766 4674/6555/4709
f 1626/7557/1657 5308/7526/5343 5320/7555/5355
f 5296/7494/5331 5272/7462/5307 5251/7536/5286
f 5310/7528/5345 5320/7555/5355 2390/3032/2425
f 3904/5318/3939 5164/7270/5199 5306/7517/5341
f 5320/7555/5355 5308/7526/5343 2127/2680/2162
f 5312/7537/5347 5173/7284/5208 5232/7399/5267
f 2338/7559/2373 5015/7560/5050 2358/2975/2393
f 5305/7561/5340 5296/7494/5331 5251/7536/5286
f 4959/6968/4994 4967/6977/5002 4966/6976/5001
f 4090/5633/4125 3849/5501/3884 5205/7531/5240
f 5307/7550/5342 5290/7485/5325 5321/7562/5356
f 2094/2641/2129 4741/6651/4776 2114/2662/2149
f 5290/7502/5325 5293/7489/5328 5321/7563/5356
f 5254/7428/5289 5266/7450/5301 5239/7453/5274
f 5311/7529/5346 5279/7469/5314 4619/6470/4654
f 5229/7392/5264 5254/7428/5289 5239/7453/5274
f 5289/7483/5324 5193/7345/5228 5171/7280/5206
f 5282/7475/5317 5276/7466/5311 5283/7476/5318
f 5317/7545/5352 5181/7325/5216 5302/7510/5337
f 5292/7564/5327 5307/7550/5342 5321/7562/5356
f 4017/7504/4052 5223/7384/5258 4016/7565/4051
f 3794/5156/3829 3904/5318/3939 5306/7517/5341
f 5290/7502/5325 2437/7501/2472 5293/7489/5328
f 5223/7384/5258 5171/7566/5206 4016/7565/4051
f 5117/7207/5152 5128/7221/5163 5194/7326/5229
f 2454/7490/2489 5293/7489/5328 2437/7501/2472
f 2287/2881/2322 2338/7559/2373 2358/2975/2393
f 3865/5257/3900 3858/5243/3893 5203/7567/5238
f 5167/7542/5202 3794/5156/3829 5306/7517/5341
f 2094/2641/2129 1808/2292/1842 1957/2463/1991
f 5294/7491/5329 5248/7422/5283 5277/7467/5312
f 1738/3047/1772 2338/7559/2373 2287/2881/2322
f 5313/7538/5348 4670/6547/4705 5279/7469/5314
f 5305/7561/5340 5260/7505/5295 5296/7494/5331
f 5171/7280/5206 5193/7345/5228 5162/7268/5197
f 5311/7529/5346 4619/6470/4654 4621/6472/4656
f 5244/7415/5279 5014/7056/5049 5015/7057/5050
f 5294/7491/5329 5277/7467/5312 5106/7191/5141
f 5302/7558/5337 5183/7300/5218 5322/7568/5357
f 4974/6988/5009 5226/7389/5261 5020/7064/5055
f 1626/7557/1657 5309/7527/5344 5323/7569/5358
f 5141/7241/5176 5229/7392/5264 5261/7439/5296
f 5280/7470/5315 5279/7469/5314 5311/7529/5346
f 5302/7558/5337 5322/7568/5357 5204/7534/5239
f 2221/2801/2256 5285/7478/5320 2390/3032/2425
f 5257/7432/5292 5322/7568/5357 5183/7300/5218
f 5277/7467/5312 5276/7466/5311 5282/7475/5317
f 5019/7063/5054 5018/7062/5053 5041/7102/5076
f 5171/7280/5206 5162/7268/5197 5164/7270/5199
f 2338/7559/2373 1738/3047/1772 2336/3046/2371
f 5204/7534/5239 5322/7568/5357 5257/7432/5292
f 5207/7350/5242 5128/7253/5163 5147/7252/5182
f 5317/7545/5352 5219/7373/5254 5304/7512/5339
f 5161/7267/5196 5160/7266/5195 5173/7284/5208
f 5108/7194/5143 5194/7326/5229 5315/7540/5350
f 2360/2977/2395 2359/2976/2394 5196/7328/5231
f 5192/7518/5227 5163/7269/5198 5162/7268/5197
f 5203/7340/5238 3850/5231/3885 3865/5252/3900
f 5219/7373/5254 5317/7545/5352 5302/7510/5337
f 5299/7498/5334 5324/7570/5359 5319/7547/5354
f 5293/7489/5328 5292/7488/5327 5321/7563/5356
f 1732/7571/1766 5323/7569/5358 1620/7541/1651
f 5307/7524/5342 5292/7488/5327 5262/7440/5297
f 1957/2463/1991 1956/2462/1990 2111/2659/2146
f 5307/7524/5342 5262/7440/5297 2110/2658/2145
f 1628/2681/1659 5308/7526/5343 1626/7557/1657
f 5249/7423/5284 4991/7016/5026 5013/7053/5048
f 2128/2682/2163 2220/2800/2255 2222/2802/2257
f 5239/7453/5274 5266/7450/5301 5237/7404/5272
f 1626/7557/1657 5323/7569/5358 1732/7571/1766
f 5246/7419/5281 5285/7478/5320 2221/2801/2256
f 5291/7487/5326 5299/7498/5334 5295/7493/5330
f 5323/7569/5358 5309/7527/5344 5318/7546/5353
f 5196/7328/5231 5081/7160/5116 5246/7419/5281
f 5292/7488/5327 2453/3132/2488 5262/7440/5297
f 5314/7539/5349 5106/7191/5141 5277/7467/5312
f 5295/7493/5330 5314/7539/5349 5282/7475/5317
f 5189/7315/5224 5271/7461/5306 2139/2697/2174
f 2139/2697/2174 5271/7461/5306 2140/2698/2175
f 5314/7539/5349 5303/7511/5338 5106/7191/5141
f 5229/7392/5264 5239/7453/5274 5240/7520/5275
f 5319/7547/5354 5324/7570/5359 5318/7546/5353
f 2220/2800/2255 2287/2881/2322 2360/2977/2395
f 5041/7102/5076 5274/7464/5309 5019/7063/5054
f 4792/6781/4827 4791/7572/4826 3/6782/3
f 4791/6717/4826 1/1/1 3/3/3
f 5297/7573/5332 5271/7574/5306 5238/7405/5273
f 5056/7125/5091 2/2/2 1/1/1
f 47/51/47 8/8/8 7/7/7
f 5295/7493/5330 5300/7499/5335 5314/7539/5349
f 5250/7424/5285 5313/7538/5348 5279/7469/5314
f 756/980/778 779/976/801 669/827/691
f 47/6756/47 50/6758/50 46/7575/46
f 776/972/798 577/6773/599 548/970/570
f 687/6774/709 689/7576/711 4665/7577/4700
f 5273/7463/5308 2150/2714/2185 5271/7461/5306
f 4646/6731/4681 687/6774/709 4665/7577/4700
f 4470/6269/4505 51/55/51 4471/6270/4506
f 4471/6270/4506 51/55/51 58/62/58
f 60/64/60 4471/6270/4506 58/62/58
f 4511/6319/4546 67/71/67 66/70/66
f 2220/2800/2255 5196/7328/5231 5246/7419/5281
f 62/66/62 66/70/66 64/68/64
f 5323/7569/5358 5318/7546/5353 5324/7570/5359
f 61/65/61 197/220/197 775/974/797
f 5235/7402/5270 5290/7485/5325 5236/7403/5271
f 62/66/62 781/981/803 66/70/66
f 4362/6108/4397 66/70/66 781/981/803
f 5288/7482/5323 5297/7573/5332 5238/7405/5273
f 5271/7461/5306 2150/2714/2185 2140/2698/2175
f 5309/7527/5344 4959/6968/4994 5318/7546/5353
f 5288/7482/5323 5252/7426/5287 5297/7573/5332
f 5307/7550/5342 5258/7454/5293 5236/7403/5271
f 2094/2641/2129 5311/7532/5346 4741/6651/4776
f 5298/7523/5333 5297/7573/5332 5252/7426/5287
f 5296/7494/5331 2178/2743/2213 2150/2714/2185
f 5310/7528/5345 4967/6977/5002 4959/6968/4994
f 1620/7541/1651 5323/7569/5358 5324/7570/5359
f 5237/7404/5272 5177/7288/5212 5235/7402/5270
f 5106/7191/5141 5041/7102/5076 5042/7103/5077
f 5277/7467/5312 5248/7422/5283 5275/7465/5310
f 5320/7555/5355 5310/7528/5345 5309/7527/5344
f 5013/7053/5048 5313/7538/5348 5250/7424/5285
f 2093/2640/2128 2114/2662/2149 4731/6637/4766
f 5258/7578/5293 5307/7524/5342 5259/7437/5294
f 5250/7424/5285 5249/7423/5284 5013/7053/5048
f 5324/7570/5359 5299/7498/5334 1620/7541/1651
f 5299/7498/5334 5319/7547/5354 5300/7499/5335
f 1620/7579/1651 5291/7508/5326 1621/7507/1652
f 2220/2800/2255 2360/2977/2395 5196/7328/5231
s off
